Date,Country,Street,LATITUDE,LONGITUDE,Date_cleaned,DatePython,Date_numeric,WeekdayNum,Weekday,Month,WeekNum
2 jun 2025,JM,Tucker Main Rd,18.452924,-77.902602,2 Jun 2025,2025-06-02,1748822400.0,0,Monday,6,23
2 jun 2025,JM,Omara Rd,18.00602,-76.80889,2 Jun 2025,2025-06-02,1748822400.0,0,Monday,6,23
2 jun 2025,JM,A1 (W) - Nelson Mandela Highway,18.012725,-76.892716,2 Jun 2025,2025-06-02,1748822400.0,0,Monday,6,23
2 jun 2025,JM,Wint Rd,18.041606,-77.515192,2 Jun 2025,2025-06-02,1748822400.0,0,Monday,6,23
2 jun 2025,JM,Chesterfield Dr,18.000956,-76.837874,2 Jun 2025,2025-06-02,1748822400.0,0,Monday,6,23
2 jun 2025,JM,Seymour Ave,18.01305,-76.773916,2 Jun 2025,2025-06-02,1748822400.0,0,Monday,6,23
2 jun 2025,JM,Munroe Rd,18.017203,-76.767536,2 Jun 2025,2025-06-02,1748822400.0,0,Monday,6,23
2 jun 2025,JM,T3 - Edward Seaga Highway,18.356355,-77.157057,2 Jun 2025,2025-06-02,1748822400.0,0,Monday,6,23
2 jun 2025,JM,Main St,18.041556,-77.50666,2 Jun 2025,2025-06-02,1748822400.0,0,Monday,6,23
2 jun 2025,JM,Waterloo Rd,18.015862,-76.791914,2 Jun 2025,2025-06-02,1748822400.0,0,Monday,6,23
2 jun 2025,JM,T1 (W) - East West Hwy,17.932264,-77.192819,2 Jun 2025,2025-06-02,1748822400.0,0,Monday,6,23
2 jun 2025,JM,A1 (W) - Nelson Mandela Highway,18.02585,-76.858712,2 Jun 2025,2025-06-02,1748822400.0,0,Monday,6,23
2 jun 2025,JM,A2 - Santa Cruz Main St,18.054377,-77.696658,2 Jun 2025,2025-06-02,1748822400.0,0,Monday,6,23
2 jun 2025,JM,A1 (W) - Nelson Mandela Highway,18.020414,-76.881362,2 Jun 2025,2025-06-02,1748822400.0,0,Monday,6,23
2 jun 2025,JM,Dominica Dr,18.006925,-76.790252,2 Jun 2025,2025-06-02,1748822400.0,0,Monday,6,23
2 jun 2025,JM,Brettford Ave,18.018617,-76.820927,2 Jun 2025,2025-06-02,1748822400.0,0,Monday,6,23
2 jun 2025,JM,Torrington Rd,17.985204,-76.791575,2 Jun 2025,2025-06-02,1748822400.0,0,Monday,6,23
2 jun 2025,JM,Cumberland Blvd,17.978831,-76.884415,2 Jun 2025,2025-06-02,1748822400.0,0,Monday,6,23
2 jun 2025,JM,T2 Kingston - Portmore Toll Rd,17.993826,-76.833975,2 Jun 2025,2025-06-02,1748822400.0,0,Monday,6,23
2 jun 2025,JM,A4 - Grants Pen to Yallahs Rd,17.88614,-76.599743,2 Jun 2025,2025-06-02,1748822400.0,0,Monday,6,23
2 jun 2025,JM,A1 - Norman Manley Blvd,18.34047,-78.337058,2 Jun 2025,2025-06-02,1748822400.0,0,Monday,6,23
2 jun 2025,JM,Wellington Dr,18.015439,-76.759301,2 Jun 2025,2025-06-02,1748822400.0,0,Monday,6,23
2 jun 2025,JM,T1 (E) - East West Hwy,17.977449,-76.933603,2 Jun 2025,2025-06-02,1748822400.0,0,Monday,6,23
2 jun 2025,JM,Caledonia Road,18.056303,-77.476211,2 Jun 2025,2025-06-02,1748822400.0,0,Monday,6,23
2 jun 2025,JM,Sligoville Main Rd,18.008095,-76.948718,2 Jun 2025,2025-06-02,1748822400.0,0,Monday,6,23
2 jun 2025,JM,A1 (W) - Nelson Mandela Highway,18.025675,-76.867363,2 Jun 2025,2025-06-02,1748822400.0,0,Monday,6,23
2 jun 2025,JM,A1 - Kew Bridge to Great River Rd,18.448902,-78.091136,2 Jun 2025,2025-06-02,1748822400.0,0,Monday,6,23
2 jun 2025,JM,T3 - Edward Seaga Highway,18.124256,-77.040366,2 Jun 2025,2025-06-02,1748822400.0,0,Monday,6,23
2 jun 2025,JM,A1 - North Coast Highway,18.459709,-77.402102,2 Jun 2025,2025-06-02,1748822400.0,0,Monday,6,23
2 jun 2025,JM,Russell Heights,18.032993,-76.779194,2 Jun 2025,2025-06-02,1748822400.0,0,Monday,6,23
2 jun 2025,JM,A3 - Junction Main Rd,18.115048,-76.822423,2 Jun 2025,2025-06-02,1748822400.0,0,Monday,6,23
2 jun 2025,JM,Spanish Town Link Rd,17.979639,-76.966826,2 Jun 2025,2025-06-02,1748822400.0,0,Monday,6,23
2 jun 2025,JM,Lady Musgrave Rd,18.006528,-76.778878,2 Jun 2025,2025-06-02,1748822400.0,0,Monday,6,23
2 jun 2025,JM,T1 (W) - East West Hwy,17.920321,-77.143189,2 Jun 2025,2025-06-02,1748822400.0,0,Monday,6,23
2 jun 2025,JM,A3 - Eastwood Park Rd,18.010389,-76.799379,2 Jun 2025,2025-06-02,1748822400.0,0,Monday,6,23
2 jun 2025,JM,A4 - South Coast Hwy,17.90965,-76.625243,2 Jun 2025,2025-06-02,1748822400.0,0,Monday,6,23
2 jun 2025,JM,Lady Musgrave Rd,18.006459,-76.778876,2 Jun 2025,2025-06-02,1748822400.0,0,Monday,6,23
2 jun 2025,JM,A3 (S) - Constant Spring Rd,18.026138,-76.796342,2 Jun 2025,2025-06-02,1748822400.0,0,Monday,6,23
2 jun 2025,JM,A1 - Kew Bridge to Lucea Rd,18.452078,-78.111868,2 Jun 2025,2025-06-02,1748822400.0,0,Monday,6,23
2 jun 2025,JM,Portmore Dr,17.978214,-76.876635,2 Jun 2025,2025-06-02,1748822400.0,0,Monday,6,23
2 jun 2025,JM,A1 - Green Island to Negril Rd,18.369525,-78.306689,2 Jun 2025,2025-06-02,1748822400.0,0,Monday,6,23
2 jun 2025,JM,Port Royal St,17.965881,-76.796037,2 Jun 2025,2025-06-02,1748822400.0,0,Monday,6,23
2 jun 2025,JM,Seymour Ave,18.014672,-76.773742,2 Jun 2025,2025-06-02,1748822400.0,0,Monday,6,23
2 jun 2025,JM,A1 - Willie Delisser Blvd,18.446442,-78.172007,2 Jun 2025,2025-06-02,1748822400.0,0,Monday,6,23
2 jun 2025,JM,B3 - Huntley Rd,18.398333,-77.366314,2 Jun 2025,2025-06-02,1748822400.0,0,Monday,6,23
2 jun 2025,JM,Dacosta Dr,18.406907,-77.104052,2 Jun 2025,2025-06-02,1748822400.0,0,Monday,6,23
2 jun 2025,JM,A2 - Spur Tree Rd,18.009012,-77.582765,2 Jun 2025,2025-06-02,1748822400.0,0,Monday,6,23
2 jun 2025,JM,Barbican Rd,18.02793,-76.767049,2 Jun 2025,2025-06-02,1748822400.0,0,Monday,6,23
2 jun 2025,JM,Humber Rd,18.470993,-77.915553,2 Jun 2025,2025-06-02,1748822400.0,0,Monday,6,23
2 jun 2025,JM,Municipal Blvd,18.006651,-76.895257,2 Jun 2025,2025-06-02,1748822400.0,0,Monday,6,23
2 jun 2025,JM,B5 - Shooters Hill to Caines Shop Rd,18.1524,-77.501676,2 Jun 2025,2025-06-02,1748822400.0,0,Monday,6,23
2 jun 2025,JM,A2 - Tombstone to Gutters Rd,18.066024,-77.730429,2 Jun 2025,2025-06-02,1748822400.0,0,Monday,6,23
2 jun 2025,JM,T3 - Edward Seaga Highway,18.028422,-76.944252,2 Jun 2025,2025-06-02,1748822400.0,0,Monday,6,23
2 jun 2025,JM,Dome St,18.472696,-77.918283,2 Jun 2025,2025-06-02,1748822400.0,0,Monday,6,23
2 jun 2025,JM,A3 (S) - Constant Spring Rd,18.025704,-76.796387,2 Jun 2025,2025-06-02,1748822400.0,0,Monday,6,23
2 jun 2025,JM,T1 (W) - East West Hwy,17.93196,-77.191125,2 Jun 2025,2025-06-02,1748822400.0,0,Monday,6,23
2 jun 2025,JM,A2 E - Dunrobin Ave,18.0254,-76.800311,2 Jun 2025,2025-06-02,1748822400.0,0,Monday,6,23
2 jun 2025,JM,Exchange Rd,18.410022,-77.069823,2 Jun 2025,2025-06-02,1748822400.0,0,Monday,6,23
2 jun 2025,JM,A1 - North Coast Highway,18.447925,-77.226059,2 Jun 2025,2025-06-02,1748822400.0,0,Monday,6,23
2 jun 2025,JM,Salt Island Rd,17.986728,-76.960775,2 Jun 2025,2025-06-02,1748822400.0,0,Monday,6,23
2 jun 2025,JM,A3 - Stony Hill Rd,18.063765,-76.786807,2 Jun 2025,2025-06-02,1748822400.0,0,Monday,6,23
2 jun 2025,JM,Camperdown Rd,17.975562,-76.771081,2 Jun 2025,2025-06-02,1748822400.0,0,Monday,6,23
2 jun 2025,JM,T1 (W) - East West Hwy,17.991317,-76.899921,2 Jun 2025,2025-06-02,1748822400.0,0,Monday,6,23
2 jun 2025,JM,Bernard Lodge Main Rd,17.990655,-76.948121,2 Jun 2025,2025-06-02,1748822400.0,0,Monday,6,23
2 jun 2025,JM,Municipal Blvd,18.008276,-76.894927,2 Jun 2025,2025-06-02,1748822400.0,0,Monday,6,23
2 jun 2025,JM,A2 - Old Harbour Rd,17.986964,-76.99209,2 Jun 2025,2025-06-02,1748822400.0,0,Monday,6,23
2 jun 2025,JM,A4 - White Horses to Rozelle Rd,17.872237,-76.467352,2 Jun 2025,2025-06-02,1748822400.0,0,Monday,6,23
2 jun 2025,JM,A1 - Spanish Town Rd,18.013884,-76.842382,2 Jun 2025,2025-06-02,1748822400.0,0,Monday,6,23
2 jun 2025,JM,T1 (W) - East West Hwy,17.955989,-77.027707,2 Jun 2025,2025-06-02,1748822400.0,0,Monday,6,23
2 jun 2025,JM,Slipe Pen Rd,17.985533,-76.792104,2 Jun 2025,2025-06-02,1748822400.0,0,Monday,6,23
2 jun 2025,JM,Barbican Rd,18.030714,-76.773534,2 Jun 2025,2025-06-02,1748822400.0,0,Monday,6,23
2 jun 2025,JM,A3 - Ocho Rios Byp,18.406928,-77.103709,2 Jun 2025,2025-06-02,1748822400.0,0,Monday,6,23
2 jun 2025,JM,T1 (W) - East West Hwy,17.92326,-77.166219,2 Jun 2025,2025-06-02,1748822400.0,0,Monday,6,23
2 jun 2025,JM,A1 - Ewarton to Mount Diablo Rd,18.200506,-77.092088,2 Jun 2025,2025-06-02,1748822400.0,0,Monday,6,23
2 jun 2025,JM,Miramar Dr,17.881315,-76.405918,2 Jun 2025,2025-06-02,1748822400.0,0,Monday,6,23
2 jun 2025,JM,T3 - Edward Seaga Highway,18.06311,-76.991412,2 Jun 2025,2025-06-02,1748822400.0,0,Monday,6,23
2 jun 2025,JM,Fairdene Ave,18.043013,-76.818873,2 Jun 2025,2025-06-02,1748822400.0,0,Monday,6,23
2 jun 2025,JM,B8 - Anchovy to Shettlewood Rd,18.369766,-77.932569,2 Jun 2025,2025-06-02,1748822400.0,0,Monday,6,23
2 jun 2025,JM,A1 - Lucea to Green Island Rd,18.389244,-78.27403,2 Jun 2025,2025-06-02,1748822400.0,0,Monday,6,23
2 jun 2025,JM,A2 (W) - Melrose Hill Byp,18.056568,-77.446767,2 Jun 2025,2025-06-02,1748822400.0,0,Monday,6,23
2 jun 2025,JM,King St,17.981508,-76.791247,2 Jun 2025,2025-06-02,1748822400.0,0,Monday,6,23
2 jun 2025,JM,A1 - North Coast Hwy,18.466509,-77.310657,2 Jun 2025,2025-06-02,1748822400.0,0,Monday,6,23
2 jun 2025,JM,T1 (E) - East West Hwy,17.975178,-76.946472,2 Jun 2025,2025-06-02,1748822400.0,0,Monday,6,23
2 jun 2025,JM,T3 - Edward Seaga Highway,18.379178,-77.159454,2 Jun 2025,2025-06-02,1748822400.0,0,Monday,6,23
2 jun 2025,JM,A2 - Tombstone to Gutters Rd,18.055406,-77.707241,2 Jun 2025,2025-06-02,1748822400.0,0,Monday,6,23
2 jun 2025,JM,A1 (W) - Nelson Mandela Highway,18.01401,-76.890806,2 Jun 2025,2025-06-02,1748822400.0,0,Monday,6,23
2 jun 2025,JM,B5 - Shooters Hill to Caines Shop Rd,18.142294,-77.493522,2 Jun 2025,2025-06-02,1748822400.0,0,Monday,6,23
2 jun 2025,JM,A1 - North Coast Highway,18.459712,-77.405645,2 Jun 2025,2025-06-02,1748822400.0,0,Monday,6,23
2 jun 2025,JM,T1 (E) - East West Hwy,17.973466,-76.957667,2 Jun 2025,2025-06-02,1748822400.0,0,Monday,6,23
2 jun 2025,JM,T1 (W) - East West Hwy,17.939769,-77.241287,2 Jun 2025,2025-06-02,1748822400.0,0,Monday,6,23
2 jun 2025,JM,T3 - Edward Seaga Highway,18.046326,-76.979929,2 Jun 2025,2025-06-02,1748822400.0,0,Monday,6,23
2 jun 2025,JM,A2 (W) - Melrose Hill Byp,18.062841,-77.452014,2 Jun 2025,2025-06-02,1748822400.0,0,Monday,6,23
2 jun 2025,JM,T3 - Edward Seaga Highway,18.026735,-76.93162,2 Jun 2025,2025-06-02,1748822400.0,0,Monday,6,23
2 jun 2025,JM,A4 - Fair Prospect to Folly Rd,18.127665,-76.333961,2 Jun 2025,2025-06-02,1748822400.0,0,Monday,6,23
2 jun 2025,JM,T1 (W) - East West Hwy,17.953471,-77.044506,2 Jun 2025,2025-06-02,1748822400.0,0,Monday,6,23
2 jun 2025,JM,Passage Fort Dr W,17.982183,-76.874039,2 Jun 2025,2025-06-02,1748822400.0,0,Monday,6,23
2 jun 2025,JM,A1 - Kew Bridge to Great River Rd,18.453663,-78.036657,2 Jun 2025,2025-06-02,1748822400.0,0,Monday,6,23
2 jun 2025,JM,Montego Bay Sport Complex,18.459942,-77.924019,2 Jun 2025,2025-06-02,1748822400.0,0,Monday,6,23
2 jun 2025,JM,Marcus Garvey Dr,17.987788,-76.826788,2 Jun 2025,2025-06-02,1748822400.0,0,Monday,6,23
2 jun 2025,JM,A3 - Ocho Rios Byp,18.410146,-77.084061,2 Jun 2025,2025-06-02,1748822400.0,0,Monday,6,23
2 jun 2025,JM,A1 - North Coast Highway,18.439098,-77.204343,2 Jun 2025,2025-06-02,1748822400.0,0,Monday,6,23
2 jun 2025,JM,Grants Pen Rd,18.031783,-76.791212,2 Jun 2025,2025-06-02,1748822400.0,0,Monday,6,23
2 jun 2025,JM,Waltham Park Rd,17.994604,-76.811039,2 Jun 2025,2025-06-02,1748822400.0,0,Monday,6,23
2 jun 2025,JM,Blood Ln,18.479987,-77.907903,2 Jun 2025,2025-06-02,1748822400.0,0,Monday,6,23
2 jun 2025,JM,A1 - Spanish Town Rd,18.019422,-76.848517,2 Jun 2025,2025-06-02,1748822400.0,0,Monday,6,23
2 jun 2025,JM,A3 - Constant Spring Rd,18.012736,-76.797865,2 Jun 2025,2025-06-02,1748822400.0,0,Monday,6,23
2 jun 2025,JM,Queens Dr,18.47951,-77.926593,2 Jun 2025,2025-06-02,1748822400.0,0,Monday,6,23
2 jun 2025,JM,T1 (E) - East West Hwy,17.932638,-77.212553,2 Jun 2025,2025-06-02,1748822400.0,0,Monday,6,23
2 jun 2025,JM,A3 - Junction Main Rd,18.096968,-76.809857,2 Jun 2025,2025-06-02,1748822400.0,0,Monday,6,23
2 jun 2025,JM,T3 - Edward Seaga Highway,18.312861,-77.137693,2 Jun 2025,2025-06-02,1748822400.0,0,Monday,6,23
2 jun 2025,JM,Coleyville Ave,18.022971,-76.845325,2 Jun 2025,2025-06-02,1748822400.0,0,Monday,6,23
2 jun 2025,JM,Glenmuir Rd,17.960268,-77.256181,2 Jun 2025,2025-06-02,1748822400.0,0,Monday,6,23
2 jun 2025,JM,Lady Musgrave Rd,18.006031,-76.779051,2 Jun 2025,2025-06-02,1748822400.0,0,Monday,6,23
2 jun 2025,JM,T1 (E) - East West Hwy,17.928952,-77.173553,2 Jun 2025,2025-06-02,1748822400.0,0,Monday,6,23
2 jun 2025,JM,Fairfield Ave,18.452751,-77.909505,2 Jun 2025,2025-06-02,1748822400.0,0,Monday,6,23
2 jun 2025,JM,A1 - Howard Cook Blvd,18.475099,-77.924783,2 Jun 2025,2025-06-02,1748822400.0,0,Monday,6,23
2 jun 2025,JM,Bernard Lodge Main Rd,17.983479,-76.936131,2 Jun 2025,2025-06-02,1748822400.0,0,Monday,6,23
2 jun 2025,JM,B5 - Shooters Hill to Caines Shop Rd,18.138342,-77.492864,2 Jun 2025,2025-06-02,1748822400.0,0,Monday,6,23
2 jun 2025,JM,A2 - Luana to Tombstone Rd,18.105314,-77.82549,2 Jun 2025,2025-06-02,1748822400.0,0,Monday,6,23
2 jun 2025,JM,A3 - Constant Spring Rd,18.017731,-76.796483,2 Jun 2025,2025-06-02,1748822400.0,0,Monday,6,23
2 jun 2025,JM,Brotherton Ave,17.993162,-76.817029,2 Jun 2025,2025-06-02,1748822400.0,0,Monday,6,23
2 jun 2025,JM,Municipal Blvd,17.962931,-76.902131,2 Jun 2025,2025-06-02,1748822400.0,0,Monday,6,23
2 jun 2025,JM,Hatfield Main Rd,18.031447,-77.534151,2 Jun 2025,2025-06-02,1748822400.0,0,Monday,6,23
2 jun 2025,JM,T3 - Edward Seaga Highway,18.259529,-77.117351,2 Jun 2025,2025-06-02,1748822400.0,0,Monday,6,23
2 jun 2025,JM,Omara Rd,18.007561,-76.809623,2 Jun 2025,2025-06-02,1748822400.0,0,Monday,6,23
2 jun 2025,JM,> Spanish Town,17.973526,-76.964089,2 Jun 2025,2025-06-02,1748822400.0,0,Monday,6,23
2 jun 2025,JM,A1 - River Rd,18.083682,-76.993536,2 Jun 2025,2025-06-02,1748822400.0,0,Monday,6,23
2 jun 2025,JM,T3 - Edward Seaga Highway,18.054004,-76.985231,2 Jun 2025,2025-06-02,1748822400.0,0,Monday,6,23
2 jun 2025,JM,T1 (E) - East West Hwy,17.929785,-77.1839,2 Jun 2025,2025-06-02,1748822400.0,0,Monday,6,23
2 jun 2025,JM,B8 - Ferris Cross to Mackfield Rd,18.290936,-78.023673,2 Jun 2025,2025-06-02,1748822400.0,0,Monday,6,23
2 jun 2025,JM,Downer Ave,18.004805,-76.777966,2 Jun 2025,2025-06-02,1748822400.0,0,Monday,6,23
2 jun 2025,JM,A1 - Spanish Town By-pass Rd,17.993935,-76.966433,2 Jun 2025,2025-06-02,1748822400.0,0,Monday,6,23
2 jun 2025,JM,Trafalgar Rd,18.009412,-76.785219,2 Jun 2025,2025-06-02,1748822400.0,0,Monday,6,23
2 jun 2025,JM,A2 - Spur Tree Rd,18.009161,-77.586668,2 Jun 2025,2025-06-02,1748822400.0,0,Monday,6,23
2 jun 2025,JM,A2 - Smithfield Rd,18.224361,-78.121415,2 Jun 2025,2025-06-02,1748822400.0,0,Monday,6,23
2 jun 2025,JM,T1 (W) - East West Hwy,17.92083,-77.148051,2 Jun 2025,2025-06-02,1748822400.0,0,Monday,6,23
2 jun 2025,JM,A1 (W) - Nelson Mandela Highway,18.01738,-76.885825,2 Jun 2025,2025-06-02,1748822400.0,0,Monday,6,23
2 jun 2025,JM,A1 - Seaview Dr,18.444406,-78.171465,2 Jun 2025,2025-06-02,1748822400.0,0,Monday,6,23
2 jun 2025,JM,T1 (W) - East West Hwy,17.959342,-77.291897,2 Jun 2025,2025-06-02,1748822400.0,0,Monday,6,23
2 jun 2025,JM,A3 (S) - Constant Spring Rd,18.035054,-76.796892,2 Jun 2025,2025-06-02,1748822400.0,0,Monday,6,23
2 jun 2025,JM,Featherbed Ln,18.00413,-76.986483,2 Jun 2025,2025-06-02,1748822400.0,0,Monday,6,23
2 jun 2025,JM,Port Royal St,17.965868,-76.795873,2 Jun 2025,2025-06-02,1748822400.0,0,Monday,6,23
2 jun 2025,JM,T1 (E) - East West Hwy,17.920754,-77.139932,2 Jun 2025,2025-06-02,1748822400.0,0,Monday,6,23
2 jun 2025,JM,South St,17.93542,-77.111007,2 Jun 2025,2025-06-02,1748822400.0,0,Monday,6,23
2 jun 2025,JM,A2 - Spur Tree Rd,18.010866,-77.578467,2 Jun 2025,2025-06-02,1748822400.0,0,Monday,6,23
2 jun 2025,JM,T1 (E) - East West Hwy,18.020083,-77.416631,2 Jun 2025,2025-06-02,1748822400.0,0,Monday,6,23
2 jun 2025,JM,Old Hope Rd,18.018178,-76.757561,2 Jun 2025,2025-06-02,1748822400.0,0,Monday,6,23
2 jun 2025,JM,James Hill to Mason River Rd,18.177528,-77.27811,2 Jun 2025,2025-06-02,1748822400.0,0,Monday,6,23
2 jun 2025,JM,A3 - Stony Hill Rd,18.076317,-76.793363,2 Jun 2025,2025-06-02,1748822400.0,0,Monday,6,23
2 jun 2025,JM,,18.037983,-76.823942,2 Jun 2025,2025-06-02,1748822400.0,0,Monday,6,23
2 jun 2025,JM,Alpart Road,17.9785,-77.596244,2 Jun 2025,2025-06-02,1748822400.0,0,Monday,6,23
2 jun 2025,JM,A1 (E) - Nelson Mandela Highway,18.009198,-76.898191,2 Jun 2025,2025-06-02,1748822400.0,0,Monday,6,23
2 jun 2025,JM,Mount Salem Rd,18.467697,-77.914045,2 Jun 2025,2025-06-02,1748822400.0,0,Monday,6,23
2 jun 2025,JM,Olivier Rd,18.047622,-76.791262,2 Jun 2025,2025-06-02,1748822400.0,0,Monday,6,23
2 jun 2025,JM,A2 - Sir Alexander Bustamante Hwy,17.960907,-77.25814,2 Jun 2025,2025-06-02,1748822400.0,0,Monday,6,23
2 jun 2025,JM,Hope Rd,18.013635,-76.790193,2 Jun 2025,2025-06-02,1748822400.0,0,Monday,6,23
2 jun 2025,JM,A2 - Tombstone to Gutters Rd,18.078388,-77.74262,2 Jun 2025,2025-06-02,1748822400.0,0,Monday,6,23
2 jun 2025,JM,T3 - Edward Seaga Highway,18.240629,-77.090341,2 Jun 2025,2025-06-02,1748822400.0,0,Monday,6,23
2 jun 2025,JM,Barbican Road,18.032238,-76.781175,2 Jun 2025,2025-06-02,1748822400.0,0,Monday,6,23
2 jun 2025,JM,T1 (E) - East West Hwy,17.937878,-77.234178,2 Jun 2025,2025-06-02,1748822400.0,0,Monday,6,23
2 jun 2025,JM,A2 - Smithfield Rd,18.223701,-78.119511,2 Jun 2025,2025-06-02,1748822400.0,0,Monday,6,23
2 jun 2025,JM,Braeton Rd,17.950031,-76.912164,2 Jun 2025,2025-06-02,1748822400.0,0,Monday,6,23
2 jun 2025,JM,Studley Park Rd,17.981821,-76.795826,2 Jun 2025,2025-06-02,1748822400.0,0,Monday,6,23
2 jun 2025,JM,T1 (E) - East West Hwy,17.953234,-77.045924,2 Jun 2025,2025-06-02,1748822400.0,0,Monday,6,23
2 jun 2025,JM,Marcus Garvey Dr,17.982565,-76.821519,2 Jun 2025,2025-06-02,1748822400.0,0,Monday,6,23
2 jun 2025,JM,Salt Pond Rd,17.984682,-76.94713,2 Jun 2025,2025-06-02,1748822400.0,0,Monday,6,23
2 jun 2025,JM,A1 - Church St,18.447423,-78.171215,2 Jun 2025,2025-06-02,1748822400.0,0,Monday,6,23
2 jun 2025,JM,A1 (W) - Nelson Mandela Highway,18.018736,-76.883827,2 Jun 2025,2025-06-02,1748822400.0,0,Monday,6,23
2 jun 2025,JM,T1 (W) - East West Hwy,17.921339,-77.153127,2 Jun 2025,2025-06-02,1748822400.0,0,Monday,6,23
2 jun 2025,JM,A3 - North Coast Highway,18.420927,-77.149882,2 Jun 2025,2025-06-02,1748822400.0,0,Monday,6,23
2 jun 2025,JM,A2 - Scotts Cove to Black River-Luana Rd,18.044174,-77.923979,2 Jun 2025,2025-06-02,1748822400.0,0,Monday,6,23
2 jun 2025,JM,B15 - Barnett to Adelphi Rd,18.462561,-77.914311,2 Jun 2025,2025-06-02,1748822400.0,0,Monday,6,23
2 jun 2025,JM,A2 (E) - Washington Blvd,18.026044,-76.848838,2 Jun 2025,2025-06-02,1748822400.0,0,Monday,6,23
2 jun 2025,JM,Old Stony Hill Rd,18.070484,-76.798629,2 Jun 2025,2025-06-02,1748822400.0,0,Monday,6,23
2 jun 2025,JM,A1 (W) - Nelson Mandela Highway,18.02541,-76.87008,2 Jun 2025,2025-06-02,1748822400.0,0,Monday,6,23
2 jun 2025,JM,East Ave,17.981953,-76.813756,2 Jun 2025,2025-06-02,1748822400.0,0,Monday,6,23
2 jun 2025,JM,Portmore Pkwy,17.962926,-76.873523,2 Jun 2025,2025-06-02,1748822400.0,0,Monday,6,23
2 jun 2025,JM,Sun Valley Rd,18.480238,-77.906709,2 Jun 2025,2025-06-02,1748822400.0,0,Monday,6,23
2 jun 2025,JM,Elm Cr,18.007637,-76.815491,2 Jun 2025,2025-06-02,1748822400.0,0,Monday,6,23
2 jun 2025,JM,Knutsford Blvd,18.003437,-76.788559,2 Jun 2025,2025-06-02,1748822400.0,0,Monday,6,23
2 jun 2025,JM,Langston Rd,17.981141,-76.765871,2 Jun 2025,2025-06-02,1748822400.0,0,Monday,6,23
2 jun 2025,JM,T1 (W) - East West Hwy,17.920303,-77.143005,2 Jun 2025,2025-06-02,1748822400.0,0,Monday,6,23
2 jun 2025,JM,Portmore Pkwy,17.970008,-76.870401,2 Jun 2025,2025-06-02,1748822400.0,0,Monday,6,23
2 jun 2025,JM,T1 (W) - East West Hwy,17.97337,-76.956471,2 Jun 2025,2025-06-02,1748822400.0,0,Monday,6,23
2 jun 2025,JM,Marcus Garvey Dr,17.9688,-76.804758,2 Jun 2025,2025-06-02,1748822400.0,0,Monday,6,23
2 jun 2025,JM,A4 - Golden Grove to Belle Castle Rd,17.997613,-76.259315,2 Jun 2025,2025-06-02,1748822400.0,0,Monday,6,23
2 jun 2025,JM,T3 - Edward Seaga Highway,18.203496,-77.040801,2 Jun 2025,2025-06-02,1748822400.0,0,Monday,6,23
2 jun 2025,JM,A1 - Green Island to Negril Rd,18.365183,-78.33822,2 Jun 2025,2025-06-02,1748822400.0,0,Monday,6,23
2 jun 2025,JM,A4 - Southern Coastal Highway,17.941347,-76.66228,2 Jun 2025,2025-06-02,1748822400.0,0,Monday,6,23
2 jun 2025,JM,T3 - Edward Seaga Highway,18.026641,-76.931592,2 Jun 2025,2025-06-02,1748822400.0,0,Monday,6,23
2 jun 2025,JM,A3 - Constant Spring Rd,18.018611,-76.796453,2 Jun 2025,2025-06-02,1748822400.0,0,Monday,6,23
2 jun 2025,JM,A2 - Luana to Tombstone Rd,18.091178,-77.847731,2 Jun 2025,2025-06-02,1748822400.0,0,Monday,6,23
2 jun 2025,JM,T3 - Edward Seaga Highway,18.138048,-77.039225,2 Jun 2025,2025-06-02,1748822400.0,0,Monday,6,23
2 jun 2025,JM,A1 - Kew Bridge to Great River Rd,18.454763,-78.020415,2 Jun 2025,2025-06-02,1748822400.0,0,Monday,6,23
2 jun 2025,JM,,17.993581,-76.784053,2 Jun 2025,2025-06-02,1748822400.0,0,Monday,6,23
2 jun 2025,JM,Camp Rd,17.989607,-76.780533,2 Jun 2025,2025-06-02,1748822400.0,0,Monday,6,23
2 jun 2025,JM,Langston Rd,17.980612,-76.762627,2 Jun 2025,2025-06-02,1748822400.0,0,Monday,6,23
2 jun 2025,JM,A1 - North Coast Highway,18.464475,-77.50613,2 Jun 2025,2025-06-02,1748822400.0,0,Monday,6,23
2 jun 2025,JM,Main St,17.960807,-77.236565,2 Jun 2025,2025-06-02,1748822400.0,0,Monday,6,23
2 jun 2025,JM,Ivy Green Cr,17.998278,-76.792388,2 Jun 2025,2025-06-02,1748822400.0,0,Monday,6,23
2 jun 2025,JM,T1 (E) - East West Hwy,17.954063,-77.041463,2 Jun 2025,2025-06-02,1748822400.0,0,Monday,6,23
2 jun 2025,JM,Oakland Rd,17.997273,-76.815632,2 Jun 2025,2025-06-02,1748822400.0,0,Monday,6,23
2 jun 2025,JM,T1 - East West Hwy,17.973459,-76.961181,2 Jun 2025,2025-06-02,1748822400.0,0,Monday,6,23
2 jun 2025,JM,De Carteret Rd,18.023231,-77.498542,2 Jun 2025,2025-06-02,1748822400.0,0,Monday,6,23
2 jun 2025,JM,A1 - North Coast Highway,18.492175,-77.698381,2 Jun 2025,2025-06-02,1748822400.0,0,Monday,6,23
2 jun 2025,JM,Cassiadene Ave,18.020924,-76.802767,2 Jun 2025,2025-06-02,1748822400.0,0,Monday,6,23
2 jun 2025,JM,A1 - North Coast Highway,18.475609,-77.639818,2 Jun 2025,2025-06-02,1748822400.0,0,Monday,6,23
2 jun 2025,JM,Old Stony Hill Rd,18.07445,-76.799475,2 Jun 2025,2025-06-02,1748822400.0,0,Monday,6,23
2 jun 2025,JM,A1 - Lucea to Green Island Rd,18.410655,-78.258925,2 Jun 2025,2025-06-02,1748822400.0,0,Monday,6,23
2 jun 2025,JM,Upper Montrose Rd,18.01288,-76.776004,2 Jun 2025,2025-06-02,1748822400.0,0,Monday,6,23
2 jun 2025,JM,A2 (E) - Washington Blvd,18.026054,-76.84841,2 Jun 2025,2025-06-02,1748822400.0,0,Monday,6,23
2 jun 2025,JM,Lady Musgrave Rd,18.011301,-76.777881,2 Jun 2025,2025-06-02,1748822400.0,0,Monday,6,23
2 jun 2025,JM,Kingsland Main Rd,18.008627,-77.548505,2 Jun 2025,2025-06-02,1748822400.0,0,Monday,6,23
2 jun 2025,JM,A1 - Howard Cook Blvd,18.465636,-77.92434,2 Jun 2025,2025-06-02,1748822400.0,0,Monday,6,23
2 jun 2025,JM,Seymour Ave,18.012168,-76.774184,2 Jun 2025,2025-06-02,1748822400.0,0,Monday,6,23
2 jun 2025,JM,A3,18.401339,-76.891848,2 Jun 2025,2025-06-02,1748822400.0,0,Monday,6,23
2 jun 2025,JM,Old Hope Rd,18.018173,-76.757535,2 Jun 2025,2025-06-02,1748822400.0,0,Monday,6,23
2 jun 2025,JM,A1 (E) - Nelson Mandela Highway,18.008733,-76.898901,2 Jun 2025,2025-06-02,1748822400.0,0,Monday,6,23
2 jun 2025,JM,A3 - Constant Spring Rd,18.018891,-76.796443,2 Jun 2025,2025-06-02,1748822400.0,0,Monday,6,23
2 jun 2025,JM,A3 - North Coast Highway,18.423608,-77.160556,2 Jun 2025,2025-06-02,1748822400.0,0,Monday,6,23
2 jun 2025,JM,Fairfield Ave,18.452322,-77.907117,2 Jun 2025,2025-06-02,1748822400.0,0,Monday,6,23
2 jun 2025,JM,T3 - Edward Seaga Highway,18.098883,-77.01665,2 Jun 2025,2025-06-02,1748822400.0,0,Monday,6,23
2 jun 2025,JM,A3 - Eastwood Park Rd,18.01298,-76.798993,2 Jun 2025,2025-06-02,1748822400.0,0,Monday,6,23
2 jun 2025,JM,T1 (E) - East West Hwy,17.94751,-77.252738,2 Jun 2025,2025-06-02,1748822400.0,0,Monday,6,23
2 jun 2025,JM,Rousseau Rd,17.994673,-76.80105,2 Jun 2025,2025-06-02,1748822400.0,0,Monday,6,23
2 jun 2025,JM,A1 (E) - Nelson Mandela Highway,18.023062,-76.877534,2 Jun 2025,2025-06-02,1748822400.0,0,Monday,6,23
2 jun 2025,JM,Westminster Rd,18.019609,-76.801739,2 Jun 2025,2025-06-02,1748822400.0,0,Monday,6,23
2 jun 2025,JM,Gazeland to Nain Road,17.943778,-77.60192,2 Jun 2025,2025-06-02,1748822400.0,0,Monday,6,23
2 jun 2025,JM,A1 (W) - Nelson Mandela Highway,18.025229,-76.870983,2 Jun 2025,2025-06-02,1748822400.0,0,Monday,6,23
2 jun 2025,JM,,17.990768,-76.828627,2 Jun 2025,2025-06-02,1748822400.0,0,Monday,6,23
2 jun 2025,JM,A1 - North Coast Highway,18.450906,-77.233435,2 Jun 2025,2025-06-02,1748822400.0,0,Monday,6,23
2 jun 2025,JM,Bernard Lodge Main Rd,17.9825,-76.935706,2 Jun 2025,2025-06-02,1748822400.0,0,Monday,6,23
2 jun 2025,JM,Seymour Ave,18.012063,-76.774206,2 Jun 2025,2025-06-02,1748822400.0,0,Monday,6,23
2 jun 2025,JM,Brotherton Ave,17.996382,-76.813307,2 Jun 2025,2025-06-02,1748822400.0,0,Monday,6,23
2 jun 2025,JM,A3 - Junction Main Rd,18.114329,-76.822043,2 Jun 2025,2025-06-02,1748822400.0,0,Monday,6,23
2 jun 2025,JM,A4 - Harbour View to Bull Bay Rd,17.948314,-76.717781,2 Jun 2025,2025-06-02,1748822400.0,0,Monday,6,23
2 jun 2025,JM,A2 (W) - Melrose Hill Byp,18.052625,-77.441608,2 Jun 2025,2025-06-02,1748822400.0,0,Monday,6,23
2 jun 2025,JM,A2 - Smithfield Rd,18.222109,-78.11478,2 Jun 2025,2025-06-02,1748822400.0,0,Monday,6,23
2 jun 2025,JM,Dukharan Ave,18.030305,-76.800783,2 Jun 2025,2025-06-02,1748822400.0,0,Monday,6,23
2 jun 2025,JM,Old Hope Rd,18.018697,-76.769862,2 Jun 2025,2025-06-02,1748822400.0,0,Monday,6,23
2 jun 2025,JM,A1 (W) - Nelson Mandela Highway,18.023351,-76.876473,2 Jun 2025,2025-06-02,1748822400.0,0,Monday,6,23
2 jun 2025,JM,T3 - Edward Seaga Highway,18.274997,-77.121746,2 Jun 2025,2025-06-02,1748822400.0,0,Monday,6,23
2 jun 2025,JM,A1 - North Coast Highway,18.459691,-77.405369,2 Jun 2025,2025-06-02,1748822400.0,0,Monday,6,23
2 jun 2025,JM,Montego Bay Sport Complex,18.459458,-77.924225,2 Jun 2025,2025-06-02,1748822400.0,0,Monday,6,23
2 jun 2025,JM,T1 (E) - East West Hwy,17.971454,-76.99726,2 Jun 2025,2025-06-02,1748822400.0,0,Monday,6,23
2 jun 2025,JM,A1 (W) - Nelson Mandela Highway,18.023833,-76.875406,2 Jun 2025,2025-06-02,1748822400.0,0,Monday,6,23
2 jun 2025,JM,Lady Musgrave Rd,18.012296,-76.778464,2 Jun 2025,2025-06-02,1748822400.0,0,Monday,6,23
2 jun 2025,JM,T1 (E) - East West Hwy,17.977752,-77.382231,2 Jun 2025,2025-06-02,1748822400.0,0,Monday,6,23
2 jun 2025,JM,Torrington Rd,17.984942,-76.789931,2 Jun 2025,2025-06-02,1748822400.0,0,Monday,6,23
2 jun 2025,JM,,17.997401,-76.930902,2 Jun 2025,2025-06-02,1748822400.0,0,Monday,6,23
2 jun 2025,JM,A1 - Church St,18.446731,-78.171997,2 Jun 2025,2025-06-02,1748822400.0,0,Monday,6,23
2 jun 2025,JM,,17.947815,-77.239939,2 Jun 2025,2025-06-02,1748822400.0,0,Monday,6,23
2 jun 2025,JM,B8 - Long Hill Rd,18.429363,-77.94927,2 Jun 2025,2025-06-02,1748822400.0,0,Monday,6,23
2 jun 2025,JM,Goshen Main Rd,18.051805,-77.639143,2 Jun 2025,2025-06-02,1748822400.0,0,Monday,6,23
2 jun 2025,JM,A2 - Spur Tree Rd,18.007668,-77.582743,2 Jun 2025,2025-06-02,1748822400.0,0,Monday,6,23
2 jun 2025,JM,T1 (E) - East West Hwy,17.95605,-77.027909,2 Jun 2025,2025-06-02,1748822400.0,0,Monday,6,23
2 jun 2025,JM,Sewell Ave,18.48103,-77.925691,2 Jun 2025,2025-06-02,1748822400.0,0,Monday,6,23
2 jun 2025,JM,A1 - Kew Bridge to Great River Rd,18.449944,-78.104051,2 Jun 2025,2025-06-02,1748822400.0,0,Monday,6,23
2 jun 2025,JM,A1 (W) - Nelson Mandela Highway,18.025744,-76.864966,2 Jun 2025,2025-06-02,1748822400.0,0,Monday,6,23
2 jun 2025,JM,Hatfield Main Rd,18.030336,-77.536789,2 Jun 2025,2025-06-02,1748822400.0,0,Monday,6,23
2 jun 2025,JM,Chesterfield Dr,17.993957,-76.829158,2 Jun 2025,2025-06-02,1748822400.0,0,Monday,6,23
2 jun 2025,JM,A4 - Southern Coastal Highway,17.936486,-76.655355,2 Jun 2025,2025-06-02,1748822400.0,0,Monday,6,23
2 jun 2025,JM,E Mid St,17.946572,-76.901912,2 Jun 2025,2025-06-02,1748822400.0,0,Monday,6,23
2 jun 2025,JM,A4 - Southern Coastal Highway,17.935823,-76.65488,2 Jun 2025,2025-06-02,1748822400.0,0,Monday,6,23
2 jun 2025,JM,A1 - North Coast Highway,18.47688,-77.638013,2 Jun 2025,2025-06-02,1748822400.0,0,Monday,6,23
2 jun 2025,JM,B8 - Shettlewood to Mackfield Rd,18.32737,-78.003378,2 Jun 2025,2025-06-02,1748822400.0,0,Monday,6,23
2 jun 2025,JM,T1 (W) - East West Hwy,17.983466,-76.923774,2 Jun 2025,2025-06-02,1748822400.0,0,Monday,6,23
2 jun 2025,JM,Beechwood Ave,18.000529,-76.791585,2 Jun 2025,2025-06-02,1748822400.0,0,Monday,6,23
2 jun 2025,JM,Windsor Rd,17.992264,-76.957132,2 Jun 2025,2025-06-02,1748822400.0,0,Monday,6,23
2 jun 2025,JM,A2 - Spur Tree Rd,18.007171,-77.582734,2 Jun 2025,2025-06-02,1748822400.0,0,Monday,6,23
2 jun 2025,JM,A2 - Luana to Tombstone Rd,18.104687,-77.789346,2 Jun 2025,2025-06-02,1748822400.0,0,Monday,6,23
2 jun 2025,JM,T1 (W) - East West Hwy,17.940098,-77.244236,2 Jun 2025,2025-06-02,1748822400.0,0,Monday,6,23
2 jun 2025,JM,Hagley Park Rd,18.008159,-76.811564,2 Jun 2025,2025-06-02,1748822400.0,0,Monday,6,23
2 jun 2025,JM,A1 - Spanish Town By-pass Rd,17.988042,-76.94454,2 Jun 2025,2025-06-02,1748822400.0,0,Monday,6,23
2 jun 2025,JM,Georges Plain to Ferris Rd,18.268656,-78.117873,2 Jun 2025,2025-06-02,1748822400.0,0,Monday,6,23
2 jun 2025,JM,Mercantile Ave,17.976187,-76.866896,2 Jun 2025,2025-06-02,1748822400.0,0,Monday,6,23
2 jun 2025,JM,Fairway Ave,18.008879,-76.77528,2 Jun 2025,2025-06-02,1748822400.0,0,Monday,6,23
2 jun 2025,JM,Upper Montrose Rd,18.01508,-76.775672,2 Jun 2025,2025-06-02,1748822400.0,0,Monday,6,23
2 jun 2025,JM,Knowles Rd,18.054592,-77.522657,2 Jun 2025,2025-06-02,1748822400.0,0,Monday,6,23
2 jun 2025,JM,T2 Kingston - Portmore Toll Rd,17.992032,-76.841117,2 Jun 2025,2025-06-02,1748822400.0,0,Monday,6,23
2 jun 2025,JM,A1 - Spanish Town By-pass Rd,18.016663,-76.974932,2 Jun 2025,2025-06-02,1748822400.0,0,Monday,6,23
2 jun 2025,JM,A3 - Ocho Rios Byp,18.410525,-77.08291,2 Jun 2025,2025-06-02,1748822400.0,0,Monday,6,23
2 jun 2025,JM,Sligoville Main Rd,18.007206,-76.948601,2 Jun 2025,2025-06-02,1748822400.0,0,Monday,6,23
2 jun 2025,JM,Fairfield Ave,18.453219,-77.90374,2 Jun 2025,2025-06-02,1748822400.0,0,Monday,6,23
2 jun 2025,JM,T1 (W) - East West Hwy,18.033756,-77.432511,2 Jun 2025,2025-06-02,1748822400.0,0,Monday,6,23
2 jun 2025,JM,A1 - North Coast Highway,18.517792,-77.799352,2 Jun 2025,2025-06-02,1748822400.0,0,Monday,6,23
2 jun 2025,JM,A4 - Prospect to Port Morant Rd,17.870524,-76.343068,2 Jun 2025,2025-06-02,1748822400.0,0,Monday,6,23
2 jun 2025,JM,Studio One Blvd,17.988331,-76.791522,2 Jun 2025,2025-06-02,1748822400.0,0,Monday,6,23
2 jun 2025,JM,Trafalgar Rd,18.008536,-76.783101,2 Jun 2025,2025-06-02,1748822400.0,0,Monday,6,23
2 jun 2025,JM,A2 - Winston Jones Highway,18.067146,-77.495879,2 Jun 2025,2025-06-02,1748822400.0,0,Monday,6,23
2 jun 2025,JM,> Spanish Town,17.973269,-76.96087,2 Jun 2025,2025-06-02,1748822400.0,0,Monday,6,23
2 jun 2025,JM,North Ave,18.002023,-76.78065,2 Jun 2025,2025-06-02,1748822400.0,0,Monday,6,23
2 jun 2025,JM,A1 - Howard Cook Blvd,18.472402,-77.924692,2 Jun 2025,2025-06-02,1748822400.0,0,Monday,6,23
2 jun 2025,JM,A2 - Tombstone to Gutters Rd,18.069769,-77.734135,2 Jun 2025,2025-06-02,1748822400.0,0,Monday,6,23
2 jun 2025,JM,A4 - East Queen St,17.970935,-76.78803,2 Jun 2025,2025-06-02,1748822400.0,0,Monday,6,23
2 jun 2025,JM,A1 - Spanish Town Rd,18.003435,-76.830815,2 Jun 2025,2025-06-02,1748822400.0,0,Monday,6,23
2 jun 2025,JM,A1 - North Coast Highway,18.438792,-77.202643,2 Jun 2025,2025-06-02,1748822400.0,0,Monday,6,23
2 jun 2025,JM,Fort Augusta Dr,17.961959,-76.861012,2 Jun 2025,2025-06-02,1748822400.0,0,Monday,6,23
2 jun 2025,JM,Queens Dr,18.479426,-77.926424,2 Jun 2025,2025-06-02,1748822400.0,0,Monday,6,23
2 jun 2025,JM,A4 - Prospect to Port Morant Rd,17.868928,-76.357597,2 Jun 2025,2025-06-02,1748822400.0,0,Monday,6,23
2 jun 2025,JM,Slipe Pen Rd,17.986636,-76.79188,2 Jun 2025,2025-06-02,1748822400.0,0,Monday,6,23
2 jun 2025,JM,Gutters to Downs Rd,18.00328,-77.59113,2 Jun 2025,2025-06-02,1748822400.0,0,Monday,6,23
2 jun 2025,JM,Hatfield Main Rd,18.030755,-77.535687,2 Jun 2025,2025-06-02,1748822400.0,0,Monday,6,23
2 jun 2025,JM,,18.494253,-77.917333,2 Jun 2025,2025-06-02,1748822400.0,0,Monday,6,23
2 jun 2025,JM,T3 - Edward Seaga Highway,18.20811,-77.056314,2 Jun 2025,2025-06-02,1748822400.0,0,Monday,6,23
2 jun 2025,JM,A3 - Constant Spring Rd,18.020922,-76.796344,2 Jun 2025,2025-06-02,1748822400.0,0,Monday,6,23
2 jun 2025,JM,A1 - Spanish Town Rd,17.986093,-76.811662,2 Jun 2025,2025-06-02,1748822400.0,0,Monday,6,23
2 jun 2025,JM,A4 - Prospect to Port Morant Rd,17.87335,-76.341927,2 Jun 2025,2025-06-02,1748822400.0,0,Monday,6,23
2 jun 2025,JM,T1 (E) - East West Hwy,17.961579,-77.261111,2 Jun 2025,2025-06-02,1748822400.0,0,Monday,6,23
2 jun 2025,JM,A3 - Eastwood Park Rd,18.020886,-76.796542,2 Jun 2025,2025-06-02,1748822400.0,0,Monday,6,23
2 jun 2025,JM,T1 - East West Hwy,17.934835,-77.102662,2 Jun 2025,2025-06-02,1748822400.0,0,Monday,6,23
2 jun 2025,JM,B15 - Barnett to Adelphi Rd,18.458044,-77.900512,2 Jun 2025,2025-06-02,1748822400.0,0,Monday,6,23
2 jun 2025,JM,A3 - Hopewell to Colegate Rd,18.346788,-77.087386,2 Jun 2025,2025-06-02,1748822400.0,0,Monday,6,23
2 jun 2025,JM,> A2 May Pen,17.963093,-77.265449,2 Jun 2025,2025-06-02,1748822400.0,0,Monday,6,23
2 jun 2025,JM,Queens Dr,18.478992,-77.9258,2 Jun 2025,2025-06-02,1748822400.0,0,Monday,6,23
2 jun 2025,JM,A4 - Grants Pen to Yallahs Rd,17.885683,-76.599146,2 Jun 2025,2025-06-02,1748822400.0,0,Monday,6,23
2 jun 2025,JM,Windsor Rd,17.981803,-76.967341,2 Jun 2025,2025-06-02,1748822400.0,0,Monday,6,23
2 jun 2025,JM,A3 - Oracabessa to White River Rd,18.417555,-77.058019,2 Jun 2025,2025-06-02,1748822400.0,0,Monday,6,23
2 jun 2025,JM,A1 - Spanish Town Rd,17.975639,-76.800581,2 Jun 2025,2025-06-02,1748822400.0,0,Monday,6,23
2 jun 2025,JM,B5 - Shooters Hill to Caines Shop Rd,18.149116,-77.500314,2 Jun 2025,2025-06-02,1748822400.0,0,Monday,6,23
2 jun 2025,JM,Langston Rd,17.980952,-76.764646,2 Jun 2025,2025-06-02,1748822400.0,0,Monday,6,23
2 jun 2025,JM,A1 - Lucea to Green Island Rd,18.389465,-78.272757,2 Jun 2025,2025-06-02,1748822400.0,0,Monday,6,23
2 jun 2025,JM,Fairdene Ave,18.043242,-76.817997,2 Jun 2025,2025-06-02,1748822400.0,0,Monday,6,23
2 jun 2025,JM,A1 - Kew Bridge to Great River Rd,18.454178,-78.034581,2 Jun 2025,2025-06-02,1748822400.0,0,Monday,6,23
2 jun 2025,JM,Horizon Cl,18.017079,-77.510589,2 Jun 2025,2025-06-02,1748822400.0,0,Monday,6,23
2 jun 2025,JM,> Hellshire Fort Augusta,17.965051,-76.857092,2 Jun 2025,2025-06-02,1748822400.0,0,Monday,6,23
2 jun 2025,JM,A1 (W) - Nelson Mandela Highway,18.018969,-76.883484,2 Jun 2025,2025-06-02,1748822400.0,0,Monday,6,23
2 jun 2025,JM,A1 - Kew Bridge to Great River Rd,18.449305,-78.083977,2 Jun 2025,2025-06-02,1748822400.0,0,Monday,6,23
2 jun 2025,JM,Old Hope Rd,18.02001,-76.768376,2 Jun 2025,2025-06-02,1748822400.0,0,Monday,6,23
2 jun 2025,JM,A1 - Howard Cook Blvd,18.469653,-77.92413,2 Jun 2025,2025-06-02,1748822400.0,0,Monday,6,23
2 jun 2025,JM,Campbell Blvd,18.011731,-76.816545,2 Jun 2025,2025-06-02,1748822400.0,0,Monday,6,23
2 jun 2025,JM,A1 - North Coast Highway,18.47561,-77.591575,2 Jun 2025,2025-06-02,1748822400.0,0,Monday,6,23
2 jun 2025,JM,Braeton Rd,17.955914,-76.896715,2 Jun 2025,2025-06-02,1748822400.0,0,Monday,6,23
2 jun 2025,JM,Knowles Rd,18.05523,-77.523644,2 Jun 2025,2025-06-02,1748822400.0,0,Monday,6,23
2 jun 2025,JM,T1 (E) - East West Hwy,17.98487,-76.915881,2 Jun 2025,2025-06-02,1748822400.0,0,Monday,6,23
2 jun 2025,JM,Red Hills Rd,18.033091,-76.809252,2 Jun 2025,2025-06-02,1748822400.0,0,Monday,6,23
2 jun 2025,JM,Exchange Rd,18.412101,-77.071245,2 Jun 2025,2025-06-02,1748822400.0,0,Monday,6,23
2 jun 2025,JM,A1 - North Coast Highway,18.459708,-77.405569,2 Jun 2025,2025-06-02,1748822400.0,0,Monday,6,23
2 jun 2025,JM,A2 - Tombstone to Gutters Rd,18.070982,-77.73507,2 Jun 2025,2025-06-02,1748822400.0,0,Monday,6,23
2 jun 2025,JM,Vineyards Toll Plaza,17.940042,-77.072289,2 Jun 2025,2025-06-02,1748822400.0,0,Monday,6,23
2 jun 2025,JM,Dudley Kassin Dr,18.465154,-77.914785,2 Jun 2025,2025-06-02,1748822400.0,0,Monday,6,23
2 jun 2025,JM,Molynes Rd,18.037199,-76.825009,2 Jun 2025,2025-06-02,1748822400.0,0,Monday,6,23
2 jun 2025,JM,A1 - Spanish Town Rd,18.002315,-76.829588,2 Jun 2025,2025-06-02,1748822400.0,0,Monday,6,23
2 jun 2025,JM,Belmont Rd,18.003195,-76.783665,2 Jun 2025,2025-06-02,1748822400.0,0,Monday,6,23
2 jun 2025,JM,A1 - Kew Bridge to Great River Rd,18.449675,-78.0859,2 Jun 2025,2025-06-02,1748822400.0,0,Monday,6,23
2 jun 2025,JM,Liguanea Ave,18.027282,-76.769833,2 Jun 2025,2025-06-02,1748822400.0,0,Monday,6,23
2 jun 2025,JM,Bernard Lodge Main Rd,17.97767,-76.93113,2 Jun 2025,2025-06-02,1748822400.0,0,Monday,6,23
2 jun 2025,JM,A1 - Spanish Town Rd,18.002219,-76.829484,2 Jun 2025,2025-06-02,1748822400.0,0,Monday,6,23
2 jun 2025,JM,St. John's Rd,18.008549,-77.02448,2 Jun 2025,2025-06-02,1748822400.0,0,Monday,6,23
2 jun 2025,JM,T1 (E) - East West Hwy,17.939203,-77.077559,2 Jun 2025,2025-06-02,1748822400.0,0,Monday,6,23
2 jun 2025,JM,A2 - Tombstone to Gutters Rd,18.063084,-77.726426,2 Jun 2025,2025-06-02,1748822400.0,0,Monday,6,23
2 jun 2025,JM,A1 - Green Island to Negril Rd,18.369978,-78.321704,2 Jun 2025,2025-06-02,1748822400.0,0,Monday,6,23
2 jun 2025,JM,Lyndhurst Rd,17.989447,-76.793304,2 Jun 2025,2025-06-02,1748822400.0,0,Monday,6,23
2 jun 2025,JM,Bravo St,18.437943,-77.199652,2 Jun 2025,2025-06-02,1748822400.0,0,Monday,6,23
2 jun 2025,JM,Hagley Park Rd,18.009407,-76.803639,2 Jun 2025,2025-06-02,1748822400.0,0,Monday,6,23
2 jun 2025,JM,A4 - Grants Pen to Yallahs Rd,17.886215,-76.599846,2 Jun 2025,2025-06-02,1748822400.0,0,Monday,6,23
2 jun 2025,JM,West Kings House Rd,18.021429,-76.790129,2 Jun 2025,2025-06-02,1748822400.0,0,Monday,6,23
2 jun 2025,JM,T1 (E) - East West Hwy,17.959296,-77.297342,2 Jun 2025,2025-06-02,1748822400.0,0,Monday,6,23
2 jun 2025,JM,Main Rd,17.997561,-76.931293,2 Jun 2025,2025-06-02,1748822400.0,0,Monday,6,23
2 jun 2025,JM,T1 (E) - East West Hwy,17.92578,-77.168973,2 Jun 2025,2025-06-02,1748822400.0,0,Monday,6,23
2 jun 2025,JM,Albion Rd,18.480194,-77.908608,2 Jun 2025,2025-06-02,1748822400.0,0,Monday,6,23
2 jun 2025,JM,Lyndhurst Rd,17.989044,-76.791608,2 Jun 2025,2025-06-02,1748822400.0,0,Monday,6,23
2 jun 2025,JM,A1 - North Coast Highway,18.490831,-77.695553,2 Jun 2025,2025-06-02,1748822400.0,0,Monday,6,23
2 jun 2025,JM,Water Ln,17.966979,-76.799025,2 Jun 2025,2025-06-02,1748822400.0,0,Monday,6,23
2 jun 2025,JM,T3 - Edward Seaga Highway,18.036765,-76.968872,2 Jun 2025,2025-06-02,1748822400.0,0,Monday,6,23
2 jun 2025,JM,A4 - White Horses to Rozelle Rd,17.872356,-76.464216,2 Jun 2025,2025-06-02,1748822400.0,0,Monday,6,23
2 jun 2025,JM,T1 (E) - East West Hwy,17.978154,-76.931191,2 Jun 2025,2025-06-02,1748822400.0,0,Monday,6,23
2 jun 2025,JM,A2 - Tombstone to Gutters Rd,18.068812,-77.733366,2 Jun 2025,2025-06-02,1748822400.0,0,Monday,6,23
2 jun 2025,JM,T1 (W) - East West Hwy,17.981406,-77.387121,2 Jun 2025,2025-06-02,1748822400.0,0,Monday,6,23
2 jun 2025,JM,A4 - Southern Coastal Highway,17.94136,-76.662215,2 Jun 2025,2025-06-02,1748822400.0,0,Monday,6,23
2 jun 2025,JM,> Portia Miller Simpson Sq,17.99953,-76.826599,2 Jun 2025,2025-06-02,1748822400.0,0,Monday,6,23
2 jun 2025,JM,A1 (E) - Nelson Mandela Highway,18.025821,-76.867674,2 Jun 2025,2025-06-02,1748822400.0,0,Monday,6,23
2 jun 2025,JM,A1 - Howard Cook Blvd,18.466052,-77.924149,2 Jun 2025,2025-06-02,1748822400.0,0,Monday,6,23
2 jun 2025,JM,> Downtown Kingston,17.992872,-76.829025,2 Jun 2025,2025-06-02,1748822400.0,0,Monday,6,23
2 jun 2025,JM,T1 (E) - East West Hwy,17.944647,-77.061027,2 Jun 2025,2025-06-02,1748822400.0,0,Monday,6,23
2 jun 2025,JM,Fordyce Dr,18.02298,-76.975753,2 Jun 2025,2025-06-02,1748822400.0,0,Monday,6,23
2 jun 2025,JM,A4 - Church St,17.880497,-76.414263,2 Jun 2025,2025-06-02,1748822400.0,0,Monday,6,23
2 jun 2025,JM,A1 - Ewarton to Mount Diablo Rd,18.200585,-77.092189,2 Jun 2025,2025-06-02,1748822400.0,0,Monday,6,23
2 jun 2025,JM,B8 - Shettlewood to Mackfield Rd,18.322408,-78.011425,2 Jun 2025,2025-06-02,1748822400.0,0,Monday,6,23
2 jun 2025,JM,A1 - Spanish Town Rd,17.993085,-76.820005,2 Jun 2025,2025-06-02,1748822400.0,0,Monday,6,23
2 jun 2025,JM,Upper Waterloo Rd,18.028678,-76.791421,2 Jun 2025,2025-06-02,1748822400.0,0,Monday,6,23
2 jun 2025,JM,T1 (W) - East West Hwy,17.976138,-76.943072,2 Jun 2025,2025-06-02,1748822400.0,0,Monday,6,23
2 jun 2025,JM,T3 - Edward Seaga Highway,18.331946,-77.14175,2 Jun 2025,2025-06-02,1748822400.0,0,Monday,6,23
2 jun 2025,JM,A3 - Junction Main Rd,18.150138,-76.827527,2 Jun 2025,2025-06-02,1748822400.0,0,Monday,6,23
2 jun 2025,JM,Hillside,18.044444,-76.834471,2 Jun 2025,2025-06-02,1748822400.0,0,Monday,6,23
2 jun 2025,JM,B8 - Anchovy to Shettlewood Rd,18.399834,-77.939375,2 Jun 2025,2025-06-02,1748822400.0,0,Monday,6,23
2 jun 2025,JM,A1 - Sunset Blvd,18.491925,-77.922491,2 Jun 2025,2025-06-02,1748822400.0,0,Monday,6,23
2 jun 2025,JM,Tucker Ave,18.007076,-76.769906,2 Jun 2025,2025-06-02,1748822400.0,0,Monday,6,23
2 jun 2025,JM,Hagley Park Rd,17.998686,-76.82398,2 Jun 2025,2025-06-02,1748822400.0,0,Monday,6,23
2 jun 2025,JM,A3 - Constant Spring Rd,18.020822,-76.796351,2 Jun 2025,2025-06-02,1748822400.0,0,Monday,6,23
2 jun 2025,JM,Mountain View Ave,18.004354,-76.770533,2 Jun 2025,2025-06-02,1748822400.0,0,Monday,6,23
2 jun 2025,JM,West Kings House Rd,18.021426,-76.793388,2 Jun 2025,2025-06-02,1748822400.0,0,Monday,6,23
2 jun 2025,JM,Marcus Garvey Dr,17.973054,-76.810367,2 Jun 2025,2025-06-02,1748822400.0,0,Monday,6,23
2 jun 2025,JM,Tucker Main Rd,18.452113,-77.901309,2 Jun 2025,2025-06-02,1748822400.0,0,Monday,6,23
2 jun 2025,JM,Sligoville Main Rd,18.010269,-76.951165,2 Jun 2025,2025-06-02,1748822400.0,0,Monday,6,23
2 jun 2025,JM,T1 (E) - East West Hwy,17.932673,-77.198471,2 Jun 2025,2025-06-02,1748822400.0,0,Monday,6,23
2 jun 2025,JM,Mount Salem Rd,18.467833,-77.913135,2 Jun 2025,2025-06-02,1748822400.0,0,Monday,6,23
2 jun 2025,JM,B6,18.211668,-77.859155,2 Jun 2025,2025-06-02,1748822400.0,0,Monday,6,23
2 jun 2025,JM,T1 (W) - East West Hwy,17.962121,-77.354041,2 Jun 2025,2025-06-02,1748822400.0,0,Monday,6,23
2 jun 2025,JM,Manchester Rd,18.033385,-77.505994,2 Jun 2025,2025-06-02,1748822400.0,0,Monday,6,23
2 jun 2025,JM,T1 (W) - East West Hwy,17.954182,-77.039957,2 Jun 2025,2025-06-02,1748822400.0,0,Monday,6,23
2 jun 2025,JM,Water Ln,17.966912,-76.798028,2 Jun 2025,2025-06-02,1748822400.0,0,Monday,6,23
2 jun 2025,JM,A1 - Kew Bridge to Great River Rd,18.450875,-78.047593,2 Jun 2025,2025-06-02,1748822400.0,0,Monday,6,23
2 jun 2025,JM,Salt Island Rd,17.987361,-76.960457,2 Jun 2025,2025-06-02,1748822400.0,0,Monday,6,23
2 jun 2025,JM,T3 - Edward Seaga Highway,18.137626,-77.039483,2 Jun 2025,2025-06-02,1748822400.0,0,Monday,6,23
2 jun 2025,JM,Kingsland Main Rd,18.010133,-77.547034,2 Jun 2025,2025-06-02,1748822400.0,0,Monday,6,23
2 jun 2025,JM,A2 - Smithfield Rd,18.223576,-78.119055,2 Jun 2025,2025-06-02,1748822400.0,0,Monday,6,23
2 jun 2025,JM,T3 - Edward Seaga Highway,18.300722,-77.136787,2 Jun 2025,2025-06-02,1748822400.0,0,Monday,6,23
2 jun 2025,JM,T3 - Edward Seaga Highway,18.017819,-76.913374,2 Jun 2025,2025-06-02,1748822400.0,0,Monday,6,23
2 jun 2025,JM,Seymour Ave,18.013165,-76.773904,2 Jun 2025,2025-06-02,1748822400.0,0,Monday,6,23
2 jun 2025,JM,Tucker Main Rd,18.451929,-77.898465,2 Jun 2025,2025-06-02,1748822400.0,0,Monday,6,23
2 jun 2025,JM,T1 (W) - East West Hwy,17.962698,-77.274601,2 Jun 2025,2025-06-02,1748822400.0,0,Monday,6,23
2 jun 2025,JM,A4 - Hectors River to Muirton Rd,18.031308,-76.277299,2 Jun 2025,2025-06-02,1748822400.0,0,Monday,6,23
2 jun 2025,JM,A1 - North Coast Highway,18.459681,-77.406026,2 Jun 2025,2025-06-02,1748822400.0,0,Monday,6,23
2 jun 2025,JM,A1 - North Coast Highway,18.459723,-77.402063,2 Jun 2025,2025-06-02,1748822400.0,0,Monday,6,23
2 jun 2025,JM,Kingsland Main Rd,18.006396,-77.551326,2 Jun 2025,2025-06-02,1748822400.0,0,Monday,6,23
2 jun 2025,JM,Upper Montrose Rd,18.0157,-76.775739,2 Jun 2025,2025-06-02,1748822400.0,0,Monday,6,23
2 jun 2025,JM,Kingsland Main Rd,18.012922,-77.542585,2 Jun 2025,2025-06-02,1748822400.0,0,Monday,6,23
2 jun 2025,JM,,17.992433,-76.965736,2 Jun 2025,2025-06-02,1748822400.0,0,Monday,6,23
2 jun 2025,JM,T3 - Edward Seaga Highway,18.045957,-76.979723,2 Jun 2025,2025-06-02,1748822400.0,0,Monday,6,23
2 jun 2025,JM,T1 (W) - East West Hwy,17.965998,-77.363429,2 Jun 2025,2025-06-02,1748822400.0,0,Monday,6,23
2 jun 2025,JM,T3 - Edward Seaga Highway,18.127004,-77.041024,2 Jun 2025,2025-06-02,1748822400.0,0,Monday,6,23
2 jun 2025,JM,T1 (W) - East West Hwy,17.930741,-77.118619,2 Jun 2025,2025-06-02,1748822400.0,0,Monday,6,23
2 jun 2025,JM,A4 - Golden Grove to Belle Castle Rd,17.955054,-76.246931,2 Jun 2025,2025-06-02,1748822400.0,0,Monday,6,23
2 jun 2025,JM,A1 - Kew Bridge to Great River Rd,18.45043,-78.154554,2 Jun 2025,2025-06-02,1748822400.0,0,Monday,6,23
2 jun 2025,JM,A2 - Tombstone to Gutters Rd,18.072894,-77.736528,2 Jun 2025,2025-06-02,1748822400.0,0,Monday,6,23
2 jun 2025,JM,T3 - Edward Seaga Highway,18.367801,-77.161302,2 Jun 2025,2025-06-02,1748822400.0,0,Monday,6,23
2 jun 2025,JM,Waterloo Rd,18.020336,-76.791758,2 Jun 2025,2025-06-02,1748822400.0,0,Monday,6,23
2 jun 2025,JM,Caledonia Road,18.056638,-77.481399,2 Jun 2025,2025-06-02,1748822400.0,0,Monday,6,23
2 jun 2025,JM,A3 - Stony Hill Rd,18.057903,-76.794831,2 Jun 2025,2025-06-02,1748822400.0,0,Monday,6,23
2 jun 2025,JM,Humber Rd,18.471172,-77.917259,2 Jun 2025,2025-06-02,1748822400.0,0,Monday,6,23
2 jun 2025,JM,Marcus Garvey Dr,17.989734,-76.827791,2 Jun 2025,2025-06-02,1748822400.0,0,Monday,6,23
2 jun 2025,JM,Bernard Lodge Main Rd,17.970641,-76.921738,2 Jun 2025,2025-06-02,1748822400.0,0,Monday,6,23
2 jun 2025,JM,A4 - Grants Pen to Albion Rd,17.890458,-76.605434,2 Jun 2025,2025-06-02,1748822400.0,0,Monday,6,23
2 jun 2025,JM,A1 - North Coast Hwy,18.462774,-77.330851,2 Jun 2025,2025-06-02,1748822400.0,0,Monday,6,23
2 jun 2025,JM,T3 - Edward Seaga Highway,18.240935,-77.090724,2 Jun 2025,2025-06-02,1748822400.0,0,Monday,6,23
2 jun 2025,JM,A1 (E) - Nelson Mandela Highway,18.011616,-76.894612,2 Jun 2025,2025-06-02,1748822400.0,0,Monday,6,23
2 jun 2025,JM,Fairdene Ave,18.041739,-76.820362,2 Jun 2025,2025-06-02,1748822400.0,0,Monday,6,23
2 jun 2025,JM,A1 - Kew Bridge to Great River Rd,18.449724,-78.054204,2 Jun 2025,2025-06-02,1748822400.0,0,Monday,6,23
2 jun 2025,JM,A1 (W) - Nelson Mandela Highway,18.022513,-76.87805,2 Jun 2025,2025-06-02,1748822400.0,0,Monday,6,23
2 jun 2025,JM,Molynes Rd,18.012167,-76.800351,2 Jun 2025,2025-06-02,1748822400.0,0,Monday,6,23
2 jun 2025,JM,A3 - Long Ln,18.059254,-76.794381,2 Jun 2025,2025-06-02,1748822400.0,0,Monday,6,23
2 jun 2025,JM,Kensington Cres,18.002363,-76.782955,2 Jun 2025,2025-06-02,1748822400.0,0,Monday,6,23
2 jun 2025,JM,Dyke Rd,18.003526,-76.889906,2 Jun 2025,2025-06-02,1748822400.0,0,Monday,6,23
2 jun 2025,JM,Marcus Garvey Dr,17.994345,-76.828331,2 Jun 2025,2025-06-02,1748822400.0,0,Monday,6,23
2 jun 2025,JM,A4 - Golden Grove to Belle Castle Rd,17.92567,-76.288423,2 Jun 2025,2025-06-02,1748822400.0,0,Monday,6,23
2 jun 2025,JM,Belmont Rd,18.004624,-76.782986,2 Jun 2025,2025-06-02,1748822400.0,0,Monday,6,23
2 jun 2025,JM,Barbican Rd,18.026384,-76.76557,2 Jun 2025,2025-06-02,1748822400.0,0,Monday,6,23
2 jun 2025,JM,A3 - Stony Hill Rd,18.075919,-76.793038,2 Jun 2025,2025-06-02,1748822400.0,0,Monday,6,23
2 jun 2025,JM,T3 - Edward Seaga Highway,18.25658,-77.115595,2 Jun 2025,2025-06-02,1748822400.0,0,Monday,6,23
2 jun 2025,JM,A1 - Seaview Dr,18.440429,-78.169601,2 Jun 2025,2025-06-02,1748822400.0,0,Monday,6,23
2 jun 2025,JM,A3 - Stony Hill Rd,18.075537,-76.792642,2 Jun 2025,2025-06-02,1748822400.0,0,Monday,6,23
2 jun 2025,JM,T3 - Edward Seaga Highway,18.331975,-77.141775,2 Jun 2025,2025-06-02,1748822400.0,0,Monday,6,23
2 jun 2025,JM,T3 - Edward Seaga Highway,18.421559,-77.157725,2 Jun 2025,2025-06-02,1748822400.0,0,Monday,6,23
2 jun 2025,JM,Ellesmere Rd,18.013271,-76.797679,2 Jun 2025,2025-06-02,1748822400.0,0,Monday,6,23
2 jun 2025,JM,A3 - Eastwood Park Rd,18.012978,-76.798994,2 Jun 2025,2025-06-02,1748822400.0,0,Monday,6,23
2 jun 2025,JM,Campbell Blvd,18.012267,-76.818091,2 Jun 2025,2025-06-02,1748822400.0,0,Monday,6,23
2 jun 2025,JM,A2 - Tombstone to Gutters Rd,18.062997,-77.726284,2 Jun 2025,2025-06-02,1748822400.0,0,Monday,6,23
2 jun 2025,JM,A2 E - Washington Blvd,18.027319,-76.808831,2 Jun 2025,2025-06-02,1748822400.0,0,Monday,6,23
2 jun 2025,JM,T2 Kingston - Portmore Toll Rd,17.993862,-76.833132,2 Jun 2025,2025-06-02,1748822400.0,0,Monday,6,23
2 jun 2025,JM,A1 (W) - Nelson Mandela Highway,18.014156,-76.89059,2 Jun 2025,2025-06-02,1748822400.0,0,Monday,6,23
2 jun 2025,JM,Gordon Blvd,18.016853,-76.959336,2 Jun 2025,2025-06-02,1748822400.0,0,Monday,6,23
2 jun 2025,JM,T3 - Edward Seaga Highway,18.2687,-77.121699,2 Jun 2025,2025-06-02,1748822400.0,0,Monday,6,23
2 jun 2025,JM,T3 - Edward Seaga Highway,18.255845,-77.114865,2 Jun 2025,2025-06-02,1748822400.0,0,Monday,6,23
2 jun 2025,JM,T1 (E) - East West Hwy,17.973462,-76.958815,2 Jun 2025,2025-06-02,1748822400.0,0,Monday,6,23
2 jun 2025,JM,Kingsway,18.015884,-76.789382,2 Jun 2025,2025-06-02,1748822400.0,0,Monday,6,23
2 jun 2025,JM,A1 (W) - Nelson Mandela Highway,18.009638,-76.897238,2 Jun 2025,2025-06-02,1748822400.0,0,Monday,6,23
2 jun 2025,JM,Wint Rd,18.043345,-77.519006,2 Jun 2025,2025-06-02,1748822400.0,0,Monday,6,23
2 jun 2025,JM,A2 - Luana to Tombstone Rd,18.096225,-77.774394,2 Jun 2025,2025-06-02,1748822400.0,0,Monday,6,23
2 jun 2025,JM,E Mid St,17.945554,-76.903604,2 Jun 2025,2025-06-02,1748822400.0,0,Monday,6,23
2 jun 2025,JM,A1 - North Coast Highway,18.481005,-77.611692,2 Jun 2025,2025-06-02,1748822400.0,0,Monday,6,23
2 jun 2025,JM,T3 - Edward Seaga Highway,18.098542,-77.015371,2 Jun 2025,2025-06-02,1748822400.0,0,Monday,6,23
2 jun 2025,JM,A1 - North Coast Highway,18.4459,-77.223163,2 Jun 2025,2025-06-02,1748822400.0,0,Monday,6,23
2 jun 2025,JM,A3 - North Coast Highway,18.412797,-77.122639,2 Jun 2025,2025-06-02,1748822400.0,0,Monday,6,23
2 jun 2025,JM,A1 - Bog Walk to Ewarton Rd,18.157672,-77.039027,2 Jun 2025,2025-06-02,1748822400.0,0,Monday,6,23
2 jun 2025,JM,Deanery Rd,17.98826,-76.771061,2 Jun 2025,2025-06-02,1748822400.0,0,Monday,6,23
2 jun 2025,JM,A2 - Winston Jones Hwy,18.06836,-77.470676,2 Jun 2025,2025-06-02,1748822400.0,0,Monday,6,23
2 jun 2025,JM,Trafalgar Rd,18.007108,-76.779453,2 Jun 2025,2025-06-02,1748822400.0,0,Monday,6,23
2 jun 2025,JM,B6,18.194397,-77.853303,2 Jun 2025,2025-06-02,1748822400.0,0,Monday,6,23
2 jun 2025,JM,A3 - Stony Hill Rd,18.08519,-76.799453,2 Jun 2025,2025-06-02,1748822400.0,0,Monday,6,23
2 jun 2025,JM,A1 - Spanish Town By-pass Rd,17.994873,-76.966906,2 Jun 2025,2025-06-02,1748822400.0,0,Monday,6,23
2 jun 2025,JM,A3 (S) - Constant Spring Rd,18.030335,-76.795878,2 Jun 2025,2025-06-02,1748822400.0,0,Monday,6,23
2 jun 2025,JM,Harbour St,17.965569,-76.785718,2 Jun 2025,2025-06-02,1748822400.0,0,Monday,6,23
2 jun 2025,JM,Lakes Pen Main Rd,17.984551,-76.930262,2 Jun 2025,2025-06-02,1748822400.0,0,Monday,6,23
2 jun 2025,JM,A1 (E) - Nelson Mandela Highway,18.024196,-76.875004,2 Jun 2025,2025-06-02,1748822400.0,0,Monday,6,23
2 jun 2025,JM,,18.02549,-76.868214,2 Jun 2025,2025-06-02,1748822400.0,0,Monday,6,23
2 jun 2025,JM,,18.007818,-76.904934,2 Jun 2025,2025-06-02,1748822400.0,0,Monday,6,23
2 jun 2025,JM,James Hill to Mason River Rd,18.178417,-77.309487,2 Jun 2025,2025-06-02,1748822400.0,0,Monday,6,23
2 jun 2025,JM,T3 - Edward Seaga Highway,18.157804,-77.033215,2 Jun 2025,2025-06-02,1748822400.0,0,Monday,6,23
2 jun 2025,JM,A1 - Howard Cook Blvd,18.466733,-77.924013,2 Jun 2025,2025-06-02,1748822400.0,0,Monday,6,23
2 jun 2025,JM,South St,17.938041,-77.112426,2 Jun 2025,2025-06-02,1748822400.0,0,Monday,6,23
2 jun 2025,JM,A3 (N) - Constant Spring Rd,18.0446,-76.794178,2 Jun 2025,2025-06-02,1748822400.0,0,Monday,6,23
2 jun 2025,JM,Goodwill Ave,18.007508,-76.770044,2 Jun 2025,2025-06-02,1748822400.0,0,Monday,6,23
2 jun 2025,JM,Caledonia Road,18.056258,-77.476811,2 Jun 2025,2025-06-02,1748822400.0,0,Monday,6,23
2 jun 2025,JM,Mercantile Ave,17.975721,-76.866806,2 Jun 2025,2025-06-02,1748822400.0,0,Monday,6,23
2 jun 2025,JM,Red Hills Rd,18.03318,-76.810029,2 Jun 2025,2025-06-02,1748822400.0,0,Monday,6,23
2 jun 2025,JM,A1 (E) - Nelson Mandela Highway,18.015748,-76.888507,2 Jun 2025,2025-06-02,1748822400.0,0,Monday,6,23
2 jun 2025,JM,Lyndhurst Rd,17.998697,-76.799564,2 Jun 2025,2025-06-02,1748822400.0,0,Monday,6,23
2 jun 2025,JM,Hagley Park Rd,18.000151,-76.821892,2 Jun 2025,2025-06-02,1748822400.0,0,Monday,6,23
2 jun 2025,JM,T1 (W) - East West Hwy,17.986326,-76.90978,2 Jun 2025,2025-06-02,1748822400.0,0,Monday,6,23
2 jun 2025,JM,A2 - Spur Tree Rd,18.011698,-77.578892,2 Jun 2025,2025-06-02,1748822400.0,0,Monday,6,23
2 jun 2025,JM,Shortwood Rd,18.032077,-76.792862,2 Jun 2025,2025-06-02,1748822400.0,0,Monday,6,23
2 jun 2025,JM,A1 - Kew Bridge to Great River Rd,18.451494,-78.0688,2 Jun 2025,2025-06-02,1748822400.0,0,Monday,6,23
2 jun 2025,JM,T1 (E) - East West Hwy,17.929256,-77.180322,2 Jun 2025,2025-06-02,1748822400.0,0,Monday,6,23
2 jun 2025,JM,A2 (E) - Washington Blvd,18.026018,-76.853101,2 Jun 2025,2025-06-02,1748822400.0,0,Monday,6,23
2 jun 2025,JM,A4 - White Horses to Rozelle Rd,17.872328,-76.459063,2 Jun 2025,2025-06-02,1748822400.0,0,Monday,6,23
2 jun 2025,JM,Mountain View Ave,18.008966,-76.771443,2 Jun 2025,2025-06-02,1748822400.0,0,Monday,6,23
2 jun 2025,JM,Mercantile Ave,17.976223,-76.866988,2 Jun 2025,2025-06-02,1748822400.0,0,Monday,6,23
2 jun 2025,JM,T1 (E) - East West Hwy,17.958429,-77.258138,2 Jun 2025,2025-06-02,1748822400.0,0,Monday,6,23
2 jun 2025,JM,> Spanish Town,17.973888,-76.964099,2 Jun 2025,2025-06-02,1748822400.0,0,Monday,6,23
2 jun 2025,JM,T1 (E) - East West Hwy,17.946128,-77.058853,2 Jun 2025,2025-06-02,1748822400.0,0,Monday,6,23
2 jun 2025,JM,Gordon Blvd,18.006398,-76.959817,2 Jun 2025,2025-06-02,1748822400.0,0,Monday,6,23
2 jun 2025,JM,A2 - Tombstone to Gutters Rd,18.068237,-77.732891,2 Jun 2025,2025-06-02,1748822400.0,0,Monday,6,23
2 jun 2025,JM,T1 (E) - East West Hwy,17.978647,-76.92999,2 Jun 2025,2025-06-02,1748822400.0,0,Monday,6,23
2 jun 2025,JM,Trinity Cr,18.466801,-77.915585,2 Jun 2025,2025-06-02,1748822400.0,0,Monday,6,23
2 jun 2025,JM,T1 (W) - East West Hwy,17.953594,-77.043964,2 Jun 2025,2025-06-02,1748822400.0,0,Monday,6,23
2 jun 2025,JM,A1 - North Coast Highway,18.440084,-77.209616,2 Jun 2025,2025-06-02,1748822400.0,0,Monday,6,23
2 jun 2025,JM,A2 (E) - Melrose Hill By,18.056992,-77.447437,2 Jun 2025,2025-06-02,1748822400.0,0,Monday,6,23
2 jun 2025,JM,A1 - North Coast Highway,18.459737,-77.40202,2 Jun 2025,2025-06-02,1748822400.0,0,Monday,6,23
2 jun 2025,JM,Barbican Rd,18.03207,-76.78136,2 Jun 2025,2025-06-02,1748822400.0,0,Monday,6,23
2 jun 2025,JM,Waltham Main to Cedar Grove Rd,18.020329,-77.509793,2 Jun 2025,2025-06-02,1748822400.0,0,Monday,6,23
2 jun 2025,JM,Development Rd,17.991966,-76.821896,2 Jun 2025,2025-06-02,1748822400.0,0,Monday,6,23
2 jun 2025,JM,Exchange Rd,18.404252,-77.068535,2 Jun 2025,2025-06-02,1748822400.0,0,Monday,6,23
2 jun 2025,JM,A1 - Green Island to Negril Rd,18.368556,-78.334599,2 Jun 2025,2025-06-02,1748822400.0,0,Monday,6,23
2 jun 2025,JM,Alpart Road,17.976361,-77.598495,2 Jun 2025,2025-06-02,1748822400.0,0,Monday,6,23
2 jun 2025,JM,Queens Dr,18.482607,-77.927888,2 Jun 2025,2025-06-02,1748822400.0,0,Monday,6,23
2 jun 2025,JM,Arthur Wint Dr,17.998141,-76.780337,2 Jun 2025,2025-06-02,1748822400.0,0,Monday,6,23
2 jun 2025,JM,A4 - Port Morant to Stokes Hall Rd,17.888297,-76.327995,2 Jun 2025,2025-06-02,1748822400.0,0,Monday,6,23
2 jun 2025,JM,A3 - Stony Hill Rd,18.082885,-76.796974,2 Jun 2025,2025-06-02,1748822400.0,0,Monday,6,23
2 jun 2025,JM,Camp Rd,17.986388,-76.779376,2 Jun 2025,2025-06-02,1748822400.0,0,Monday,6,23
2 jun 2025,JM,Salt Island Rd,17.988206,-76.960032,2 Jun 2025,2025-06-02,1748822400.0,0,Monday,6,23
2 jun 2025,JM,E Kings House Rd,18.025172,-76.779443,2 Jun 2025,2025-06-02,1748822400.0,0,Monday,6,23
2 jun 2025,JM,> Three Miles,17.990901,-76.828441,2 Jun 2025,2025-06-02,1748822400.0,0,Monday,6,23
2 jun 2025,JM,Retreat Ave,18.012498,-76.771856,2 Jun 2025,2025-06-02,1748822400.0,0,Monday,6,23
2 jun 2025,JM,Old Hope Rd,17.999199,-76.783609,2 Jun 2025,2025-06-02,1748822400.0,0,Monday,6,23
2 jun 2025,JM,A1 - Howard Cook Blvd,18.468114,-77.923761,2 Jun 2025,2025-06-02,1748822400.0,0,Monday,6,23
2 jun 2025,JM,T1 (E) - East West Hwy,17.939734,-77.074183,2 Jun 2025,2025-06-02,1748822400.0,0,Monday,6,23
2 jun 2025,JM,A3 - Half Way Tree Rd,18.003258,-76.792324,2 Jun 2025,2025-06-02,1748822400.0,0,Monday,6,23
2 jun 2025,JM,A2 (W) - Melrose Hill Byp,18.064568,-77.457364,2 Jun 2025,2025-06-02,1748822400.0,0,Monday,6,23
2 jun 2025,JM,T1 (E) - East West Hwy,17.957186,-77.313266,2 Jun 2025,2025-06-02,1748822400.0,0,Monday,6,23
2 jun 2025,JM,A1 - Kew Bridge to Great River Rd,18.450415,-78.055591,2 Jun 2025,2025-06-02,1748822400.0,0,Monday,6,23
2 jun 2025,JM,Greenwich St,17.98926,-76.803881,2 Jun 2025,2025-06-02,1748822400.0,0,Monday,6,23
2 jun 2025,JM,Lyndhurst Rd,18.000427,-76.800855,2 Jun 2025,2025-06-02,1748822400.0,0,Monday,6,23
2 jun 2025,JM,Red Hills Rd,18.046638,-76.831926,2 Jun 2025,2025-06-02,1748822400.0,0,Monday,6,23
2 jun 2025,JM,T1 (E) - East West Hwy,17.947932,-77.056026,2 Jun 2025,2025-06-02,1748822400.0,0,Monday,6,23
2 jun 2025,JM,A1 - Lucea to Green Island Rd,18.450743,-78.214786,2 Jun 2025,2025-06-02,1748822400.0,0,Monday,6,23
2 jun 2025,JM,T1 - East West Hwy,18.004176,-76.895006,2 Jun 2025,2025-06-02,1748822400.0,0,Monday,6,23
2 jun 2025,JM,Braeton Rd,17.957896,-76.89201,2 Jun 2025,2025-06-02,1748822400.0,0,Monday,6,23
2 jun 2025,JM,E Kings House Rd,18.027792,-76.777995,2 Jun 2025,2025-06-02,1748822400.0,0,Monday,6,23
2 jun 2025,JM,Spanish Town Toll Plaza,17.975675,-76.96414,2 Jun 2025,2025-06-02,1748822400.0,0,Monday,6,23
2 jun 2025,JM,A1 - Lucea to Green Island Rd,18.447423,-78.218747,2 Jun 2025,2025-06-02,1748822400.0,0,Monday,6,23
2 jun 2025,JM,A4 - Harbour View to Bull Bay Rd,17.941032,-76.663762,2 Jun 2025,2025-06-02,1748822400.0,0,Monday,6,23
2 jun 2025,JM,T1 (W) - East West Hwy,18.039275,-77.435456,2 Jun 2025,2025-06-02,1748822400.0,0,Monday,6,23
2 jun 2025,JM,Cottage Rd,18.46789,-77.914856,2 Jun 2025,2025-06-02,1748822400.0,0,Monday,6,23
2 jun 2025,JM,Salt Spring Rd,18.478991,-77.908628,2 Jun 2025,2025-06-02,1748822400.0,0,Monday,6,23
2 jun 2025,JM,A1 - Lucea to Green Island Rd,18.40495,-78.26129,2 Jun 2025,2025-06-02,1748822400.0,0,Monday,6,23
2 jun 2025,JM,T1 (E) - East West Hwy,17.968226,-77.368189,2 Jun 2025,2025-06-02,1748822400.0,0,Monday,6,23
2 jun 2025,JM,Knowles Rd,18.054964,-77.523138,2 Jun 2025,2025-06-02,1748822400.0,0,Monday,6,23
2 jun 2025,JM,Seaview Ave,18.01086,-76.776395,2 Jun 2025,2025-06-02,1748822400.0,0,Monday,6,23
2 jun 2025,JM,A1 - Spanish Town By-pass Rd,17.992167,-76.965452,2 Jun 2025,2025-06-02,1748822400.0,0,Monday,6,23
2 jun 2025,JM,A1 - Bog Walk to Ewarton Rd,18.157932,-77.039464,2 Jun 2025,2025-06-02,1748822400.0,0,Monday,6,23
2 jun 2025,JM,A2 (W) - Washington Blvd,18.025727,-76.835205,2 Jun 2025,2025-06-02,1748822400.0,0,Monday,6,23
2 jun 2025,JM,Seymour Ave,18.011986,-76.77422,2 Jun 2025,2025-06-02,1748822400.0,0,Monday,6,23
2 jun 2025,JM,A4 - Eleven Miles to Grants Pen Rd,17.916443,-76.630971,2 Jun 2025,2025-06-02,1748822400.0,0,Monday,6,23
2 jun 2025,JM,Ward Ave,18.038828,-77.510885,2 Jun 2025,2025-06-02,1748822400.0,0,Monday,6,23
2 jun 2025,JM,A3 - Half Way Tree Rd,18.001872,-76.791885,2 Jun 2025,2025-06-02,1748822400.0,0,Monday,6,23
2 jun 2025,JM,Hanover St,17.970819,-76.788513,2 Jun 2025,2025-06-02,1748822400.0,0,Monday,6,23
2 jun 2025,JM,Hope Rd,18.014845,-76.788715,2 Jun 2025,2025-06-02,1748822400.0,0,Monday,6,23
2 jun 2025,JM,Montrose Rd,18.012903,-76.77732,2 Jun 2025,2025-06-02,1748822400.0,0,Monday,6,23
2 jun 2025,JM,A2 - Luana to Tombstone Rd,18.089848,-77.849482,2 Jun 2025,2025-06-02,1748822400.0,0,Monday,6,23
2 jun 2025,JM,Featherbed Ln,17.994575,-76.991219,2 Jun 2025,2025-06-02,1748822400.0,0,Monday,6,23
2 jun 2025,JM,Fairfield Ave,18.454839,-77.914087,2 Jun 2025,2025-06-02,1748822400.0,0,Monday,6,23
2 jun 2025,JM,T3 - Edward Seaga Highway,18.138191,-77.040255,2 Jun 2025,2025-06-02,1748822400.0,0,Monday,6,23
2 jun 2025,JM,T3 - Edward Seaga Highway,18.342296,-77.146464,2 Jun 2025,2025-06-02,1748822400.0,0,Monday,6,23
2 jun 2025,JM,A2 (W) - Melrose Hill Byp,18.048927,-77.441194,2 Jun 2025,2025-06-02,1748822400.0,0,Monday,6,23
2 jun 2025,JM,Marcus Garvey Dr,17.985706,-76.825097,2 Jun 2025,2025-06-02,1748822400.0,0,Monday,6,23
2 jun 2025,JM,A2 - Old Harbour Rd,17.947834,-77.059402,2 Jun 2025,2025-06-02,1748822400.0,0,Monday,6,23
2 jun 2025,JM,A4 - Victoria Ave,17.970375,-76.780311,2 Jun 2025,2025-06-02,1748822400.0,0,Monday,6,23
2 jun 2025,JM,Queens Dr,18.490352,-77.921421,2 Jun 2025,2025-06-02,1748822400.0,0,Monday,6,23
2 jun 2025,JM,Salt Pond Rd,17.972401,-76.940957,2 Jun 2025,2025-06-02,1748822400.0,0,Monday,6,23
2 jun 2025,JM,T1 (W) - East West Hwy,17.992656,-77.394898,2 Jun 2025,2025-06-02,1748822400.0,0,Monday,6,23
2 jun 2025,JM,Cottage Rd,18.467045,-77.915484,2 Jun 2025,2025-06-02,1748822400.0,0,Monday,6,23
2 jun 2025,JM,T3 - Edward Seaga Highway,18.089029,-77.011557,2 Jun 2025,2025-06-02,1748822400.0,0,Monday,6,23
2 jun 2025,JM,Oakdene Ave,17.989757,-76.771903,2 Jun 2025,2025-06-02,1748822400.0,0,Monday,6,23
2 jun 2025,JM,A1 - North Coast Highway,18.459697,-77.402138,2 Jun 2025,2025-06-02,1748822400.0,0,Monday,6,23
2 jun 2025,JM,East Ave,17.978874,-76.816015,2 Jun 2025,2025-06-02,1748822400.0,0,Monday,6,23
2 jun 2025,JM,Old Hope Rd,18.019466,-76.764807,2 Jun 2025,2025-06-02,1748822400.0,0,Monday,6,23
2 jun 2025,JM,Langston Rd,17.981139,-76.765854,2 Jun 2025,2025-06-02,1748822400.0,0,Monday,6,23
2 jun 2025,JM,A2 - Tombstone to Gutters Rd,18.061317,-77.723591,2 Jun 2025,2025-06-02,1748822400.0,0,Monday,6,23
2 jun 2025,JM,A2 - Old Harbour Rd,17.988311,-76.986088,2 Jun 2025,2025-06-02,1748822400.0,0,Monday,6,23
2 jun 2025,JM,Marcus Garvey Dr,17.991708,-76.828948,2 Jun 2025,2025-06-02,1748822400.0,0,Monday,6,23
2 jun 2025,JM,Lady Musgrave Rd,18.00292,-76.780868,2 Jun 2025,2025-06-02,1748822400.0,0,Monday,6,23
2 jun 2025,JM,Ashenheim Rd,17.990853,-76.823676,2 Jun 2025,2025-06-02,1748822400.0,0,Monday,6,23
2 jun 2025,JM,Mercantile Ave,17.976359,-76.86733,2 Jun 2025,2025-06-02,1748822400.0,0,Monday,6,23
2 jun 2025,JM,A1 - North Coast Highway,18.473425,-77.544933,2 Jun 2025,2025-06-02,1748822400.0,0,Monday,6,23
2 jun 2025,JM,A1 (E) - Nelson Mandela Highway,18.017291,-76.886258,2 Jun 2025,2025-06-02,1748822400.0,0,Monday,6,23
2 jun 2025,JM,A4 - Yallahs to Pomfret Rd,17.871337,-76.538314,2 Jun 2025,2025-06-02,1748822400.0,0,Monday,6,23
2 jun 2025,JM,A2 - Smithfield Rd,18.224638,-78.122725,2 Jun 2025,2025-06-02,1748822400.0,0,Monday,6,23
2 jun 2025,JM,A2 - Spur Tree Rd,18.014124,-77.581178,2 Jun 2025,2025-06-02,1748822400.0,0,Monday,6,23
2 jun 2025,JM,T3 - Edward Seaga Highway,18.273113,-77.122047,2 Jun 2025,2025-06-02,1748822400.0,0,Monday,6,23
2 jun 2025,JM,Barnett St,18.461574,-77.914833,2 Jun 2025,2025-06-02,1748822400.0,0,Monday,6,23
2 jun 2025,JM,Antrim Ave,17.988456,-76.771708,2 Jun 2025,2025-06-02,1748822400.0,0,Monday,6,23
2 jun 2025,JM,Development Rd,17.991527,-76.822269,2 Jun 2025,2025-06-02,1748822400.0,0,Monday,6,23
2 jun 2025,JM,Musgrave Ave,18.010219,-76.78037,2 Jun 2025,2025-06-02,1748822400.0,0,Monday,6,23
2 jun 2025,JM,Waltham Park Rd,17.992528,-76.811554,2 Jun 2025,2025-06-02,1748822400.0,0,Monday,6,23
2 jun 2025,JM,A1 - Kew Bridge to Great River Rd,18.455624,-78.013759,2 Jun 2025,2025-06-02,1748822400.0,0,Monday,6,23
2 jun 2025,JM,Little Kew Rd,17.999426,-76.800919,2 Jun 2025,2025-06-02,1748822400.0,0,Monday,6,23
2 jun 2025,JM,A1 - Kew Bridge to Great River Rd,18.45397,-78.017382,2 Jun 2025,2025-06-02,1748822400.0,0,Monday,6,23
2 jun 2025,JM,A1 - Spanish Town Rd,17.98674,-76.812386,2 Jun 2025,2025-06-02,1748822400.0,0,Monday,6,23
2 jun 2025,JM,Trinity Cr,18.466561,-77.913614,2 Jun 2025,2025-06-02,1748822400.0,0,Monday,6,23
2 jun 2025,JM,SW 43rd Way,17.933888,-76.902787,2 Jun 2025,2025-06-02,1748822400.0,0,Monday,6,23
2 jun 2025,JM,A1 (E) - Nelson Mandela Highway,18.023553,-76.876467,2 Jun 2025,2025-06-02,1748822400.0,0,Monday,6,23
2 jun 2025,JM,Three Mile Overpass,17.994945,-76.827791,2 Jun 2025,2025-06-02,1748822400.0,0,Monday,6,23
2 jun 2025,JM,Queens Dr,18.483867,-77.927834,2 Jun 2025,2025-06-02,1748822400.0,0,Monday,6,23
2 jun 2025,JM,A4 - Southern Coastal Highway,17.935359,-76.654367,2 Jun 2025,2025-06-02,1748822400.0,0,Monday,6,23
2 jun 2025,JM,T1  (E W) Highway,18.015257,-76.889335,2 Jun 2025,2025-06-02,1748822400.0,0,Monday,6,23
2 jun 2025,JM,E Mid St,17.942455,-76.907973,2 Jun 2025,2025-06-02,1748822400.0,0,Monday,6,23
2 jun 2025,JM,A1 - North Coast Highway,18.513127,-77.886915,2 Jun 2025,2025-06-02,1748822400.0,0,Monday,6,23
2 jun 2025,JM,Harbour St,17.965593,-76.785994,2 Jun 2025,2025-06-02,1748822400.0,0,Monday,6,23
2 jun 2025,JM,A1 - North Coast Highway,18.439136,-77.204553,2 Jun 2025,2025-06-02,1748822400.0,0,Monday,6,23
2 jun 2025,JM,Bay Farm Rd,18.01708,-76.832656,2 Jun 2025,2025-06-02,1748822400.0,0,Monday,6,23
2 jun 2025,JM,Mountain View Ave,18.008545,-76.771326,2 Jun 2025,2025-06-02,1748822400.0,0,Monday,6,23
2 jun 2025,JM,A2 - Old Harbour Rd,17.988233,-76.98634,2 Jun 2025,2025-06-02,1748822400.0,0,Monday,6,23
2 jun 2025,JM,T1 (E) - East West Hwy,17.940135,-77.071748,2 Jun 2025,2025-06-02,1748822400.0,0,Monday,6,23
2 jun 2025,JM,North Ave,18.001905,-76.780084,2 Jun 2025,2025-06-02,1748822400.0,0,Monday,6,23
2 jun 2025,JM,B8 - Long Hill Rd,18.416672,-77.940128,2 Jun 2025,2025-06-02,1748822400.0,0,Monday,6,23
2 jun 2025,JM,Lyndhurst Rd,17.99754,-76.797981,2 Jun 2025,2025-06-02,1748822400.0,0,Monday,6,23
2 jun 2025,JM,Water Ln,17.966998,-76.799276,2 Jun 2025,2025-06-02,1748822400.0,0,Monday,6,23
2 jun 2025,JM,T1 (W) - East West Hwy,17.940123,-77.244675,2 Jun 2025,2025-06-02,1748822400.0,0,Monday,6,23
2 jun 2025,JM,Pandora Cr,18.015326,-76.822792,2 Jun 2025,2025-06-02,1748822400.0,0,Monday,6,23
2 jun 2025,JM,T1 (W) - East West Hwy,17.984522,-76.921051,2 Jun 2025,2025-06-02,1748822400.0,0,Monday,6,23
2 jun 2025,JM,Oakdene Ave,17.990707,-76.771459,2 Jun 2025,2025-06-02,1748822400.0,0,Monday,6,23
2 jun 2025,JM,Charlemont Dr,18.025267,-76.756373,2 Jun 2025,2025-06-02,1748822400.0,0,Monday,6,23
2 jun 2025,JM,T3 - Edward Seaga Highway,18.286241,-77.125152,2 Jun 2025,2025-06-02,1748822400.0,0,Monday,6,23
2 jun 2025,JM,A1 - Spanish Town Rd,18.007311,-76.835038,2 Jun 2025,2025-06-02,1748822400.0,0,Monday,6,23
2 jun 2025,JM,A1 - North Coast Hwy,18.462242,-77.385599,2 Jun 2025,2025-06-02,1748822400.0,0,Monday,6,23
2 jun 2025,JM,Old Hope Rd,18.001323,-76.782168,2 Jun 2025,2025-06-02,1748822400.0,0,Monday,6,23
2 jun 2025,JM,Federal Rd,17.989514,-76.977531,2 Jun 2025,2025-06-02,1748822400.0,0,Monday,6,23
2 jun 2025,JM,A1 - Kew Bridge to Lucea Rd,18.436923,-78.166663,2 Jun 2025,2025-06-02,1748822400.0,0,Monday,6,23
2 jun 2025,JM,T3 - Edward Seaga Highway,18.277183,-77.121501,2 Jun 2025,2025-06-02,1748822400.0,0,Monday,6,23
2 jun 2025,JM,Phoenix Ave,18.013746,-76.786741,2 Jun 2025,2025-06-02,1748822400.0,0,Monday,6,23
2 jun 2025,JM,A3 - Half Way Tree Rd,18.004452,-76.792839,2 Jun 2025,2025-06-02,1748822400.0,0,Monday,6,23
2 jun 2025,JM,A1 - Green Island to Negril Rd,18.389303,-78.282456,2 Jun 2025,2025-06-02,1748822400.0,0,Monday,6,23
2 jun 2025,JM,A1 - North Coast Highway,18.425463,-77.177623,2 Jun 2025,2025-06-02,1748822400.0,0,Monday,6,23
2 jun 2025,JM,T1 (W) - East West Hwy,17.942937,-77.063271,2 Jun 2025,2025-06-02,1748822400.0,0,Monday,6,23
2 jun 2025,JM,Perth Rd,18.036421,-77.510845,2 Jun 2025,2025-06-02,1748822400.0,0,Monday,6,23
2 jun 2025,JM,Kensington Cres,18.003419,-76.782165,2 Jun 2025,2025-06-02,1748822400.0,0,Monday,6,23
2 jun 2025,JM,> Downtown Kingston,17.992392,-76.829718,2 Jun 2025,2025-06-02,1748822400.0,0,Monday,6,23
2 jun 2025,JM,Hagley Park Rd,18.00941,-76.80244,2 Jun 2025,2025-06-02,1748822400.0,0,Monday,6,23
2 jun 2025,JM,A3 - Agualta to Broadgate Rd,18.234015,-76.812802,2 Jun 2025,2025-06-02,1748822400.0,0,Monday,6,23
2 jun 2025,JM,A2 (E) - Washington Blvd,18.026222,-76.839563,2 Jun 2025,2025-06-02,1748822400.0,0,Monday,6,23
2 jun 2025,JM,B8 - Anchovy to Shettlewood Rd,18.413793,-77.937136,2 Jun 2025,2025-06-02,1748822400.0,0,Monday,6,23
2 jun 2025,JM,Port Royal St,17.965917,-76.796497,2 Jun 2025,2025-06-02,1748822400.0,0,Monday,6,23
2 jun 2025,JM,T3 - Edward Seaga Highway,18.240822,-77.090583,2 Jun 2025,2025-06-02,1748822400.0,0,Monday,6,23
2 jun 2025,JM,7th St,17.984365,-76.802073,2 Jun 2025,2025-06-02,1748822400.0,0,Monday,6,23
2 jun 2025,JM,Bernard Lodge Main Rd,17.981059,-76.935333,2 Jun 2025,2025-06-02,1748822400.0,0,Monday,6,23
2 jun 2025,JM,A1 - Jimmy Cliff Blvd,18.478494,-77.926922,2 Jun 2025,2025-06-02,1748822400.0,0,Monday,6,23
2 jun 2025,JM,A1 (E) - Nelson Mandela Highway,18.022864,-76.877884,2 Jun 2025,2025-06-02,1748822400.0,0,Monday,6,23
2 jun 2025,JM,T3 - Edward Seaga Highway,18.332424,-77.14215,2 Jun 2025,2025-06-02,1748822400.0,0,Monday,6,23
2 jun 2025,JM,A3 - Constant Spring Rd,18.020227,-76.796388,2 Jun 2025,2025-06-02,1748822400.0,0,Monday,6,23
2 jun 2025,JM,A4 - Prospect to Port Morant Rd,17.87405,-76.341832,2 Jun 2025,2025-06-02,1748822400.0,0,Monday,6,23
2 jun 2025,JM,E Kings House Rd,18.03009,-76.77618,2 Jun 2025,2025-06-02,1748822400.0,0,Monday,6,23
2 jun 2025,JM,T3 - Edward Seaga Highway,18.017128,-76.913129,2 Jun 2025,2025-06-02,1748822400.0,0,Monday,6,23
2 jun 2025,JM,T3 - Edward Seaga Highway,18.391196,-77.16627,2 Jun 2025,2025-06-02,1748822400.0,0,Monday,6,23
2 jun 2025,JM,Main St,17.964181,-77.238494,2 Jun 2025,2025-06-02,1748822400.0,0,Monday,6,23
2 jun 2025,JM,Kingsland Main Rd,18.013097,-77.541366,2 Jun 2025,2025-06-02,1748822400.0,0,Monday,6,23
2 jun 2025,JM,A3 - Constant Spring Rd,18.020337,-76.796382,2 Jun 2025,2025-06-02,1748822400.0,0,Monday,6,23
2 jun 2025,JM,A2 - Winston Jones Highway,18.06549,-77.510444,2 Jun 2025,2025-06-02,1748822400.0,0,Monday,6,23
2 jun 2025,JM,Happy Grove Rd,18.045489,-76.852687,2 Jun 2025,2025-06-02,1748822400.0,0,Monday,6,23
2 jun 2025,JM,Old Hope Rd,18.005399,-76.776454,2 Jun 2025,2025-06-02,1748822400.0,0,Monday,6,23
2 jun 2025,JM,T3 - Edward Seaga Highway,18.154722,-77.03262,2 Jun 2025,2025-06-02,1748822400.0,0,Monday,6,23
2 jun 2025,JM,St. John's Rd,18.00242,-77.009332,2 Jun 2025,2025-06-02,1748822400.0,0,Monday,6,23
2 jun 2025,JM,B8 - Anchovy to Shettlewood Rd,18.353958,-77.939911,2 Jun 2025,2025-06-02,1748822400.0,0,Monday,6,23
2 jun 2025,JM,A1 (E) - Nelson Mandela Highway,18.009168,-76.898238,2 Jun 2025,2025-06-02,1748822400.0,0,Monday,6,23
2 jun 2025,JM,Shortwood Rd,18.031557,-76.794252,2 Jun 2025,2025-06-02,1748822400.0,0,Monday,6,23
2 jun 2025,JM,Waltham Main to Cedar Grove Rd,18.022551,-77.510062,2 Jun 2025,2025-06-02,1748822400.0,0,Monday,6,23
2 jun 2025,JM,Old Stony Hill Rd,18.07361,-76.799148,2 Jun 2025,2025-06-02,1748822400.0,0,Monday,6,23
2 jun 2025,JM,,18.410053,-77.088605,2 Jun 2025,2025-06-02,1748822400.0,0,Monday,6,23
2 jun 2025,JM,A1 - Kew Bridge to Great River Rd,18.452457,-78.061766,2 Jun 2025,2025-06-02,1748822400.0,0,Monday,6,23
2 jun 2025,JM,Wellington Dr,18.014731,-76.760815,2 Jun 2025,2025-06-02,1748822400.0,0,Monday,6,23
2 jun 2025,JM,T3 - Edward Seaga Highway,18.337046,-77.144842,2 Jun 2025,2025-06-02,1748822400.0,0,Monday,6,23
2 jun 2025,JM,T3 - Edward Seaga Highway,18.240732,-77.090469,2 Jun 2025,2025-06-02,1748822400.0,0,Monday,6,23
2 jun 2025,JM,Municipal Blvd,18.007196,-76.895136,2 Jun 2025,2025-06-02,1748822400.0,0,Monday,6,23
2 jun 2025,JM,Harbour St,17.965927,-76.790638,2 Jun 2025,2025-06-02,1748822400.0,0,Monday,6,23
2 jun 2025,JM,Maxfield Ave,18.000859,-76.803235,2 Jun 2025,2025-06-02,1748822400.0,0,Monday,6,23
2 jun 2025,JM,T1 (W) - East West Hwy,17.976261,-76.942548,2 Jun 2025,2025-06-02,1748822400.0,0,Monday,6,23
2 jun 2025,JM,Red Hills Rd,18.037024,-76.812245,2 Jun 2025,2025-06-02,1748822400.0,0,Monday,6,23
2 jun 2025,JM,A1 - Kew Bridge to Great River Rd,18.452798,-78.041092,2 Jun 2025,2025-06-02,1748822400.0,0,Monday,6,23
2 jun 2025,JM,A4 - Yallahs to Pomfret Rd,17.87366,-76.554639,2 Jun 2025,2025-06-02,1748822400.0,0,Monday,6,23
2 jun 2025,JM,A1 (W) - Nelson Mandela Highway,17.997063,-76.923515,2 Jun 2025,2025-06-02,1748822400.0,0,Monday,6,23
2 jun 2025,JM,,17.960004,-76.899917,2 Jun 2025,2025-06-02,1748822400.0,0,Monday,6,23
2 jun 2025,JM,A4 - Morant Bay to Lyssons Rd,17.881811,-76.401822,2 Jun 2025,2025-06-02,1748822400.0,0,Monday,6,23
2 jun 2025,JM,T1 (E) - East West Hwy,17.959497,-77.290192,2 Jun 2025,2025-06-02,1748822400.0,0,Monday,6,23
2 jun 2025,JM,Kingsway,18.019771,-76.789977,2 Jun 2025,2025-06-02,1748822400.0,0,Monday,6,23
2 jun 2025,JM,T1 - East West Hwy,17.939029,-77.07773,2 Jun 2025,2025-06-02,1748822400.0,0,Monday,6,23
2 jun 2025,JM,T1 (E) - East West Hwy,17.924765,-77.167808,2 Jun 2025,2025-06-02,1748822400.0,0,Monday,6,23
2 jun 2025,JM,T1 (W) - East West Hwy,17.920361,-77.143578,2 Jun 2025,2025-06-02,1748822400.0,0,Monday,6,23
2 jun 2025,JM,E Mid St,17.943505,-76.906449,2 Jun 2025,2025-06-02,1748822400.0,0,Monday,6,23
2 jun 2025,JM,T1 (E) - East West Hwy,17.983627,-76.923766,2 Jun 2025,2025-06-02,1748822400.0,0,Monday,6,23
2 jun 2025,JM,A1 - Spanish Town Rd,18.006489,-76.834146,2 Jun 2025,2025-06-02,1748822400.0,0,Monday,6,23
2 jun 2025,JM,A4 - Southern Coastal Highway,17.935714,-76.654798,2 Jun 2025,2025-06-02,1748822400.0,0,Monday,6,23
2 jun 2025,JM,A2 - Tombstone to Gutters Rd,18.067709,-77.732358,2 Jun 2025,2025-06-02,1748822400.0,0,Monday,6,23
2 jun 2025,JM,A2 E - Dunrobin Ave,18.025266,-76.799724,2 Jun 2025,2025-06-02,1748822400.0,0,Monday,6,23
2 jun 2025,JM,B8 - Anchovy to Shettlewood Rd,18.349746,-77.941144,2 Jun 2025,2025-06-02,1748822400.0,0,Monday,6,23
2 jun 2025,JM,A2 - Winston Jones Highway,18.065684,-77.510148,2 Jun 2025,2025-06-02,1748822400.0,0,Monday,6,23
2 jun 2025,JM,A4 - Port Morant to Stokes Hall Rd,17.888947,-76.325112,2 Jun 2025,2025-06-02,1748822400.0,0,Monday,6,23
2 jun 2025,JM,T3 - Edward Seaga Highway,18.215774,-77.0733,2 Jun 2025,2025-06-02,1748822400.0,0,Monday,6,23
2 jun 2025,JM,A1 (W) - Nelson Mandela Highway,18.023099,-76.877004,2 Jun 2025,2025-06-02,1748822400.0,0,Monday,6,23
2 jun 2025,JM,A2 - Old Harbour Rd,17.978354,-77.007597,2 Jun 2025,2025-06-02,1748822400.0,0,Monday,6,23
2 jun 2025,JM,T1 (E) - East West Hwy,17.957122,-77.313647,2 Jun 2025,2025-06-02,1748822400.0,0,Monday,6,23
2 jun 2025,JM,Exchange Rd,18.411629,-77.071879,2 Jun 2025,2025-06-02,1748822400.0,0,Monday,6,23
2 jun 2025,JM,A2 (W) - Washington Blvd,18.025391,-76.821349,2 Jun 2025,2025-06-02,1748822400.0,0,Monday,6,23
2 jun 2025,JM,A2 - East St,18.223224,-78.128905,2 Jun 2025,2025-06-02,1748822400.0,0,Monday,6,23
2 jun 2025,JM,Bernard Lodge Main Rd,17.979329,-76.933782,2 Jun 2025,2025-06-02,1748822400.0,0,Monday,6,23
2 jun 2025,JM,T1 (E) - East West Hwy,17.956715,-77.316101,2 Jun 2025,2025-06-02,1748822400.0,0,Monday,6,23
2 jun 2025,JM,Fairfield Ave,18.453396,-77.912469,2 Jun 2025,2025-06-02,1748822400.0,0,Monday,6,23
2 jun 2025,JM,,17.997498,-76.929909,2 Jun 2025,2025-06-02,1748822400.0,0,Monday,6,23
2 jun 2025,JM,E Kings House Rd,18.023943,-76.779788,2 Jun 2025,2025-06-02,1748822400.0,0,Monday,6,23
2 jun 2025,JM,Pandora Cr,18.016198,-76.822643,2 Jun 2025,2025-06-02,1748822400.0,0,Monday,6,23
2 jun 2025,JM,Kingsway,18.020258,-76.789964,2 Jun 2025,2025-06-02,1748822400.0,0,Monday,6,23
2 jun 2025,JM,Oakdene Ave,17.989883,-76.771895,2 Jun 2025,2025-06-02,1748822400.0,0,Monday,6,23
2 jun 2025,JM,Ward Ave,18.039319,-77.515353,2 Jun 2025,2025-06-02,1748822400.0,0,Monday,6,23
2 jun 2025,JM,Seymour Ave,18.008994,-76.774941,2 Jun 2025,2025-06-02,1748822400.0,0,Monday,6,23
2 jun 2025,JM,A3 - Ocho Rios Byp,18.408458,-77.098304,2 Jun 2025,2025-06-02,1748822400.0,0,Monday,6,23
2 jun 2025,JM,T2 Kingston - Portmore Toll Rd,17.993711,-76.836588,2 Jun 2025,2025-06-02,1748822400.0,0,Monday,6,23
2 jun 2025,JM,Dome St,18.473092,-77.918079,2 Jun 2025,2025-06-02,1748822400.0,0,Monday,6,23
2 jun 2025,JM,B8 - Anchovy to Shettlewood Rd,18.404888,-77.937424,2 Jun 2025,2025-06-02,1748822400.0,0,Monday,6,23
2 jun 2025,JM,Waterloo Rd,18.018758,-76.79186,2 Jun 2025,2025-06-02,1748822400.0,0,Monday,6,23
2 jun 2025,JM,Three Mile Overpass,17.995496,-76.827327,2 Jun 2025,2025-06-02,1748822400.0,0,Monday,6,23
2 jun 2025,JM,A1 - Moneague to Mount Diablo Rd,18.240704,-77.097475,2 Jun 2025,2025-06-02,1748822400.0,0,Monday,6,23
2 jun 2025,JM,Alpart Road,17.986038,-77.591635,2 Jun 2025,2025-06-02,1748822400.0,0,Monday,6,23
2 jun 2025,JM,Spanish Town Link Rd,17.991412,-76.966792,2 Jun 2025,2025-06-02,1748822400.0,0,Monday,6,23
2 jun 2025,JM,Three Mile Overpass,17.995809,-76.827198,2 Jun 2025,2025-06-02,1748822400.0,0,Monday,6,23
2 jun 2025,JM,A4 - Prospect to Port Morant Rd,17.870341,-76.343185,2 Jun 2025,2025-06-02,1748822400.0,0,Monday,6,23
2 jun 2025,JM,> Spanish Town,17.973299,-76.96032,2 Jun 2025,2025-06-02,1748822400.0,0,Monday,6,23
2 jun 2025,JM,1st St,17.987195,-76.828245,2 Jun 2025,2025-06-02,1748822400.0,0,Monday,6,23
2 jun 2025,JM,A1 - North Coast Highway,18.464413,-77.505199,2 Jun 2025,2025-06-02,1748822400.0,0,Monday,6,23
2 jun 2025,JM,A4 - Grants Pen to Yallahs Rd,17.87455,-76.565424,2 Jun 2025,2025-06-02,1748822400.0,0,Monday,6,23
2 jun 2025,JM,T1 (W) - East West Hwy,18.029769,-77.426493,2 Jun 2025,2025-06-02,1748822400.0,0,Monday,6,23
2 jun 2025,JM,A1 - North Coast Highway,18.521443,-77.842811,2 Jun 2025,2025-06-02,1748822400.0,0,Monday,6,23
2 jun 2025,JM,A2 (W) - Melrose Hill Byp,18.056314,-77.445827,2 Jun 2025,2025-06-02,1748822400.0,0,Monday,6,23
2 jun 2025,JM,Hagley Park Rd,18.008322,-76.810173,2 Jun 2025,2025-06-02,1748822400.0,0,Monday,6,23
2 jun 2025,JM,B8 - Anchovy to Shettlewood Rd,18.375029,-77.933094,2 Jun 2025,2025-06-02,1748822400.0,0,Monday,6,23
2 jun 2025,JM,A1 - North Coast Highway,18.518501,-77.801478,2 Jun 2025,2025-06-02,1748822400.0,0,Monday,6,23
2 jun 2025,JM,A1 - Kew Bridge to Great River Rd,18.45446,-78.018891,2 Jun 2025,2025-06-02,1748822400.0,0,Monday,6,23
2 jun 2025,JM,Federal Rd,17.989464,-76.977739,2 Jun 2025,2025-06-02,1748822400.0,0,Monday,6,23
2 jun 2025,JM,James Hill to Mason River Rd,18.179447,-77.273011,2 Jun 2025,2025-06-02,1748822400.0,0,Monday,6,23
2 jun 2025,JM,T1 (W) - East West Hwy,17.962511,-77.278419,2 Jun 2025,2025-06-02,1748822400.0,0,Monday,6,23
2 jun 2025,JM,A2 - Luana to Tombstone Rd,18.098278,-77.836778,2 Jun 2025,2025-06-02,1748822400.0,0,Monday,6,23
2 jun 2025,JM,T3 - Edward Seaga Highway,18.145062,-77.03485,2 Jun 2025,2025-06-02,1748822400.0,0,Monday,6,23
2 jun 2025,JM,Passage Fort Dr,17.983768,-76.883075,2 Jun 2025,2025-06-02,1748822400.0,0,Monday,6,23
2 jun 2025,JM,A4 - Southern Coastal Highway,17.938746,-76.65766,2 Jun 2025,2025-06-02,1748822400.0,0,Monday,6,23
2 jun 2025,JM,T1 (E) - East West Hwy,17.984851,-76.9169,2 Jun 2025,2025-06-02,1748822400.0,0,Monday,6,23
2 jun 2025,JM,T1 (W) - East West Hwy,17.962113,-77.354018,2 Jun 2025,2025-06-02,1748822400.0,0,Monday,6,23
2 jun 2025,JM,B5 - Albert Town to Stettin Rd,18.276623,-77.535766,2 Jun 2025,2025-06-02,1748822400.0,0,Monday,6,23
2 jun 2025,JM,Bernard Lodge Main Rd,17.977867,-76.931298,2 Jun 2025,2025-06-02,1748822400.0,0,Monday,6,23
2 jun 2025,JM,T1 (E) - East West Hwy,17.978319,-76.930785,2 Jun 2025,2025-06-02,1748822400.0,0,Monday,6,23
2 jun 2025,JM,Fairfax Dr,18.050529,-76.810442,2 Jun 2025,2025-06-02,1748822400.0,0,Monday,6,23
2 jun 2025,JM,A1 (W) - Nelson Mandela Highway,17.996931,-76.92137,2 Jun 2025,2025-06-02,1748822400.0,0,Monday,6,23
2 jun 2025,JM,E Kings House Rd,18.025707,-76.779271,2 Jun 2025,2025-06-02,1748822400.0,0,Monday,6,23
2 jun 2025,JM,T3 - Edward Seaga Highway,18.059651,-76.988093,2 Jun 2025,2025-06-02,1748822400.0,0,Monday,6,23
2 jun 2025,JM,Molynes Rd,18.038136,-76.82353,2 Jun 2025,2025-06-02,1748822400.0,0,Monday,6,23
2 jun 2025,JM,Lady Musgrave Rd,18.006951,-76.779051,2 Jun 2025,2025-06-02,1748822400.0,0,Monday,6,23
2 jun 2025,JM,A1 - Green Island to Negril Rd,18.391779,-78.285602,2 Jun 2025,2025-06-02,1748822400.0,0,Monday,6,23
2 jun 2025,JM,Marcus Garvey Dr,17.969102,-76.805447,2 Jun 2025,2025-06-02,1748822400.0,0,Monday,6,23
2 jun 2025,JM,Salt Pond Rd,17.974176,-76.941965,2 Jun 2025,2025-06-02,1748822400.0,0,Monday,6,23
2 jun 2025,JM,T1 (W) - East West Hwy,17.973369,-76.956978,2 Jun 2025,2025-06-02,1748822400.0,0,Monday,6,23
2 jun 2025,JM,A1 - North Coast Hwy,18.461339,-77.369332,2 Jun 2025,2025-06-02,1748822400.0,0,Monday,6,23
2 jun 2025,JM,A2 - Melrose Hill Byp,18.067009,-77.462999,2 Jun 2025,2025-06-02,1748822400.0,0,Monday,6,23
2 jun 2025,JM,A1 (E) - Nelson Mandela Highway,18.015312,-76.889116,2 Jun 2025,2025-06-02,1748822400.0,0,Monday,6,23
2 jun 2025,JM,A1 - North Coast Highway,18.476586,-77.471556,2 Jun 2025,2025-06-02,1748822400.0,0,Monday,6,23
2 jun 2025,JM,Languard Ave,17.997959,-76.810014,2 Jun 2025,2025-06-02,1748822400.0,0,Monday,6,23
2 jun 2025,JM,T1 (E) - East West Hwy,17.936998,-77.231,2 Jun 2025,2025-06-02,1748822400.0,0,Monday,6,23
2 jun 2025,JM,East Ave,17.980264,-76.815003,2 Jun 2025,2025-06-02,1748822400.0,0,Monday,6,23
2 jun 2025,JM,T1 (W) - East West Hwy,18.006409,-76.894493,2 Jun 2025,2025-06-02,1748822400.0,0,Monday,6,23
2 jun 2025,JM,Queens Dr,18.479464,-77.926503,2 Jun 2025,2025-06-02,1748822400.0,0,Monday,6,23
2 jun 2025,JM,B7 - Newmarket to New Savannah By-Pass Rd,18.162034,-77.915583,2 Jun 2025,2025-06-02,1748822400.0,0,Monday,6,23
2 jun 2025,JM,B8 - Anchovy to Shettlewood Rd,18.354175,-77.939765,2 Jun 2025,2025-06-02,1748822400.0,0,Monday,6,23
2 jun 2025,JM,A4 - Grants Pen to Yallahs Rd,17.882502,-76.591236,2 Jun 2025,2025-06-02,1748822400.0,0,Monday,6,23
2 jun 2025,JM,Ardenne Rd,18.015451,-76.784346,2 Jun 2025,2025-06-02,1748822400.0,0,Monday,6,23
2 jun 2025,JM,St. John's Rd,18.005525,-77.000379,2 Jun 2025,2025-06-02,1748822400.0,0,Monday,6,23
2 jun 2025,JM,Old Hope Rd,18.017889,-76.770604,2 Jun 2025,2025-06-02,1748822400.0,0,Monday,6,23
2 jun 2025,JM,T3 - Edward Seaga Highway,18.096025,-77.010116,2 Jun 2025,2025-06-02,1748822400.0,0,Monday,6,23
2 jun 2025,JM,T1 (E) - East West Hwy,17.97376,-76.951316,2 Jun 2025,2025-06-02,1748822400.0,0,Monday,6,23
2 jun 2025,JM,T1 (W) - East West Hwy,17.9962,-77.397372,2 Jun 2025,2025-06-02,1748822400.0,0,Monday,6,23
2 jun 2025,JM,A3 - Ocho Rios Byp,18.409707,-77.087645,2 Jun 2025,2025-06-02,1748822400.0,0,Monday,6,23
2 jun 2025,JM,T1 (E) - East West Hwy,17.977563,-76.933126,2 Jun 2025,2025-06-02,1748822400.0,0,Monday,6,23
2 jun 2025,JM,Oakland Rd,17.997422,-76.815484,2 Jun 2025,2025-06-02,1748822400.0,0,Monday,6,23
2 jun 2025,JM,A1 - Lucea to Green Island Rd,18.408777,-78.259325,2 Jun 2025,2025-06-02,1748822400.0,0,Monday,6,23
2 jun 2025,JM,A1 - Spanish Town By-pass Rd,17.994496,-76.934169,2 Jun 2025,2025-06-02,1748822400.0,0,Monday,6,23
2 jun 2025,JM,A1 - Spanish Town Rd,18.002275,-76.829545,2 Jun 2025,2025-06-02,1748822400.0,0,Monday,6,23
2 jun 2025,JM,B8 - Long Hill Rd,18.436524,-77.947426,2 Jun 2025,2025-06-02,1748822400.0,0,Monday,6,23
2 jun 2025,JM,T1 (W) - East West Hwy,17.962619,-77.276804,2 Jun 2025,2025-06-02,1748822400.0,0,Monday,6,23
2 jun 2025,JM,A1 - Lucea to Green Island Rd,18.389041,-78.270501,2 Jun 2025,2025-06-02,1748822400.0,0,Monday,6,23
2 jun 2025,JM,Dukharan Ave,18.029573,-76.801214,2 Jun 2025,2025-06-02,1748822400.0,0,Monday,6,23
2 jun 2025,JM,Hatfield Main Rd,18.030606,-77.536265,2 Jun 2025,2025-06-02,1748822400.0,0,Monday,6,23
2 jun 2025,JM,T1 (W) - East West Hwy,17.951842,-77.049439,2 Jun 2025,2025-06-02,1748822400.0,0,Monday,6,23
2 jun 2025,JM,A1 - Kew Bridge to Great River Rd,18.449145,-78.083296,2 Jun 2025,2025-06-02,1748822400.0,0,Monday,6,23
2 jun 2025,JM,Exchange Rd,18.406549,-77.070323,2 Jun 2025,2025-06-02,1748822400.0,0,Monday,6,23
2 jun 2025,JM,A1 - Spanish Town By-pass Rd,17.98618,-76.948431,2 Jun 2025,2025-06-02,1748822400.0,0,Monday,6,23
2 jun 2025,JM,T1 (E) - East West Hwy,17.929276,-77.175019,2 Jun 2025,2025-06-02,1748822400.0,0,Monday,6,23
2 jun 2025,JM,T3 - Edward Seaga Highway,18.213685,-77.070599,2 Jun 2025,2025-06-02,1748822400.0,0,Monday,6,23
2 jun 2025,JM,Studley Park Rd,17.981298,-76.794162,2 Jun 2025,2025-06-02,1748822400.0,0,Monday,6,23
2 jun 2025,JM,Port Royal St,17.96562,-76.792477,2 Jun 2025,2025-06-02,1748822400.0,0,Monday,6,23
2 jun 2025,JM,West Green Ave,18.461038,-77.925644,2 Jun 2025,2025-06-02,1748822400.0,0,Monday,6,23
2 jun 2025,JM,Hagley Park Rd,17.998473,-76.824335,2 Jun 2025,2025-06-02,1748822400.0,0,Monday,6,23
2 jun 2025,JM,Barbican Rd,18.031682,-76.783164,2 Jun 2025,2025-06-02,1748822400.0,0,Monday,6,23
2 jun 2025,JM,A1 - Spanish Town Rd > Three Miles,18.019626,-76.848596,2 Jun 2025,2025-06-02,1748822400.0,0,Monday,6,23
2 jun 2025,JM,A2 - Tombstone to Gutters Rd,18.075516,-77.737315,2 Jun 2025,2025-06-02,1748822400.0,0,Monday,6,23
2 jun 2025,JM,Old Hope Rd,18.016147,-76.746966,2 Jun 2025,2025-06-02,1748822400.0,0,Monday,6,23
2 jun 2025,JM,St. John's Rd,18.006408,-77.02106,2 Jun 2025,2025-06-02,1748822400.0,0,Monday,6,23
2 jun 2025,JM,B6,18.089005,-77.481445,2 Jun 2025,2025-06-02,1748822400.0,0,Monday,6,23
2 jun 2025,JM,A4 - Grants Pen to Yallahs Rd,17.885054,-76.598381,2 Jun 2025,2025-06-02,1748822400.0,0,Monday,6,23
2 jun 2025,JM,Queens Dr,18.480236,-77.927013,2 Jun 2025,2025-06-02,1748822400.0,0,Monday,6,23
2 jun 2025,JM,A1 - Kew Bridge to Great River Rd,18.450813,-78.076244,2 Jun 2025,2025-06-02,1748822400.0,0,Monday,6,23
2 jun 2025,JM,T1 (W) - East West Hwy,17.96229,-77.279711,2 Jun 2025,2025-06-02,1748822400.0,0,Monday,6,23
2 jun 2025,JM,Mountain View Ave,18.004271,-76.770524,2 Jun 2025,2025-06-02,1748822400.0,0,Monday,6,23
2 jun 2025,JM,Mountain View Ave,18.007419,-76.771242,2 Jun 2025,2025-06-02,1748822400.0,0,Monday,6,23
2 jun 2025,JM,Paradise St,17.970043,-76.775871,2 Jun 2025,2025-06-02,1748822400.0,0,Monday,6,23
2 jun 2025,JM,Glenmuir Rd,17.960403,-77.256736,2 Jun 2025,2025-06-02,1748822400.0,0,Monday,6,23
2 jun 2025,JM,,18.102297,-77.005594,2 Jun 2025,2025-06-02,1748822400.0,0,Monday,6,23
2 jun 2025,JM,,18.017026,-77.511185,2 Jun 2025,2025-06-02,1748822400.0,0,Monday,6,23
2 jun 2025,JM,Ardenne Rd,18.015676,-76.784456,2 Jun 2025,2025-06-02,1748822400.0,0,Monday,6,23
2 jun 2025,JM,Gordon Blvd,17.999833,-76.957142,2 Jun 2025,2025-06-02,1748822400.0,0,Monday,6,23
2 jun 2025,JM,T1 (E) - East West Hwy,17.966544,-77.36441,2 Jun 2025,2025-06-02,1748822400.0,0,Monday,6,23
2 jun 2025,JM,West St,17.965974,-76.796373,2 Jun 2025,2025-06-02,1748822400.0,0,Monday,6,23
2 jun 2025,JM,New Green Rd,18.057993,-77.510283,2 Jun 2025,2025-06-02,1748822400.0,0,Monday,6,23
2 jun 2025,JM,A4 - Pomphret to White Horses Rd,17.873742,-76.469616,2 Jun 2025,2025-06-02,1748822400.0,0,Monday,6,23
2 jun 2025,JM,A1 (W) - Nelson Mandela Highway,18.008241,-76.899365,2 Jun 2025,2025-06-02,1748822400.0,0,Monday,6,23
2 jun 2025,JM,Wint Rd,18.039432,-77.515555,2 Jun 2025,2025-06-02,1748822400.0,0,Monday,6,23
2 jun 2025,JM,A1 (E) - Nelson Mandela Highway,18.016933,-76.886784,2 Jun 2025,2025-06-02,1748822400.0,0,Monday,6,23
2 jun 2025,JM,Municipal Blvd,18.010325,-76.895536,2 Jun 2025,2025-06-02,1748822400.0,0,Monday,6,23
2 jun 2025,JM,Retreat Ave,18.012441,-76.771062,2 Jun 2025,2025-06-02,1748822400.0,0,Monday,6,23
2 jun 2025,JM,A2 (E) - Washington Blvd,18.026078,-76.846639,2 Jun 2025,2025-06-02,1748822400.0,0,Monday,6,23
2 jun 2025,JM,Ripon Rd,17.997428,-76.787237,2 Jun 2025,2025-06-02,1748822400.0,0,Monday,6,23
2 jun 2025,JM,Barrett St,17.992814,-76.94849,2 Jun 2025,2025-06-02,1748822400.0,0,Monday,6,23
2 jun 2025,JM,Bernard Lodge Main Rd,17.974905,-76.927581,2 Jun 2025,2025-06-02,1748822400.0,0,Monday,6,23
2 jun 2025,JM,T1 (W) - East West Hwy,17.939879,-77.241834,2 Jun 2025,2025-06-02,1748822400.0,0,Monday,6,23
2 jun 2025,JM,A2 - Old Harbour Rd,17.946285,-77.061497,2 Jun 2025,2025-06-02,1748822400.0,0,Monday,6,23
2 jun 2025,JM,A1 - Walks Rd,18.029801,-76.978254,2 Jun 2025,2025-06-02,1748822400.0,0,Monday,6,23
2 jun 2025,JM,A1 - Dr. Aston King Highway,18.451568,-77.979832,2 Jun 2025,2025-06-02,1748822400.0,0,Monday,6,23
2 jun 2025,JM,A1 - Jimmy Cliff Blvd,18.488126,-77.927503,2 Jun 2025,2025-06-02,1748822400.0,0,Monday,6,23
2 jun 2025,JM,A3 - Eastwood Park Rd,18.018856,-76.797181,2 Jun 2025,2025-06-02,1748822400.0,0,Monday,6,23
2 jun 2025,JM,A1 - Spanish Town Rd,18.026244,-76.856157,2 Jun 2025,2025-06-02,1748822400.0,0,Monday,6,23
2 jun 2025,JM,T3 - Edward Seaga Highway,18.206584,-77.045937,2 Jun 2025,2025-06-02,1748822400.0,0,Monday,6,23
2 jun 2025,JM,T1 (W) - East West Hwy,17.959444,-77.289341,2 Jun 2025,2025-06-02,1748822400.0,0,Monday,6,23
2 jun 2025,JM,Old Hope Rd,18.008202,-76.772836,2 Jun 2025,2025-06-02,1748822400.0,0,Monday,6,23
2 jun 2025,JM,Studley Park Rd,17.981374,-76.7944,2 Jun 2025,2025-06-02,1748822400.0,0,Monday,6,23
2 jun 2025,JM,A3 - Orange St,17.981837,-76.792331,2 Jun 2025,2025-06-02,1748822400.0,0,Monday,6,23
2 jun 2025,JM,Park Blvd,18.003568,-76.789959,2 Jun 2025,2025-06-02,1748822400.0,0,Monday,6,23
2 jun 2025,JM,Lakes Pen Rd,18.004473,-76.89569,2 Jun 2025,2025-06-02,1748822400.0,0,Monday,6,23
2 jun 2025,JM,B8 - Anchovy to Shettlewood Rd,18.376485,-77.933224,2 Jun 2025,2025-06-02,1748822400.0,0,Monday,6,23
2 jun 2025,JM,Hatfield Main Rd,18.031489,-77.534092,2 Jun 2025,2025-06-02,1748822400.0,0,Monday,6,23
2 jun 2025,JM,A2 (E) - Washington Blvd,18.026219,-76.839794,2 Jun 2025,2025-06-02,1748822400.0,0,Monday,6,23
2 jun 2025,JM,A1 (W) - Nelson Mandela Highway,18.02586,-76.85749,2 Jun 2025,2025-06-02,1748822400.0,0,Monday,6,23
2 jun 2025,JM,> Downtown Kingston,17.992464,-76.828876,2 Jun 2025,2025-06-02,1748822400.0,0,Monday,6,23
2 jun 2025,JM,T3 - Edward Seaga Highway,18.255015,-77.114224,2 Jun 2025,2025-06-02,1748822400.0,0,Monday,6,23
2 jun 2025,JM,T1 (E) - East West Hwy,17.978649,-76.929986,2 Jun 2025,2025-06-02,1748822400.0,0,Monday,6,23
2 jun 2025,JM,Gutters to Downs Rd,17.994273,-77.589128,2 Jun 2025,2025-06-02,1748822400.0,0,Monday,6,23
2 jun 2025,JM,Kingsway,18.021282,-76.789943,2 Jun 2025,2025-06-02,1748822400.0,0,Monday,6,23
2 jun 2025,JM,A2 - Greenvale Rd,18.021865,-77.5376,2 Jun 2025,2025-06-02,1748822400.0,0,Monday,6,23
2 jun 2025,JM,T1 (E) - East West Hwy,17.978328,-76.930763,2 Jun 2025,2025-06-02,1748822400.0,0,Monday,6,23
2 jun 2025,JM,T1 (W) - East West Hwy,18.015485,-77.413679,2 Jun 2025,2025-06-02,1748822400.0,0,Monday,6,23
2 jun 2025,JM,Queens Dr,18.479034,-77.925838,2 Jun 2025,2025-06-02,1748822400.0,0,Monday,6,23
2 jun 2025,JM,Ward Ave,18.040056,-77.52174,2 Jun 2025,2025-06-02,1748822400.0,0,Monday,6,23
2 jun 2025,JM,T1 (W) - East West Hwy,17.974102,-76.949461,2 Jun 2025,2025-06-02,1748822400.0,0,Monday,6,23
2 jun 2025,JM,Queens Dr,18.48114,-77.927393,2 Jun 2025,2025-06-02,1748822400.0,0,Monday,6,23
2 jun 2025,JM,A1 (E) - Nelson Mandela Highway,18.00972,-76.897395,2 Jun 2025,2025-06-02,1748822400.0,0,Monday,6,23
2 jun 2025,JM,Asquith St,17.983453,-76.800131,2 Jun 2025,2025-06-02,1748822400.0,0,Monday,6,23
2 jun 2025,JM,Gazeland to Nain Road,17.948316,-77.604059,2 Jun 2025,2025-06-02,1748822400.0,0,Monday,6,23
2 jun 2025,JM,T3 - Edward Seaga Highway,18.153383,-77.032324,2 Jun 2025,2025-06-02,1748822400.0,0,Monday,6,23
2 jun 2025,JM,A1 - Spanish Town Rd,17.996315,-76.823412,2 Jun 2025,2025-06-02,1748822400.0,0,Monday,6,23
2 jun 2025,JM,Entry to A2 - Dunrobin Ave,18.027004,-76.80538,2 Jun 2025,2025-06-02,1748822400.0,0,Monday,6,23
2 jun 2025,JM,A1 (W) - Nelson Mandela Highway,18.025847,-76.858857,2 Jun 2025,2025-06-02,1748822400.0,0,Monday,6,23
2 jun 2025,JM,Molynes Rd,18.02094,-76.816788,2 Jun 2025,2025-06-02,1748822400.0,0,Monday,6,23
2 jun 2025,JM,Barnett St,18.463886,-77.914868,2 Jun 2025,2025-06-02,1748822400.0,0,Monday,6,23
2 jun 2025,JM,T1 (W) - East West Hwy,17.931846,-77.190736,2 Jun 2025,2025-06-02,1748822400.0,0,Monday,6,23
2 jun 2025,JM,Hatfield Main Rd,18.031268,-77.534451,2 Jun 2025,2025-06-02,1748822400.0,0,Monday,6,23
2 jun 2025,JM,T1 (W) - East West Hwy,17.971109,-76.997739,2 Jun 2025,2025-06-02,1748822400.0,0,Monday,6,23
2 jun 2025,JM,West Trade Way,17.973652,-76.86591,2 Jun 2025,2025-06-02,1748822400.0,0,Monday,6,23
2 jun 2025,JM,T3 - Edward Seaga Highway,18.333895,-77.143214,2 Jun 2025,2025-06-02,1748822400.0,0,Monday,6,23
2 jun 2025,JM,A2 - Spur Tree Rd,18.011115,-77.583255,2 Jun 2025,2025-06-02,1748822400.0,0,Monday,6,23
2 jun 2025,JM,T1 (W) - East West Hwy,18.013602,-76.891051,2 Jun 2025,2025-06-02,1748822400.0,0,Monday,6,23
2 jun 2025,JM,A4 - Church St,17.880744,-76.407277,2 Jun 2025,2025-06-02,1748822400.0,0,Monday,6,23
2 jun 2025,JM,A1 - River Rd,18.068535,-76.984569,2 Jun 2025,2025-06-02,1748822400.0,0,Monday,6,23
1 jun 2025,JM,A1 - North Coast Hwy,18.46481,-77.320428,1 Jun 2025,2025-06-01,1748736000.0,6,Sunday,6,22
1 jun 2025,JM,B5 - Main Rd,18.200011,-77.501927,1 Jun 2025,2025-06-01,1748736000.0,6,Sunday,6,22
1 jun 2025,JM,A1 - Kew Bridge to Great River Rd,18.45174,-78.0585,1 Jun 2025,2025-06-01,1748736000.0,6,Sunday,6,22
1 jun 2025,JM,A4 - Southern Coastal Highway,17.934963,-76.653722,1 Jun 2025,2025-06-01,1748736000.0,6,Sunday,6,22
1 jun 2025,JM,Main St,18.411007,-77.082051,1 Jun 2025,2025-06-01,1748736000.0,6,Sunday,6,22
1 jun 2025,JM,,17.982752,-77.513573,1 Jun 2025,2025-06-01,1748736000.0,6,Sunday,6,22
1 jun 2025,JM,B6,18.307531,-77.900385,1 Jun 2025,2025-06-01,1748736000.0,6,Sunday,6,22
1 jun 2025,JM,,18.457059,-77.871392,1 Jun 2025,2025-06-01,1748736000.0,6,Sunday,6,22
1 jun 2025,JM,Hills View Ter,18.038392,-76.818486,1 Jun 2025,2025-06-01,1748736000.0,6,Sunday,6,22
1 jun 2025,JM,A1 - North Coast Highway,18.521633,-77.862884,1 Jun 2025,2025-06-01,1748736000.0,6,Sunday,6,22
1 jun 2025,JM,A1 - Spanish Town By-pass Rd,18.015126,-76.976795,1 Jun 2025,2025-06-01,1748736000.0,6,Sunday,6,22
1 jun 2025,JM,Calgary Cr,18.024689,-76.816023,1 Jun 2025,2025-06-01,1748736000.0,6,Sunday,6,22
1 jun 2025,JM,A3 - Broadgate to Toms River Rd,18.191982,-76.823802,1 Jun 2025,2025-06-01,1748736000.0,6,Sunday,6,22
1 jun 2025,JM,E Mid St,17.942562,-76.907816,1 Jun 2025,2025-06-01,1748736000.0,6,Sunday,6,22
1 jun 2025,JM,South Camp Rd,17.967261,-76.783709,1 Jun 2025,2025-06-01,1748736000.0,6,Sunday,6,22
1 jun 2025,JM,B3 - Main St,18.392738,-77.366034,1 Jun 2025,2025-06-01,1748736000.0,6,Sunday,6,22
1 jun 2025,JM,A1 - Bog Walk Gorge,18.045906,-76.981357,1 Jun 2025,2025-06-01,1748736000.0,6,Sunday,6,22
1 jun 2025,JM,A2 (E) - Melrose Hill By,18.044924,-77.437235,1 Jun 2025,2025-06-01,1748736000.0,6,Sunday,6,22
1 jun 2025,JM,T1 (W) - East West Hwy,17.956581,-77.026246,1 Jun 2025,2025-06-01,1748736000.0,6,Sunday,6,22
1 jun 2025,JM,Camp Rd,17.986863,-76.779362,1 Jun 2025,2025-06-01,1748736000.0,6,Sunday,6,22
1 jun 2025,JM,T1 (W) - East West Hwy,17.928018,-77.129399,1 Jun 2025,2025-06-01,1748736000.0,6,Sunday,6,22
1 jun 2025,JM,Marlboro Dr,18.031127,-76.855379,1 Jun 2025,2025-06-01,1748736000.0,6,Sunday,6,22
1 jun 2025,JM,A2 - Spur Tree Rd,17.994625,-77.560787,1 Jun 2025,2025-06-01,1748736000.0,6,Sunday,6,22
1 jun 2025,JM,Salt Pond Rd,17.973956,-76.941834,1 Jun 2025,2025-06-01,1748736000.0,6,Sunday,6,22
1 jun 2025,JM,T3 - Edward Seaga Highway,18.088793,-77.011668,1 Jun 2025,2025-06-01,1748736000.0,6,Sunday,6,22
1 jun 2025,JM,A1 - North Coast Highway,18.445647,-77.222893,1 Jun 2025,2025-06-01,1748736000.0,6,Sunday,6,22
1 jun 2025,JM,T1 (W) - East West Hwy,17.97332,-76.989013,1 Jun 2025,2025-06-01,1748736000.0,6,Sunday,6,22
1 jun 2025,JM,B7,18.226381,-77.944814,1 Jun 2025,2025-06-01,1748736000.0,6,Sunday,6,22
1 jun 2025,JM,Hope Rd,18.016831,-76.785249,1 Jun 2025,2025-06-01,1748736000.0,6,Sunday,6,22
1 jun 2025,JM,T1 (W) - East West Hwy,17.986081,-77.389533,1 Jun 2025,2025-06-01,1748736000.0,6,Sunday,6,22
1 jun 2025,JM,T3 - Edward Seaga Highway,18.167061,-77.037599,1 Jun 2025,2025-06-01,1748736000.0,6,Sunday,6,22
1 jun 2025,JM,Michael Manley Blvd,17.968992,-76.755593,1 Jun 2025,2025-06-01,1748736000.0,6,Sunday,6,22
1 jun 2025,JM,A2 - East St,17.938697,-77.108764,1 Jun 2025,2025-06-01,1748736000.0,6,Sunday,6,22
1 jun 2025,JM,B8 - Shettlewood to Mackfield Rd,18.348429,-77.979833,1 Jun 2025,2025-06-01,1748736000.0,6,Sunday,6,22
1 jun 2025,JM,A2 - Tombstone to Gutters Rd,18.068042,-77.732701,1 Jun 2025,2025-06-01,1748736000.0,6,Sunday,6,22
1 jun 2025,JM,B8 - Anchovy to Shettlewood Rd,18.359202,-77.936372,1 Jun 2025,2025-06-01,1748736000.0,6,Sunday,6,22
1 jun 2025,JM,A2 - Scotts Cove to Black River-Luana Rd,18.044148,-77.92383,1 Jun 2025,2025-06-01,1748736000.0,6,Sunday,6,22
1 jun 2025,JM,A2 E - Washington Blvd,18.027538,-76.811909,1 Jun 2025,2025-06-01,1748736000.0,6,Sunday,6,22
1 jun 2025,JM,B6,18.270266,-77.885557,1 Jun 2025,2025-06-01,1748736000.0,6,Sunday,6,22
1 jun 2025,JM,A3 - Stony Hill Rd,18.064019,-76.78631,1 Jun 2025,2025-06-01,1748736000.0,6,Sunday,6,22
1 jun 2025,JM,Creighton Ave,17.997211,-76.809164,1 Jun 2025,2025-06-01,1748736000.0,6,Sunday,6,22
1 jun 2025,JM,Fairway Ave,18.008923,-76.775452,1 Jun 2025,2025-06-01,1748736000.0,6,Sunday,6,22
1 jun 2025,JM,East Rd,18.005965,-76.809384,1 Jun 2025,2025-06-01,1748736000.0,6,Sunday,6,22
1 jun 2025,JM,T3 - Edward Seaga Highway,18.345115,-77.14746,1 Jun 2025,2025-06-01,1748736000.0,6,Sunday,6,22
1 jun 2025,JM,Salt Pond Rd,17.972749,-76.941117,1 Jun 2025,2025-06-01,1748736000.0,6,Sunday,6,22
1 jun 2025,JM,SW 3rd St,17.936248,-76.905966,1 Jun 2025,2025-06-01,1748736000.0,6,Sunday,6,22
1 jun 2025,JM,B7 - Darliston to Woodstock Rd,18.252987,-77.95746,1 Jun 2025,2025-06-01,1748736000.0,6,Sunday,6,22
1 jun 2025,JM,,18.029216,-77.498422,1 Jun 2025,2025-06-01,1748736000.0,6,Sunday,6,22
1 jun 2025,JM,Marcus Garvey Dr,17.988311,-76.826998,1 Jun 2025,2025-06-01,1748736000.0,6,Sunday,6,22
1 jun 2025,JM,T3 - Edward Seaga Highway,18.210526,-77.066309,1 Jun 2025,2025-06-01,1748736000.0,6,Sunday,6,22
1 jun 2025,JM,Turks Ave,18.47357,-77.874925,1 Jun 2025,2025-06-01,1748736000.0,6,Sunday,6,22
1 jun 2025,JM,T1 (W) - East West Hwy,17.93285,-77.214077,1 Jun 2025,2025-06-01,1748736000.0,6,Sunday,6,22
1 jun 2025,JM,T3 - Edward Seaga Highway,18.100194,-77.024786,1 Jun 2025,2025-06-01,1748736000.0,6,Sunday,6,22
1 jun 2025,JM,B5 - Main Rd,18.179618,-77.495177,1 Jun 2025,2025-06-01,1748736000.0,6,Sunday,6,22
1 jun 2025,JM,Salt Pond Rd,17.957721,-76.926718,1 Jun 2025,2025-06-01,1748736000.0,6,Sunday,6,22
1 jun 2025,JM,T3 - Edward Seaga Highway,18.071241,-76.995025,1 Jun 2025,2025-06-01,1748736000.0,6,Sunday,6,22
1 jun 2025,JM,Amity Hall to Mitchell Town Rd,17.824538,-77.185139,1 Jun 2025,2025-06-01,1748736000.0,6,Sunday,6,22
1 jun 2025,JM,T3 - Edward Seaga Highway,18.289773,-77.128412,1 Jun 2025,2025-06-01,1748736000.0,6,Sunday,6,22
1 jun 2025,JM,Marcus Garvey Dr,17.968968,-76.805258,1 Jun 2025,2025-06-01,1748736000.0,6,Sunday,6,22
1 jun 2025,JM,A4 - Harbour View to Bull Bay Rd,17.946488,-76.694784,1 Jun 2025,2025-06-01,1748736000.0,6,Sunday,6,22
1 jun 2025,JM,T1 (W) - East West Hwy,18.000826,-76.895565,1 Jun 2025,2025-06-01,1748736000.0,6,Sunday,6,22
1 jun 2025,JM,B5 - Albert Town to Stettin Rd,18.288326,-77.545134,1 Jun 2025,2025-06-01,1748736000.0,6,Sunday,6,22
1 jun 2025,JM,Mall Rd,18.011064,-76.821661,1 Jun 2025,2025-06-01,1748736000.0,6,Sunday,6,22
1 jun 2025,JM,T3 - Edward Seaga Highway,18.013776,-76.910866,1 Jun 2025,2025-06-01,1748736000.0,6,Sunday,6,22
1 jun 2025,JM,T3 - Edward Seaga Highway,18.252563,-77.111903,1 Jun 2025,2025-06-01,1748736000.0,6,Sunday,6,22
1 jun 2025,JM,Paddington Ter,18.026616,-76.774848,1 Jun 2025,2025-06-01,1748736000.0,6,Sunday,6,22
1 jun 2025,JM,,17.980683,-77.509762,1 Jun 2025,2025-06-01,1748736000.0,6,Sunday,6,22
1 jun 2025,JM,Vineyards Toll Plaza,17.940107,-77.071907,1 Jun 2025,2025-06-01,1748736000.0,6,Sunday,6,22
1 jun 2025,JM,E Mid St,17.946505,-76.902181,1 Jun 2025,2025-06-01,1748736000.0,6,Sunday,6,22
1 jun 2025,JM,T3 - Edward Seaga Highway,18.25014,-77.109361,1 Jun 2025,2025-06-01,1748736000.0,6,Sunday,6,22
1 jun 2025,JM,,18.510271,-77.757563,1 Jun 2025,2025-06-01,1748736000.0,6,Sunday,6,22
1 jun 2025,JM,A1 - River Rd,18.068945,-76.984756,1 Jun 2025,2025-06-01,1748736000.0,6,Sunday,6,22
1 jun 2025,JM,,18.51263,-77.887474,1 Jun 2025,2025-06-01,1748736000.0,6,Sunday,6,22
1 jun 2025,JM,Barbican Rd,18.031575,-76.783088,1 Jun 2025,2025-06-01,1748736000.0,6,Sunday,6,22
1 jun 2025,JM,T3 - Edward Seaga Highway,18.191063,-77.038928,1 Jun 2025,2025-06-01,1748736000.0,6,Sunday,6,22
1 jun 2025,JM,A1 (E) - Nelson Mandela Highway,18.020757,-76.881155,1 Jun 2025,2025-06-01,1748736000.0,6,Sunday,6,22
1 jun 2025,JM,A1 - Bog Walk to Ewarton Rd,18.167063,-77.049419,1 Jun 2025,2025-06-01,1748736000.0,6,Sunday,6,22
1 jun 2025,JM,T3 - Edward Seaga Highway,18.215647,-77.072908,1 Jun 2025,2025-06-01,1748736000.0,6,Sunday,6,22
1 jun 2025,JM,A1 (W) - Nelson Mandela Highway,18.017667,-76.885402,1 Jun 2025,2025-06-01,1748736000.0,6,Sunday,6,22
1 jun 2025,JM,A3 - Stony Hill Rd,18.074909,-76.790832,1 Jun 2025,2025-06-01,1748736000.0,6,Sunday,6,22
1 jun 2025,JM,A3 - Stony Hill Rd,18.075318,-76.791525,1 Jun 2025,2025-06-01,1748736000.0,6,Sunday,6,22
1 jun 2025,JM,Spaldings to Cave Valley Rd,18.16672,-77.440053,1 Jun 2025,2025-06-01,1748736000.0,6,Sunday,6,22
1 jun 2025,JM,A1 - Spanish Town Rd,18.014168,-76.842493,1 Jun 2025,2025-06-01,1748736000.0,6,Sunday,6,22
1 jun 2025,JM,T3 - Edward Seaga Highway,18.042269,-76.973675,1 Jun 2025,2025-06-01,1748736000.0,6,Sunday,6,22
1 jun 2025,JM,A2 (W) - Melrose Hill Byp,18.057401,-77.448245,1 Jun 2025,2025-06-01,1748736000.0,6,Sunday,6,22
1 jun 2025,JM,,17.978092,-76.966023,1 Jun 2025,2025-06-01,1748736000.0,6,Sunday,6,22
1 jun 2025,JM,A2 W - Dunrobin Ave,18.025727,-76.802096,1 Jun 2025,2025-06-01,1748736000.0,6,Sunday,6,22
1 jun 2025,JM,Oregon Dr,18.047157,-76.812987,1 Jun 2025,2025-06-01,1748736000.0,6,Sunday,6,22
1 jun 2025,JM,T2 Kingston - Portmore Toll Rd,17.988551,-76.842702,1 Jun 2025,2025-06-01,1748736000.0,6,Sunday,6,22
1 jun 2025,JM,A4 - Grants Pen to Yallahs Rd,17.889263,-76.604014,1 Jun 2025,2025-06-01,1748736000.0,6,Sunday,6,22
1 jun 2025,JM,Municipal Blvd,17.965968,-76.899132,1 Jun 2025,2025-06-01,1748736000.0,6,Sunday,6,22
1 jun 2025,JM,Grants Pen Rd,18.031155,-76.789742,1 Jun 2025,2025-06-01,1748736000.0,6,Sunday,6,22
1 jun 2025,JM,T1 (E) - East West Hwy,17.958289,-77.306653,1 Jun 2025,2025-06-01,1748736000.0,6,Sunday,6,22
1 jun 2025,JM,A1 - North Coast Hwy,18.462132,-77.395082,1 Jun 2025,2025-06-01,1748736000.0,6,Sunday,6,22
1 jun 2025,JM,T3 - Edward Seaga Highway,18.150319,-77.03223,1 Jun 2025,2025-06-01,1748736000.0,6,Sunday,6,22
1 jun 2025,JM,West Rd,17.988536,-76.801474,1 Jun 2025,2025-06-01,1748736000.0,6,Sunday,6,22
1 jun 2025,JM,T1 (E) - East West Hwy,17.973465,-76.985542,1 Jun 2025,2025-06-01,1748736000.0,6,Sunday,6,22
1 jun 2025,JM,A1 - North Coast Highway,18.446459,-77.22395,1 Jun 2025,2025-06-01,1748736000.0,6,Sunday,6,22
1 jun 2025,JM,A2 - Old Harbour Rd,17.946412,-77.061324,1 Jun 2025,2025-06-01,1748736000.0,6,Sunday,6,22
1 jun 2025,JM,A1 - Walks Rd,18.017314,-76.974779,1 Jun 2025,2025-06-01,1748736000.0,6,Sunday,6,22
1 jun 2025,JM,B6,18.221743,-77.864608,1 Jun 2025,2025-06-01,1748736000.0,6,Sunday,6,22
1 jun 2025,JM,T3 - Edward Seaga Highway,18.047457,-76.980469,1 Jun 2025,2025-06-01,1748736000.0,6,Sunday,6,22
1 jun 2025,JM,Molynes Rd,18.014044,-76.804798,1 Jun 2025,2025-06-01,1748736000.0,6,Sunday,6,22
1 jun 2025,JM,B7 - Shettlewood to Chester Castle Rd,18.319837,-77.950962,1 Jun 2025,2025-06-01,1748736000.0,6,Sunday,6,22
1 jun 2025,JM,A2 E - Washington Blvd,18.027445,-76.810118,1 Jun 2025,2025-06-01,1748736000.0,6,Sunday,6,22
1 jun 2025,JM,T3 - Edward Seaga Highway,18.210242,-77.062843,1 Jun 2025,2025-06-01,1748736000.0,6,Sunday,6,22
1 jun 2025,JM,A3 - Half Way Tree Rd,18.002238,-76.792019,1 Jun 2025,2025-06-01,1748736000.0,6,Sunday,6,22
1 jun 2025,JM,A2 (E) - Melrose Hill By,18.06308,-77.452149,1 Jun 2025,2025-06-01,1748736000.0,6,Sunday,6,22
1 jun 2025,JM,A2 (E) - Washington Blvd,18.026018,-76.852329,1 Jun 2025,2025-06-01,1748736000.0,6,Sunday,6,22
1 jun 2025,JM,A1 - North Coast Highway,18.465136,-77.287806,1 Jun 2025,2025-06-01,1748736000.0,6,Sunday,6,22
1 jun 2025,JM,A1 (E) - Nelson Mandela Highway,18.025877,-76.864707,1 Jun 2025,2025-06-01,1748736000.0,6,Sunday,6,22
1 jun 2025,JM,A4 - Southern Coastal Highway,17.941326,-76.662381,1 Jun 2025,2025-06-01,1748736000.0,6,Sunday,6,22
1 jun 2025,JM,T3 - Edward Seaga Highway,18.016566,-76.912791,1 Jun 2025,2025-06-01,1748736000.0,6,Sunday,6,22
1 jun 2025,JM,A2 - Scotts Cove to Black River-Luana Rd,18.050023,-77.909125,1 Jun 2025,2025-06-01,1748736000.0,6,Sunday,6,22
1 jun 2025,JM,Keesing Ave,18.006588,-76.81392,1 Jun 2025,2025-06-01,1748736000.0,6,Sunday,6,22
1 jun 2025,JM,A3 - Stony Hill Rd,18.082136,-76.796943,1 Jun 2025,2025-06-01,1748736000.0,6,Sunday,6,22
1 jun 2025,JM,A2 - Tombstone to Gutters Rd,18.049707,-77.673194,1 Jun 2025,2025-06-01,1748736000.0,6,Sunday,6,22
1 jun 2025,JM,A1 - Dr. Aston King Highway,18.451653,-77.97873,1 Jun 2025,2025-06-01,1748736000.0,6,Sunday,6,22
1 jun 2025,JM,A4 - Southern Coastal Highway,17.941333,-76.662346,1 Jun 2025,2025-06-01,1748736000.0,6,Sunday,6,22
1 jun 2025,JM,A1 - Kew Bridge to Great River Rd,18.455037,-77.996348,1 Jun 2025,2025-06-01,1748736000.0,6,Sunday,6,22
1 jun 2025,JM,A1 - North Coast Hwy,18.462258,-77.386025,1 Jun 2025,2025-06-01,1748736000.0,6,Sunday,6,22
1 jun 2025,JM,T1 (W) - East West Hwy,18.026946,-77.424191,1 Jun 2025,2025-06-01,1748736000.0,6,Sunday,6,22
1 jun 2025,JM,A1 - North Coast Highway,18.445744,-77.222989,1 Jun 2025,2025-06-01,1748736000.0,6,Sunday,6,22
1 jun 2025,JM,A1 - Spanish Town Rd,17.98203,-76.807367,1 Jun 2025,2025-06-01,1748736000.0,6,Sunday,6,22
1 jun 2025,JM,Gordon Blvd,18.023044,-76.959482,1 Jun 2025,2025-06-01,1748736000.0,6,Sunday,6,22
1 jun 2025,JM,T1 (W) - East West Hwy,17.948968,-77.054205,1 Jun 2025,2025-06-01,1748736000.0,6,Sunday,6,22
1 jun 2025,JM,A2 - Old Harbour Rd,17.981452,-77.003893,1 Jun 2025,2025-06-01,1748736000.0,6,Sunday,6,22
1 jun 2025,JM,A1 (E) - Nelson Mandela Highway,18.008116,-76.899844,1 Jun 2025,2025-06-01,1748736000.0,6,Sunday,6,22
1 jun 2025,JM,A2 - Scotts Cove to Black River-Luana Rd,18.042544,-77.918238,1 Jun 2025,2025-06-01,1748736000.0,6,Sunday,6,22
1 jun 2025,JM,A3,18.388694,-76.895805,1 Jun 2025,2025-06-01,1748736000.0,6,Sunday,6,22
1 jun 2025,JM,T1 (W) - East West Hwy,17.939448,-77.239772,1 Jun 2025,2025-06-01,1748736000.0,6,Sunday,6,22
1 jun 2025,JM,T3 - Edward Seaga Highway,18.315405,-77.138126,1 Jun 2025,2025-06-01,1748736000.0,6,Sunday,6,22
1 jun 2025,JM,B7 - Shettlewood to Chester Castle Rd,18.336836,-77.947455,1 Jun 2025,2025-06-01,1748736000.0,6,Sunday,6,22
1 jun 2025,JM,A4 - Orange Bay to Windsor Castle Rd,18.255072,-76.686815,1 Jun 2025,2025-06-01,1748736000.0,6,Sunday,6,22
1 jun 2025,JM,A3 - Stony Hill Rd,18.081901,-76.796929,1 Jun 2025,2025-06-01,1748736000.0,6,Sunday,6,22
1 jun 2025,JM,B6,18.320885,-77.904046,1 Jun 2025,2025-06-01,1748736000.0,6,Sunday,6,22
1 jun 2025,JM,A3 - Stony Hill Rd,18.07387,-76.79068,1 Jun 2025,2025-06-01,1748736000.0,6,Sunday,6,22
1 jun 2025,JM,B6,18.229612,-77.864681,1 Jun 2025,2025-06-01,1748736000.0,6,Sunday,6,22
1 jun 2025,JM,Braeton Rd,17.955808,-76.896948,1 Jun 2025,2025-06-01,1748736000.0,6,Sunday,6,22
1 jun 2025,JM,A2 - Spur Tree Rd,18.011636,-77.57886,1 Jun 2025,2025-06-01,1748736000.0,6,Sunday,6,22
1 jun 2025,JM,Fairdene Ave,18.043256,-76.817939,1 Jun 2025,2025-06-01,1748736000.0,6,Sunday,6,22
1 jun 2025,JM,A1 - North Coast Hwy,18.460398,-77.35859,1 Jun 2025,2025-06-01,1748736000.0,6,Sunday,6,22
1 jun 2025,JM,B6,18.230608,-77.865119,1 Jun 2025,2025-06-01,1748736000.0,6,Sunday,6,22
1 jun 2025,JM,B6,18.300769,-77.899803,1 Jun 2025,2025-06-01,1748736000.0,6,Sunday,6,22
1 jun 2025,JM,East Rd,18.003605,-76.812867,1 Jun 2025,2025-06-01,1748736000.0,6,Sunday,6,22
1 jun 2025,JM,T3 - Edward Seaga Highway,18.413738,-77.154282,1 Jun 2025,2025-06-01,1748736000.0,6,Sunday,6,22
1 jun 2025,JM,B7,18.306803,-77.949819,1 Jun 2025,2025-06-01,1748736000.0,6,Sunday,6,22
1 jun 2025,JM,B7,18.304723,-77.951405,1 Jun 2025,2025-06-01,1748736000.0,6,Sunday,6,22
1 jun 2025,JM,A2 E - Washington Blvd,18.027538,-76.811878,1 Jun 2025,2025-06-01,1748736000.0,6,Sunday,6,22
1 jun 2025,JM,A2 E - Washington Blvd,18.027425,-76.809872,1 Jun 2025,2025-06-01,1748736000.0,6,Sunday,6,22
1 jun 2025,JM,T3 - Edward Seaga Highway,18.094395,-77.009448,1 Jun 2025,2025-06-01,1748736000.0,6,Sunday,6,22
1 jun 2025,JM,Lady Musgrave Rd,18.007026,-76.77933,1 Jun 2025,2025-06-01,1748736000.0,6,Sunday,6,22
1 jun 2025,JM,T3 - Edward Seaga Highway,18.189357,-77.038925,1 Jun 2025,2025-06-01,1748736000.0,6,Sunday,6,22
1 jun 2025,JM,A1 - Seaview Dr,18.437586,-78.169117,1 Jun 2025,2025-06-01,1748736000.0,6,Sunday,6,22
1 jun 2025,JM,Braeton Rd,17.953458,-76.904381,1 Jun 2025,2025-06-01,1748736000.0,6,Sunday,6,22
1 jun 2025,JM,Brunswick Ave,18.010055,-76.970547,1 Jun 2025,2025-06-01,1748736000.0,6,Sunday,6,22
1 jun 2025,JM,A1 - Green Island to Negril Rd,18.369961,-78.321667,1 Jun 2025,2025-06-01,1748736000.0,6,Sunday,6,22
1 jun 2025,JM,A4 - Sir Florizel Glaspole Blvd,17.958471,-76.7276,1 Jun 2025,2025-06-01,1748736000.0,6,Sunday,6,22
1 jun 2025,JM,Arcadia Dr,18.464883,-77.896781,1 Jun 2025,2025-06-01,1748736000.0,6,Sunday,6,22
1 jun 2025,JM,Lakes Pen Rd,18.000146,-76.902129,1 Jun 2025,2025-06-01,1748736000.0,6,Sunday,6,22
1 jun 2025,JM,A1 - North Coast Highway,18.465195,-77.514168,1 Jun 2025,2025-06-01,1748736000.0,6,Sunday,6,22
1 jun 2025,JM,B12 - Salt River Road,17.839671,-77.166444,1 Jun 2025,2025-06-01,1748736000.0,6,Sunday,6,22
1 jun 2025,JM,Salt Pond Rd,17.984847,-76.947203,1 Jun 2025,2025-06-01,1748736000.0,6,Sunday,6,22
1 jun 2025,JM,Bernard Lodge Main Rd,17.979306,-76.933753,1 Jun 2025,2025-06-01,1748736000.0,6,Sunday,6,22
1 jun 2025,JM,Lakes Pen Main Rd,17.984457,-76.929602,1 Jun 2025,2025-06-01,1748736000.0,6,Sunday,6,22
1 jun 2025,JM,T3 - Edward Seaga Highway,18.158357,-77.033502,1 Jun 2025,2025-06-01,1748736000.0,6,Sunday,6,22
1 jun 2025,JM,B6,18.312214,-77.90282,1 Jun 2025,2025-06-01,1748736000.0,6,Sunday,6,22
1 jun 2025,JM,Mannings Hill Rd,18.061353,-76.803904,1 Jun 2025,2025-06-01,1748736000.0,6,Sunday,6,22
1 jun 2025,JM,A1 - Lucea to Green Island Rd,18.388883,-78.270938,1 Jun 2025,2025-06-01,1748736000.0,6,Sunday,6,22
1 jun 2025,JM,Port Royal St,17.96565,-76.792863,1 Jun 2025,2025-06-01,1748736000.0,6,Sunday,6,22
1 jun 2025,JM,Harbour St,17.966266,-76.794577,1 Jun 2025,2025-06-01,1748736000.0,6,Sunday,6,22
1 jun 2025,JM,Spaldings to Cave Valley Rd,18.175588,-77.436939,1 Jun 2025,2025-06-01,1748736000.0,6,Sunday,6,22
1 jun 2025,JM,Stoney Hill to Parks Road Rd,18.101028,-76.853052,1 Jun 2025,2025-06-01,1748736000.0,6,Sunday,6,22
1 jun 2025,JM,A2 - East St,17.938661,-77.106306,1 Jun 2025,2025-06-01,1748736000.0,6,Sunday,6,22
1 jun 2025,JM,B6,18.323722,-77.906772,1 Jun 2025,2025-06-01,1748736000.0,6,Sunday,6,22
1 jun 2025,JM,A1 (W) - Nelson Mandela Highway,18.010841,-76.895494,1 Jun 2025,2025-06-01,1748736000.0,6,Sunday,6,22
1 jun 2025,JM,Sligoville Main Rd,18.010505,-76.951382,1 Jun 2025,2025-06-01,1748736000.0,6,Sunday,6,22
1 jun 2025,JM,A4 - Harbour View to Bull Bay Rd,17.945329,-76.690056,1 Jun 2025,2025-06-01,1748736000.0,6,Sunday,6,22
1 jun 2025,JM,Harbour St,17.966277,-76.794702,1 Jun 2025,2025-06-01,1748736000.0,6,Sunday,6,22
1 jun 2025,JM,A3 - Half Way Tree Rd,18.001714,-76.791819,1 Jun 2025,2025-06-01,1748736000.0,6,Sunday,6,22
1 jun 2025,JM,T1 (E) - East West Hwy,17.996884,-76.897039,1 Jun 2025,2025-06-01,1748736000.0,6,Sunday,6,22
1 jun 2025,JM,A2 E - Washington Blvd,18.02743,-76.814129,1 Jun 2025,2025-06-01,1748736000.0,6,Sunday,6,22
1 jun 2025,JM,Main Rd,17.996258,-76.94461,1 Jun 2025,2025-06-01,1748736000.0,6,Sunday,6,22
1 jun 2025,JM,Widcombe Rd,18.027412,-76.758735,1 Jun 2025,2025-06-01,1748736000.0,6,Sunday,6,22
1 jun 2025,JM,A1 - Walks Rd,18.018766,-76.974959,1 Jun 2025,2025-06-01,1748736000.0,6,Sunday,6,22
1 jun 2025,JM,T1 (W) - East West Hwy,17.985062,-76.913735,1 Jun 2025,2025-06-01,1748736000.0,6,Sunday,6,22
1 jun 2025,JM,T1 (W) - East West Hwy,17.92064,-77.139969,1 Jun 2025,2025-06-01,1748736000.0,6,Sunday,6,22
1 jun 2025,JM,A1 (W) - Nelson Mandela Highway,18.001082,-76.906755,1 Jun 2025,2025-06-01,1748736000.0,6,Sunday,6,22
1 jun 2025,JM,B8 - Anchovy to Shettlewood Rd,18.369927,-77.932579,1 Jun 2025,2025-06-01,1748736000.0,6,Sunday,6,22
1 jun 2025,JM,B7,18.238654,-77.954683,1 Jun 2025,2025-06-01,1748736000.0,6,Sunday,6,22
1 jun 2025,JM,B6,18.222755,-77.864453,1 Jun 2025,2025-06-01,1748736000.0,6,Sunday,6,22
1 jun 2025,JM,A1 (E) - Nelson Mandela Highway,18.018117,-76.885041,1 Jun 2025,2025-06-01,1748736000.0,6,Sunday,6,22
1 jun 2025,JM,A2 - High St,18.051763,-77.905221,1 Jun 2025,2025-06-01,1748736000.0,6,Sunday,6,22
1 jun 2025,JM,T3 - Edward Seaga Highway,18.284876,-77.124086,1 Jun 2025,2025-06-01,1748736000.0,6,Sunday,6,22
1 jun 2025,JM,Lakes Pen Main Rd,17.984616,-76.931509,1 Jun 2025,2025-06-01,1748736000.0,6,Sunday,6,22
1 jun 2025,JM,T3 - Edward Seaga Highway,18.411317,-77.165628,1 Jun 2025,2025-06-01,1748736000.0,6,Sunday,6,22
1 jun 2025,JM,A1 - North Coast Highway,18.4461,-77.223425,1 Jun 2025,2025-06-01,1748736000.0,6,Sunday,6,22
1 jun 2025,JM,Hermosa Beach,18.413093,-77.093343,1 Jun 2025,2025-06-01,1748736000.0,6,Sunday,6,22
1 jun 2025,JM,Weymouth Dr,18.022029,-76.841794,1 Jun 2025,2025-06-01,1748736000.0,6,Sunday,6,22
1 jun 2025,JM,Weymouth Dr,18.025678,-76.840946,1 Jun 2025,2025-06-01,1748736000.0,6,Sunday,6,22
1 jun 2025,JM,A2 (E) - Melrose Hill By,18.058636,-77.449034,1 Jun 2025,2025-06-01,1748736000.0,6,Sunday,6,22
1 jun 2025,JM,A1 - Walks Rd,18.031368,-76.978769,1 Jun 2025,2025-06-01,1748736000.0,6,Sunday,6,22
1 jun 2025,JM,A1 - Kew Bridge to Great River Rd,18.450002,-78.088988,1 Jun 2025,2025-06-01,1748736000.0,6,Sunday,6,22
1 jun 2025,JM,Red Hills Rd,18.052386,-76.839664,1 Jun 2025,2025-06-01,1748736000.0,6,Sunday,6,22
1 jun 2025,JM,A2 - Spur Tree Rd,18.004773,-77.581593,1 Jun 2025,2025-06-01,1748736000.0,6,Sunday,6,22
1 jun 2025,JM,T3 - Edward Seaga Highway,18.049955,-76.981898,1 Jun 2025,2025-06-01,1748736000.0,6,Sunday,6,22
1 jun 2025,JM,A1 (W) - Nelson Mandela Highway,17.998635,-76.908855,1 Jun 2025,2025-06-01,1748736000.0,6,Sunday,6,22
1 jun 2025,JM,B8 - Anchovy to Shettlewood Rd,18.375269,-77.933116,1 Jun 2025,2025-06-01,1748736000.0,6,Sunday,6,22
1 jun 2025,JM,A2 (E) - Melrose Hill By,18.064601,-77.459159,1 Jun 2025,2025-06-01,1748736000.0,6,Sunday,6,22
1 jun 2025,JM,,17.990101,-76.954554,1 Jun 2025,2025-06-01,1748736000.0,6,Sunday,6,22
1 jun 2025,JM,Marcus Garvey Dr,17.988202,-76.826863,1 Jun 2025,2025-06-01,1748736000.0,6,Sunday,6,22
1 jun 2025,JM,Molynes Rd,18.024749,-76.821246,1 Jun 2025,2025-06-01,1748736000.0,6,Sunday,6,22
1 jun 2025,JM,T1 (W) - East West Hwy,17.955719,-77.028887,1 Jun 2025,2025-06-01,1748736000.0,6,Sunday,6,22
1 jun 2025,JM,B7,18.238635,-77.954758,1 Jun 2025,2025-06-01,1748736000.0,6,Sunday,6,22
1 jun 2025,JM,Brunswick Ave,18.002236,-76.962581,1 Jun 2025,2025-06-01,1748736000.0,6,Sunday,6,22
1 jun 2025,JM,Braeton Rd,17.955699,-76.897185,1 Jun 2025,2025-06-01,1748736000.0,6,Sunday,6,22
1 jun 2025,JM,Salt Pond Rd,17.985903,-76.94763,1 Jun 2025,2025-06-01,1748736000.0,6,Sunday,6,22
1 jun 2025,JM,A2 E - Washington Blvd,18.027499,-76.81081,1 Jun 2025,2025-06-01,1748736000.0,6,Sunday,6,22
1 jun 2025,JM,A1 - Moneague to Mount Diablo Rd,18.271581,-77.113374,1 Jun 2025,2025-06-01,1748736000.0,6,Sunday,6,22
1 jun 2025,JM,A1 - North Coast Highway,18.447098,-77.224687,1 Jun 2025,2025-06-01,1748736000.0,6,Sunday,6,22
1 jun 2025,JM,T3 - Edward Seaga Highway,18.401534,-77.169402,1 Jun 2025,2025-06-01,1748736000.0,6,Sunday,6,22
1 jun 2025,JM,A1 - Kew Bridge to Great River Rd,18.452785,-78.041158,1 Jun 2025,2025-06-01,1748736000.0,6,Sunday,6,22
1 jun 2025,JM,Sunflower Dr,18.015025,-76.977674,1 Jun 2025,2025-06-01,1748736000.0,6,Sunday,6,22
1 jun 2025,JM,T3 - Edward Seaga Highway,18.032071,-76.953428,1 Jun 2025,2025-06-01,1748736000.0,6,Sunday,6,22
1 jun 2025,JM,A4 - Harbour View to Bull Bay Rd,17.940985,-76.664099,1 Jun 2025,2025-06-01,1748736000.0,6,Sunday,6,22
1 jun 2025,JM,A3 - Moneague to Walkerswood Rd,18.314722,-77.091055,1 Jun 2025,2025-06-01,1748736000.0,6,Sunday,6,22
1 jun 2025,JM,A3 (S) - Constant Spring Rd,18.036254,-76.797489,1 Jun 2025,2025-06-01,1748736000.0,6,Sunday,6,22
1 jun 2025,JM,T3 - Edward Seaga Highway,18.092913,-77.00974,1 Jun 2025,2025-06-01,1748736000.0,6,Sunday,6,22
1 jun 2025,JM,T3 - Edward Seaga Highway,18.37185,-77.161113,1 Jun 2025,2025-06-01,1748736000.0,6,Sunday,6,22
1 jun 2025,JM,Trafalgar Rd,18.007251,-76.779792,1 Jun 2025,2025-06-01,1748736000.0,6,Sunday,6,22
1 jun 2025,JM,T1 (E) - East West Hwy,18.015605,-77.41366,1 Jun 2025,2025-06-01,1748736000.0,6,Sunday,6,22
1 jun 2025,JM,A2 W,18.027398,-76.813365,1 Jun 2025,2025-06-01,1748736000.0,6,Sunday,6,22
1 jun 2025,JM,E Mid St,17.946311,-76.902518,1 Jun 2025,2025-06-01,1748736000.0,6,Sunday,6,22
1 jun 2025,JM,,18.007364,-76.779455,1 Jun 2025,2025-06-01,1748736000.0,6,Sunday,6,22
1 jun 2025,JM,Mountain View Ave,18.002667,-76.770046,1 Jun 2025,2025-06-01,1748736000.0,6,Sunday,6,22
1 jun 2025,JM,Old Hope Rd,18.020221,-76.768004,1 Jun 2025,2025-06-01,1748736000.0,6,Sunday,6,22
1 jun 2025,JM,A3 - Agualta to Broadgate Rd,18.231939,-76.813064,1 Jun 2025,2025-06-01,1748736000.0,6,Sunday,6,22
1 jun 2025,JM,McKinley Rd.,18.057168,-77.517922,1 Jun 2025,2025-06-01,1748736000.0,6,Sunday,6,22
1 jun 2025,JM,A1 - Bog Walk Gorge,18.058415,-76.985114,1 Jun 2025,2025-06-01,1748736000.0,6,Sunday,6,22
1 jun 2025,JM,Fairdene Ave,18.043227,-76.818055,1 Jun 2025,2025-06-01,1748736000.0,6,Sunday,6,22
1 jun 2025,JM,A2 - Winston Jones Highway,18.067685,-77.506516,1 Jun 2025,2025-06-01,1748736000.0,6,Sunday,6,22
1 jun 2025,JM,Braeton Parkway,17.960052,-76.901517,1 Jun 2025,2025-06-01,1748736000.0,6,Sunday,6,22
1 jun 2025,JM,T3 - Edward Seaga Highway,18.034894,-76.959371,1 Jun 2025,2025-06-01,1748736000.0,6,Sunday,6,22
1 jun 2025,JM,A2 - Tombstone to Gutters Rd,18.066966,-77.731541,1 Jun 2025,2025-06-01,1748736000.0,6,Sunday,6,22
1 jun 2025,JM,Lakes Pen Main Rd,17.984682,-76.933784,1 Jun 2025,2025-06-01,1748736000.0,6,Sunday,6,22
1 jun 2025,JM,Red Hills Rd,18.076374,-76.879768,1 Jun 2025,2025-06-01,1748736000.0,6,Sunday,6,22
1 jun 2025,JM,T3 - Edward Seaga Highway,18.215003,-77.072136,1 Jun 2025,2025-06-01,1748736000.0,6,Sunday,6,22
1 jun 2025,JM,T3 - Edward Seaga Highway,18.042483,-76.974396,1 Jun 2025,2025-06-01,1748736000.0,6,Sunday,6,22
1 jun 2025,JM,A1 - North Coast Highway,18.445426,-77.222698,1 Jun 2025,2025-06-01,1748736000.0,6,Sunday,6,22
1 jun 2025,JM,Waltham Park Rd,18.004558,-76.819675,1 Jun 2025,2025-06-01,1748736000.0,6,Sunday,6,22
1 jun 2025,JM,A1 - Norman Manley Blvd,18.327114,-78.335863,1 Jun 2025,2025-06-01,1748736000.0,6,Sunday,6,22
1 jun 2025,JM,B8 - Anchovy to Shettlewood Rd,18.346314,-77.94279,1 Jun 2025,2025-06-01,1748736000.0,6,Sunday,6,22
1 jun 2025,JM,Chesterfield Dr,18.004349,-76.83754,1 Jun 2025,2025-06-01,1748736000.0,6,Sunday,6,22
1 jun 2025,JM,Brunswick Ave,18.007984,-76.969092,1 Jun 2025,2025-06-01,1748736000.0,6,Sunday,6,22
1 jun 2025,JM,Queens Dr,18.487858,-77.925013,1 Jun 2025,2025-06-01,1748736000.0,6,Sunday,6,22
1 jun 2025,JM,B5 - Albert Town to Stettin Rd,18.270185,-77.536992,1 Jun 2025,2025-06-01,1748736000.0,6,Sunday,6,22
1 jun 2025,JM,Olympic Way,18.009792,-76.827305,1 Jun 2025,2025-06-01,1748736000.0,6,Sunday,6,22
1 jun 2025,JM,A4 - Retreat Rd,17.880973,-76.397558,1 Jun 2025,2025-06-01,1748736000.0,6,Sunday,6,22
1 jun 2025,JM,Please report the name of this road,18.440117,-77.246725,1 Jun 2025,2025-06-01,1748736000.0,6,Sunday,6,22
1 jun 2025,JM,E Mid St,17.945817,-76.903239,1 Jun 2025,2025-06-01,1748736000.0,6,Sunday,6,22
1 jun 2025,JM,A2 - Tombstone to Gutters Rd,18.079015,-77.739853,1 Jun 2025,2025-06-01,1748736000.0,6,Sunday,6,22
1 jun 2025,JM,A2 W - Washington Blvd,18.027248,-76.809231,1 Jun 2025,2025-06-01,1748736000.0,6,Sunday,6,22
1 jun 2025,JM,,18.033913,-76.97923,1 Jun 2025,2025-06-01,1748736000.0,6,Sunday,6,22
1 jun 2025,JM,T3 - Edward Seaga Highway,18.267578,-77.12113,1 Jun 2025,2025-06-01,1748736000.0,6,Sunday,6,22
1 jun 2025,JM,B6 - Montpelier to Bruce Hall Rd,18.340119,-77.917325,1 Jun 2025,2025-06-01,1748736000.0,6,Sunday,6,22
1 jun 2025,JM,T3 - Edward Seaga Highway,18.34247,-77.146392,1 Jun 2025,2025-06-01,1748736000.0,6,Sunday,6,22
1 jun 2025,JM,T3 - Edward Seaga Highway,18.257327,-77.11615,1 Jun 2025,2025-06-01,1748736000.0,6,Sunday,6,22
1 jun 2025,JM,,17.960584,-76.898924,1 Jun 2025,2025-06-01,1748736000.0,6,Sunday,6,22
1 jun 2025,JM,B5,18.212472,-77.496197,1 Jun 2025,2025-06-01,1748736000.0,6,Sunday,6,22
1 jun 2025,JM,A2 - Luana to Tombstone Rd,18.094915,-77.842984,1 Jun 2025,2025-06-01,1748736000.0,6,Sunday,6,22
1 jun 2025,JM,T1 (E) - East West Hwy,17.966404,-77.007206,1 Jun 2025,2025-06-01,1748736000.0,6,Sunday,6,22
1 jun 2025,JM,T3 - Edward Seaga Highway,18.154686,-77.032612,1 Jun 2025,2025-06-01,1748736000.0,6,Sunday,6,22
1 jun 2025,JM,A1 (E) - Nelson Mandela Highway,18.025875,-76.864796,1 Jun 2025,2025-06-01,1748736000.0,6,Sunday,6,22
1 jun 2025,JM,T1 (W) - East West Hwy,17.958048,-77.307356,1 Jun 2025,2025-06-01,1748736000.0,6,Sunday,6,22
1 jun 2025,JM,A1,18.035634,-76.980635,1 Jun 2025,2025-06-01,1748736000.0,6,Sunday,6,22
1 jun 2025,JM,B5 - Main Rd,18.17921,-77.494542,1 Jun 2025,2025-06-01,1748736000.0,6,Sunday,6,22
1 jun 2025,JM,A3 - Broadgate to Toms River Rd,18.198202,-76.824591,1 Jun 2025,2025-06-01,1748736000.0,6,Sunday,6,22
1 jun 2025,JM,Mountain View Ave,17.981666,-76.762094,1 Jun 2025,2025-06-01,1748736000.0,6,Sunday,6,22
1 jun 2025,JM,A1 (W) - Nelson Mandela Highway,18.000506,-76.907251,1 Jun 2025,2025-06-01,1748736000.0,6,Sunday,6,22
1 jun 2025,JM,T1 (E) - East West Hwy,17.963728,-77.357747,1 Jun 2025,2025-06-01,1748736000.0,6,Sunday,6,22
1 jun 2025,JM,A2 - Tombstone to Gutters Rd,18.057922,-77.716153,1 Jun 2025,2025-06-01,1748736000.0,6,Sunday,6,22
1 jun 2025,JM,Mannings Hill Rd,18.063432,-76.802909,1 Jun 2025,2025-06-01,1748736000.0,6,Sunday,6,22
1 jun 2025,JM,,17.996444,-76.930372,1 Jun 2025,2025-06-01,1748736000.0,6,Sunday,6,22
1 jun 2025,JM,T3 - Edward Seaga Highway,18.049196,-76.981462,1 Jun 2025,2025-06-01,1748736000.0,6,Sunday,6,22
1 jun 2025,JM,A2 E - Washington Blvd,18.027467,-76.810406,1 Jun 2025,2025-06-01,1748736000.0,6,Sunday,6,22
1 jun 2025,JM,A3 - Agualta to Broadgate Rd,18.234378,-76.81277,1 Jun 2025,2025-06-01,1748736000.0,6,Sunday,6,22
1 jun 2025,JM,A3 - Stony Hill Rd,18.082185,-76.796946,1 Jun 2025,2025-06-01,1748736000.0,6,Sunday,6,22
1 jun 2025,JM,A2 W - Washington Blvd,18.026924,-76.807226,1 Jun 2025,2025-06-01,1748736000.0,6,Sunday,6,22
1 jun 2025,JM,Marcus Garvey Dr,17.968707,-76.804886,1 Jun 2025,2025-06-01,1748736000.0,6,Sunday,6,22
1 jun 2025,JM,T1 (W) - East West Hwy,17.929134,-77.177573,1 Jun 2025,2025-06-01,1748736000.0,6,Sunday,6,22
1 jun 2025,JM,T3 - Edward Seaga Highway,18.043028,-76.976439,1 Jun 2025,2025-06-01,1748736000.0,6,Sunday,6,22
1 jun 2025,JM,B6,18.225942,-77.865123,1 Jun 2025,2025-06-01,1748736000.0,6,Sunday,6,22
1 jun 2025,JM,A1 - North Coast Highway,18.446103,-77.223428,1 Jun 2025,2025-06-01,1748736000.0,6,Sunday,6,22
1 jun 2025,JM,A4 - Harbour View to Bull Bay Rd,17.946449,-76.694681,1 Jun 2025,2025-06-01,1748736000.0,6,Sunday,6,22
1 jun 2025,JM,A1 (E) - Nelson Mandela Highway,18.02586,-76.865622,1 Jun 2025,2025-06-01,1748736000.0,6,Sunday,6,22
1 jun 2025,JM,A3 - Stony Hill Rd,18.075237,-76.791134,1 Jun 2025,2025-06-01,1748736000.0,6,Sunday,6,22
1 jun 2025,JM,B5,18.245769,-77.528088,1 Jun 2025,2025-06-01,1748736000.0,6,Sunday,6,22
1 jun 2025,JM,Seymour Ave,18.008962,-76.774942,1 Jun 2025,2025-06-01,1748736000.0,6,Sunday,6,22
1 jun 2025,JM,B7,18.238329,-77.953864,1 Jun 2025,2025-06-01,1748736000.0,6,Sunday,6,22
1 jun 2025,JM,A1 - Spanish Town By-pass Rd,17.985927,-76.950341,1 Jun 2025,2025-06-01,1748736000.0,6,Sunday,6,22
1 jun 2025,JM,T1 (E) - East West Hwy,17.959783,-77.345364,1 Jun 2025,2025-06-01,1748736000.0,6,Sunday,6,22
1 jun 2025,JM,T3 - Edward Seaga Highway,18.115316,-77.040609,1 Jun 2025,2025-06-01,1748736000.0,6,Sunday,6,22
1 jun 2025,JM,T3 - Edward Seaga Highway,18.203506,-77.04084,1 Jun 2025,2025-06-01,1748736000.0,6,Sunday,6,22
1 jun 2025,JM,T3 - Edward Seaga Highway,18.37142,-77.161146,1 Jun 2025,2025-06-01,1748736000.0,6,Sunday,6,22
1 jun 2025,JM,T3 - Edward Seaga Highway,18.202015,-77.03827,1 Jun 2025,2025-06-01,1748736000.0,6,Sunday,6,22
1 jun 2025,JM,,17.979456,-77.506848,1 Jun 2025,2025-06-01,1748736000.0,6,Sunday,6,22
1 jun 2025,JM,A2 - Tombstone to Gutters Rd,18.067763,-77.732415,1 Jun 2025,2025-06-01,1748736000.0,6,Sunday,6,22
1 jun 2025,JM,Auburn Ave,18.026704,-76.842806,1 Jun 2025,2025-06-01,1748736000.0,6,Sunday,6,22
1 jun 2025,JM,A2 - Old Harbour Rd,17.973575,-77.016372,1 Jun 2025,2025-06-01,1748736000.0,6,Sunday,6,22
1 jun 2025,JM,Brunswick Ave,18.005427,-76.966833,1 Jun 2025,2025-06-01,1748736000.0,6,Sunday,6,22
1 jun 2025,JM,Municipal Blvd,17.984579,-76.885579,1 Jun 2025,2025-06-01,1748736000.0,6,Sunday,6,22
1 jun 2025,JM,A2 - Tombstone to Gutters Rd,18.068879,-77.73342,1 Jun 2025,2025-06-01,1748736000.0,6,Sunday,6,22
1 jun 2025,JM,,17.982352,-77.51317,1 Jun 2025,2025-06-01,1748736000.0,6,Sunday,6,22
1 jun 2025,JM,Oxford Rd,18.00208,-76.790094,1 Jun 2025,2025-06-01,1748736000.0,6,Sunday,6,22
1 jun 2025,JM,A1 - North Coast Highway,18.472113,-77.555892,1 Jun 2025,2025-06-01,1748736000.0,6,Sunday,6,22
1 jun 2025,JM,A2 W - Dunrobin Ave,18.025826,-76.802449,1 Jun 2025,2025-06-01,1748736000.0,6,Sunday,6,22
1 jun 2025,JM,T3 - Edward Seaga Highway,18.178196,-77.042468,1 Jun 2025,2025-06-01,1748736000.0,6,Sunday,6,22
1 jun 2025,JM,A2 (W) - Melrose Hill Byp,18.057068,-77.447775,1 Jun 2025,2025-06-01,1748736000.0,6,Sunday,6,22
1 jun 2025,JM,,18.007407,-76.779405,1 Jun 2025,2025-06-01,1748736000.0,6,Sunday,6,22
1 jun 2025,JM,A1 - Lucea to Green Island Rd,18.439395,-78.155885,1 Jun 2025,2025-06-01,1748736000.0,6,Sunday,6,22
1 jun 2025,JM,Lakes Pen Rd,17.989994,-76.912383,1 Jun 2025,2025-06-01,1748736000.0,6,Sunday,6,22
1 jun 2025,JM,Lingfield Crescent,17.959232,-76.904061,1 Jun 2025,2025-06-01,1748736000.0,6,Sunday,6,22
1 jun 2025,JM,T3 - Edward Seaga Highway,18.042788,-76.975645,1 Jun 2025,2025-06-01,1748736000.0,6,Sunday,6,22
1 jun 2025,JM,T3 - Edward Seaga Highway,18.092693,-77.00996,1 Jun 2025,2025-06-01,1748736000.0,6,Sunday,6,22
1 jun 2025,JM,T3 - Edward Seaga Highway,18.27491,-77.121764,1 Jun 2025,2025-06-01,1748736000.0,6,Sunday,6,22
1 jun 2025,JM,A4 - Muirton to Fair Prospect Rd,18.065812,-76.285961,1 Jun 2025,2025-06-01,1748736000.0,6,Sunday,6,22
1 jun 2025,JM,B6,18.286579,-77.896891,1 Jun 2025,2025-06-01,1748736000.0,6,Sunday,6,22
1 jun 2025,JM,Salt Pond Rd,17.978318,-76.943991,1 Jun 2025,2025-06-01,1748736000.0,6,Sunday,6,22
1 jun 2025,JM,A2 - Old Harbour Rd,17.981589,-77.003664,1 Jun 2025,2025-06-01,1748736000.0,6,Sunday,6,22
1 jun 2025,JM,A1 - Walks Rd,18.032655,-76.979158,1 Jun 2025,2025-06-01,1748736000.0,6,Sunday,6,22
1 jun 2025,JM,T1 (W) - East West Hwy,17.984086,-76.922492,1 Jun 2025,2025-06-01,1748736000.0,6,Sunday,6,22
1 jun 2025,JM,Barbican Rd,18.031268,-76.784359,1 Jun 2025,2025-06-01,1748736000.0,6,Sunday,6,22
1 jun 2025,JM,Fairfield Dr,18.012371,-76.987336,1 Jun 2025,2025-06-01,1748736000.0,6,Sunday,6,22
1 jun 2025,JM,A1 - North Coast Highway,18.459769,-77.401928,1 Jun 2025,2025-06-01,1748736000.0,6,Sunday,6,22
1 jun 2025,JM,Brunswick Ave,18.006951,-76.968319,1 Jun 2025,2025-06-01,1748736000.0,6,Sunday,6,22
1 jun 2025,JM,B7,18.186447,-77.935654,1 Jun 2025,2025-06-01,1748736000.0,6,Sunday,6,22
1 jun 2025,JM,Salt Pond Rd,17.979399,-76.94455,1 Jun 2025,2025-06-01,1748736000.0,6,Sunday,6,22
1 jun 2025,JM,A1,18.044118,-76.98099,1 Jun 2025,2025-06-01,1748736000.0,6,Sunday,6,22
1 jun 2025,JM,B6,18.225613,-77.865132,1 Jun 2025,2025-06-01,1748736000.0,6,Sunday,6,22
1 jun 2025,JM,Queens Dr,18.491492,-77.920323,1 Jun 2025,2025-06-01,1748736000.0,6,Sunday,6,22
1 jun 2025,JM,Agusta Dr,17.978361,-76.876667,1 Jun 2025,2025-06-01,1748736000.0,6,Sunday,6,22
1 jun 2025,JM,A1 - North Coast Hwy,18.467492,-77.304068,1 Jun 2025,2025-06-01,1748736000.0,6,Sunday,6,22
1 jun 2025,JM,T1 (W) - East West Hwy,18.012119,-76.892395,1 Jun 2025,2025-06-01,1748736000.0,6,Sunday,6,22
1 jun 2025,JM,,18.425286,-77.173137,1 Jun 2025,2025-06-01,1748736000.0,6,Sunday,6,22
1 jun 2025,JM,T1 (W) - East West Hwy,17.962736,-77.264218,1 Jun 2025,2025-06-01,1748736000.0,6,Sunday,6,22
1 jun 2025,JM,T1 (W) - East West Hwy,17.949244,-77.053773,1 Jun 2025,2025-06-01,1748736000.0,6,Sunday,6,22
1 jun 2025,JM,Greenvale Ave,18.021549,-76.813041,1 Jun 2025,2025-06-01,1748736000.0,6,Sunday,6,22
1 jun 2025,JM,B3 - Trout Hall to Chapelton Rd,18.152941,-77.339436,1 Jun 2025,2025-06-01,1748736000.0,6,Sunday,6,22
1 jun 2025,JM,T3 - Edward Seaga Highway,18.144811,-77.035157,1 Jun 2025,2025-06-01,1748736000.0,6,Sunday,6,22
1 jun 2025,JM,T3 - Edward Seaga Highway,18.201391,-77.037817,1 Jun 2025,2025-06-01,1748736000.0,6,Sunday,6,22
1 jun 2025,JM,Molynes Rd,18.03884,-76.82187,1 Jun 2025,2025-06-01,1748736000.0,6,Sunday,6,22
1 jun 2025,JM,Sandhurst Ter,18.022627,-76.775101,1 Jun 2025,2025-06-01,1748736000.0,6,Sunday,6,22
1 jun 2025,JM,Sea Breeze Ave,17.969067,-76.761977,1 Jun 2025,2025-06-01,1748736000.0,6,Sunday,6,22
1 jun 2025,JM,A1,18.036594,-76.980982,1 Jun 2025,2025-06-01,1748736000.0,6,Sunday,6,22
1 jun 2025,JM,A1 (E) - Nelson Mandela Highway,18.012077,-76.893923,1 Jun 2025,2025-06-01,1748736000.0,6,Sunday,6,22
1 jun 2025,JM,T3 - Edward Seaga Highway,18.084453,-77.0101,1 Jun 2025,2025-06-01,1748736000.0,6,Sunday,6,22
1 jun 2025,JM,Grange Ln,17.983386,-76.922235,1 Jun 2025,2025-06-01,1748736000.0,6,Sunday,6,22
1 jun 2025,JM,A2 - Tombstone to Gutters Rd,18.048658,-77.678735,1 Jun 2025,2025-06-01,1748736000.0,6,Sunday,6,22
1 jun 2025,JM,A1 - North Coast Highway,18.52149,-77.851395,1 Jun 2025,2025-06-01,1748736000.0,6,Sunday,6,22
1 jun 2025,JM,T2 Kingston - Portmore Toll Rd,17.980809,-76.841103,1 Jun 2025,2025-06-01,1748736000.0,6,Sunday,6,22
1 jun 2025,JM,T1 (E) - East West Hwy,18.033525,-77.431885,1 Jun 2025,2025-06-01,1748736000.0,6,Sunday,6,22
1 jun 2025,JM,T3 - Edward Seaga Highway,18.283688,-77.123446,1 Jun 2025,2025-06-01,1748736000.0,6,Sunday,6,22
1 jun 2025,JM,Passage Fort Dr W,17.983017,-76.879181,1 Jun 2025,2025-06-01,1748736000.0,6,Sunday,6,22
1 jun 2025,JM,T1 (W) - East West Hwy,17.924526,-77.134609,1 Jun 2025,2025-06-01,1748736000.0,6,Sunday,6,22
1 jun 2025,JM,A2 (E) - Melrose Hill By,18.064736,-77.457086,1 Jun 2025,2025-06-01,1748736000.0,6,Sunday,6,22
1 jun 2025,JM,T1 (W) - East West Hwy,17.93249,-77.194579,1 Jun 2025,2025-06-01,1748736000.0,6,Sunday,6,22
1 jun 2025,JM,T1 (W) - East West Hwy,18.002355,-77.40365,1 Jun 2025,2025-06-01,1748736000.0,6,Sunday,6,22
1 jun 2025,JM,T3 - Edward Seaga Highway,18.092396,-77.009956,1 Jun 2025,2025-06-01,1748736000.0,6,Sunday,6,22
1 jun 2025,JM,T3 - Edward Seaga Highway,18.250973,-77.110045,1 Jun 2025,2025-06-01,1748736000.0,6,Sunday,6,22
1 jun 2025,JM,T3 - Edward Seaga Highway,18.268249,-77.121446,1 Jun 2025,2025-06-01,1748736000.0,6,Sunday,6,22
1 jun 2025,JM,A2 - Spur Tree Rd,18.009333,-77.58674,1 Jun 2025,2025-06-01,1748736000.0,6,Sunday,6,22
1 jun 2025,JM,A3 (S) - Constant Spring Rd,18.038117,-76.796375,1 Jun 2025,2025-06-01,1748736000.0,6,Sunday,6,22
1 jun 2025,JM,T3 - Edward Seaga Highway,18.208698,-77.058325,1 Jun 2025,2025-06-01,1748736000.0,6,Sunday,6,22
1 jun 2025,JM,A1 - North Coast Highway,18.521498,-77.844198,1 Jun 2025,2025-06-01,1748736000.0,6,Sunday,6,22
1 jun 2025,JM,March Pen Rd,17.987423,-76.95474,1 Jun 2025,2025-06-01,1748736000.0,6,Sunday,6,22
1 jun 2025,JM,Hope Rd,18.020902,-76.770479,1 Jun 2025,2025-06-01,1748736000.0,6,Sunday,6,22
1 jun 2025,JM,T3 - Edward Seaga Highway,18.350203,-77.151267,1 Jun 2025,2025-06-01,1748736000.0,6,Sunday,6,22
1 jun 2025,JM,Coleyville Ave,18.018597,-76.844104,1 Jun 2025,2025-06-01,1748736000.0,6,Sunday,6,22
1 jun 2025,JM,A2 (E) - Melrose Hill By,18.064146,-77.454048,1 Jun 2025,2025-06-01,1748736000.0,6,Sunday,6,22
1 jun 2025,JM,B7,18.271752,-77.95657,1 Jun 2025,2025-06-01,1748736000.0,6,Sunday,6,22
1 jun 2025,JM,Lakes Pen Rd,18.002405,-76.897882,1 Jun 2025,2025-06-01,1748736000.0,6,Sunday,6,22
1 jun 2025,JM,B5 - Main Rd,18.163331,-77.49119,1 Jun 2025,2025-06-01,1748736000.0,6,Sunday,6,22
1 jun 2025,JM,A2 - Tombstone to Gutters Rd,18.066967,-77.731541,1 Jun 2025,2025-06-01,1748736000.0,6,Sunday,6,22
1 jun 2025,JM,Montgomery Ave,18.006617,-76.805784,1 Jun 2025,2025-06-01,1748736000.0,6,Sunday,6,22
1 jun 2025,JM,A1 (E) - Nelson Mandela Highway,18.015574,-76.888749,1 Jun 2025,2025-06-01,1748736000.0,6,Sunday,6,22
1 jun 2025,JM,A2 (W) - Melrose Hill Byp,18.064479,-77.459149,1 Jun 2025,2025-06-01,1748736000.0,6,Sunday,6,22
1 jun 2025,JM,,17.980403,-77.507765,1 Jun 2025,2025-06-01,1748736000.0,6,Sunday,6,22
1 jun 2025,JM,A2 - Luana to Tombstone Rd,18.11347,-77.81573,1 Jun 2025,2025-06-01,1748736000.0,6,Sunday,6,22
1 jun 2025,JM,Braeton Parkway,17.95928,-76.902825,1 Jun 2025,2025-06-01,1748736000.0,6,Sunday,6,22
1 jun 2025,JM,T3 - Edward Seaga Highway,18.167088,-77.037727,1 Jun 2025,2025-06-01,1748736000.0,6,Sunday,6,22
1 jun 2025,JM,A3 - Moneague to Walkerswood Rd,18.314787,-77.090967,1 Jun 2025,2025-06-01,1748736000.0,6,Sunday,6,22
1 jun 2025,JM,A1 - Walks Rd,18.020499,-76.975326,1 Jun 2025,2025-06-01,1748736000.0,6,Sunday,6,22
1 jun 2025,JM,T3 - Edward Seaga Highway,18.049783,-76.981797,1 Jun 2025,2025-06-01,1748736000.0,6,Sunday,6,22
1 jun 2025,JM,Caymanas Estate Rd,18.00738,-76.906271,1 Jun 2025,2025-06-01,1748736000.0,6,Sunday,6,22
1 jun 2025,JM,T3 - Edward Seaga Highway,18.15855,-77.033459,1 Jun 2025,2025-06-01,1748736000.0,6,Sunday,6,22
1 jun 2025,JM,Red Hills Rd,18.055458,-76.851137,1 Jun 2025,2025-06-01,1748736000.0,6,Sunday,6,22
1 jun 2025,JM,East Dulwich Dr,18.029812,-76.786671,1 Jun 2025,2025-06-01,1748736000.0,6,Sunday,6,22
1 jun 2025,JM,Grants Pen Rd,18.0305,-76.788225,1 Jun 2025,2025-06-01,1748736000.0,6,Sunday,6,22
1 jun 2025,JM,Molynes Rd,18.042362,-76.821294,1 Jun 2025,2025-06-01,1748736000.0,6,Sunday,6,22
1 jun 2025,JM,T1 (E) - East West Hwy,17.94022,-77.243094,1 Jun 2025,2025-06-01,1748736000.0,6,Sunday,6,22
1 jun 2025,JM,T3 - Edward Seaga Highway,18.371258,-77.161159,1 Jun 2025,2025-06-01,1748736000.0,6,Sunday,6,22
1 jun 2025,JM,A1 - North Coast Highway,18.459695,-77.402144,1 Jun 2025,2025-06-01,1748736000.0,6,Sunday,6,22
1 jun 2025,JM,A1 - North Coast Highway,18.512552,-77.764099,1 Jun 2025,2025-06-01,1748736000.0,6,Sunday,6,22
1 jun 2025,JM,,17.992432,-76.965549,1 Jun 2025,2025-06-01,1748736000.0,6,Sunday,6,22
1 jun 2025,JM,A1 - Green Island to Negril Rd,18.376008,-78.302187,1 Jun 2025,2025-06-01,1748736000.0,6,Sunday,6,22
1 jun 2025,JM,March Pen Rd,17.989082,-76.954623,1 Jun 2025,2025-06-01,1748736000.0,6,Sunday,6,22
1 jun 2025,JM,T3 - Edward Seaga Highway,18.04942,-76.98159,1 Jun 2025,2025-06-01,1748736000.0,6,Sunday,6,22
1 jun 2025,JM,A2 - Scotts Cove to Black River-Luana Rd,18.047944,-77.937487,1 Jun 2025,2025-06-01,1748736000.0,6,Sunday,6,22
1 jun 2025,JM,A2 - Winston Jones Highway,18.067187,-77.495496,1 Jun 2025,2025-06-01,1748736000.0,6,Sunday,6,22
1 jun 2025,JM,B5 - Main Rd,18.207848,-77.499399,1 Jun 2025,2025-06-01,1748736000.0,6,Sunday,6,22
1 jun 2025,JM,A1,18.035855,-76.980628,1 Jun 2025,2025-06-01,1748736000.0,6,Sunday,6,22
1 jun 2025,JM,A1 (E) - Nelson Mandela Highway,18.012094,-76.893896,1 Jun 2025,2025-06-01,1748736000.0,6,Sunday,6,22
1 jun 2025,JM,T1 (W) - East West Hwy,17.956169,-77.318727,1 Jun 2025,2025-06-01,1748736000.0,6,Sunday,6,22
1 jun 2025,JM,A2 (W) - Washington Blvd,18.026067,-76.840413,1 Jun 2025,2025-06-01,1748736000.0,6,Sunday,6,22
1 jun 2025,JM,B3 - Top Rd,18.390918,-77.367972,1 Jun 2025,2025-06-01,1748736000.0,6,Sunday,6,22
1 jun 2025,JM,A1 (W) - Nelson Mandela Highway,18.02582,-76.860481,1 Jun 2025,2025-06-01,1748736000.0,6,Sunday,6,22
1 jun 2025,JM,T3 - Edward Seaga Highway,18.098051,-77.013533,1 Jun 2025,2025-06-01,1748736000.0,6,Sunday,6,22
1 jun 2025,JM,T3 - Edward Seaga Highway,18.137254,-77.039824,1 Jun 2025,2025-06-01,1748736000.0,6,Sunday,6,22
1 jun 2025,JM,T1 (W) - East West Hwy,17.955866,-77.028131,1 Jun 2025,2025-06-01,1748736000.0,6,Sunday,6,22
1 jun 2025,JM,Braeton Rd,17.952179,-76.90729,1 Jun 2025,2025-06-01,1748736000.0,6,Sunday,6,22
1 jun 2025,JM,T3 - Edward Seaga Highway,18.214693,-77.071477,1 Jun 2025,2025-06-01,1748736000.0,6,Sunday,6,22
1 jun 2025,JM,A1 - North Coast Hwy,18.463096,-77.335374,1 Jun 2025,2025-06-01,1748736000.0,6,Sunday,6,22
1 jun 2025,JM,Omara Cr,18.00575,-76.807264,1 Jun 2025,2025-06-01,1748736000.0,6,Sunday,6,22
1 jun 2025,JM,Braeton Parkway,17.95888,-76.903512,1 Jun 2025,2025-06-01,1748736000.0,6,Sunday,6,22
1 jun 2025,JM,B15 - Barnett to Adelphi Rd,18.462305,-77.913632,1 Jun 2025,2025-06-01,1748736000.0,6,Sunday,6,22
1 jun 2025,JM,,18.138465,-77.047222,1 Jun 2025,2025-06-01,1748736000.0,6,Sunday,6,22
1 jun 2025,JM,A2 - Spur Tree Rd,18.010415,-77.578238,1 Jun 2025,2025-06-01,1748736000.0,6,Sunday,6,22
1 jun 2025,JM,T3 - Edward Seaga Highway,18.422411,-77.159074,1 Jun 2025,2025-06-01,1748736000.0,6,Sunday,6,22
1 jun 2025,JM,Camp Rd,17.987044,-76.779378,1 Jun 2025,2025-06-01,1748736000.0,6,Sunday,6,22
1 jun 2025,JM,A1 - Walks Rd,18.025469,-76.977205,1 Jun 2025,2025-06-01,1748736000.0,6,Sunday,6,22
1 jun 2025,JM,T1 (W) - East West Hwy,17.973366,-76.958098,1 Jun 2025,2025-06-01,1748736000.0,6,Sunday,6,22
1 jun 2025,JM,A2 E - Washington Blvd,18.027379,-76.809351,1 Jun 2025,2025-06-01,1748736000.0,6,Sunday,6,22
1 jun 2025,JM,A2 - Tombstone to Gutters Rd,18.04969,-77.673099,1 Jun 2025,2025-06-01,1748736000.0,6,Sunday,6,22
1 jun 2025,JM,Bernard Lodge Main Rd,17.980013,-76.934553,1 Jun 2025,2025-06-01,1748736000.0,6,Sunday,6,22
1 jun 2025,JM,T1 (E) - East West Hwy,17.96127,-77.351129,1 Jun 2025,2025-06-01,1748736000.0,6,Sunday,6,22
1 jun 2025,JM,T1 (W) - East West Hwy,17.922713,-77.165399,1 Jun 2025,2025-06-01,1748736000.0,6,Sunday,6,22
1 jun 2025,JM,A1 - North Coast Highway,18.46597,-77.518085,1 Jun 2025,2025-06-01,1748736000.0,6,Sunday,6,22
1 jun 2025,JM,,18.512457,-77.886893,1 Jun 2025,2025-06-01,1748736000.0,6,Sunday,6,22
1 jun 2025,JM,A1 - North Coast Highway,18.445272,-77.222577,1 Jun 2025,2025-06-01,1748736000.0,6,Sunday,6,22
1 jun 2025,JM,T3 - Edward Seaga Highway,18.170094,-77.039845,1 Jun 2025,2025-06-01,1748736000.0,6,Sunday,6,22
1 jun 2025,JM,A1 - Walks Rd,18.019024,-76.975034,1 Jun 2025,2025-06-01,1748736000.0,6,Sunday,6,22
1 jun 2025,JM,Caledonia Road,18.055663,-77.478636,1 Jun 2025,2025-06-01,1748736000.0,6,Sunday,6,22
1 jun 2025,JM,Salt Pond Rd,17.972414,-76.940962,1 Jun 2025,2025-06-01,1748736000.0,6,Sunday,6,22
1 jun 2025,JM,T3 - Edward Seaga Highway,18.190971,-77.038934,1 Jun 2025,2025-06-01,1748736000.0,6,Sunday,6,22
1 jun 2025,JM,Eltham Parkway Rd,18.013203,-76.97253,1 Jun 2025,2025-06-01,1748736000.0,6,Sunday,6,22
1 jun 2025,JM,A1 - North Coast Highway,18.445912,-77.223178,1 Jun 2025,2025-06-01,1748736000.0,6,Sunday,6,22
1 jun 2025,JM,A4 - Southern Coastal Highway,17.936166,-76.655126,1 Jun 2025,2025-06-01,1748736000.0,6,Sunday,6,22
1 jun 2025,JM,T1 (W) - East West Hwy,17.979899,-76.927608,1 Jun 2025,2025-06-01,1748736000.0,6,Sunday,6,22
1 jun 2025,JM,A1 - Lucea to Green Island Rd,18.439568,-78.155536,1 Jun 2025,2025-06-01,1748736000.0,6,Sunday,6,22
1 jun 2025,JM,A3 - Agualta to Broadgate Rd,18.235476,-76.812673,1 Jun 2025,2025-06-01,1748736000.0,6,Sunday,6,22
1 jun 2025,JM,,17.961355,-76.898994,1 Jun 2025,2025-06-01,1748736000.0,6,Sunday,6,22
1 jun 2025,JM,A1 - Lucea to Green Island Rd,18.439443,-78.155789,1 Jun 2025,2025-06-01,1748736000.0,6,Sunday,6,22
1 jun 2025,JM,A2 - High St,18.053223,-77.902678,1 Jun 2025,2025-06-01,1748736000.0,6,Sunday,6,22
1 jun 2025,JM,A2 - Tombstone to Gutters Rd,18.077386,-77.737635,1 Jun 2025,2025-06-01,1748736000.0,6,Sunday,6,22
1 jun 2025,JM,B6,18.216519,-77.861818,1 Jun 2025,2025-06-01,1748736000.0,6,Sunday,6,22
1 jun 2025,JM,Bernard Lodge Main Rd,17.984406,-76.93678,1 Jun 2025,2025-06-01,1748736000.0,6,Sunday,6,22
1 jun 2025,JM,Red Hills Rd,18.055445,-76.851107,1 Jun 2025,2025-06-01,1748736000.0,6,Sunday,6,22
1 jun 2025,JM,Weymouth Dr,18.020716,-76.842242,1 Jun 2025,2025-06-01,1748736000.0,6,Sunday,6,22
1 jun 2025,JM,Queens Ave,18.004771,-76.80353,1 Jun 2025,2025-06-01,1748736000.0,6,Sunday,6,22
1 jun 2025,JM,A1 (E) - Nelson Mandela Highway,18.016136,-76.887957,1 Jun 2025,2025-06-01,1748736000.0,6,Sunday,6,22
1 jun 2025,JM,A1 - Spanish Town By-pass Rd,17.9941,-76.966508,1 Jun 2025,2025-06-01,1748736000.0,6,Sunday,6,22
1 jun 2025,JM,Michael Manley Blvd,17.968683,-76.757607,1 Jun 2025,2025-06-01,1748736000.0,6,Sunday,6,22
1 jun 2025,JM,T1 (E) - East West Hwy,17.96304,-77.268266,1 Jun 2025,2025-06-01,1748736000.0,6,Sunday,6,22
1 jun 2025,JM,T1 (W) - East West Hwy,17.976574,-76.940999,1 Jun 2025,2025-06-01,1748736000.0,6,Sunday,6,22
1 jun 2025,JM,T3 - Edward Seaga Highway,18.159671,-77.034082,1 Jun 2025,2025-06-01,1748736000.0,6,Sunday,6,22
1 jun 2025,JM,T3 - Edward Seaga Highway,18.216418,-77.074189,1 Jun 2025,2025-06-01,1748736000.0,6,Sunday,6,22
1 jun 2025,JM,T3 - Edward Seaga Highway,18.281866,-77.122839,1 Jun 2025,2025-06-01,1748736000.0,6,Sunday,6,22
1 jun 2025,JM,T3 - Edward Seaga Highway,18.254611,-77.113909,1 Jun 2025,2025-06-01,1748736000.0,6,Sunday,6,22
1 jun 2025,JM,T3 - Edward Seaga Highway,18.345488,-77.147619,1 Jun 2025,2025-06-01,1748736000.0,6,Sunday,6,22
1 jun 2025,JM,T3 - Edward Seaga Highway,18.359796,-77.158884,1 Jun 2025,2025-06-01,1748736000.0,6,Sunday,6,22
1 jun 2025,JM,A1 - Spanish Town By-pass Rd,18.01634,-76.97522,1 Jun 2025,2025-06-01,1748736000.0,6,Sunday,6,22
1 jun 2025,JM,T3 - Edward Seaga Highway,18.083794,-77.009028,1 Jun 2025,2025-06-01,1748736000.0,6,Sunday,6,22
1 jun 2025,JM,T3 - Edward Seaga Highway,18.042798,-76.975685,1 Jun 2025,2025-06-01,1748736000.0,6,Sunday,6,22
1 jun 2025,JM,A2 (E) - Washington Blvd,18.026139,-76.837176,1 Jun 2025,2025-06-01,1748736000.0,6,Sunday,6,22
1 jun 2025,JM,T1 (W) - East West Hwy,17.95637,-77.317501,1 Jun 2025,2025-06-01,1748736000.0,6,Sunday,6,22
1 jun 2025,JM,A4 - Golden Grove to Belle Castle Rd,17.951067,-76.261042,1 Jun 2025,2025-06-01,1748736000.0,6,Sunday,6,22
1 jun 2025,JM,A1 (E) - Nelson Mandela Highway,18.025253,-76.8718,1 Jun 2025,2025-06-01,1748736000.0,6,Sunday,6,22
1 jun 2025,JM,A1 - North Coast Highway,18.511718,-77.747782,1 Jun 2025,2025-06-01,1748736000.0,6,Sunday,6,22
1 jun 2025,JM,Mall Rd,18.010126,-76.819919,1 Jun 2025,2025-06-01,1748736000.0,6,Sunday,6,22
1 jun 2025,JM,T3 - Edward Seaga Highway,18.369455,-77.161453,1 Jun 2025,2025-06-01,1748736000.0,6,Sunday,6,22
1 jun 2025,JM,B6,18.278454,-77.892498,1 Jun 2025,2025-06-01,1748736000.0,6,Sunday,6,22
1 jun 2025,JM,B7,18.267793,-77.956987,1 Jun 2025,2025-06-01,1748736000.0,6,Sunday,6,22
1 jun 2025,JM,Salt Pond Rd,17.966139,-76.936212,1 Jun 2025,2025-06-01,1748736000.0,6,Sunday,6,22
1 jun 2025,JM,A3 - Broadgate to Toms River Rd,18.191816,-76.823686,1 Jun 2025,2025-06-01,1748736000.0,6,Sunday,6,22
1 jun 2025,JM,A1 - River Rd,18.090426,-77.004918,1 Jun 2025,2025-06-01,1748736000.0,6,Sunday,6,22
1 jun 2025,JM,B8 - Shettlewood to Mackfield Rd,18.330754,-77.996621,1 Jun 2025,2025-06-01,1748736000.0,6,Sunday,6,22
1 jun 2025,JM,A1 (E) - Nelson Mandela Highway,18.025879,-76.864546,1 Jun 2025,2025-06-01,1748736000.0,6,Sunday,6,22
1 jun 2025,JM,Red Hills Rd,18.051728,-76.840643,1 Jun 2025,2025-06-01,1748736000.0,6,Sunday,6,22
1 jun 2025,JM,A1 - Walks Rd,18.029376,-76.978062,1 Jun 2025,2025-06-01,1748736000.0,6,Sunday,6,22
1 jun 2025,JM,Braeton Parkway,17.962768,-76.896908,1 Jun 2025,2025-06-01,1748736000.0,6,Sunday,6,22
1 jun 2025,JM,B7 - Shettlewood to Chester Castle Rd,18.331815,-77.951291,1 Jun 2025,2025-06-01,1748736000.0,6,Sunday,6,22
1 jun 2025,JM,,17.970641,-76.924074,1 Jun 2025,2025-06-01,1748736000.0,6,Sunday,6,22
1 jun 2025,JM,Salt Pond Rd,17.973232,-76.941402,1 Jun 2025,2025-06-01,1748736000.0,6,Sunday,6,22
1 jun 2025,JM,Goshen Main Rd,18.047085,-77.635039,1 Jun 2025,2025-06-01,1748736000.0,6,Sunday,6,22
1 jun 2025,JM,Hope Rd,18.014175,-76.789487,1 Jun 2025,2025-06-01,1748736000.0,6,Sunday,6,22
1 jun 2025,JM,Dominica Dr,18.005482,-76.787956,1 Jun 2025,2025-06-01,1748736000.0,6,Sunday,6,22
1 jun 2025,JM,Barbican Road,18.032297,-76.781066,1 Jun 2025,2025-06-01,1748736000.0,6,Sunday,6,22
1 jun 2025,JM,Old Hope Rd,18.013521,-76.770808,1 Jun 2025,2025-06-01,1748736000.0,6,Sunday,6,22
1 jun 2025,JM,T3 - Edward Seaga Highway,18.217065,-77.074775,1 Jun 2025,2025-06-01,1748736000.0,6,Sunday,6,22
1 jun 2025,JM,A2 - Sir Alexander Bustamante Hwy,17.93591,-77.169014,1 Jun 2025,2025-06-01,1748736000.0,6,Sunday,6,22
1 jun 2025,JM,A1 - North Coast Highway,18.445442,-77.222711,1 Jun 2025,2025-06-01,1748736000.0,6,Sunday,6,22
1 jun 2025,JM,A1 - Spanish Town Rd,18.013554,-76.842031,1 Jun 2025,2025-06-01,1748736000.0,6,Sunday,6,22
1 jun 2025,JM,T3 - Edward Seaga Highway,18.051062,-76.982728,1 Jun 2025,2025-06-01,1748736000.0,6,Sunday,6,22
1 jun 2025,JM,A3 - Stony Hill Rd,18.07506,-76.790935,1 Jun 2025,2025-06-01,1748736000.0,6,Sunday,6,22
1 jun 2025,JM,A2 - Old Harbour Rd,17.99054,-76.979563,1 Jun 2025,2025-06-01,1748736000.0,6,Sunday,6,22
1 jun 2025,JM,A1 (E) - Nelson Mandela Highway,18.025873,-76.864891,1 Jun 2025,2025-06-01,1748736000.0,6,Sunday,6,22
1 jun 2025,JM,T3 - Edward Seaga Highway,18.095776,-77.009842,1 Jun 2025,2025-06-01,1748736000.0,6,Sunday,6,22
1 jun 2025,JM,A2 - Luana to Tombstone Rd,18.113478,-77.81406,1 Jun 2025,2025-06-01,1748736000.0,6,Sunday,6,22
1 jun 2025,JM,Municipal Blvd,17.965838,-76.899296,1 Jun 2025,2025-06-01,1748736000.0,6,Sunday,6,22
1 jun 2025,JM,A1 - Walks Rd,18.030551,-76.978522,1 Jun 2025,2025-06-01,1748736000.0,6,Sunday,6,22
1 jun 2025,JM,T3 - Edward Seaga Highway,18.16803,-77.03823,1 Jun 2025,2025-06-01,1748736000.0,6,Sunday,6,22
1 jun 2025,JM,B8 - Shettlewood to Mackfield Rd,18.34578,-77.955498,1 Jun 2025,2025-06-01,1748736000.0,6,Sunday,6,22
1 jun 2025,JM,A1,18.037974,-76.980775,1 Jun 2025,2025-06-01,1748736000.0,6,Sunday,6,22
1 jun 2025,JM,Lakes Pen Main Rd,17.984634,-76.931248,1 Jun 2025,2025-06-01,1748736000.0,6,Sunday,6,22
1 jun 2025,JM,Red Hills Rd,18.043749,-76.817368,1 Jun 2025,2025-06-01,1748736000.0,6,Sunday,6,22
1 jun 2025,JM,A1 - Spanish Town By-pass Rd,17.98718,-76.955373,1 Jun 2025,2025-06-01,1748736000.0,6,Sunday,6,22
1 jun 2025,JM,A1,18.040696,-76.980152,1 Jun 2025,2025-06-01,1748736000.0,6,Sunday,6,22
1 jun 2025,JM,,18.022799,-77.476709,1 Jun 2025,2025-06-01,1748736000.0,6,Sunday,6,22
1 jun 2025,JM,A1 - North Coast Highway,18.430224,-77.189394,1 Jun 2025,2025-06-01,1748736000.0,6,Sunday,6,22
1 jun 2025,JM,A2 (W) - Melrose Hill Byp,18.047283,-77.440309,1 Jun 2025,2025-06-01,1748736000.0,6,Sunday,6,22
1 jun 2025,JM,B6,18.284518,-77.896251,1 Jun 2025,2025-06-01,1748736000.0,6,Sunday,6,22
1 jun 2025,JM,A3 - Agualta to Broadgate Rd,18.236327,-76.812742,1 Jun 2025,2025-06-01,1748736000.0,6,Sunday,6,22
1 jun 2025,JM,A1 - North Coast Highway,18.429909,-77.188769,1 Jun 2025,2025-06-01,1748736000.0,6,Sunday,6,22
1 jun 2025,JM,T1 (W) - East West Hwy,17.926222,-77.169674,1 Jun 2025,2025-06-01,1748736000.0,6,Sunday,6,22
1 jun 2025,JM,Barbican Rd,18.028857,-76.76921,1 Jun 2025,2025-06-01,1748736000.0,6,Sunday,6,22
1 jun 2025,JM,A1 - North Coast Highway,18.479078,-77.594823,1 Jun 2025,2025-06-01,1748736000.0,6,Sunday,6,22
1 jun 2025,JM,T1 (E) - East West Hwy,17.940261,-77.244435,1 Jun 2025,2025-06-01,1748736000.0,6,Sunday,6,22
1 jun 2025,JM,T1 (W) - East West Hwy,17.956522,-77.316578,1 Jun 2025,2025-06-01,1748736000.0,6,Sunday,6,22
1 jun 2025,JM,Riley Rd,18.435194,-78.168677,1 Jun 2025,2025-06-01,1748736000.0,6,Sunday,6,22
1 jun 2025,JM,A1 - River Rd,18.071324,-76.986607,1 Jun 2025,2025-06-01,1748736000.0,6,Sunday,6,22
1 jun 2025,JM,A2 E - Washington Blvd,18.027477,-76.810536,1 Jun 2025,2025-06-01,1748736000.0,6,Sunday,6,22
1 jun 2025,JM,Barbican Road,18.032451,-76.780602,1 Jun 2025,2025-06-01,1748736000.0,6,Sunday,6,22
1 jun 2025,JM,T3 - Edward Seaga Highway,18.209886,-77.061125,1 Jun 2025,2025-06-01,1748736000.0,6,Sunday,6,22
31 may 2025,JM,Rest Store to Wigton Rd,17.910748,-77.526039,31 May 2025,2025-05-31,1748649600.0,5,Saturday,5,22
31 may 2025,JM,A1 - Lucea to Green Island Rd,18.454291,-78.204489,31 May 2025,2025-05-31,1748649600.0,5,Saturday,5,22
31 may 2025,JM,,18.017815,-77.012003,31 May 2025,2025-05-31,1748649600.0,5,Saturday,5,22
31 may 2025,JM,A2 - Spur Tree Rd,18.008378,-77.586104,31 May 2025,2025-05-31,1748649600.0,5,Saturday,5,22
31 may 2025,JM,A2 E - Dunrobin Ave,18.025883,-76.802276,31 May 2025,2025-05-31,1748649600.0,5,Saturday,5,22
31 may 2025,JM,B15 - Adelphi to Hampden Rd,18.43597,-77.773396,31 May 2025,2025-05-31,1748649600.0,5,Saturday,5,22
31 may 2025,JM,T3 - Edward Seaga Highway,18.050158,-76.98204,31 May 2025,2025-05-31,1748649600.0,5,Saturday,5,22
31 may 2025,JM,A3 - Stony Hill Rd,18.089334,-76.802068,31 May 2025,2025-05-31,1748649600.0,5,Saturday,5,22
31 may 2025,JM,A3 - Oracabessa to White River Rd,18.408566,-76.995794,31 May 2025,2025-05-31,1748649600.0,5,Saturday,5,22
31 may 2025,JM,T3 - Edward Seaga Highway,18.320115,-77.137298,31 May 2025,2025-05-31,1748649600.0,5,Saturday,5,22
31 may 2025,JM,T3 - Edward Seaga Highway,18.050656,-76.982418,31 May 2025,2025-05-31,1748649600.0,5,Saturday,5,22
31 may 2025,JM,Hopefield Ave,18.016069,-76.774195,31 May 2025,2025-05-31,1748649600.0,5,Saturday,5,22
31 may 2025,JM,A1 - Howard Cook Blvd,18.466602,-77.924044,31 May 2025,2025-05-31,1748649600.0,5,Saturday,5,22
31 may 2025,JM,T3 - Edward Seaga Highway,18.105443,-77.036668,31 May 2025,2025-05-31,1748649600.0,5,Saturday,5,22
31 may 2025,JM,T1 - East West Hwy,18.008368,-76.89428,31 May 2025,2025-05-31,1748649600.0,5,Saturday,5,22
31 may 2025,JM,T3 - Edward Seaga Highway,18.218705,-77.077113,31 May 2025,2025-05-31,1748649600.0,5,Saturday,5,22
31 may 2025,JM,T3 - Edward Seaga Highway,18.378063,-77.160237,31 May 2025,2025-05-31,1748649600.0,5,Saturday,5,22
31 may 2025,JM,T3 - Edward Seaga Highway,18.136517,-77.04003,31 May 2025,2025-05-31,1748649600.0,5,Saturday,5,22
31 may 2025,JM,Caymanas Dr,17.987291,-76.881514,31 May 2025,2025-05-31,1748649600.0,5,Saturday,5,22
31 may 2025,JM,T3 - Edward Seaga Highway,18.207296,-77.053505,31 May 2025,2025-05-31,1748649600.0,5,Saturday,5,22
31 may 2025,JM,King St,17.99653,-76.954836,31 May 2025,2025-05-31,1748649600.0,5,Saturday,5,22
31 may 2025,JM,Waltham Park Rd,18.017155,-76.810516,31 May 2025,2025-05-31,1748649600.0,5,Saturday,5,22
31 may 2025,JM,White Church St,17.996,-76.953888,31 May 2025,2025-05-31,1748649600.0,5,Saturday,5,22
31 may 2025,JM,Port Royal St,17.965616,-76.792412,31 May 2025,2025-05-31,1748649600.0,5,Saturday,5,22
31 may 2025,JM,A1 - North Coast Highway,18.475262,-77.590646,31 May 2025,2025-05-31,1748649600.0,5,Saturday,5,22
31 may 2025,JM,A1 - North Coast Highway,18.444857,-77.22226,31 May 2025,2025-05-31,1748649600.0,5,Saturday,5,22
31 may 2025,JM,King St,17.996188,-76.954649,31 May 2025,2025-05-31,1748649600.0,5,Saturday,5,22
31 may 2025,JM,A1 - North Coast Highway,18.446878,-77.224419,31 May 2025,2025-05-31,1748649600.0,5,Saturday,5,22
31 may 2025,JM,Braeton Rd,17.94995,-76.912349,31 May 2025,2025-05-31,1748649600.0,5,Saturday,5,22
31 may 2025,JM,A1,18.038063,-76.980752,31 May 2025,2025-05-31,1748649600.0,5,Saturday,5,22
31 may 2025,JM,White Church St,17.994371,-76.953113,31 May 2025,2025-05-31,1748649600.0,5,Saturday,5,22
31 may 2025,JM,T3 - Edward Seaga Highway,18.115403,-77.040769,31 May 2025,2025-05-31,1748649600.0,5,Saturday,5,22
31 may 2025,JM,T1 (E) - East West Hwy,17.977057,-76.93767,31 May 2025,2025-05-31,1748649600.0,5,Saturday,5,22
31 may 2025,JM,Trafalgar Rd,18.007182,-76.779618,31 May 2025,2025-05-31,1748649600.0,5,Saturday,5,22
31 may 2025,JM,T3 - Edward Seaga Highway,18.172853,-77.041693,31 May 2025,2025-05-31,1748649600.0,5,Saturday,5,22
31 may 2025,JM,T3 - Edward Seaga Highway,18.102644,-77.033543,31 May 2025,2025-05-31,1748649600.0,5,Saturday,5,22
31 may 2025,JM,T3 - Edward Seaga Highway,18.207522,-77.054292,31 May 2025,2025-05-31,1748649600.0,5,Saturday,5,22
31 may 2025,JM,A1 - Spanish Town By-pass Rd,17.98851,-76.943834,31 May 2025,2025-05-31,1748649600.0,5,Saturday,5,22
31 may 2025,JM,Hopefield Ave,18.016136,-76.773715,31 May 2025,2025-05-31,1748649600.0,5,Saturday,5,22
31 may 2025,JM,Caledonia Road,18.056286,-77.477003,31 May 2025,2025-05-31,1748649600.0,5,Saturday,5,22
31 may 2025,JM,Mercantile Ave,17.975007,-76.8671,31 May 2025,2025-05-31,1748649600.0,5,Saturday,5,22
31 may 2025,JM,Truro Gate to Locust Tree Rd,18.308724,-78.140291,31 May 2025,2025-05-31,1748649600.0,5,Saturday,5,22
31 may 2025,JM,T1 (E) - East West Hwy,17.929209,-77.174512,31 May 2025,2025-05-31,1748649600.0,5,Saturday,5,22
31 may 2025,JM,T1 (W) - East West Hwy,18.008069,-77.407855,31 May 2025,2025-05-31,1748649600.0,5,Saturday,5,22
31 may 2025,JM,A4 - Harbour View to Bull Bay Rd,17.94058,-76.665714,31 May 2025,2025-05-31,1748649600.0,5,Saturday,5,22
31 may 2025,JM,Caymanas Dr,17.987291,-76.881513,31 May 2025,2025-05-31,1748649600.0,5,Saturday,5,22
31 may 2025,JM,Spaldings to Cave Valley Rd,18.201556,-77.421901,31 May 2025,2025-05-31,1748649600.0,5,Saturday,5,22
31 may 2025,JM,Auburn Ter,18.026676,-76.838962,31 May 2025,2025-05-31,1748649600.0,5,Saturday,5,22
31 may 2025,JM,Upper West Henderson Blvd,17.948726,-76.913423,31 May 2025,2025-05-31,1748649600.0,5,Saturday,5,22
31 may 2025,JM,A1 - North Coast Highway,18.50128,-77.71049,31 May 2025,2025-05-31,1748649600.0,5,Saturday,5,22
31 may 2025,JM,T3 - Edward Seaga Highway,18.181402,-77.041643,31 May 2025,2025-05-31,1748649600.0,5,Saturday,5,22
31 may 2025,JM,T1 (W) - East West Hwy,17.96688,-77.365452,31 May 2025,2025-05-31,1748649600.0,5,Saturday,5,22
31 may 2025,JM,Stoney Hill to Parks Road Rd,18.089178,-76.81834,31 May 2025,2025-05-31,1748649600.0,5,Saturday,5,22
31 may 2025,JM,Sidney Pagon Dr,18.056681,-77.697036,31 May 2025,2025-05-31,1748649600.0,5,Saturday,5,22
31 may 2025,JM,Hope Rd,18.018429,-76.781765,31 May 2025,2025-05-31,1748649600.0,5,Saturday,5,22
31 may 2025,JM,A2 - Luana to Tombstone Rd,18.11364,-77.812552,31 May 2025,2025-05-31,1748649600.0,5,Saturday,5,22
31 may 2025,JM,T1 (W) - East West Hwy,17.958916,-77.301118,31 May 2025,2025-05-31,1748649600.0,5,Saturday,5,22
31 may 2025,JM,New Forest to Downs Rd,17.931579,-77.567078,31 May 2025,2025-05-31,1748649600.0,5,Saturday,5,22
31 may 2025,JM,A4 - Grants Pen to Albion Rd,17.905073,-76.621605,31 May 2025,2025-05-31,1748649600.0,5,Saturday,5,22
31 may 2025,JM,Duhaney Dr,18.031135,-76.844242,31 May 2025,2025-05-31,1748649600.0,5,Saturday,5,22
31 may 2025,JM,A4 - West St,18.179246,-76.451807,31 May 2025,2025-05-31,1748649600.0,5,Saturday,5,22
31 may 2025,JM,T3 - Edward Seaga Highway,18.412556,-77.155397,31 May 2025,2025-05-31,1748649600.0,5,Saturday,5,22
31 may 2025,JM,A4 - Prospect to Port Morant Rd,17.868443,-76.344069,31 May 2025,2025-05-31,1748649600.0,5,Saturday,5,22
31 may 2025,JM,North St,17.976834,-76.801241,31 May 2025,2025-05-31,1748649600.0,5,Saturday,5,22
31 may 2025,JM,Covey Ave,18.032063,-76.827832,31 May 2025,2025-05-31,1748649600.0,5,Saturday,5,22
31 may 2025,JM,A2 - Luana to Tombstone Rd,18.10515,-77.790873,31 May 2025,2025-05-31,1748649600.0,5,Saturday,5,22
31 may 2025,JM,A1 - North Coast Hwy,18.461399,-77.367446,31 May 2025,2025-05-31,1748649600.0,5,Saturday,5,22
31 may 2025,JM,B7,18.237683,-77.953757,31 May 2025,2025-05-31,1748649600.0,5,Saturday,5,22
31 may 2025,JM,A4 - White Horses to Rozelle Rd,17.87231,-76.457623,31 May 2025,2025-05-31,1748649600.0,5,Saturday,5,22
31 may 2025,JM,B8 - Anchovy to Shettlewood Rd,18.391408,-77.937441,31 May 2025,2025-05-31,1748649600.0,5,Saturday,5,22
31 may 2025,JM,Bernard Lodge Main Rd,17.98923,-76.944078,31 May 2025,2025-05-31,1748649600.0,5,Saturday,5,22
31 may 2025,JM,A1 (W) - Nelson Mandela Highway,18.025858,-76.857677,31 May 2025,2025-05-31,1748649600.0,5,Saturday,5,22
31 may 2025,JM,T3 - Edward Seaga Highway,18.210368,-77.063193,31 May 2025,2025-05-31,1748649600.0,5,Saturday,5,22
31 may 2025,JM,T3 - Edward Seaga Highway,18.284492,-77.123963,31 May 2025,2025-05-31,1748649600.0,5,Saturday,5,22
31 may 2025,JM,A2 W - Washington Blvd,18.026455,-76.817612,31 May 2025,2025-05-31,1748649600.0,5,Saturday,5,22
31 may 2025,JM,Sligoville Road,18.091989,-76.985131,31 May 2025,2025-05-31,1748649600.0,5,Saturday,5,22
31 may 2025,JM,A2 - High St,18.052313,-77.904288,31 May 2025,2025-05-31,1748649600.0,5,Saturday,5,22
31 may 2025,JM,Kingsland Main Rd,18.012598,-77.545402,31 May 2025,2025-05-31,1748649600.0,5,Saturday,5,22
31 may 2025,JM,T1 (E) - East West Hwy,17.927047,-77.170437,31 May 2025,2025-05-31,1748649600.0,5,Saturday,5,22
31 may 2025,JM,A2 - Tombstone to Gutters Rd,18.070269,-77.734525,31 May 2025,2025-05-31,1748649600.0,5,Saturday,5,22
31 may 2025,JM,A1 - Spanish Town By-pass Rd,17.988626,-76.959403,31 May 2025,2025-05-31,1748649600.0,5,Saturday,5,22
31 may 2025,JM,A3 - Stony Hill Rd,18.0695,-76.788241,31 May 2025,2025-05-31,1748649600.0,5,Saturday,5,22
31 may 2025,JM,A1 - North Ave,18.453368,-78.17779,31 May 2025,2025-05-31,1748649600.0,5,Saturday,5,22
31 may 2025,JM,Springfield to Kensington Rd,18.369243,-77.83173,31 May 2025,2025-05-31,1748649600.0,5,Saturday,5,22
31 may 2025,JM,A3 (N) - Constant Spring Rd,18.027185,-76.796324,31 May 2025,2025-05-31,1748649600.0,5,Saturday,5,22
31 may 2025,JM,A1 - North Coast Highway,18.46453,-77.499444,31 May 2025,2025-05-31,1748649600.0,5,Saturday,5,22
31 may 2025,JM,A1 (W) - Nelson Mandela Highway,18.023168,-76.87686,31 May 2025,2025-05-31,1748649600.0,5,Saturday,5,22
31 may 2025,JM,Braeton Parkway,17.949963,-76.914357,31 May 2025,2025-05-31,1748649600.0,5,Saturday,5,22
31 may 2025,JM,,18.220303,-76.669101,31 May 2025,2025-05-31,1748649600.0,5,Saturday,5,22
31 may 2025,JM,Bellevue Blvd.,18.003209,-77.014635,31 May 2025,2025-05-31,1748649600.0,5,Saturday,5,22
31 may 2025,JM,Municipal Blvd,17.986851,-76.886389,31 May 2025,2025-05-31,1748649600.0,5,Saturday,5,22
31 may 2025,JM,Municipal Blvd,17.975841,-76.890112,31 May 2025,2025-05-31,1748649600.0,5,Saturday,5,22
31 may 2025,JM,T1 (E) - East West Hwy,17.977013,-76.938298,31 May 2025,2025-05-31,1748649600.0,5,Saturday,5,22
31 may 2025,JM,T1 (W) - East West Hwy,17.953994,-77.041295,31 May 2025,2025-05-31,1748649600.0,5,Saturday,5,22
31 may 2025,JM,,18.510042,-77.757646,31 May 2025,2025-05-31,1748649600.0,5,Saturday,5,22
31 may 2025,JM,T3 - Edward Seaga Highway,18.283068,-77.123334,31 May 2025,2025-05-31,1748649600.0,5,Saturday,5,22
31 may 2025,JM,T3 - Edward Seaga Highway,18.411388,-77.164882,31 May 2025,2025-05-31,1748649600.0,5,Saturday,5,22
31 may 2025,JM,A2 - Winston Jones Highway,18.067079,-77.488023,31 May 2025,2025-05-31,1748649600.0,5,Saturday,5,22
31 may 2025,JM,A2 (E) - Washington Blvd,18.026444,-76.818163,31 May 2025,2025-05-31,1748649600.0,5,Saturday,5,22
31 may 2025,JM,T3 - Edward Seaga Highway,18.369229,-77.161321,31 May 2025,2025-05-31,1748649600.0,5,Saturday,5,22
31 may 2025,JM,Ripoll Cl,18.032398,-76.756063,31 May 2025,2025-05-31,1748649600.0,5,Saturday,5,22
31 may 2025,JM,A1 - North Coast Highway,18.48133,-77.630273,31 May 2025,2025-05-31,1748649600.0,5,Saturday,5,22
31 may 2025,JM,Queens Dr,18.48877,-77.924444,31 May 2025,2025-05-31,1748649600.0,5,Saturday,5,22
31 may 2025,JM,T3 - Edward Seaga Highway,18.289168,-77.127822,31 May 2025,2025-05-31,1748649600.0,5,Saturday,5,22
31 may 2025,JM,A1 - North Coast Highway,18.471727,-77.552912,31 May 2025,2025-05-31,1748649600.0,5,Saturday,5,22
31 may 2025,JM,A1 - Kew Bridge to Great River Rd,18.451293,-78.072693,31 May 2025,2025-05-31,1748649600.0,5,Saturday,5,22
31 may 2025,JM,A1 - Spanish Town Rd,18.010425,-76.838435,31 May 2025,2025-05-31,1748649600.0,5,Saturday,5,22
31 may 2025,JM,A1 - Lucea to Green Island Rd,18.437845,-78.236821,31 May 2025,2025-05-31,1748649600.0,5,Saturday,5,22
31 may 2025,JM,Hope Rd,18.018228,-76.782181,31 May 2025,2025-05-31,1748649600.0,5,Saturday,5,22
31 may 2025,JM,National Heroes Circle,17.985263,-76.786596,31 May 2025,2025-05-31,1748649600.0,5,Saturday,5,22
31 may 2025,JM,A3 - Ballards Valley to Trinity Rd,18.332969,-76.891176,31 May 2025,2025-05-31,1748649600.0,5,Saturday,5,22
31 may 2025,JM,A1 (W) - Nelson Mandela Highway,18.016866,-76.886583,31 May 2025,2025-05-31,1748649600.0,5,Saturday,5,22
31 may 2025,JM,,17.960733,-76.900464,31 May 2025,2025-05-31,1748649600.0,5,Saturday,5,22
31 may 2025,JM,B8 - Anchovy to Shettlewood Rd,18.349884,-77.941117,31 May 2025,2025-05-31,1748649600.0,5,Saturday,5,22
31 may 2025,JM,A1 - North Coast Hwy,18.466154,-77.313057,31 May 2025,2025-05-31,1748649600.0,5,Saturday,5,22
31 may 2025,JM,A3 - Stony Hill Rd,18.087817,-76.800713,31 May 2025,2025-05-31,1748649600.0,5,Saturday,5,22
31 may 2025,JM,A1 - Lucea to Green Island Rd,18.422827,-78.246335,31 May 2025,2025-05-31,1748649600.0,5,Saturday,5,22
31 may 2025,JM,Braeton Rd,17.952133,-76.907391,31 May 2025,2025-05-31,1748649600.0,5,Saturday,5,22
31 may 2025,JM,Molynes Rd,18.012975,-76.802204,31 May 2025,2025-05-31,1748649600.0,5,Saturday,5,22
31 may 2025,JM,A2 - Melrose Hill Byp,18.067985,-77.464205,31 May 2025,2025-05-31,1748649600.0,5,Saturday,5,22
31 may 2025,JM,A1 - Walks Rd,18.033227,-76.97933,31 May 2025,2025-05-31,1748649600.0,5,Saturday,5,22
31 may 2025,JM,Cassava Piece Rd,18.045199,-76.796581,31 May 2025,2025-05-31,1748649600.0,5,Saturday,5,22
31 may 2025,JM,A1 - North Coast Highway,18.480983,-77.63123,31 May 2025,2025-05-31,1748649600.0,5,Saturday,5,22
31 may 2025,JM,Harbour St,17.965796,-76.788609,31 May 2025,2025-05-31,1748649600.0,5,Saturday,5,22
31 may 2025,JM,T1 (E) - East West Hwy,17.960947,-77.284404,31 May 2025,2025-05-31,1748649600.0,5,Saturday,5,22
31 may 2025,JM,T3 - Edward Seaga Highway,18.238904,-77.088448,31 May 2025,2025-05-31,1748649600.0,5,Saturday,5,22
31 may 2025,JM,,17.969838,-76.866323,31 May 2025,2025-05-31,1748649600.0,5,Saturday,5,22
31 may 2025,JM,A2 - Smithfield Bridge to Scotts Cove Rd,18.090858,-77.967493,31 May 2025,2025-05-31,1748649600.0,5,Saturday,5,22
31 may 2025,JM,A2 - Old Harbour Rd,17.949645,-77.056985,31 May 2025,2025-05-31,1748649600.0,5,Saturday,5,22
31 may 2025,JM,A2 - Spur Tree Rd,18.014506,-77.583356,31 May 2025,2025-05-31,1748649600.0,5,Saturday,5,22
31 may 2025,JM,Harbour St,17.965573,-76.78576,31 May 2025,2025-05-31,1748649600.0,5,Saturday,5,22
31 may 2025,JM,A2 - Winston Jones Highway,18.067068,-77.488397,31 May 2025,2025-05-31,1748649600.0,5,Saturday,5,22
31 may 2025,JM,A1 - North Coast Highway,18.520376,-77.868763,31 May 2025,2025-05-31,1748649600.0,5,Saturday,5,22
31 may 2025,JM,Bernard Lodge Main Rd,17.991721,-76.94921,31 May 2025,2025-05-31,1748649600.0,5,Saturday,5,22
31 may 2025,JM,B8 - Long Hill Rd,18.435225,-77.946442,31 May 2025,2025-05-31,1748649600.0,5,Saturday,5,22
31 may 2025,JM,Cargill Ave,18.006713,-76.795953,31 May 2025,2025-05-31,1748649600.0,5,Saturday,5,22
31 may 2025,JM,,17.99242,-76.965717,31 May 2025,2025-05-31,1748649600.0,5,Saturday,5,22
31 may 2025,JM,A4 - Orange Bay to Windsor Castle Rd,18.242857,-76.671713,31 May 2025,2025-05-31,1748649600.0,5,Saturday,5,22
31 may 2025,JM,A1,18.044222,-76.98114,31 May 2025,2025-05-31,1748649600.0,5,Saturday,5,22
31 may 2025,JM,A3 (S) - Constant Spring Rd,18.035688,-76.797292,31 May 2025,2025-05-31,1748649600.0,5,Saturday,5,22
31 may 2025,JM,T1 (E) - East West Hwy,17.932257,-77.209943,31 May 2025,2025-05-31,1748649600.0,5,Saturday,5,22
31 may 2025,JM,Cedar Grove Blvd,17.98781,-76.883208,31 May 2025,2025-05-31,1748649600.0,5,Saturday,5,22
31 may 2025,JM,A2 E - Washington Blvd,18.027366,-76.80921,31 May 2025,2025-05-31,1748649600.0,5,Saturday,5,22
31 may 2025,JM,Norwood Gardens Blvd,18.500998,-77.882792,31 May 2025,2025-05-31,1748649600.0,5,Saturday,5,22
31 may 2025,JM,Roehampton Cl,18.04225,-76.805371,31 May 2025,2025-05-31,1748649600.0,5,Saturday,5,22
31 may 2025,JM,Ministry of Agriculture Road,18.017164,-76.751231,31 May 2025,2025-05-31,1748649600.0,5,Saturday,5,22
31 may 2025,JM,Hagley Park Rd,18.006674,-76.813531,31 May 2025,2025-05-31,1748649600.0,5,Saturday,5,22
31 may 2025,JM,T1 (W) - East West Hwy,17.953635,-77.043776,31 May 2025,2025-05-31,1748649600.0,5,Saturday,5,22
31 may 2025,JM,Camp Rd,17.986616,-76.779461,31 May 2025,2025-05-31,1748649600.0,5,Saturday,5,22
31 may 2025,JM,,18.523036,-77.83551,31 May 2025,2025-05-31,1748649600.0,5,Saturday,5,22
31 may 2025,JM,South Odeon Ave,18.011577,-76.798752,31 May 2025,2025-05-31,1748649600.0,5,Saturday,5,22
31 may 2025,JM,A2 - Scotts Cove to Black River-Luana Rd,18.06026,-77.951157,31 May 2025,2025-05-31,1748649600.0,5,Saturday,5,22
31 may 2025,JM,A1 - Bog Walk Gorge,18.046219,-76.981471,31 May 2025,2025-05-31,1748649600.0,5,Saturday,5,22
31 may 2025,JM,A2 (W) - Washington Blvd,18.025475,-76.821001,31 May 2025,2025-05-31,1748649600.0,5,Saturday,5,22
31 may 2025,JM,A2 - Old Harbour Rd,17.958525,-77.040753,31 May 2025,2025-05-31,1748649600.0,5,Saturday,5,22
31 may 2025,JM,T1 (W) - East West Hwy,17.927213,-77.131016,31 May 2025,2025-05-31,1748649600.0,5,Saturday,5,22
31 may 2025,JM,T1 (E) - East West Hwy,17.972721,-76.993893,31 May 2025,2025-05-31,1748649600.0,5,Saturday,5,22
31 may 2025,JM,T1 (W) - East West Hwy,17.972543,-76.994154,31 May 2025,2025-05-31,1748649600.0,5,Saturday,5,22
31 may 2025,JM,T1 (W) - East West Hwy,17.965677,-77.362694,31 May 2025,2025-05-31,1748649600.0,5,Saturday,5,22
31 may 2025,JM,A3 - Oracabessa to White River Rd,18.420564,-77.03732,31 May 2025,2025-05-31,1748649600.0,5,Saturday,5,22
31 may 2025,JM,Gutters Main Rd,18.016224,-77.59355,31 May 2025,2025-05-31,1748649600.0,5,Saturday,5,22
31 may 2025,JM,A1 - North Coast Highway,18.481343,-77.607239,31 May 2025,2025-05-31,1748649600.0,5,Saturday,5,22
31 may 2025,JM,T3 - Edward Seaga Highway,18.048677,-76.981165,31 May 2025,2025-05-31,1748649600.0,5,Saturday,5,22
31 may 2025,JM,Braeton Parkway,17.955014,-76.910163,31 May 2025,2025-05-31,1748649600.0,5,Saturday,5,22
31 may 2025,JM,March Pen Rd,17.987614,-76.954753,31 May 2025,2025-05-31,1748649600.0,5,Saturday,5,22
31 may 2025,JM,T1 (W) - East West Hwy,17.984708,-76.919208,31 May 2025,2025-05-31,1748649600.0,5,Saturday,5,22
31 may 2025,JM,T1 (E) - East West Hwy,17.932022,-77.112816,31 May 2025,2025-05-31,1748649600.0,5,Saturday,5,22
31 may 2025,JM,T1 (E) - East West Hwy,17.936243,-77.227902,31 May 2025,2025-05-31,1748649600.0,5,Saturday,5,22
31 may 2025,JM,A4 - Dover to Agualta Vale Rd,18.263177,-76.730703,31 May 2025,2025-05-31,1748649600.0,5,Saturday,5,22
31 may 2025,JM,T3 - Edward Seaga Highway,18.284813,-77.124159,31 May 2025,2025-05-31,1748649600.0,5,Saturday,5,22
31 may 2025,JM,T3 - Edward Seaga Highway,18.041766,-76.972775,31 May 2025,2025-05-31,1748649600.0,5,Saturday,5,22
31 may 2025,JM,Glenmuir Rd,17.961493,-77.253743,31 May 2025,2025-05-31,1748649600.0,5,Saturday,5,22
31 may 2025,JM,Gutters to Downs Rd,17.975654,-77.574368,31 May 2025,2025-05-31,1748649600.0,5,Saturday,5,22
31 may 2025,JM,McVickers Ln,17.98806,-76.971931,31 May 2025,2025-05-31,1748649600.0,5,Saturday,5,22
31 may 2025,JM,B9 - Riley to Glasgow (via Dias) Rd,18.358913,-78.202693,31 May 2025,2025-05-31,1748649600.0,5,Saturday,5,22
31 may 2025,JM,A2 - Old Harbour Rd,17.970853,-77.023396,31 May 2025,2025-05-31,1748649600.0,5,Saturday,5,22
31 may 2025,JM,Fairdene Ave,18.043111,-76.818533,31 May 2025,2025-05-31,1748649600.0,5,Saturday,5,22
31 may 2025,JM,A1 - North Coast Highway,18.466006,-77.518267,31 May 2025,2025-05-31,1748649600.0,5,Saturday,5,22
31 may 2025,JM,A1 - North Coast Hwy,18.463288,-77.381409,31 May 2025,2025-05-31,1748649600.0,5,Saturday,5,22
31 may 2025,JM,East Rd,18.003783,-76.812659,31 May 2025,2025-05-31,1748649600.0,5,Saturday,5,22
31 may 2025,JM,T3 - Edward Seaga Highway,18.398952,-77.168474,31 May 2025,2025-05-31,1748649600.0,5,Saturday,5,22
31 may 2025,JM,B6,18.173713,-77.684301,31 May 2025,2025-05-31,1748649600.0,5,Saturday,5,22
31 may 2025,JM,A3 - Oracabessa to White River Rd,18.409379,-77.00725,31 May 2025,2025-05-31,1748649600.0,5,Saturday,5,22
31 may 2025,JM,A1 - North Coast Highway,18.511861,-77.741783,31 May 2025,2025-05-31,1748649600.0,5,Saturday,5,22
31 may 2025,JM,T1 - East West Hwy,18.008408,-76.894272,31 May 2025,2025-05-31,1748649600.0,5,Saturday,5,22
31 may 2025,JM,T3 - Edward Seaga Highway,18.088022,-77.01212,31 May 2025,2025-05-31,1748649600.0,5,Saturday,5,22
31 may 2025,JM,Barrett St,17.994435,-76.952793,31 May 2025,2025-05-31,1748649600.0,5,Saturday,5,22
31 may 2025,JM,T3 - Edward Seaga Highway,18.351429,-77.152772,31 May 2025,2025-05-31,1748649600.0,5,Saturday,5,22
31 may 2025,JM,T3 - Edward Seaga Highway,18.317136,-77.1383,31 May 2025,2025-05-31,1748649600.0,5,Saturday,5,22
31 may 2025,JM,T3 - Edward Seaga Highway,18.197426,-77.037544,31 May 2025,2025-05-31,1748649600.0,5,Saturday,5,22
31 may 2025,JM,T1 (W) - East West Hwy,18.000957,-76.895528,31 May 2025,2025-05-31,1748649600.0,5,Saturday,5,22
31 may 2025,JM,T1 > Portmore & Kingston,17.973539,-76.962239,31 May 2025,2025-05-31,1748649600.0,5,Saturday,5,22
31 may 2025,JM,T1 (E) - East West Hwy,17.970828,-76.998513,31 May 2025,2025-05-31,1748649600.0,5,Saturday,5,22
31 may 2025,JM,T3 - Edward Seaga Highway,18.011218,-76.908252,31 May 2025,2025-05-31,1748649600.0,5,Saturday,5,22
31 may 2025,JM,Sligoville Main Rd,18.019667,-76.944696,31 May 2025,2025-05-31,1748649600.0,5,Saturday,5,22
31 may 2025,JM,White Church St,17.994566,-76.953202,31 May 2025,2025-05-31,1748649600.0,5,Saturday,5,22
31 may 2025,JM,T3 - Edward Seaga Highway,18.207671,-77.054804,31 May 2025,2025-05-31,1748649600.0,5,Saturday,5,22
31 may 2025,JM,T3 - Edward Seaga Highway,18.032501,-76.954522,31 May 2025,2025-05-31,1748649600.0,5,Saturday,5,22
31 may 2025,JM,T3 - Edward Seaga Highway,18.281946,-77.122872,31 May 2025,2025-05-31,1748649600.0,5,Saturday,5,22
31 may 2025,JM,T1 - East West Hwy,18.004225,-76.894997,31 May 2025,2025-05-31,1748649600.0,5,Saturday,5,22
31 may 2025,JM,T3 - Edward Seaga Highway,18.352821,-77.15421,31 May 2025,2025-05-31,1748649600.0,5,Saturday,5,22
31 may 2025,JM,Old Hope Rd,18.007251,-76.774028,31 May 2025,2025-05-31,1748649600.0,5,Saturday,5,22
31 may 2025,JM,T1 (W) - East West Hwy,17.995447,-77.396643,31 May 2025,2025-05-31,1748649600.0,5,Saturday,5,22
31 may 2025,JM,A2 E - Dunrobin Ave,18.025524,-76.800818,31 May 2025,2025-05-31,1748649600.0,5,Saturday,5,22
31 may 2025,JM,A1 - North Coast Hwy,18.462897,-77.338367,31 May 2025,2025-05-31,1748649600.0,5,Saturday,5,22
31 may 2025,JM,A1 - North Coast Highway,18.520128,-77.816049,31 May 2025,2025-05-31,1748649600.0,5,Saturday,5,22
31 may 2025,JM,T3 - Edward Seaga Highway,18.273692,-77.121977,31 May 2025,2025-05-31,1748649600.0,5,Saturday,5,22
31 may 2025,JM,A2 - Greenvale Rd,18.03828,-77.531076,31 May 2025,2025-05-31,1748649600.0,5,Saturday,5,22
31 may 2025,JM,A1 - North Coast Highway,18.511503,-77.754384,31 May 2025,2025-05-31,1748649600.0,5,Saturday,5,22
31 may 2025,JM,Manchester Rd,18.013369,-77.498171,31 May 2025,2025-05-31,1748649600.0,5,Saturday,5,22
31 may 2025,JM,Ferdie Nieta Blvd,17.996705,-76.942473,31 May 2025,2025-05-31,1748649600.0,5,Saturday,5,22
31 may 2025,JM,Town Head to Blackness Rd,18.31258,-78.132977,31 May 2025,2025-05-31,1748649600.0,5,Saturday,5,22
31 may 2025,JM,T3 - Edward Seaga Highway,18.15975,-77.03399,31 May 2025,2025-05-31,1748649600.0,5,Saturday,5,22
31 may 2025,JM,Caledonia Rd,18.04769,-77.489034,31 May 2025,2025-05-31,1748649600.0,5,Saturday,5,22
31 may 2025,JM,A2 - Old Harbour Rd,17.990738,-76.978479,31 May 2025,2025-05-31,1748649600.0,5,Saturday,5,22
31 may 2025,JM,T3 - Edward Seaga Highway,18.33271,-77.142387,31 May 2025,2025-05-31,1748649600.0,5,Saturday,5,22
31 may 2025,JM,T1 (W) - East West Hwy,17.926107,-77.13271,31 May 2025,2025-05-31,1748649600.0,5,Saturday,5,22
31 may 2025,JM,T3 - Edward Seaga Highway,18.215295,-77.072366,31 May 2025,2025-05-31,1748649600.0,5,Saturday,5,22
31 may 2025,JM,B8 - Shettlewood to Mackfield Rd,18.34923,-77.977981,31 May 2025,2025-05-31,1748649600.0,5,Saturday,5,22
31 may 2025,JM,T1 (E) - East West Hwy,17.933101,-77.214707,31 May 2025,2025-05-31,1748649600.0,5,Saturday,5,22
31 may 2025,JM,A1 - Kew Bridge to Lucea Rd,18.442984,-78.110897,31 May 2025,2025-05-31,1748649600.0,5,Saturday,5,22
31 may 2025,JM,T1 (E) - East West Hwy,17.997601,-76.896729,31 May 2025,2025-05-31,1748649600.0,5,Saturday,5,22
31 may 2025,JM,A2 E - Dunrobin Ave,18.025637,-76.801282,31 May 2025,2025-05-31,1748649600.0,5,Saturday,5,22
31 may 2025,JM,Wellington Dr,18.014947,-76.762185,31 May 2025,2025-05-31,1748649600.0,5,Saturday,5,22
31 may 2025,JM,A4 - Harbour View to Bull Bay Rd,17.941148,-76.673505,31 May 2025,2025-05-31,1748649600.0,5,Saturday,5,22
31 may 2025,JM,A2 - Old Harbour Rd,17.988325,-76.986097,31 May 2025,2025-05-31,1748649600.0,5,Saturday,5,22
31 may 2025,JM,A1 - North Coast Highway,18.460702,-77.398554,31 May 2025,2025-05-31,1748649600.0,5,Saturday,5,22
31 may 2025,JM,Merrivale Ave,18.033874,-76.803776,31 May 2025,2025-05-31,1748649600.0,5,Saturday,5,22
31 may 2025,JM,A1 - North Coast Highway,18.478178,-77.636167,31 May 2025,2025-05-31,1748649600.0,5,Saturday,5,22
31 may 2025,JM,,18.439353,-77.182013,31 May 2025,2025-05-31,1748649600.0,5,Saturday,5,22
31 may 2025,JM,,17.989337,-77.491349,31 May 2025,2025-05-31,1748649600.0,5,Saturday,5,22
31 may 2025,JM,B8 - Anchovy to Shettlewood Rd,18.386969,-77.934155,31 May 2025,2025-05-31,1748649600.0,5,Saturday,5,22
31 may 2025,JM,Retirement to Linton Park Rd,18.284343,-77.397922,31 May 2025,2025-05-31,1748649600.0,5,Saturday,5,22
31 may 2025,JM,A1 - Bog Walk Gorge,18.055259,-76.982003,31 May 2025,2025-05-31,1748649600.0,5,Saturday,5,22
31 may 2025,JM,A3 - Broadgate to Toms River Rd,18.209245,-76.812873,31 May 2025,2025-05-31,1748649600.0,5,Saturday,5,22
31 may 2025,JM,,18.34457,-77.919627,31 May 2025,2025-05-31,1748649600.0,5,Saturday,5,22
31 may 2025,JM,,18.029109,-76.795958,31 May 2025,2025-05-31,1748649600.0,5,Saturday,5,22
31 may 2025,JM,A1 - North Coast Highway,18.480162,-77.633227,31 May 2025,2025-05-31,1748649600.0,5,Saturday,5,22
31 may 2025,JM,A1 - Bog Walk Gorge,18.050306,-76.981357,31 May 2025,2025-05-31,1748649600.0,5,Saturday,5,22
31 may 2025,JM,A2 - Old Harbour Rd,17.949138,-77.057633,31 May 2025,2025-05-31,1748649600.0,5,Saturday,5,22
31 may 2025,JM,A1 - Kew Bridge to Lucea Rd,18.453705,-78.116001,31 May 2025,2025-05-31,1748649600.0,5,Saturday,5,22
31 may 2025,JM,A1 - North Coast Hwy,18.461696,-77.345086,31 May 2025,2025-05-31,1748649600.0,5,Saturday,5,22
31 may 2025,JM,B8 - Anchovy to Shettlewood Rd,18.364292,-77.933334,31 May 2025,2025-05-31,1748649600.0,5,Saturday,5,22
31 may 2025,JM,Hope Rd,18.020899,-76.770459,31 May 2025,2025-05-31,1748649600.0,5,Saturday,5,22
31 may 2025,JM,T3 - Edward Seaga Highway,18.355047,-77.155989,31 May 2025,2025-05-31,1748649600.0,5,Saturday,5,22
31 may 2025,JM,A2 - Spur Tree Rd,18.009718,-77.577906,31 May 2025,2025-05-31,1748649600.0,5,Saturday,5,22
31 may 2025,JM,T3 - Edward Seaga Highway,18.027622,-76.922112,31 May 2025,2025-05-31,1748649600.0,5,Saturday,5,22
31 may 2025,JM,T3 - Edward Seaga Highway,18.029316,-76.949175,31 May 2025,2025-05-31,1748649600.0,5,Saturday,5,22
31 may 2025,JM,A2 (E) - Washington Blvd,18.025533,-76.821294,31 May 2025,2025-05-31,1748649600.0,5,Saturday,5,22
31 may 2025,JM,T3 - Edward Seaga Highway,18.136019,-77.040304,31 May 2025,2025-05-31,1748649600.0,5,Saturday,5,22
31 may 2025,JM,T3 - Edward Seaga Highway,18.133755,-77.040661,31 May 2025,2025-05-31,1748649600.0,5,Saturday,5,22
31 may 2025,JM,Old Stony Hill Rd,18.077534,-76.800522,31 May 2025,2025-05-31,1748649600.0,5,Saturday,5,22
31 may 2025,JM,T3 - Edward Seaga Highway,18.354314,-77.155562,31 May 2025,2025-05-31,1748649600.0,5,Saturday,5,22
31 may 2025,JM,A2 - Luana to Tombstone Rd,18.096281,-77.77446,31 May 2025,2025-05-31,1748649600.0,5,Saturday,5,22
31 may 2025,JM,New Forest to Downs Rd,17.924412,-77.568125,31 May 2025,2025-05-31,1748649600.0,5,Saturday,5,22
31 may 2025,JM,Harbour St,17.965601,-76.786082,31 May 2025,2025-05-31,1748649600.0,5,Saturday,5,22
31 may 2025,JM,A4 - South Coast Hwy,17.907622,-76.624503,31 May 2025,2025-05-31,1748649600.0,5,Saturday,5,22
31 may 2025,JM,A1 - North Coast Highway,18.464585,-77.507804,31 May 2025,2025-05-31,1748649600.0,5,Saturday,5,22
31 may 2025,JM,T3 - Edward Seaga Highway,18.155979,-77.032738,31 May 2025,2025-05-31,1748649600.0,5,Saturday,5,22
31 may 2025,JM,T3 - Edward Seaga Highway,18.218934,-77.077935,31 May 2025,2025-05-31,1748649600.0,5,Saturday,5,22
31 may 2025,JM,T3 - Edward Seaga Highway,18.085009,-77.011444,31 May 2025,2025-05-31,1748649600.0,5,Saturday,5,22
31 may 2025,JM,A3 (N) - Constant Spring Rd,18.030309,-76.795969,31 May 2025,2025-05-31,1748649600.0,5,Saturday,5,22
31 may 2025,JM,T3 - Edward Seaga Highway,18.09623,-77.010083,31 May 2025,2025-05-31,1748649600.0,5,Saturday,5,22
31 may 2025,JM,Dyke Rd,18.002741,-76.876333,31 May 2025,2025-05-31,1748649600.0,5,Saturday,5,22
31 may 2025,JM,A4 - Southern Coastal Highway,17.941177,-76.663067,31 May 2025,2025-05-31,1748649600.0,5,Saturday,5,22
31 may 2025,JM,Municipal Blvd,17.964381,-76.90113,31 May 2025,2025-05-31,1748649600.0,5,Saturday,5,22
31 may 2025,JM,Red Hills Rd,18.025332,-76.804888,31 May 2025,2025-05-31,1748649600.0,5,Saturday,5,22
31 may 2025,JM,A2 - Luana to Tombstone Rd,18.091028,-77.847922,31 May 2025,2025-05-31,1748649600.0,5,Saturday,5,22
31 may 2025,JM,A1 - North Coast Highway,18.481468,-77.614162,31 May 2025,2025-05-31,1748649600.0,5,Saturday,5,22
31 may 2025,JM,B3 - Main St,18.393104,-77.367236,31 May 2025,2025-05-31,1748649600.0,5,Saturday,5,22
31 may 2025,JM,A3 - Junction Main Rd,18.097131,-76.807817,31 May 2025,2025-05-31,1748649600.0,5,Saturday,5,22
31 may 2025,JM,Michael Manley Blvd,17.969187,-76.753303,31 May 2025,2025-05-31,1748649600.0,5,Saturday,5,22
31 may 2025,JM,A1,18.043463,-76.980363,31 May 2025,2025-05-31,1748649600.0,5,Saturday,5,22
31 may 2025,JM,A4 - Dover to Agualta Vale Rd,18.266364,-76.790687,31 May 2025,2025-05-31,1748649600.0,5,Saturday,5,22
31 may 2025,JM,A1 - North Coast Highway,18.480887,-77.631497,31 May 2025,2025-05-31,1748649600.0,5,Saturday,5,22
31 may 2025,JM,Gazeland to Nain Road,17.950495,-77.604275,31 May 2025,2025-05-31,1748649600.0,5,Saturday,5,22
31 may 2025,JM,T1 (E) - East West Hwy,17.980199,-76.927444,31 May 2025,2025-05-31,1748649600.0,5,Saturday,5,22
31 may 2025,JM,A2 W - Washington Blvd,18.027321,-76.810018,31 May 2025,2025-05-31,1748649600.0,5,Saturday,5,22
31 may 2025,JM,T3 - Edward Seaga Highway,18.264148,-77.119122,31 May 2025,2025-05-31,1748649600.0,5,Saturday,5,22
31 may 2025,JM,T3 - Edward Seaga Highway,18.137653,-77.039467,31 May 2025,2025-05-31,1748649600.0,5,Saturday,5,22
31 may 2025,JM,,17.989334,-77.493539,31 May 2025,2025-05-31,1748649600.0,5,Saturday,5,22
31 may 2025,JM,A1 - North Coast Highway,18.519858,-77.812533,31 May 2025,2025-05-31,1748649600.0,5,Saturday,5,22
31 may 2025,JM,T3 - Edward Seaga Highway,18.152795,-77.032197,31 May 2025,2025-05-31,1748649600.0,5,Saturday,5,22
31 may 2025,JM,A2 - Santa Cruz Main St,18.054015,-77.700096,31 May 2025,2025-05-31,1748649600.0,5,Saturday,5,22
31 may 2025,JM,Molynes Rd,18.042352,-76.821261,31 May 2025,2025-05-31,1748649600.0,5,Saturday,5,22
31 may 2025,JM,A1 - Spanish Town By-pass Rd,18.012829,-76.978071,31 May 2025,2025-05-31,1748649600.0,5,Saturday,5,22
31 may 2025,JM,T1 (W) - East West Hwy,17.95459,-77.036892,31 May 2025,2025-05-31,1748649600.0,5,Saturday,5,22
31 may 2025,JM,A1 - Walks Rd,18.018328,-76.974902,31 May 2025,2025-05-31,1748649600.0,5,Saturday,5,22
31 may 2025,JM,A1 - Walks Rd,18.017919,-76.97484,31 May 2025,2025-05-31,1748649600.0,5,Saturday,5,22
31 may 2025,JM,A3 - North Coast Highway,18.423221,-77.157555,31 May 2025,2025-05-31,1748649600.0,5,Saturday,5,22
31 may 2025,JM,Manchester St,17.994927,-76.958962,31 May 2025,2025-05-31,1748649600.0,5,Saturday,5,22
31 may 2025,JM,A2 - Luana to Tombstone Rd,18.113735,-77.811488,31 May 2025,2025-05-31,1748649600.0,5,Saturday,5,22
31 may 2025,JM,Ferdie Nieta Blvd,17.996738,-76.942245,31 May 2025,2025-05-31,1748649600.0,5,Saturday,5,22
31 may 2025,JM,A4 - Sir Florizel Glaspole Blvd,17.968393,-76.741022,31 May 2025,2025-05-31,1748649600.0,5,Saturday,5,22
31 may 2025,JM,T3 - Edward Seaga Highway,18.027739,-76.925652,31 May 2025,2025-05-31,1748649600.0,5,Saturday,5,22
31 may 2025,JM,B8 - Shettlewood to Mackfield Rd,18.34706,-77.958427,31 May 2025,2025-05-31,1748649600.0,5,Saturday,5,22
31 may 2025,JM,Chesterfield Dr,18.005855,-76.837006,31 May 2025,2025-05-31,1748649600.0,5,Saturday,5,22
31 may 2025,JM,Queens Dr,18.47882,-77.925651,31 May 2025,2025-05-31,1748649600.0,5,Saturday,5,22
31 may 2025,JM,A2 - Smithfield Bridge to Scotts Cove Rd,18.154569,-78.031701,31 May 2025,2025-05-31,1748649600.0,5,Saturday,5,22
31 may 2025,JM,West Kings House Rd,18.021342,-76.794008,31 May 2025,2025-05-31,1748649600.0,5,Saturday,5,22
31 may 2025,JM,A2 (W) - Washington Blvd,18.02557,-76.820612,31 May 2025,2025-05-31,1748649600.0,5,Saturday,5,22
31 may 2025,JM,A1 - North Coast Hwy,18.462306,-77.34168,31 May 2025,2025-05-31,1748649600.0,5,Saturday,5,22
31 may 2025,JM,A2 - Old Harbour Rd,17.943948,-77.081742,31 May 2025,2025-05-31,1748649600.0,5,Saturday,5,22
31 may 2025,JM,A1 (W) - Nelson Mandela Highway,18.015741,-76.88824,31 May 2025,2025-05-31,1748649600.0,5,Saturday,5,22
31 may 2025,JM,A2 - Bartletts River to Sheffield-Negril,18.251393,-78.266646,31 May 2025,2025-05-31,1748649600.0,5,Saturday,5,22
31 may 2025,JM,Morant Bay to Station Rd,17.888575,-76.404267,31 May 2025,2025-05-31,1748649600.0,5,Saturday,5,22
31 may 2025,JM,T3 - Edward Seaga Highway,18.345468,-77.147821,31 May 2025,2025-05-31,1748649600.0,5,Saturday,5,22
31 may 2025,JM,Passage Fort Dr,17.984365,-76.864712,31 May 2025,2025-05-31,1748649600.0,5,Saturday,5,22
31 may 2025,JM,Worchester Dr,17.985227,-76.980305,31 May 2025,2025-05-31,1748649600.0,5,Saturday,5,22
31 may 2025,JM,A3 - Oracabessa to White River Rd,18.420154,-77.038926,31 May 2025,2025-05-31,1748649600.0,5,Saturday,5,22
31 may 2025,JM,A2 - Luana to Tombstone Rd,18.108818,-77.821679,31 May 2025,2025-05-31,1748649600.0,5,Saturday,5,22
31 may 2025,JM,A2 (E) - Washington Blvd,18.025848,-76.820115,31 May 2025,2025-05-31,1748649600.0,5,Saturday,5,22
31 may 2025,JM,A3 - North Coast Highway,18.423477,-77.15935,31 May 2025,2025-05-31,1748649600.0,5,Saturday,5,22
31 may 2025,JM,A3 - Broadgate to Toms River Rd,18.208886,-76.813821,31 May 2025,2025-05-31,1748649600.0,5,Saturday,5,22
31 may 2025,JM,A2 (W) - Washington Blvd,18.02547,-76.82102,31 May 2025,2025-05-31,1748649600.0,5,Saturday,5,22
31 may 2025,JM,A1 (E) - Nelson Mandela Highway,18.025865,-76.865326,31 May 2025,2025-05-31,1748649600.0,5,Saturday,5,22
31 may 2025,JM,Municipal Blvd,17.966937,-76.897907,31 May 2025,2025-05-31,1748649600.0,5,Saturday,5,22
31 may 2025,JM,T3 - Edward Seaga Highway,18.114189,-77.040292,31 May 2025,2025-05-31,1748649600.0,5,Saturday,5,22
31 may 2025,JM,Shortwood Ln,18.033874,-76.789446,31 May 2025,2025-05-31,1748649600.0,5,Saturday,5,22
31 may 2025,JM,A1 - Kew Bridge to Great River Rd,18.451241,-78.073336,31 May 2025,2025-05-31,1748649600.0,5,Saturday,5,22
31 may 2025,JM,T1 (E) - East West Hwy,17.959376,-77.295967,31 May 2025,2025-05-31,1748649600.0,5,Saturday,5,22
31 may 2025,JM,Marcus Garvey Dr,17.9722,-76.809367,31 May 2025,2025-05-31,1748649600.0,5,Saturday,5,22
31 may 2025,JM,Suarez Cl,18.015476,-76.760801,31 May 2025,2025-05-31,1748649600.0,5,Saturday,5,22
31 may 2025,JM,A1 - Bog Walk Gorge,18.059316,-76.985228,31 May 2025,2025-05-31,1748649600.0,5,Saturday,5,22
31 may 2025,JM,T1 (W) - East West Hwy,17.998984,-76.896127,31 May 2025,2025-05-31,1748649600.0,5,Saturday,5,22
31 may 2025,JM,,18.025582,-76.821742,31 May 2025,2025-05-31,1748649600.0,5,Saturday,5,22
31 may 2025,JM,Queens Dr,18.485566,-77.926705,31 May 2025,2025-05-31,1748649600.0,5,Saturday,5,22
31 may 2025,JM,Old Hope Rd,18.019584,-76.765369,31 May 2025,2025-05-31,1748649600.0,5,Saturday,5,22
31 may 2025,JM,Belvedere Rd,18.048258,-76.850652,31 May 2025,2025-05-31,1748649600.0,5,Saturday,5,22
31 may 2025,JM,T3 - Edward Seaga Highway,18.344011,-77.14711,31 May 2025,2025-05-31,1748649600.0,5,Saturday,5,22
31 may 2025,JM,A1 - Bog Walk Gorge,18.054497,-76.981069,31 May 2025,2025-05-31,1748649600.0,5,Saturday,5,22
31 may 2025,JM,T1 (E) - East West Hwy,17.922765,-77.136873,31 May 2025,2025-05-31,1748649600.0,5,Saturday,5,22
31 may 2025,JM,Waltham Park Rd,18.016695,-76.81092,31 May 2025,2025-05-31,1748649600.0,5,Saturday,5,22
31 may 2025,JM,Spanish Town Rd,17.999338,-76.826339,31 May 2025,2025-05-31,1748649600.0,5,Saturday,5,22
31 may 2025,JM,Seaward Dr,18.021153,-76.820924,31 May 2025,2025-05-31,1748649600.0,5,Saturday,5,22
31 may 2025,JM,Colback Ave,18.031717,-76.830206,31 May 2025,2025-05-31,1748649600.0,5,Saturday,5,22
31 may 2025,JM,Lakes Pen Main Rd,17.98439,-76.928272,31 May 2025,2025-05-31,1748649600.0,5,Saturday,5,22
31 may 2025,JM,A1 (W) - Nelson Mandela Highway,18.023632,-76.875853,31 May 2025,2025-05-31,1748649600.0,5,Saturday,5,22
31 may 2025,JM,B3 - Trout Hall to Chapelton Rd,18.200765,-77.355633,31 May 2025,2025-05-31,1748649600.0,5,Saturday,5,22
31 may 2025,JM,A1,18.036162,-76.980751,31 May 2025,2025-05-31,1748649600.0,5,Saturday,5,22
31 may 2025,JM,T3 - Edward Seaga Highway,18.083257,-77.008379,31 May 2025,2025-05-31,1748649600.0,5,Saturday,5,22
31 may 2025,JM,Brunswick Ave,18.013637,-76.972874,31 May 2025,2025-05-31,1748649600.0,5,Saturday,5,22
31 may 2025,JM,Dillsbury Ave,18.030735,-76.766267,31 May 2025,2025-05-31,1748649600.0,5,Saturday,5,22
31 may 2025,JM,Main St,17.963299,-77.238364,31 May 2025,2025-05-31,1748649600.0,5,Saturday,5,22
31 may 2025,JM,Black River to Pedro Cross Rd,17.933112,-77.750932,31 May 2025,2025-05-31,1748649600.0,5,Saturday,5,22
31 may 2025,JM,T3 - Edward Seaga Highway,18.133138,-77.040624,31 May 2025,2025-05-31,1748649600.0,5,Saturday,5,22
31 may 2025,JM,A2 - Luana to Tombstone Rd,18.084409,-77.854851,31 May 2025,2025-05-31,1748649600.0,5,Saturday,5,22
31 may 2025,JM,A1 - Spanish Town Rd,18.002036,-76.829287,31 May 2025,2025-05-31,1748649600.0,5,Saturday,5,22
31 may 2025,JM,A3 - Stennett St,18.365588,-76.893866,31 May 2025,2025-05-31,1748649600.0,5,Saturday,5,22
31 may 2025,JM,,18.143799,-76.512518,31 May 2025,2025-05-31,1748649600.0,5,Saturday,5,22
31 may 2025,JM,A2 E - Dunrobin Ave,18.025966,-76.802521,31 May 2025,2025-05-31,1748649600.0,5,Saturday,5,22
31 may 2025,JM,Trafalgar Rd,18.007158,-76.779557,31 May 2025,2025-05-31,1748649600.0,5,Saturday,5,22
31 may 2025,JM,A1 - Green Island to Negril Rd,18.365374,-78.338091,31 May 2025,2025-05-31,1748649600.0,5,Saturday,5,22
31 may 2025,JM,A4 - Rio Grande to Hope Bay Rd,18.195899,-76.546481,31 May 2025,2025-05-31,1748649600.0,5,Saturday,5,22
31 may 2025,JM,T1 (E) - East West Hwy,17.977096,-76.937115,31 May 2025,2025-05-31,1748649600.0,5,Saturday,5,22
31 may 2025,JM,A1 - Dr. Aston King Highway,18.451904,-77.974985,31 May 2025,2025-05-31,1748649600.0,5,Saturday,5,22
31 may 2025,JM,A2 - Spur Tree Rd,17.994506,-77.561094,31 May 2025,2025-05-31,1748649600.0,5,Saturday,5,22
31 may 2025,JM,T3 - Edward Seaga Highway,18.018921,-76.913727,31 May 2025,2025-05-31,1748649600.0,5,Saturday,5,22
31 may 2025,JM,Seaview Ave,18.010506,-76.77491,31 May 2025,2025-05-31,1748649600.0,5,Saturday,5,22
31 may 2025,JM,A2 - Spur Tree Rd,18.014897,-77.5832,31 May 2025,2025-05-31,1748649600.0,5,Saturday,5,22
31 may 2025,JM,T3 - Edward Seaga Highway,18.307315,-77.141174,31 May 2025,2025-05-31,1748649600.0,5,Saturday,5,22
31 may 2025,JM,A2 - Spur Tree Rd,18.004826,-77.581615,31 May 2025,2025-05-31,1748649600.0,5,Saturday,5,22
31 may 2025,JM,T1 (W) - East West Hwy,17.954477,-77.037742,31 May 2025,2025-05-31,1748649600.0,5,Saturday,5,22
31 may 2025,JM,T3 - Edward Seaga Highway,18.099904,-77.024287,31 May 2025,2025-05-31,1748649600.0,5,Saturday,5,22
31 may 2025,JM,A1 - Norman Manley Blvd,18.35637,-78.339822,31 May 2025,2025-05-31,1748649600.0,5,Saturday,5,22
31 may 2025,JM,Brompton Rd,18.055985,-77.898476,31 May 2025,2025-05-31,1748649600.0,5,Saturday,5,22
31 may 2025,JM,B8 - Anchovy to Shettlewood Rd,18.409387,-77.934005,31 May 2025,2025-05-31,1748649600.0,5,Saturday,5,22
31 may 2025,JM,T3 - Edward Seaga Highway,18.327656,-77.134493,31 May 2025,2025-05-31,1748649600.0,5,Saturday,5,22
31 may 2025,JM,A2 - Luana to Tombstone Rd,18.113731,-77.811294,31 May 2025,2025-05-31,1748649600.0,5,Saturday,5,22
31 may 2025,JM,A2 - Spur Tree Rd,18.003931,-77.581273,31 May 2025,2025-05-31,1748649600.0,5,Saturday,5,22
31 may 2025,JM,A2 - Winston Jones Hwy,18.068884,-77.46881,31 May 2025,2025-05-31,1748649600.0,5,Saturday,5,22
31 may 2025,JM,A3 - Oracabessa to White River Rd,18.401108,-76.950011,31 May 2025,2025-05-31,1748649600.0,5,Saturday,5,22
31 may 2025,JM,A2 - Scotts Cove to Black River-Luana Rd,18.059987,-77.95123,31 May 2025,2025-05-31,1748649600.0,5,Saturday,5,22
31 may 2025,JM,A3 - Eastwood Park Rd,18.020886,-76.796542,31 May 2025,2025-05-31,1748649600.0,5,Saturday,5,22
31 may 2025,JM,T1 - East West Hwy,18.004563,-76.894939,31 May 2025,2025-05-31,1748649600.0,5,Saturday,5,22
31 may 2025,JM,T3 - Edward Seaga Highway,18.411357,-77.158699,31 May 2025,2025-05-31,1748649600.0,5,Saturday,5,22
31 may 2025,JM,Bernard Lodge Main Rd,17.984154,-76.936586,31 May 2025,2025-05-31,1748649600.0,5,Saturday,5,22
31 may 2025,JM,A1 - Spanish Town Rd,18.01514,-76.843552,31 May 2025,2025-05-31,1748649600.0,5,Saturday,5,22
31 may 2025,JM,T1 - East West Hwy,17.932176,-77.111049,31 May 2025,2025-05-31,1748649600.0,5,Saturday,5,22
31 may 2025,JM,A1 - North Coast Hwy,18.460796,-77.348015,31 May 2025,2025-05-31,1748649600.0,5,Saturday,5,22
31 may 2025,JM,A1 - North Coast Highway,18.471963,-77.55637,31 May 2025,2025-05-31,1748649600.0,5,Saturday,5,22
31 may 2025,JM,A4 - Harbour View to Bull Bay Rd,17.941235,-76.673786,31 May 2025,2025-05-31,1748649600.0,5,Saturday,5,22
31 may 2025,JM,A1 - Howard Cook Blvd,18.475894,-77.924673,31 May 2025,2025-05-31,1748649600.0,5,Saturday,5,22
31 may 2025,JM,A1 (W) - Nelson Mandela Highway,18.025842,-76.85918,31 May 2025,2025-05-31,1748649600.0,5,Saturday,5,22
31 may 2025,JM,Queens Dr,18.487101,-77.925495,31 May 2025,2025-05-31,1748649600.0,5,Saturday,5,22
31 may 2025,JM,,18.43963,-77.207529,31 May 2025,2025-05-31,1748649600.0,5,Saturday,5,22
31 may 2025,JM,Michael Manley Blvd,17.969338,-76.751458,31 May 2025,2025-05-31,1748649600.0,5,Saturday,5,22
31 may 2025,JM,A2 - Spur Tree Rd,17.995062,-77.562644,31 May 2025,2025-05-31,1748649600.0,5,Saturday,5,22
31 may 2025,JM,T3 - Edward Seaga Highway,18.185898,-77.039502,31 May 2025,2025-05-31,1748649600.0,5,Saturday,5,22
31 may 2025,JM,T3 - Edward Seaga Highway,18.080365,-77.00218,31 May 2025,2025-05-31,1748649600.0,5,Saturday,5,22
31 may 2025,JM,T3 - Edward Seaga Highway,18.263938,-77.118893,31 May 2025,2025-05-31,1748649600.0,5,Saturday,5,22
31 may 2025,JM,A4 - Hope Bay to Orange Bay Rd,18.208288,-76.584359,31 May 2025,2025-05-31,1748649600.0,5,Saturday,5,22
31 may 2025,JM,Wentworth Ave,18.031797,-76.800695,31 May 2025,2025-05-31,1748649600.0,5,Saturday,5,22
31 may 2025,JM,St. Christopher to Glengoffe Rd,18.126072,-76.845153,31 May 2025,2025-05-31,1748649600.0,5,Saturday,5,22
31 may 2025,JM,A1 - North Coast Highway,18.515401,-77.880351,31 May 2025,2025-05-31,1748649600.0,5,Saturday,5,22
31 may 2025,JM,East Bell Rd,17.989174,-76.819095,31 May 2025,2025-05-31,1748649600.0,5,Saturday,5,22
31 may 2025,JM,Queens Dr,18.48845,-77.924641,31 May 2025,2025-05-31,1748649600.0,5,Saturday,5,22
31 may 2025,JM,T1 - East West Hwy,17.932096,-77.111664,31 May 2025,2025-05-31,1748649600.0,5,Saturday,5,22
31 may 2025,JM,B7,18.238688,-77.954525,31 May 2025,2025-05-31,1748649600.0,5,Saturday,5,22
31 may 2025,JM,Havendale Dr,18.046361,-76.812342,31 May 2025,2025-05-31,1748649600.0,5,Saturday,5,22
31 may 2025,JM,T1 (E) - East West Hwy,17.959103,-77.343184,31 May 2025,2025-05-31,1748649600.0,5,Saturday,5,22
31 may 2025,JM,A2 - Luana to Tombstone Rd,18.113535,-77.816224,31 May 2025,2025-05-31,1748649600.0,5,Saturday,5,22
31 may 2025,JM,Port Royal St,17.965876,-76.795973,31 May 2025,2025-05-31,1748649600.0,5,Saturday,5,22
31 may 2025,JM,T3 - Edward Seaga Highway,18.308239,-77.140922,31 May 2025,2025-05-31,1748649600.0,5,Saturday,5,22
31 may 2025,JM,Newmarket to Carmel Rd,18.160819,-77.931471,31 May 2025,2025-05-31,1748649600.0,5,Saturday,5,22
31 may 2025,JM,A1 - North Coast Highway,18.520996,-77.865675,31 May 2025,2025-05-31,1748649600.0,5,Saturday,5,22
31 may 2025,JM,York Dr,17.984271,-76.988873,31 May 2025,2025-05-31,1748649600.0,5,Saturday,5,22
31 may 2025,JM,A1 - Kew Bridge to Great River Rd,18.452602,-78.062916,31 May 2025,2025-05-31,1748649600.0,5,Saturday,5,22
31 may 2025,JM,Twin Gates Plaza,18.017418,-76.795765,31 May 2025,2025-05-31,1748649600.0,5,Saturday,5,22
31 may 2025,JM,A2 - Spur Tree Rd,18.009637,-77.577871,31 May 2025,2025-05-31,1748649600.0,5,Saturday,5,22
31 may 2025,JM,A1 - Kew Bridge to Great River Rd,18.450185,-78.055175,31 May 2025,2025-05-31,1748649600.0,5,Saturday,5,22
31 may 2025,JM,T3 - Edward Seaga Highway,18.254119,-77.113619,31 May 2025,2025-05-31,1748649600.0,5,Saturday,5,22
31 may 2025,JM,B6,18.365915,-77.925904,31 May 2025,2025-05-31,1748649600.0,5,Saturday,5,22
31 may 2025,JM,Lincoln Cr,17.99298,-76.799194,31 May 2025,2025-05-31,1748649600.0,5,Saturday,5,22
31 may 2025,JM,T1 (E) - East West Hwy,17.932734,-77.197552,31 May 2025,2025-05-31,1748649600.0,5,Saturday,5,22
31 may 2025,JM,T3 - Edward Seaga Highway,18.341435,-77.146221,31 May 2025,2025-05-31,1748649600.0,5,Saturday,5,22
31 may 2025,JM,T3 - Edward Seaga Highway,18.070725,-76.994847,31 May 2025,2025-05-31,1748649600.0,5,Saturday,5,22
31 may 2025,JM,T1 (E) - East West Hwy,17.955728,-77.323186,31 May 2025,2025-05-31,1748649600.0,5,Saturday,5,22
31 may 2025,JM,Springfield to Kensington Rd,18.369245,-77.831717,31 May 2025,2025-05-31,1748649600.0,5,Saturday,5,22
31 may 2025,JM,Harbour St,17.965678,-76.786978,31 May 2025,2025-05-31,1748649600.0,5,Saturday,5,22
31 may 2025,JM,A1 - North Coast Highway,18.521813,-77.838762,31 May 2025,2025-05-31,1748649600.0,5,Saturday,5,22
31 may 2025,JM,A1 - Lucea to Green Island Rd,18.449665,-78.216096,31 May 2025,2025-05-31,1748649600.0,5,Saturday,5,22
31 may 2025,JM,Hills View Ter,18.038407,-76.818441,31 May 2025,2025-05-31,1748649600.0,5,Saturday,5,22
31 may 2025,JM,A1 - Walks Rd,18.027129,-76.977619,31 May 2025,2025-05-31,1748649600.0,5,Saturday,5,22
31 may 2025,JM,Marcus Garvey Dr,17.969745,-76.806326,31 May 2025,2025-05-31,1748649600.0,5,Saturday,5,22
31 may 2025,JM,A2 - Luana to Tombstone Rd,18.091928,-77.846778,31 May 2025,2025-05-31,1748649600.0,5,Saturday,5,22
31 may 2025,JM,Lakes Pen Main Rd,17.984372,-76.92858,31 May 2025,2025-05-31,1748649600.0,5,Saturday,5,22
31 may 2025,JM,A2 - Luana to Tombstone Rd,18.105342,-77.825439,31 May 2025,2025-05-31,1748649600.0,5,Saturday,5,22
31 may 2025,JM,Marcus Garvey Dr,17.981457,-76.819827,31 May 2025,2025-05-31,1748649600.0,5,Saturday,5,22
31 may 2025,JM,A3 - Ocho Rios Byp,18.410192,-77.083914,31 May 2025,2025-05-31,1748649600.0,5,Saturday,5,22
31 may 2025,JM,A2 - Smithfield Rd,18.224224,-78.121053,31 May 2025,2025-05-31,1748649600.0,5,Saturday,5,22
31 may 2025,JM,A3,18.407471,-76.897819,31 May 2025,2025-05-31,1748649600.0,5,Saturday,5,22
31 may 2025,JM,A1 - Kew Bridge to Great River Rd,18.450778,-78.076399,31 May 2025,2025-05-31,1748649600.0,5,Saturday,5,22
31 may 2025,JM,A2 - Scotts Cove to Black River-Luana Rd,18.04412,-77.923676,31 May 2025,2025-05-31,1748649600.0,5,Saturday,5,22
31 may 2025,JM,A4 - Rio Grande to Hope Bay Rd,18.200427,-76.513298,31 May 2025,2025-05-31,1748649600.0,5,Saturday,5,22
31 may 2025,JM,Braes River to Newton Rd,18.126109,-77.692313,31 May 2025,2025-05-31,1748649600.0,5,Saturday,5,22
31 may 2025,JM,B5 - Shooters Hill to Caines Shop Rd,18.142196,-77.493504,31 May 2025,2025-05-31,1748649600.0,5,Saturday,5,22
31 may 2025,JM,Belvedere Rd,18.048563,-76.85085,31 May 2025,2025-05-31,1748649600.0,5,Saturday,5,22
31 may 2025,JM,B8 - Anchovy to Shettlewood Rd,18.376534,-77.933229,31 May 2025,2025-05-31,1748649600.0,5,Saturday,5,22
31 may 2025,JM,Municipal Blvd,17.964573,-76.900889,31 May 2025,2025-05-31,1748649600.0,5,Saturday,5,22
31 may 2025,JM,B3 - Trout Hall to Chapelton Rd,18.216292,-77.362593,31 May 2025,2025-05-31,1748649600.0,5,Saturday,5,22
31 may 2025,JM,Caledonia Road,18.056107,-77.477961,31 May 2025,2025-05-31,1748649600.0,5,Saturday,5,22
31 may 2025,JM,Arthur Wint Dr,18.000828,-76.778273,31 May 2025,2025-05-31,1748649600.0,5,Saturday,5,22
31 may 2025,JM,Hope Rd,18.02095,-76.770762,31 May 2025,2025-05-31,1748649600.0,5,Saturday,5,22
31 may 2025,JM,Old Hope Rd,18.01861,-76.762826,31 May 2025,2025-05-31,1748649600.0,5,Saturday,5,22
31 may 2025,JM,Fort Augusta Dr,17.951852,-76.878512,31 May 2025,2025-05-31,1748649600.0,5,Saturday,5,22
31 may 2025,JM,Kingsland Main Rd,18.012922,-77.542609,31 May 2025,2025-05-31,1748649600.0,5,Saturday,5,22
31 may 2025,JM,Salt Pond Rd,17.972814,-76.941154,31 May 2025,2025-05-31,1748649600.0,5,Saturday,5,22
31 may 2025,JM,A1 - River Rd,18.088661,-76.995167,31 May 2025,2025-05-31,1748649600.0,5,Saturday,5,22
31 may 2025,JM,Antrim Rd,17.993272,-76.772856,31 May 2025,2025-05-31,1748649600.0,5,Saturday,5,22
31 may 2025,JM,A1 - Church St,18.449998,-78.168666,31 May 2025,2025-05-31,1748649600.0,5,Saturday,5,22
31 may 2025,JM,Brunswick Ave,18.013309,-76.972689,31 May 2025,2025-05-31,1748649600.0,5,Saturday,5,22
31 may 2025,JM,A2 - Old Harbour Rd,17.98916,-76.983958,31 May 2025,2025-05-31,1748649600.0,5,Saturday,5,22
31 may 2025,JM,Hope Rd,18.020904,-76.770491,31 May 2025,2025-05-31,1748649600.0,5,Saturday,5,22
31 may 2025,JM,Municipal Blvd,17.962959,-76.902133,31 May 2025,2025-05-31,1748649600.0,5,Saturday,5,22
31 may 2025,JM,Red Hills Rd,18.02796,-76.805822,31 May 2025,2025-05-31,1748649600.0,5,Saturday,5,22
31 may 2025,JM,A4 - Harbour View to Bull Bay Rd,17.94661,-76.695088,31 May 2025,2025-05-31,1748649600.0,5,Saturday,5,22
31 may 2025,JM,Job Ln,18.010081,-76.976726,31 May 2025,2025-05-31,1748649600.0,5,Saturday,5,22
31 may 2025,JM,Manchester Rd,18.011783,-77.499096,31 May 2025,2025-05-31,1748649600.0,5,Saturday,5,22
31 may 2025,JM,Town Head to Blackness Rd,18.311722,-78.135333,31 May 2025,2025-05-31,1748649600.0,5,Saturday,5,22
31 may 2025,JM,,18.002558,-76.774514,31 May 2025,2025-05-31,1748649600.0,5,Saturday,5,22
31 may 2025,JM,A3 - Constant Spring Rd,18.012335,-76.797781,31 May 2025,2025-05-31,1748649600.0,5,Saturday,5,22
31 may 2025,JM,A1 - North Coast Highway,18.51087,-77.735466,31 May 2025,2025-05-31,1748649600.0,5,Saturday,5,22
31 may 2025,JM,T3 - Edward Seaga Highway,18.280345,-77.122093,31 May 2025,2025-05-31,1748649600.0,5,Saturday,5,22
31 may 2025,JM,T3 - Edward Seaga Highway,18.095244,-77.009612,31 May 2025,2025-05-31,1748649600.0,5,Saturday,5,22
31 may 2025,JM,A1 - Spanish Town By-pass Rd,17.991637,-76.965147,31 May 2025,2025-05-31,1748649600.0,5,Saturday,5,22
31 may 2025,JM,A1 - North Coast Highway,18.472325,-77.562947,31 May 2025,2025-05-31,1748649600.0,5,Saturday,5,22
31 may 2025,JM,A3,18.386669,-76.895613,31 May 2025,2025-05-31,1748649600.0,5,Saturday,5,22
31 may 2025,JM,T3 - Edward Seaga Highway,18.096853,-77.010798,31 May 2025,2025-05-31,1748649600.0,5,Saturday,5,22
31 may 2025,JM,,18.510045,-77.757647,31 May 2025,2025-05-31,1748649600.0,5,Saturday,5,22
31 may 2025,JM,A1 (E) - Nelson Mandela Highway,18.009147,-76.89827,31 May 2025,2025-05-31,1748649600.0,5,Saturday,5,22
31 may 2025,JM,Maxfield Pk,17.999565,-76.807961,31 May 2025,2025-05-31,1748649600.0,5,Saturday,5,22
31 may 2025,JM,A1 - Kew Bridge to Great River Rd,18.459435,-78.137097,31 May 2025,2025-05-31,1748649600.0,5,Saturday,5,22
31 may 2025,JM,T3 - Edward Seaga Highway,18.368495,-77.161441,31 May 2025,2025-05-31,1748649600.0,5,Saturday,5,22
31 may 2025,JM,A1 - North Coast Highway,18.516516,-77.780127,31 May 2025,2025-05-31,1748649600.0,5,Saturday,5,22
31 may 2025,JM,A2 - Luana to Tombstone Rd,18.095274,-77.772481,31 May 2025,2025-05-31,1748649600.0,5,Saturday,5,22
31 may 2025,JM,A2 (W) - Melrose Hill Byp,18.044199,-77.438163,31 May 2025,2025-05-31,1748649600.0,5,Saturday,5,22
31 may 2025,JM,,17.983973,-77.257593,31 May 2025,2025-05-31,1748649600.0,5,Saturday,5,22
31 may 2025,JM,Naggo Head Dr,17.962901,-76.895728,31 May 2025,2025-05-31,1748649600.0,5,Saturday,5,22
31 may 2025,JM,A1 - North Coast Highway,18.475178,-77.586658,31 May 2025,2025-05-31,1748649600.0,5,Saturday,5,22
31 may 2025,JM,A1 - North Coast Highway,18.480749,-77.631876,31 May 2025,2025-05-31,1748649600.0,5,Saturday,5,22
31 may 2025,JM,A1 - North Coast Hwy,18.461277,-77.370801,31 May 2025,2025-05-31,1748649600.0,5,Saturday,5,22
31 may 2025,JM,A2 - Luana to Tombstone Rd,18.105266,-77.825557,31 May 2025,2025-05-31,1748649600.0,5,Saturday,5,22
31 may 2025,JM,T2 Kingston - Portmore Toll Rd,17.990454,-76.84177,31 May 2025,2025-05-31,1748649600.0,5,Saturday,5,22
31 may 2025,JM,Munroe Rd,18.01817,-76.766787,31 May 2025,2025-05-31,1748649600.0,5,Saturday,5,22
31 may 2025,JM,Municipal Blvd,18.004689,-76.895214,31 May 2025,2025-05-31,1748649600.0,5,Saturday,5,22
31 may 2025,JM,Hope Rd,18.018123,-76.782403,31 May 2025,2025-05-31,1748649600.0,5,Saturday,5,22
31 may 2025,JM,Brunswick Ave,18.006713,-76.968139,31 May 2025,2025-05-31,1748649600.0,5,Saturday,5,22
31 may 2025,JM,A3 - Broadgate to Toms River Rd,18.15899,-76.829743,31 May 2025,2025-05-31,1748649600.0,5,Saturday,5,22
31 may 2025,JM,A1 - Kew Bridge to Great River Rd,18.458915,-78.135305,31 May 2025,2025-05-31,1748649600.0,5,Saturday,5,22
31 may 2025,JM,A1 - Walks Rd,18.030167,-76.978404,31 May 2025,2025-05-31,1748649600.0,5,Saturday,5,22
31 may 2025,JM,Municipal Blvd,18.003933,-76.894265,31 May 2025,2025-05-31,1748649600.0,5,Saturday,5,22
31 may 2025,JM,Red Hills Rd,18.033243,-76.810255,31 May 2025,2025-05-31,1748649600.0,5,Saturday,5,22
31 may 2025,JM,A2 - Old Harbour Rd,17.990084,-76.981496,31 May 2025,2025-05-31,1748649600.0,5,Saturday,5,22
31 may 2025,JM,A1 - Kew Bridge to Great River Rd,18.453604,-78.036954,31 May 2025,2025-05-31,1748649600.0,5,Saturday,5,22
31 may 2025,JM,A1,18.043158,-76.980095,31 May 2025,2025-05-31,1748649600.0,5,Saturday,5,22
31 may 2025,JM,A2 - Santa Cruz Main St,18.054562,-77.702696,31 May 2025,2025-05-31,1748649600.0,5,Saturday,5,22
31 may 2025,JM,T3 - Edward Seaga Highway,18.234469,-77.088194,31 May 2025,2025-05-31,1748649600.0,5,Saturday,5,22
31 may 2025,JM,A1 - Seaview Dr,18.438008,-78.169186,31 May 2025,2025-05-31,1748649600.0,5,Saturday,5,22
31 may 2025,JM,A1 - Howard Cook Blvd,18.466498,-77.92396,31 May 2025,2025-05-31,1748649600.0,5,Saturday,5,22
31 may 2025,JM,T3 - Edward Seaga Highway,18.280831,-77.12241,31 May 2025,2025-05-31,1748649600.0,5,Saturday,5,22
31 may 2025,JM,,17.991119,-76.803273,31 May 2025,2025-05-31,1748649600.0,5,Saturday,5,22
31 may 2025,JM,T1 (W) - East West Hwy,17.944224,-77.25136,31 May 2025,2025-05-31,1748649600.0,5,Saturday,5,22
31 may 2025,JM,T3 - Edward Seaga Highway,18.218552,-77.076586,31 May 2025,2025-05-31,1748649600.0,5,Saturday,5,22
31 may 2025,JM,T3 - Edward Seaga Highway,18.080783,-77.0067,31 May 2025,2025-05-31,1748649600.0,5,Saturday,5,22
31 may 2025,JM,Duhaney Dr,18.029874,-76.847148,31 May 2025,2025-05-31,1748649600.0,5,Saturday,5,22
31 may 2025,JM,T1 (W) - East West Hwy,17.964754,-77.010253,31 May 2025,2025-05-31,1748649600.0,5,Saturday,5,22
31 may 2025,JM,T1 (W) - East West Hwy,17.931557,-77.114854,31 May 2025,2025-05-31,1748649600.0,5,Saturday,5,22
31 may 2025,JM,A2 - Luana to Tombstone Rd,18.113508,-77.813807,31 May 2025,2025-05-31,1748649600.0,5,Saturday,5,22
31 may 2025,JM,T3 - Edward Seaga Highway,18.184214,-77.04022,31 May 2025,2025-05-31,1748649600.0,5,Saturday,5,22
31 may 2025,JM,Grenada Cr,18.008122,-76.788136,31 May 2025,2025-05-31,1748649600.0,5,Saturday,5,22
31 may 2025,JM,NE 21st Way,17.955632,-76.905094,31 May 2025,2025-05-31,1748649600.0,5,Saturday,5,22
31 may 2025,JM,,18.039304,-76.979826,31 May 2025,2025-05-31,1748649600.0,5,Saturday,5,22
31 may 2025,JM,Vanguard Ave,18.053531,-76.82012,31 May 2025,2025-05-31,1748649600.0,5,Saturday,5,22
31 may 2025,JM,A2 W,18.027272,-76.814506,31 May 2025,2025-05-31,1748649600.0,5,Saturday,5,22
31 may 2025,JM,A2 - Tombstone to Gutters Rd,18.07337,-77.736887,31 May 2025,2025-05-31,1748649600.0,5,Saturday,5,22
31 may 2025,JM,T2 Kingston - Portmore Toll Rd,17.969403,-76.849991,31 May 2025,2025-05-31,1748649600.0,5,Saturday,5,22
31 may 2025,JM,A4 - South Coast Hwy,17.915188,-76.62493,31 May 2025,2025-05-31,1748649600.0,5,Saturday,5,22
31 may 2025,JM,A2 - Old Harbour Rd,17.991803,-76.973201,31 May 2025,2025-05-31,1748649600.0,5,Saturday,5,22
31 may 2025,JM,A3 - Oracabessa to White River Rd,18.422091,-77.046476,31 May 2025,2025-05-31,1748649600.0,5,Saturday,5,22
31 may 2025,JM,King St,17.981759,-76.791514,31 May 2025,2025-05-31,1748649600.0,5,Saturday,5,22
31 may 2025,JM,A4 - Dover to Agualta Vale Rd,18.268264,-76.741786,31 May 2025,2025-05-31,1748649600.0,5,Saturday,5,22
31 may 2025,JM,A1 - North Coast Highway,18.521448,-77.845824,31 May 2025,2025-05-31,1748649600.0,5,Saturday,5,22
31 may 2025,JM,A3 - North Coast Highway,18.421241,-77.152575,31 May 2025,2025-05-31,1748649600.0,5,Saturday,5,22
31 may 2025,JM,,18.493794,-77.649372,31 May 2025,2025-05-31,1748649600.0,5,Saturday,5,22
31 may 2025,JM,Barbican Rd,18.030734,-76.773799,31 May 2025,2025-05-31,1748649600.0,5,Saturday,5,22
31 may 2025,JM,B7,18.232249,-77.949994,31 May 2025,2025-05-31,1748649600.0,5,Saturday,5,22
31 may 2025,JM,First St,17.985101,-76.806061,31 May 2025,2025-05-31,1748649600.0,5,Saturday,5,22
31 may 2025,JM,Hope Rd,18.018458,-76.781708,31 May 2025,2025-05-31,1748649600.0,5,Saturday,5,22
31 may 2025,JM,A2 - Spur Tree Rd,17.995346,-77.562928,31 May 2025,2025-05-31,1748649600.0,5,Saturday,5,22
31 may 2025,JM,Gutters to Downs Rd,17.991566,-77.587826,31 May 2025,2025-05-31,1748649600.0,5,Saturday,5,22
31 may 2025,JM,Gutters to Downs Rd,17.986269,-77.582928,31 May 2025,2025-05-31,1748649600.0,5,Saturday,5,22
31 may 2025,JM,A4 - Port Morant to Stokes Hall Rd,17.891913,-76.330377,31 May 2025,2025-05-31,1748649600.0,5,Saturday,5,22
31 may 2025,JM,Kingsland Main Rd,18.014136,-77.540517,31 May 2025,2025-05-31,1748649600.0,5,Saturday,5,22
31 may 2025,JM,B8 - Long Hill Rd,18.430042,-77.949437,31 May 2025,2025-05-31,1748649600.0,5,Saturday,5,22
31 may 2025,JM,T3 - Edward Seaga Highway,18.284315,-77.123858,31 May 2025,2025-05-31,1748649600.0,5,Saturday,5,22
31 may 2025,JM,T3 - Edward Seaga Highway,18.210466,-77.064855,31 May 2025,2025-05-31,1748649600.0,5,Saturday,5,22
31 may 2025,JM,A1 - North Coast Hwy,18.462957,-77.331434,31 May 2025,2025-05-31,1748649600.0,5,Saturday,5,22
31 may 2025,JM,Port Royal St,17.965623,-76.792541,31 May 2025,2025-05-31,1748649600.0,5,Saturday,5,22
31 may 2025,JM,T3 - Edward Seaga Highway,18.278781,-77.121684,31 May 2025,2025-05-31,1748649600.0,5,Saturday,5,22
31 may 2025,JM,A1 - Lucea to Green Island Rd,18.451206,-78.214232,31 May 2025,2025-05-31,1748649600.0,5,Saturday,5,22
31 may 2025,JM,T3 - Edward Seaga Highway,18.050507,-76.982305,31 May 2025,2025-05-31,1748649600.0,5,Saturday,5,22
31 may 2025,JM,A2 W - Dunrobin Ave,18.025699,-76.801982,31 May 2025,2025-05-31,1748649600.0,5,Saturday,5,22
31 may 2025,JM,T3 - Edward Seaga Highway,18.068523,-76.99409,31 May 2025,2025-05-31,1748649600.0,5,Saturday,5,22
31 may 2025,JM,Seymour Ave,18.01305,-76.773916,31 May 2025,2025-05-31,1748649600.0,5,Saturday,5,22
31 may 2025,JM,A1 - Kew Bridge to Great River Rd,18.450569,-78.102596,31 May 2025,2025-05-31,1748649600.0,5,Saturday,5,22
31 may 2025,JM,A1 - North Coast Highway,18.459917,-77.401508,31 May 2025,2025-05-31,1748649600.0,5,Saturday,5,22
31 may 2025,JM,A1 - Kew Bridge to Lucea Rd,18.453841,-78.11677,31 May 2025,2025-05-31,1748649600.0,5,Saturday,5,22
31 may 2025,JM,Linstead Main Rd,18.117813,-77.014516,31 May 2025,2025-05-31,1748649600.0,5,Saturday,5,22
31 may 2025,JM,T1 (W) - East West Hwy,17.978179,-76.930875,31 May 2025,2025-05-31,1748649600.0,5,Saturday,5,22
31 may 2025,JM,A3 - Junction Main Rd,18.096871,-76.805625,31 May 2025,2025-05-31,1748649600.0,5,Saturday,5,22
31 may 2025,JM,A3 - Ocho Rios Byp,18.413859,-77.070663,31 May 2025,2025-05-31,1748649600.0,5,Saturday,5,22
31 may 2025,JM,,18.015741,-76.796592,31 May 2025,2025-05-31,1748649600.0,5,Saturday,5,22
31 may 2025,JM,A3,18.393368,-76.894839,31 May 2025,2025-05-31,1748649600.0,5,Saturday,5,22
31 may 2025,JM,A1 - Kew Bridge to Lucea Rd,18.455755,-78.122081,31 May 2025,2025-05-31,1748649600.0,5,Saturday,5,22
31 may 2025,JM,Cromarty Dr,17.984975,-76.970476,31 May 2025,2025-05-31,1748649600.0,5,Saturday,5,22
31 may 2025,JM,A4 - Orange Bay to Windsor Castle Rd,18.260892,-76.700744,31 May 2025,2025-05-31,1748649600.0,5,Saturday,5,22
31 may 2025,JM,Brisbane Rd,18.007076,-76.783586,31 May 2025,2025-05-31,1748649600.0,5,Saturday,5,22
31 may 2025,JM,Queens Dr,18.47949,-77.926557,31 May 2025,2025-05-31,1748649600.0,5,Saturday,5,22
31 may 2025,JM,A1 - North Coast Highway,18.459651,-77.402326,31 May 2025,2025-05-31,1748649600.0,5,Saturday,5,22
31 may 2025,JM,T3 - Edward Seaga Highway,18.346592,-77.148496,31 May 2025,2025-05-31,1748649600.0,5,Saturday,5,22
31 may 2025,JM,Kingsland Main Rd,18.009084,-77.547917,31 May 2025,2025-05-31,1748649600.0,5,Saturday,5,22
31 may 2025,JM,Cumberland Blvd,17.982702,-76.881155,31 May 2025,2025-05-31,1748649600.0,5,Saturday,5,22
31 may 2025,JM,Junction to Downs Rd,17.905644,-77.611983,31 May 2025,2025-05-31,1748649600.0,5,Saturday,5,22
31 may 2025,JM,Lakes Pen Main Rd,17.984558,-76.933152,31 May 2025,2025-05-31,1748649600.0,5,Saturday,5,22
31 may 2025,JM,Zinc Ave,17.943299,-77.232012,31 May 2025,2025-05-31,1748649600.0,5,Saturday,5,22
31 may 2025,JM,McVickers Ln,17.986694,-76.970769,31 May 2025,2025-05-31,1748649600.0,5,Saturday,5,22
31 may 2025,JM,A2 (E) - Washington Blvd,18.026073,-76.819377,31 May 2025,2025-05-31,1748649600.0,5,Saturday,5,22
31 may 2025,JM,A2 - Tombstone to Gutters Rd,18.058184,-77.717177,31 May 2025,2025-05-31,1748649600.0,5,Saturday,5,22
31 may 2025,JM,T3 - Edward Seaga Highway,18.050407,-76.98223,31 May 2025,2025-05-31,1748649600.0,5,Saturday,5,22
31 may 2025,JM,A1 - River Rd,18.061463,-76.984172,31 May 2025,2025-05-31,1748649600.0,5,Saturday,5,22
31 may 2025,JM,A3 - Stennett St,18.360424,-76.8955,31 May 2025,2025-05-31,1748649600.0,5,Saturday,5,22
31 may 2025,JM,T1 (W) - East West Hwy,17.972203,-76.99529,31 May 2025,2025-05-31,1748649600.0,5,Saturday,5,22
31 may 2025,JM,A3 - North Coast Highway,18.420978,-77.150374,31 May 2025,2025-05-31,1748649600.0,5,Saturday,5,22
31 may 2025,JM,T1 (W) - East West Hwy,17.972489,-76.994349,31 May 2025,2025-05-31,1748649600.0,5,Saturday,5,22
31 may 2025,JM,Municipal Blvd,17.956981,-76.898758,31 May 2025,2025-05-31,1748649600.0,5,Saturday,5,22
31 may 2025,JM,James Hill to Mason River Rd,18.168375,-77.326728,31 May 2025,2025-05-31,1748649600.0,5,Saturday,5,22
31 may 2025,JM,T1 (W) - East West Hwy,18.023339,-77.418817,31 May 2025,2025-05-31,1748649600.0,5,Saturday,5,22
31 may 2025,JM,Lakes Pen Main Rd,17.984525,-76.932806,31 May 2025,2025-05-31,1748649600.0,5,Saturday,5,22
31 may 2025,JM,A2 (E) - Washington Blvd,18.025613,-76.820951,31 May 2025,2025-05-31,1748649600.0,5,Saturday,5,22
31 may 2025,JM,A2 - Greenvale Rd,18.037971,-77.531196,31 May 2025,2025-05-31,1748649600.0,5,Saturday,5,22
31 may 2025,JM,A2 - Spur Tree Rd,17.995885,-77.559415,31 May 2025,2025-05-31,1748649600.0,5,Saturday,5,22
31 may 2025,JM,A2 - Spur Tree Rd,18.018369,-77.583346,31 May 2025,2025-05-31,1748649600.0,5,Saturday,5,22
31 may 2025,JM,T1 (W) - East West Hwy,18.000617,-77.40184,31 May 2025,2025-05-31,1748649600.0,5,Saturday,5,22
31 may 2025,JM,A3 - Oracabessa to White River Rd,18.401163,-76.950046,31 May 2025,2025-05-31,1748649600.0,5,Saturday,5,22
31 may 2025,JM,A3 - Vermon Ave,18.405563,-76.945803,31 May 2025,2025-05-31,1748649600.0,5,Saturday,5,22
31 may 2025,JM,T1 (E) - East West Hwy,17.96737,-77.005313,31 May 2025,2025-05-31,1748649600.0,5,Saturday,5,22
31 may 2025,JM,T3 - Edward Seaga Highway,18.414884,-77.153516,31 May 2025,2025-05-31,1748649600.0,5,Saturday,5,22
31 may 2025,JM,Emerald Dr,18.038907,-76.819221,31 May 2025,2025-05-31,1748649600.0,5,Saturday,5,22
31 may 2025,JM,B5 - Shooters Hill to Caines Shop Rd,18.152494,-77.501661,31 May 2025,2025-05-31,1748649600.0,5,Saturday,5,22
31 may 2025,JM,T3 - Edward Seaga Highway,18.207539,-77.05435,31 May 2025,2025-05-31,1748649600.0,5,Saturday,5,22
31 may 2025,JM,T3 - Edward Seaga Highway,18.385491,-77.157728,31 May 2025,2025-05-31,1748649600.0,5,Saturday,5,22
31 may 2025,JM,T3 - Edward Seaga Highway,18.390766,-77.165086,31 May 2025,2025-05-31,1748649600.0,5,Saturday,5,22
31 may 2025,JM,A1 - North Coast Highway,18.444647,-77.222098,31 May 2025,2025-05-31,1748649600.0,5,Saturday,5,22
31 may 2025,JM,A1 - North Coast Highway,18.519604,-77.809664,31 May 2025,2025-05-31,1748649600.0,5,Saturday,5,22
31 may 2025,JM,T3 - Edward Seaga Highway,18.248044,-77.106733,31 May 2025,2025-05-31,1748649600.0,5,Saturday,5,22
31 may 2025,JM,Fairdene Ave,18.043185,-76.818229,31 May 2025,2025-05-31,1748649600.0,5,Saturday,5,22
31 may 2025,JM,Water Ln,17.966802,-76.797043,31 May 2025,2025-05-31,1748649600.0,5,Saturday,5,22
31 may 2025,JM,A4 - Grants Pen to Albion Rd,17.897104,-76.611017,31 May 2025,2025-05-31,1748649600.0,5,Saturday,5,22
31 may 2025,JM,T3 - Edward Seaga Highway,18.326237,-77.13342,31 May 2025,2025-05-31,1748649600.0,5,Saturday,5,22
31 may 2025,JM,T3 - Edward Seaga Highway,18.093234,-77.009609,31 May 2025,2025-05-31,1748649600.0,5,Saturday,5,22
31 may 2025,JM,A1 - Walks Rd,18.017513,-76.974783,31 May 2025,2025-05-31,1748649600.0,5,Saturday,5,22
31 may 2025,JM,A3 - Constant Spring Rd,18.013353,-76.797955,31 May 2025,2025-05-31,1748649600.0,5,Saturday,5,22
31 may 2025,JM,A1 - North Coast Highway,18.472645,-77.572165,31 May 2025,2025-05-31,1748649600.0,5,Saturday,5,22
31 may 2025,JM,A3 - Junction Main Rd,18.112371,-76.824445,31 May 2025,2025-05-31,1748649600.0,5,Saturday,5,22
31 may 2025,JM,Pepper Main Rd,18.031141,-77.614443,31 May 2025,2025-05-31,1748649600.0,5,Saturday,5,22
31 may 2025,JM,A1 - Kew Bridge to Lucea Rd,18.442749,-78.153305,31 May 2025,2025-05-31,1748649600.0,5,Saturday,5,22
31 may 2025,JM,B8 - Anchovy to Shettlewood Rd,18.356936,-77.937901,31 May 2025,2025-05-31,1748649600.0,5,Saturday,5,22
31 may 2025,JM,A2 - Luana to Tombstone Rd,18.085297,-77.85443,31 May 2025,2025-05-31,1748649600.0,5,Saturday,5,22
31 may 2025,JM,A1 - Green Island to Negril Rd,18.366852,-78.336697,31 May 2025,2025-05-31,1748649600.0,5,Saturday,5,22
31 may 2025,JM,A1 - North Coast Highway,18.512093,-77.750508,31 May 2025,2025-05-31,1748649600.0,5,Saturday,5,22
31 may 2025,JM,T3 - Edward Seaga Highway,18.207755,-77.055095,31 May 2025,2025-05-31,1748649600.0,5,Saturday,5,22
31 may 2025,JM,Munroe Rd,18.019106,-76.765932,31 May 2025,2025-05-31,1748649600.0,5,Saturday,5,22
31 may 2025,JM,Port Henderson Rd,17.957738,-76.887183,31 May 2025,2025-05-31,1748649600.0,5,Saturday,5,22
31 may 2025,JM,T1 (E) - East West Hwy,17.984789,-76.920069,31 May 2025,2025-05-31,1748649600.0,5,Saturday,5,22
31 may 2025,JM,A1 - Spanish Town By-pass Rd,18.012877,-76.978068,31 May 2025,2025-05-31,1748649600.0,5,Saturday,5,22
31 may 2025,JM,B5 - Albert Town to Stettin Rd,18.272503,-77.536536,31 May 2025,2025-05-31,1748649600.0,5,Saturday,5,22
31 may 2025,JM,Twickenham Dr,17.997566,-76.943174,31 May 2025,2025-05-31,1748649600.0,5,Saturday,5,22
31 may 2025,JM,Waltham Park Rd,18.017696,-76.81005,31 May 2025,2025-05-31,1748649600.0,5,Saturday,5,22
31 may 2025,JM,,18.507234,-77.911267,31 May 2025,2025-05-31,1748649600.0,5,Saturday,5,22
31 may 2025,JM,A1 (W) - Nelson Mandela Highway,18.025845,-76.858981,31 May 2025,2025-05-31,1748649600.0,5,Saturday,5,22
31 may 2025,JM,T3 - Edward Seaga Highway,18.284454,-77.123941,31 May 2025,2025-05-31,1748649600.0,5,Saturday,5,22
31 may 2025,JM,Ottawa Ave,18.017291,-76.76182,31 May 2025,2025-05-31,1748649600.0,5,Saturday,5,22
31 may 2025,JM,,18.5124,-77.886995,31 May 2025,2025-05-31,1748649600.0,5,Saturday,5,22
31 may 2025,JM,A1 - Green Island to Negril Rd,18.368155,-78.335049,31 May 2025,2025-05-31,1748649600.0,5,Saturday,5,22
31 may 2025,JM,A2 - Greenvale Rd,18.022753,-77.537487,31 May 2025,2025-05-31,1748649600.0,5,Saturday,5,22
31 may 2025,JM,,18.510047,-77.757652,31 May 2025,2025-05-31,1748649600.0,5,Saturday,5,22
31 may 2025,JM,Langston Rd,17.981121,-76.765729,31 May 2025,2025-05-31,1748649600.0,5,Saturday,5,22
31 may 2025,JM,A1 - North Coast Highway,18.475303,-77.59076,31 May 2025,2025-05-31,1748649600.0,5,Saturday,5,22
31 may 2025,JM,,18.48842,-77.65384,31 May 2025,2025-05-31,1748649600.0,5,Saturday,5,22
31 may 2025,JM,T1 (E) - East West Hwy,17.937176,-77.231703,31 May 2025,2025-05-31,1748649600.0,5,Saturday,5,22
31 may 2025,JM,,18.510285,-77.757593,31 May 2025,2025-05-31,1748649600.0,5,Saturday,5,22
31 may 2025,JM,Maxfield Pk,17.99848,-76.805276,31 May 2025,2025-05-31,1748649600.0,5,Saturday,5,22
31 may 2025,JM,A2 - Santa Cruz Main St,18.053824,-77.699541,31 May 2025,2025-05-31,1748649600.0,5,Saturday,5,22
31 may 2025,JM,A1 - North Coast Highway,18.444149,-77.221601,31 May 2025,2025-05-31,1748649600.0,5,Saturday,5,22
31 may 2025,JM,T1 (E) - East West Hwy,17.976137,-77.37997,31 May 2025,2025-05-31,1748649600.0,5,Saturday,5,22
31 may 2025,JM,Chisholm Ave,18.00294,-76.80818,31 May 2025,2025-05-31,1748649600.0,5,Saturday,5,22
31 may 2025,JM,A1 - North Coast Highway,18.471858,-77.549498,31 May 2025,2025-05-31,1748649600.0,5,Saturday,5,22
31 may 2025,JM,A3 (N) - Constant Spring Rd,18.025117,-76.796552,31 May 2025,2025-05-31,1748649600.0,5,Saturday,5,22
31 may 2025,JM,T3 - Edward Seaga Highway,18.096423,-77.010395,31 May 2025,2025-05-31,1748649600.0,5,Saturday,5,22
31 may 2025,JM,Pepper Main Rd,18.031054,-77.614376,31 May 2025,2025-05-31,1748649600.0,5,Saturday,5,22
31 may 2025,JM,A1 - Norman Manley Blvd,18.307433,-78.337307,31 May 2025,2025-05-31,1748649600.0,5,Saturday,5,22
31 may 2025,JM,A1,18.034219,-76.979643,31 May 2025,2025-05-31,1748649600.0,5,Saturday,5,22
31 may 2025,JM,A3 (S) - Constant Spring Rd,18.023602,-76.796313,31 May 2025,2025-05-31,1748649600.0,5,Saturday,5,22
31 may 2025,JM,T3 - Edward Seaga Highway,18.010441,-76.907632,31 May 2025,2025-05-31,1748649600.0,5,Saturday,5,22
31 may 2025,JM,A2 - Spur Tree Rd,18.009993,-77.578026,31 May 2025,2025-05-31,1748649600.0,5,Saturday,5,22
31 may 2025,JM,Bayshore Plaza,18.181174,-76.46034,31 May 2025,2025-05-31,1748649600.0,5,Saturday,5,22
31 may 2025,JM,A1 - Bog Walk Gorge,18.045136,-76.981236,31 May 2025,2025-05-31,1748649600.0,5,Saturday,5,22
31 may 2025,JM,A3 - Junction Main Rd,18.101289,-76.816237,31 May 2025,2025-05-31,1748649600.0,5,Saturday,5,22
31 may 2025,JM,Wellington Dr,18.01475,-76.761368,31 May 2025,2025-05-31,1748649600.0,5,Saturday,5,22
31 may 2025,JM,A3 - Stony Hill Rd,18.072868,-76.790543,31 May 2025,2025-05-31,1748649600.0,5,Saturday,5,22
31 may 2025,JM,T3 - Edward Seaga Highway,18.315119,-77.13797,31 May 2025,2025-05-31,1748649600.0,5,Saturday,5,22
31 may 2025,JM,Old Hope Rd,18.017184,-76.752408,31 May 2025,2025-05-31,1748649600.0,5,Saturday,5,22
31 may 2025,JM,A1 - North Coast Highway,18.485806,-77.682499,31 May 2025,2025-05-31,1748649600.0,5,Saturday,5,22
31 may 2025,JM,A1 (W) - Nelson Mandela Highway,18.013637,-76.891361,31 May 2025,2025-05-31,1748649600.0,5,Saturday,5,22
31 may 2025,JM,Braeton Rd,17.951038,-76.909861,31 May 2025,2025-05-31,1748649600.0,5,Saturday,5,22
31 may 2025,JM,A2 - Greenvale Rd,18.03788,-77.531216,31 May 2025,2025-05-31,1748649600.0,5,Saturday,5,22
31 may 2025,JM,Marcus Garvey Dr,17.967365,-76.802121,31 May 2025,2025-05-31,1748649600.0,5,Saturday,5,22
31 may 2025,JM,T1 (E) - East West Hwy,17.981688,-76.925939,31 May 2025,2025-05-31,1748649600.0,5,Saturday,5,22
31 may 2025,JM,Gordon Blvd,18.000155,-76.95733,31 May 2025,2025-05-31,1748649600.0,5,Saturday,5,22
31 may 2025,JM,T1 (W) - East West Hwy,17.953874,-77.042151,31 May 2025,2025-05-31,1748649600.0,5,Saturday,5,22
31 may 2025,JM,Hope Rd,18.01838,-76.781863,31 May 2025,2025-05-31,1748649600.0,5,Saturday,5,22
31 may 2025,JM,A2 E - Dunrobin Ave,18.025033,-76.797031,31 May 2025,2025-05-31,1748649600.0,5,Saturday,5,22
31 may 2025,JM,A2 - Greenvale Rd,18.038011,-77.531183,31 May 2025,2025-05-31,1748649600.0,5,Saturday,5,22
31 may 2025,JM,T1 - East West Hwy,17.973467,-76.971134,31 May 2025,2025-05-31,1748649600.0,5,Saturday,5,22
31 may 2025,JM,A2 W - Washington Blvd,18.026935,-76.816,31 May 2025,2025-05-31,1748649600.0,5,Saturday,5,22
31 may 2025,JM,T3 - Edward Seaga Highway,18.115526,-77.040655,31 May 2025,2025-05-31,1748649600.0,5,Saturday,5,22
31 may 2025,JM,West Ave,17.985038,-76.98595,31 May 2025,2025-05-31,1748649600.0,5,Saturday,5,22
31 may 2025,JM,A1 - North Coast Highway,18.482153,-77.627916,31 May 2025,2025-05-31,1748649600.0,5,Saturday,5,22
31 may 2025,JM,A2 - Old Harbour Rd,17.99226,-76.972073,31 May 2025,2025-05-31,1748649600.0,5,Saturday,5,22
31 may 2025,JM,A1 - River Rd,18.071698,-76.987265,31 May 2025,2025-05-31,1748649600.0,5,Saturday,5,22
31 may 2025,JM,A1 - Kew Bridge to Great River Rd,18.452603,-78.062928,31 May 2025,2025-05-31,1748649600.0,5,Saturday,5,22
31 may 2025,JM,T1 (W) - East West Hwy,17.931596,-77.114674,31 May 2025,2025-05-31,1748649600.0,5,Saturday,5,22
31 may 2025,JM,Molynes Rd,18.020687,-76.812045,31 May 2025,2025-05-31,1748649600.0,5,Saturday,5,22
31 may 2025,JM,Mannings Hill Rd,18.036994,-76.797798,31 May 2025,2025-05-31,1748649600.0,5,Saturday,5,22
31 may 2025,JM,T3 - Edward Seaga Highway,18.231309,-77.086326,31 May 2025,2025-05-31,1748649600.0,5,Saturday,5,22
31 may 2025,JM,Kingsland Main Rd,18.00864,-77.548479,31 May 2025,2025-05-31,1748649600.0,5,Saturday,5,22
31 may 2025,JM,B6,18.32328,-77.906404,31 May 2025,2025-05-31,1748649600.0,5,Saturday,5,22
31 may 2025,JM,,18.034148,-76.979326,31 May 2025,2025-05-31,1748649600.0,5,Saturday,5,22
31 may 2025,JM,Municipal Blvd,18.002062,-76.894844,31 May 2025,2025-05-31,1748649600.0,5,Saturday,5,22
31 may 2025,JM,Queens Dr,18.486971,-77.925595,31 May 2025,2025-05-31,1748649600.0,5,Saturday,5,22
31 may 2025,JM,Braeton Rd,17.951476,-76.908871,31 May 2025,2025-05-31,1748649600.0,5,Saturday,5,22
31 may 2025,JM,A1 - Moneague to Mount Diablo Rd,18.25882,-77.117814,31 May 2025,2025-05-31,1748649600.0,5,Saturday,5,22
31 may 2025,JM,T3 - Edward Seaga Highway,18.284905,-77.124216,31 May 2025,2025-05-31,1748649600.0,5,Saturday,5,22
31 may 2025,JM,,17.989261,-77.486547,31 May 2025,2025-05-31,1748649600.0,5,Saturday,5,22
31 may 2025,JM,Osborne Store to Green Park Rd,17.972949,-77.330353,31 May 2025,2025-05-31,1748649600.0,5,Saturday,5,22
31 may 2025,JM,A4 - Harbour View to Bull Bay Rd,17.9406,-76.665593,31 May 2025,2025-05-31,1748649600.0,5,Saturday,5,22
31 may 2025,JM,T3 - Edward Seaga Highway,18.076327,-76.998797,31 May 2025,2025-05-31,1748649600.0,5,Saturday,5,22
31 may 2025,JM,A4 - Eleven Miles to Grants Pen Rd,17.915786,-76.629457,31 May 2025,2025-05-31,1748649600.0,5,Saturday,5,22
31 may 2025,JM,A1 - North Coast Highway,18.520305,-77.869519,31 May 2025,2025-05-31,1748649600.0,5,Saturday,5,22
31 may 2025,JM,T3 - Edward Seaga Highway,18.154169,-77.032498,31 May 2025,2025-05-31,1748649600.0,5,Saturday,5,22
31 may 2025,JM,T3 - Edward Seaga Highway,18.031057,-76.951379,31 May 2025,2025-05-31,1748649600.0,5,Saturday,5,22
31 may 2025,JM,T3 - Edward Seaga Highway,18.265571,-77.120038,31 May 2025,2025-05-31,1748649600.0,5,Saturday,5,22
31 may 2025,JM,West Beauchamp Dr,17.991858,-76.819935,31 May 2025,2025-05-31,1748649600.0,5,Saturday,5,22
31 may 2025,JM,Seymour Ave,18.01047,-76.774772,31 May 2025,2025-05-31,1748649600.0,5,Saturday,5,22
31 may 2025,JM,Marcus Garvey Dr,17.986219,-76.825706,31 May 2025,2025-05-31,1748649600.0,5,Saturday,5,22
31 may 2025,JM,T3 - Edward Seaga Highway,18.103216,-77.034425,31 May 2025,2025-05-31,1748649600.0,5,Saturday,5,22
31 may 2025,JM,Paradise St,17.976035,-77.256084,31 May 2025,2025-05-31,1748649600.0,5,Saturday,5,22
31 may 2025,JM,Red Hills Rd,18.029594,-76.805996,31 May 2025,2025-05-31,1748649600.0,5,Saturday,5,22
31 may 2025,JM,T3 - Edward Seaga Highway,18.215912,-77.073509,31 May 2025,2025-05-31,1748649600.0,5,Saturday,5,22
31 may 2025,JM,T3 - Edward Seaga Highway,18.207305,-77.053537,31 May 2025,2025-05-31,1748649600.0,5,Saturday,5,22
31 may 2025,JM,T3 - Edward Seaga Highway,18.215656,-77.072922,31 May 2025,2025-05-31,1748649600.0,5,Saturday,5,22
31 may 2025,JM,T3 - Edward Seaga Highway,18.210259,-77.063219,31 May 2025,2025-05-31,1748649600.0,5,Saturday,5,22
31 may 2025,JM,Mountain View Ave,18.008591,-76.77133,31 May 2025,2025-05-31,1748649600.0,5,Saturday,5,22
31 may 2025,JM,B8 - Anchovy to Shettlewood Rd,18.412037,-77.935518,31 May 2025,2025-05-31,1748649600.0,5,Saturday,5,22
31 may 2025,JM,T3 - Edward Seaga Highway,18.207972,-77.05584,31 May 2025,2025-05-31,1748649600.0,5,Saturday,5,22
31 may 2025,JM,A1 - Howard Cook Blvd,18.470829,-77.924507,31 May 2025,2025-05-31,1748649600.0,5,Saturday,5,22
31 may 2025,JM,A1 - Spanish Town By-pass Rd,18.009439,-76.976761,31 May 2025,2025-05-31,1748649600.0,5,Saturday,5,22
31 may 2025,JM,A1 - North Coast Hwy,18.462257,-77.385996,31 May 2025,2025-05-31,1748649600.0,5,Saturday,5,22
31 may 2025,JM,A1 - River Rd,18.092497,-77.005036,31 May 2025,2025-05-31,1748649600.0,5,Saturday,5,22
31 may 2025,JM,A1 - North Coast Highway,18.521357,-77.849544,31 May 2025,2025-05-31,1748649600.0,5,Saturday,5,22
31 may 2025,JM,A1 - Kew Bridge to Great River Rd,18.454745,-78.01955,31 May 2025,2025-05-31,1748649600.0,5,Saturday,5,22
31 may 2025,JM,A2 - Smithfield Bridge to Scotts Cove Rd,18.163744,-78.02727,31 May 2025,2025-05-31,1748649600.0,5,Saturday,5,22
31 may 2025,JM,Hope Road,18.020438,-76.768877,31 May 2025,2025-05-31,1748649600.0,5,Saturday,5,22
31 may 2025,JM,Sunset Ave,17.988557,-77.496812,31 May 2025,2025-05-31,1748649600.0,5,Saturday,5,22
31 may 2025,JM,A2 - Old Harbour Rd,17.94867,-77.058266,31 May 2025,2025-05-31,1748649600.0,5,Saturday,5,22
31 may 2025,JM,A3 (N) - Constant Spring Rd,18.03385,-76.796074,31 May 2025,2025-05-31,1748649600.0,5,Saturday,5,22
31 may 2025,JM,A1 - Kew Bridge to Great River Rd,18.451778,-78.058636,31 May 2025,2025-05-31,1748649600.0,5,Saturday,5,22
31 may 2025,JM,Old Hope Rd,18.019539,-76.765154,31 May 2025,2025-05-31,1748649600.0,5,Saturday,5,22
31 may 2025,JM,West St,17.966285,-76.796372,31 May 2025,2025-05-31,1748649600.0,5,Saturday,5,22
31 may 2025,JM,De Carteret Rd,18.038345,-77.496846,31 May 2025,2025-05-31,1748649600.0,5,Saturday,5,22
31 may 2025,JM,Chesterfield Dr,17.999486,-76.835898,31 May 2025,2025-05-31,1748649600.0,5,Saturday,5,22
31 may 2025,JM,T3 - Edward Seaga Highway,18.21865,-77.076915,31 May 2025,2025-05-31,1748649600.0,5,Saturday,5,22
31 may 2025,JM,T3 - Edward Seaga Highway,18.113823,-77.040153,31 May 2025,2025-05-31,1748649600.0,5,Saturday,5,22
31 may 2025,JM,T3 - Edward Seaga Highway,18.167538,-77.037908,31 May 2025,2025-05-31,1748649600.0,5,Saturday,5,22
31 may 2025,JM,A1 - North Coast Highway,18.522003,-77.855025,31 May 2025,2025-05-31,1748649600.0,5,Saturday,5,22
31 may 2025,JM,A1 - Dr. Aston King Highway,18.451798,-77.976693,31 May 2025,2025-05-31,1748649600.0,5,Saturday,5,22
31 may 2025,JM,Municipal Blvd,17.96302,-76.90213,31 May 2025,2025-05-31,1748649600.0,5,Saturday,5,22
31 may 2025,JM,A1 - Moneague to Mount Diablo Rd,18.235804,-77.094376,31 May 2025,2025-05-31,1748649600.0,5,Saturday,5,22
31 may 2025,JM,A1 - Walks Rd,18.017388,-76.974774,31 May 2025,2025-05-31,1748649600.0,5,Saturday,5,22
31 may 2025,JM,A2 - Luana to Tombstone Rd,18.10919,-77.821718,31 May 2025,2025-05-31,1748649600.0,5,Saturday,5,22
31 may 2025,JM,A3 - Junction Main Rd,18.101277,-76.816224,31 May 2025,2025-05-31,1748649600.0,5,Saturday,5,22
31 may 2025,JM,A4 - Prospect to Port Morant Rd,17.868197,-76.344346,31 May 2025,2025-05-31,1748649600.0,5,Saturday,5,22
31 may 2025,JM,B3 - Trout Hall to Chapelton Rd,18.197813,-77.351116,31 May 2025,2025-05-31,1748649600.0,5,Saturday,5,22
31 may 2025,JM,T3 - Edward Seaga Highway,18.134247,-77.040513,31 May 2025,2025-05-31,1748649600.0,5,Saturday,5,22
31 may 2025,JM,Camp Rd,17.993239,-76.784025,31 May 2025,2025-05-31,1748649600.0,5,Saturday,5,22
31 may 2025,JM,Merrivale Cl,18.034017,-76.803961,31 May 2025,2025-05-31,1748649600.0,5,Saturday,5,22
31 may 2025,JM,T3 - Edward Seaga Highway,18.281065,-77.122507,31 May 2025,2025-05-31,1748649600.0,5,Saturday,5,22
31 may 2025,JM,,18.020552,-76.767834,31 May 2025,2025-05-31,1748649600.0,5,Saturday,5,22
31 may 2025,JM,Worchester Dr,17.985803,-76.979492,31 May 2025,2025-05-31,1748649600.0,5,Saturday,5,22
31 may 2025,JM,A1 (E) - Nelson Mandela Highway,18.000273,-76.907748,31 May 2025,2025-05-31,1748649600.0,5,Saturday,5,22
31 may 2025,JM,A1 - Kew Bridge to Great River Rd,18.445952,-78.10616,31 May 2025,2025-05-31,1748649600.0,5,Saturday,5,22
31 may 2025,JM,A1 - North Coast Hwy,18.462139,-77.327317,31 May 2025,2025-05-31,1748649600.0,5,Saturday,5,22
31 may 2025,JM,A2 (E) - Washington Blvd,18.026071,-76.847309,31 May 2025,2025-05-31,1748649600.0,5,Saturday,5,22
31 may 2025,JM,A2 (W) - Melrose Hill Byp,18.044075,-77.438045,31 May 2025,2025-05-31,1748649600.0,5,Saturday,5,22
31 may 2025,JM,A1 - North Coast Highway,18.481361,-77.630188,31 May 2025,2025-05-31,1748649600.0,5,Saturday,5,22
31 may 2025,JM,A4 - Dover to Agualta Vale Rd,18.26898,-76.743353,31 May 2025,2025-05-31,1748649600.0,5,Saturday,5,22
31 may 2025,JM,A4 - Orange Bay to Windsor Castle Rd,18.253461,-76.681085,31 May 2025,2025-05-31,1748649600.0,5,Saturday,5,22
31 may 2025,JM,B6,18.087119,-77.478336,31 May 2025,2025-05-31,1748649600.0,5,Saturday,5,22
31 may 2025,JM,Barbican Rd,18.030527,-76.77258,31 May 2025,2025-05-31,1748649600.0,5,Saturday,5,22
31 may 2025,JM,T1 (W) - East West Hwy,17.921463,-77.155493,31 May 2025,2025-05-31,1748649600.0,5,Saturday,5,22
31 may 2025,JM,T2 Kingston - Portmore Toll Rd,17.984739,-76.841967,31 May 2025,2025-05-31,1748649600.0,5,Saturday,5,22
31 may 2025,JM,Municipal Blvd,18.004049,-76.89433,31 May 2025,2025-05-31,1748649600.0,5,Saturday,5,22
31 may 2025,JM,Portmore Pkwy,17.966978,-76.871752,31 May 2025,2025-05-31,1748649600.0,5,Saturday,5,22
31 may 2025,JM,T3 - Edward Seaga Highway,18.126325,-77.040887,31 May 2025,2025-05-31,1748649600.0,5,Saturday,5,22
31 may 2025,JM,T3 - Edward Seaga Highway,18.213963,-77.070727,31 May 2025,2025-05-31,1748649600.0,5,Saturday,5,22
31 may 2025,JM,T3 - Edward Seaga Highway,18.079824,-77.004834,31 May 2025,2025-05-31,1748649600.0,5,Saturday,5,22
31 may 2025,JM,Braeton Parkway,17.964653,-76.892941,31 May 2025,2025-05-31,1748649600.0,5,Saturday,5,22
31 may 2025,JM,T3 - Edward Seaga Highway,18.229853,-77.085291,31 May 2025,2025-05-31,1748649600.0,5,Saturday,5,22
31 may 2025,JM,Waterloo Rd,18.018034,-76.791957,31 May 2025,2025-05-31,1748649600.0,5,Saturday,5,22
31 may 2025,JM,T3 - Edward Seaga Highway,18.096077,-77.010152,31 May 2025,2025-05-31,1748649600.0,5,Saturday,5,22
31 may 2025,JM,A2 - Santa Cruz Main St,18.054235,-77.700927,31 May 2025,2025-05-31,1748649600.0,5,Saturday,5,22
31 may 2025,JM,King St,17.999524,-76.957422,31 May 2025,2025-05-31,1748649600.0,5,Saturday,5,22
31 may 2025,JM,Sligoville Main Rd,17.996859,-76.948334,31 May 2025,2025-05-31,1748649600.0,5,Saturday,5,22
31 may 2025,JM,A1 - Spanish Town By-pass Rd,18.016091,-76.975537,31 May 2025,2025-05-31,1748649600.0,5,Saturday,5,22
31 may 2025,JM,Kingsland Main Rd,18.016334,-77.540276,31 May 2025,2025-05-31,1748649600.0,5,Saturday,5,22
31 may 2025,JM,T3 - Edward Seaga Highway,18.182833,-77.041009,31 May 2025,2025-05-31,1748649600.0,5,Saturday,5,22
31 may 2025,JM,Water Ln,17.966987,-76.799132,31 May 2025,2025-05-31,1748649600.0,5,Saturday,5,22
31 may 2025,JM,Salt Pond Rd,17.986013,-76.947671,31 May 2025,2025-05-31,1748649600.0,5,Saturday,5,22
31 may 2025,JM,T3 - Edward Seaga Highway,18.068097,-76.994057,31 May 2025,2025-05-31,1748649600.0,5,Saturday,5,22
31 may 2025,JM,T1 (W) - East West Hwy,17.959364,-77.290491,31 May 2025,2025-05-31,1748649600.0,5,Saturday,5,22
31 may 2025,JM,T1 > May Pen,17.93205,-77.10981,31 May 2025,2025-05-31,1748649600.0,5,Saturday,5,22
31 may 2025,JM,T1 (W) - East West Hwy,17.939791,-77.241397,31 May 2025,2025-05-31,1748649600.0,5,Saturday,5,22
31 may 2025,JM,A4 - Sir Florizel Glaspole Blvd,17.969122,-76.749432,31 May 2025,2025-05-31,1748649600.0,5,Saturday,5,22
31 may 2025,JM,Truro Gate to Locust Tree Rd,18.312696,-78.132384,31 May 2025,2025-05-31,1748649600.0,5,Saturday,5,22
31 may 2025,JM,A2 - Luana to Tombstone Rd,18.113529,-77.816177,31 May 2025,2025-05-31,1748649600.0,5,Saturday,5,22
31 may 2025,JM,T1 (E) - East West Hwy,17.980796,-76.926808,31 May 2025,2025-05-31,1748649600.0,5,Saturday,5,22
31 may 2025,JM,Dukharan Ave,18.030218,-76.800839,31 May 2025,2025-05-31,1748649600.0,5,Saturday,5,22
31 may 2025,JM,A3 - Banana St,18.379256,-76.89156,31 May 2025,2025-05-31,1748649600.0,5,Saturday,5,22
31 may 2025,JM,A1 - Howard Cook Blvd,18.465969,-77.924313,31 May 2025,2025-05-31,1748649600.0,5,Saturday,5,22
31 may 2025,JM,T3 - Edward Seaga Highway,18.132206,-77.040819,31 May 2025,2025-05-31,1748649600.0,5,Saturday,5,22
31 may 2025,JM,A3 - Oracabessa to White River Rd,18.415407,-77.06892,31 May 2025,2025-05-31,1748649600.0,5,Saturday,5,22
31 may 2025,JM,A2 - Melrose Hill Byp,18.068661,-77.465493,31 May 2025,2025-05-31,1748649600.0,5,Saturday,5,22
31 may 2025,JM,A1 - Howard Cook Blvd,18.468323,-77.923775,31 May 2025,2025-05-31,1748649600.0,5,Saturday,5,22
31 may 2025,JM,A1 - Spanish Town Rd,18.013502,-76.841977,31 May 2025,2025-05-31,1748649600.0,5,Saturday,5,22
31 may 2025,JM,A3 - North Coast Highway,18.41701,-77.133723,31 May 2025,2025-05-31,1748649600.0,5,Saturday,5,22
31 may 2025,JM,A1 - North Coast Hwy,18.458866,-77.351026,31 May 2025,2025-05-31,1748649600.0,5,Saturday,5,22
31 may 2025,JM,A1 - North Coast Highway,18.499048,-77.907902,31 May 2025,2025-05-31,1748649600.0,5,Saturday,5,22
31 may 2025,JM,A1 - Bog Walk to Ewarton Rd,18.170565,-77.065643,31 May 2025,2025-05-31,1748649600.0,5,Saturday,5,22
31 may 2025,JM,A2 (W) - Washington Blvd,18.02504,-76.826777,31 May 2025,2025-05-31,1748649600.0,5,Saturday,5,22
31 may 2025,JM,Young St,17.995224,-76.956313,31 May 2025,2025-05-31,1748649600.0,5,Saturday,5,22
31 may 2025,JM,Merrivale Cl,18.034271,-76.803801,31 May 2025,2025-05-31,1748649600.0,5,Saturday,5,22
31 may 2025,JM,Seaward Dr,18.02191,-76.820544,31 May 2025,2025-05-31,1748649600.0,5,Saturday,5,22
31 may 2025,JM,St. Christopher to Glengoffe Rd,18.098885,-76.836258,31 May 2025,2025-05-31,1748649600.0,5,Saturday,5,22
31 may 2025,JM,Port Royal St,17.965757,-76.794398,31 May 2025,2025-05-31,1748649600.0,5,Saturday,5,22
31 may 2025,JM,Municipal Blvd,18.002711,-76.894225,31 May 2025,2025-05-31,1748649600.0,5,Saturday,5,22
31 may 2025,JM,Braes River to Newton Rd,18.126733,-77.695239,31 May 2025,2025-05-31,1748649600.0,5,Saturday,5,22
31 may 2025,JM,De Carteret Rd,18.035431,-77.497833,31 May 2025,2025-05-31,1748649600.0,5,Saturday,5,22
31 may 2025,JM,A2 - Luana to Tombstone Rd,18.099741,-77.779018,31 May 2025,2025-05-31,1748649600.0,5,Saturday,5,22
31 may 2025,JM,A2 - Winston Jones Hwy,18.069375,-77.479864,31 May 2025,2025-05-31,1748649600.0,5,Saturday,5,22
31 may 2025,JM,B3 - Trout Hall to Chapelton Rd,18.196496,-77.349319,31 May 2025,2025-05-31,1748649600.0,5,Saturday,5,22
31 may 2025,JM,A2 - Old Harbour Rd,17.95971,-77.038719,31 May 2025,2025-05-31,1748649600.0,5,Saturday,5,22
31 may 2025,JM,A2 - Luana to Tombstone Rd,18.105362,-77.825386,31 May 2025,2025-05-31,1748649600.0,5,Saturday,5,22
31 may 2025,JM,B6,18.35489,-77.917894,31 May 2025,2025-05-31,1748649600.0,5,Saturday,5,22
31 may 2025,JM,A2 - Luana to Tombstone Rd,18.110822,-77.804567,31 May 2025,2025-05-31,1748649600.0,5,Saturday,5,22
31 may 2025,JM,A1 - North Coast Hwy,18.46336,-77.38198,31 May 2025,2025-05-31,1748649600.0,5,Saturday,5,22
31 may 2025,JM,Worchester Dr,17.991631,-76.97356,31 May 2025,2025-05-31,1748649600.0,5,Saturday,5,22
31 may 2025,JM,A1 - Golden Grove to Davis Town Rd,18.325877,-77.146926,31 May 2025,2025-05-31,1748649600.0,5,Saturday,5,22
31 may 2025,JM,A2 - Winston Jones Hwy,18.068597,-77.482243,31 May 2025,2025-05-31,1748649600.0,5,Saturday,5,22
31 may 2025,JM,A2 - Sir Alexander Bustamante Hwy,17.962357,-77.259914,31 May 2025,2025-05-31,1748649600.0,5,Saturday,5,22
31 may 2025,JM,Gardenia Blvd,17.982854,-76.985274,31 May 2025,2025-05-31,1748649600.0,5,Saturday,5,22
31 may 2025,JM,Municipal Blvd,17.96159,-76.901391,31 May 2025,2025-05-31,1748649600.0,5,Saturday,5,22
31 may 2025,JM,A2 - Greenvale Rd,18.038258,-77.531087,31 May 2025,2025-05-31,1748649600.0,5,Saturday,5,22
31 may 2025,JM,Spaldings to Cave Valley Rd,18.18454,-77.436489,31 May 2025,2025-05-31,1748649600.0,5,Saturday,5,22
31 may 2025,JM,A1 - Spanish Town Rd,18.013728,-76.842216,31 May 2025,2025-05-31,1748649600.0,5,Saturday,5,22
31 may 2025,JM,A1 - North Coast Hwy,18.463348,-77.334139,31 May 2025,2025-05-31,1748649600.0,5,Saturday,5,22
31 may 2025,JM,T1 (W) - East West Hwy,17.954045,-77.040933,31 May 2025,2025-05-31,1748649600.0,5,Saturday,5,22
31 may 2025,JM,A1 (E) - Nelson Mandela Highway,18.022314,-76.878856,31 May 2025,2025-05-31,1748649600.0,5,Saturday,5,22
31 may 2025,JM,T1 (W) - East West Hwy,17.947894,-77.25312,31 May 2025,2025-05-31,1748649600.0,5,Saturday,5,22
31 may 2025,JM,Windsor Rd,17.98189,-76.966943,31 May 2025,2025-05-31,1748649600.0,5,Saturday,5,22
31 may 2025,JM,A1 - North Coast Highway,18.511484,-77.890753,31 May 2025,2025-05-31,1748649600.0,5,Saturday,5,22
31 may 2025,JM,A1 - Spanish Town Rd,18.012718,-76.840927,31 May 2025,2025-05-31,1748649600.0,5,Saturday,5,22
31 may 2025,JM,A2 (E) - Washington Blvd,18.026076,-76.84685,31 May 2025,2025-05-31,1748649600.0,5,Saturday,5,22
31 may 2025,JM,A1 - North Coast Highway,18.480871,-77.631539,31 May 2025,2025-05-31,1748649600.0,5,Saturday,5,22
31 may 2025,JM,A1 - North Coast Highway,18.511843,-77.760113,31 May 2025,2025-05-31,1748649600.0,5,Saturday,5,22
31 may 2025,JM,A3 (S) - Constant Spring Rd,18.031998,-76.795544,31 May 2025,2025-05-31,1748649600.0,5,Saturday,5,22
31 may 2025,JM,A1 - North Coast Highway,18.476416,-77.660334,31 May 2025,2025-05-31,1748649600.0,5,Saturday,5,22
31 may 2025,JM,A1 (W) - Nelson Mandela Highway,18.015007,-76.889325,31 May 2025,2025-05-31,1748649600.0,5,Saturday,5,22
31 may 2025,JM,A2 (W) - Washington Blvd,18.025871,-76.855733,31 May 2025,2025-05-31,1748649600.0,5,Saturday,5,22
31 may 2025,JM,Spanish Town Link Rd,17.984284,-76.967209,31 May 2025,2025-05-31,1748649600.0,5,Saturday,5,22
31 may 2025,JM,A1 (E) - Nelson Mandela Highway,18.013596,-76.891632,31 May 2025,2025-05-31,1748649600.0,5,Saturday,5,22
31 may 2025,JM,Municipal Blvd,17.991355,-76.890957,31 May 2025,2025-05-31,1748649600.0,5,Saturday,5,22
31 may 2025,JM,Wentworth Ave,18.031424,-76.800496,31 May 2025,2025-05-31,1748649600.0,5,Saturday,5,22
31 may 2025,JM,A1 - Seaview Dr,18.440534,-78.169624,31 May 2025,2025-05-31,1748649600.0,5,Saturday,5,22
31 may 2025,JM,T1 (E) - East West Hwy,17.987812,-76.905814,31 May 2025,2025-05-31,1748649600.0,5,Saturday,5,22
31 may 2025,JM,A1 - Moneague to Mount Diablo Rd,18.272838,-77.113174,31 May 2025,2025-05-31,1748649600.0,5,Saturday,5,22
31 may 2025,JM,T1 (W) - East West Hwy,17.931947,-77.207262,31 May 2025,2025-05-31,1748649600.0,5,Saturday,5,22
31 may 2025,JM,T1 (W) - East West Hwy,17.921411,-77.158764,31 May 2025,2025-05-31,1748649600.0,5,Saturday,5,22
31 may 2025,JM,Azan Ln,18.174144,-77.490194,31 May 2025,2025-05-31,1748649600.0,5,Saturday,5,22
31 may 2025,JM,William St,17.998753,-76.966962,31 May 2025,2025-05-31,1748649600.0,5,Saturday,5,22
31 may 2025,JM,Truro Gate to Locust Tree Rd,18.31616,-78.12783,31 May 2025,2025-05-31,1748649600.0,5,Saturday,5,22
31 may 2025,JM,T1 > Portmore & Kingston,17.97356,-76.962653,31 May 2025,2025-05-31,1748649600.0,5,Saturday,5,22
31 may 2025,JM,Languard Ave,17.99834,-76.809771,31 May 2025,2025-05-31,1748649600.0,5,Saturday,5,22
31 may 2025,JM,Vanguard Ave,18.053751,-76.818213,31 May 2025,2025-05-31,1748649600.0,5,Saturday,5,22
31 may 2025,JM,A1,18.041014,-76.980114,31 May 2025,2025-05-31,1748649600.0,5,Saturday,5,22
31 may 2025,JM,T3 - Edward Seaga Highway,18.14306,-77.036069,31 May 2025,2025-05-31,1748649600.0,5,Saturday,5,22
31 may 2025,JM,Harbour St,17.965569,-76.785716,31 May 2025,2025-05-31,1748649600.0,5,Saturday,5,22
31 may 2025,JM,B6,18.326769,-77.909296,31 May 2025,2025-05-31,1748649600.0,5,Saturday,5,22
31 may 2025,JM,T1 (E) - East West Hwy,17.930667,-77.187046,31 May 2025,2025-05-31,1748649600.0,5,Saturday,5,22
31 may 2025,JM,Poinciana Dr,17.984277,-76.987047,31 May 2025,2025-05-31,1748649600.0,5,Saturday,5,22
31 may 2025,JM,Paradise St,17.976335,-77.256023,31 May 2025,2025-05-31,1748649600.0,5,Saturday,5,22
31 may 2025,JM,T3 - Edward Seaga Highway,18.298909,-77.134981,31 May 2025,2025-05-31,1748649600.0,5,Saturday,5,22
31 may 2025,JM,Harbour St,17.965416,-76.784034,31 May 2025,2025-05-31,1748649600.0,5,Saturday,5,22
31 may 2025,JM,T3 - Edward Seaga Highway,18.207557,-77.05441,31 May 2025,2025-05-31,1748649600.0,5,Saturday,5,22
31 may 2025,JM,,17.988338,-77.495956,31 May 2025,2025-05-31,1748649600.0,5,Saturday,5,22
31 may 2025,JM,Municipal Blvd,18.009425,-76.895042,31 May 2025,2025-05-31,1748649600.0,5,Saturday,5,22
31 may 2025,JM,T1 (W) - East West Hwy,17.943158,-77.062962,31 May 2025,2025-05-31,1748649600.0,5,Saturday,5,22
31 may 2025,JM,McVickers Ln,17.989047,-76.972763,31 May 2025,2025-05-31,1748649600.0,5,Saturday,5,22
31 may 2025,JM,Moreton Park Ter,18.021082,-76.809462,31 May 2025,2025-05-31,1748649600.0,5,Saturday,5,22
31 may 2025,JM,T1 (E) - East West Hwy,17.955809,-77.322051,31 May 2025,2025-05-31,1748649600.0,5,Saturday,5,22
31 may 2025,JM,Manchester Rd,17.993556,-77.505181,31 May 2025,2025-05-31,1748649600.0,5,Saturday,5,22
31 may 2025,JM,Windsor Rd,17.981457,-76.968381,31 May 2025,2025-05-31,1748649600.0,5,Saturday,5,22
31 may 2025,JM,A3 - Oracabessa to White River Rd,18.397159,-76.950235,31 May 2025,2025-05-31,1748649600.0,5,Saturday,5,22
31 may 2025,JM,A2 (E) - Melrose Hill By,18.063581,-77.452939,31 May 2025,2025-05-31,1748649600.0,5,Saturday,5,22
31 may 2025,JM,Lakes Pen Rd,17.987812,-76.915474,31 May 2025,2025-05-31,1748649600.0,5,Saturday,5,22
31 may 2025,JM,Hope Rd,18.016135,-76.786641,31 May 2025,2025-05-31,1748649600.0,5,Saturday,5,22
31 may 2025,JM,Hopetown to Darliston Rd,18.169653,-77.947356,31 May 2025,2025-05-31,1748649600.0,5,Saturday,5,22
31 may 2025,JM,B6,18.18382,-77.609316,31 May 2025,2025-05-31,1748649600.0,5,Saturday,5,22
31 may 2025,JM,A1 - Spanish Town By-pass Rd,17.994585,-76.966757,31 May 2025,2025-05-31,1748649600.0,5,Saturday,5,22
31 may 2025,JM,A1 - North Coast Highway,18.513946,-77.884969,31 May 2025,2025-05-31,1748649600.0,5,Saturday,5,22
31 may 2025,JM,A1 - North Coast Highway,18.497509,-77.704655,31 May 2025,2025-05-31,1748649600.0,5,Saturday,5,22
31 may 2025,JM,Oxford Rd,18.000342,-76.785429,31 May 2025,2025-05-31,1748649600.0,5,Saturday,5,22
31 may 2025,JM,Gutters to Downs Rd,17.992878,-77.588579,31 May 2025,2025-05-31,1748649600.0,5,Saturday,5,22
31 may 2025,JM,East Rd,18.005992,-76.8093,31 May 2025,2025-05-31,1748649600.0,5,Saturday,5,22
31 may 2025,JM,Fairdene Ave,18.041643,-76.820477,31 May 2025,2025-05-31,1748649600.0,5,Saturday,5,22
31 may 2025,JM,Bernard Lodge Main Rd,17.984036,-76.936501,31 May 2025,2025-05-31,1748649600.0,5,Saturday,5,22
31 may 2025,JM,B8 - Anchovy to Shettlewood Rd,18.356948,-77.937893,31 May 2025,2025-05-31,1748649600.0,5,Saturday,5,22
31 may 2025,JM,B5 - Albert Town to Stettin Rd,18.27644,-77.535559,31 May 2025,2025-05-31,1748649600.0,5,Saturday,5,22
31 may 2025,JM,A1 (E) - Nelson Mandela Highway,18.005053,-76.904188,31 May 2025,2025-05-31,1748649600.0,5,Saturday,5,22
31 may 2025,JM,T3 - Edward Seaga Highway,18.186292,-77.039399,31 May 2025,2025-05-31,1748649600.0,5,Saturday,5,22
31 may 2025,JM,B3 - Trout Hall to Chapelton Rd,18.206252,-77.359518,31 May 2025,2025-05-31,1748649600.0,5,Saturday,5,22
31 may 2025,JM,A4 - Orange Bay to Windsor Castle Rd,18.254903,-76.685617,31 May 2025,2025-05-31,1748649600.0,5,Saturday,5,22
31 may 2025,JM,,17.989029,-77.494014,31 May 2025,2025-05-31,1748649600.0,5,Saturday,5,22
31 may 2025,JM,Municipal Blvd,17.963034,-76.902129,31 May 2025,2025-05-31,1748649600.0,5,Saturday,5,22
31 may 2025,JM,Herb McKenly Dr,18.00316,-76.775104,31 May 2025,2025-05-31,1748649600.0,5,Saturday,5,22
31 may 2025,JM,A2 - Smithfield Bridge to Scotts Cove Rd,18.121934,-78.004046,31 May 2025,2025-05-31,1748649600.0,5,Saturday,5,22
31 may 2025,JM,Kingsland Main Rd,18.008086,-77.549986,31 May 2025,2025-05-31,1748649600.0,5,Saturday,5,22
31 may 2025,JM,A4 - White Horses to Rozelle Rd,17.872406,-76.464442,31 May 2025,2025-05-31,1748649600.0,5,Saturday,5,22
31 may 2025,JM,A3 (N) - Constant Spring Rd,18.023115,-76.796362,31 May 2025,2025-05-31,1748649600.0,5,Saturday,5,22
31 may 2025,JM,T3 - Edward Seaga Highway,18.207039,-77.05185,31 May 2025,2025-05-31,1748649600.0,5,Saturday,5,22
31 may 2025,JM,A3 - Ocho Rios Byp,18.408491,-77.098142,31 May 2025,2025-05-31,1748649600.0,5,Saturday,5,22
31 may 2025,JM,A3 - Stennett St,18.370589,-76.893366,31 May 2025,2025-05-31,1748649600.0,5,Saturday,5,22
31 may 2025,JM,T3 - Edward Seaga Highway,18.138022,-77.03938,31 May 2025,2025-05-31,1748649600.0,5,Saturday,5,22
31 may 2025,JM,A1 - Kew Bridge to Great River Rd,18.454529,-78.020986,31 May 2025,2025-05-31,1748649600.0,5,Saturday,5,22
31 may 2025,JM,,17.989697,-77.487457,31 May 2025,2025-05-31,1748649600.0,5,Saturday,5,22
31 may 2025,JM,Upper West Henderson Blvd,17.948762,-76.91345,31 May 2025,2025-05-31,1748649600.0,5,Saturday,5,22
31 may 2025,JM,A2 - Luana to Tombstone Rd,18.109034,-77.800132,31 May 2025,2025-05-31,1748649600.0,5,Saturday,5,22
31 may 2025,JM,A1 - Kew Bridge to Lucea Rd,18.453739,-78.116194,31 May 2025,2025-05-31,1748649600.0,5,Saturday,5,22
31 may 2025,JM,Cromarty Dr,17.985457,-76.970246,31 May 2025,2025-05-31,1748649600.0,5,Saturday,5,22
30 may 2025,JM,T3 - Edward Seaga Highway,18.03487,-76.960814,30 May 2025,2025-05-30,1748563200.0,4,Friday,5,22
30 may 2025,JM,Collie Smith Dr,17.981082,-76.805269,30 May 2025,2025-05-30,1748563200.0,4,Friday,5,22
30 may 2025,JM,T3 - Edward Seaga Highway,18.217058,-77.074641,30 May 2025,2025-05-30,1748563200.0,4,Friday,5,22
30 may 2025,JM,B8 - Anchovy to Shettlewood Rd,18.410639,-77.934789,30 May 2025,2025-05-30,1748563200.0,4,Friday,5,22
30 may 2025,JM,A1 - North Coast Highway,18.448366,-77.22717,30 May 2025,2025-05-30,1748563200.0,4,Friday,5,22
30 may 2025,JM,T3 - Edward Seaga Highway,18.034869,-76.959091,30 May 2025,2025-05-30,1748563200.0,4,Friday,5,22
30 may 2025,JM,Upper West Henderson Blvd,17.948793,-76.913472,30 May 2025,2025-05-30,1748563200.0,4,Friday,5,22
30 may 2025,JM,T3 - Edward Seaga Highway,18.35229,-77.153683,30 May 2025,2025-05-30,1748563200.0,4,Friday,5,22
30 may 2025,JM,T3 - Edward Seaga Highway,18.254697,-77.114093,30 May 2025,2025-05-30,1748563200.0,4,Friday,5,22
30 may 2025,JM,T3 - Edward Seaga Highway,18.036964,-76.968768,30 May 2025,2025-05-30,1748563200.0,4,Friday,5,22
30 may 2025,JM,T3 - Edward Seaga Highway,18.385128,-77.157526,30 May 2025,2025-05-30,1748563200.0,4,Friday,5,22
30 may 2025,JM,T3 - Edward Seaga Highway,18.241543,-77.091445,30 May 2025,2025-05-30,1748563200.0,4,Friday,5,22
30 may 2025,JM,T3 - Edward Seaga Highway,18.207592,-77.054533,30 May 2025,2025-05-30,1748563200.0,4,Friday,5,22
30 may 2025,JM,T3 - Edward Seaga Highway,18.207936,-77.055714,30 May 2025,2025-05-30,1748563200.0,4,Friday,5,22
30 may 2025,JM,T3 - Edward Seaga Highway,18.158522,-77.033562,30 May 2025,2025-05-30,1748563200.0,4,Friday,5,22
30 may 2025,JM,T3 - Edward Seaga Highway,18.242976,-77.093104,30 May 2025,2025-05-30,1748563200.0,4,Friday,5,22
30 may 2025,JM,T3 - Edward Seaga Highway,18.12519,-77.040552,30 May 2025,2025-05-30,1748563200.0,4,Friday,5,22
30 may 2025,JM,T3 - Edward Seaga Highway,18.038176,-76.969421,30 May 2025,2025-05-30,1748563200.0,4,Friday,5,22
30 may 2025,JM,T3 - Edward Seaga Highway,18.025542,-76.917515,30 May 2025,2025-05-30,1748563200.0,4,Friday,5,22
30 may 2025,JM,T1 (W) - East West Hwy,17.921421,-77.158448,30 May 2025,2025-05-30,1748563200.0,4,Friday,5,22
30 may 2025,JM,T1 (W) - East West Hwy,17.971136,-77.373089,30 May 2025,2025-05-30,1748563200.0,4,Friday,5,22
30 may 2025,JM,Marcus Garvey Dr,17.969271,-76.805417,30 May 2025,2025-05-30,1748563200.0,4,Friday,5,22
30 may 2025,JM,T1 (W) - East West Hwy,18.002751,-77.404062,30 May 2025,2025-05-30,1748563200.0,4,Friday,5,22
30 may 2025,JM,T1 (W) - East West Hwy,17.940484,-77.247119,30 May 2025,2025-05-30,1748563200.0,4,Friday,5,22
30 may 2025,JM,T1 (W) - East West Hwy,18.027725,-77.424828,30 May 2025,2025-05-30,1748563200.0,4,Friday,5,22
30 may 2025,JM,T1 (W) - East West Hwy,18.024812,-77.421013,30 May 2025,2025-05-30,1748563200.0,4,Friday,5,22
30 may 2025,JM,T1 (E) - East West Hwy,17.923186,-77.136367,30 May 2025,2025-05-30,1748563200.0,4,Friday,5,22
30 may 2025,JM,T1 (W) - East West Hwy,18.026714,-77.423993,30 May 2025,2025-05-30,1748563200.0,4,Friday,5,22
30 may 2025,JM,T1 (E) - East West Hwy,17.986806,-76.908676,30 May 2025,2025-05-30,1748563200.0,4,Friday,5,22
30 may 2025,JM,T1 (E) - East West Hwy,17.98481,-76.919219,30 May 2025,2025-05-30,1748563200.0,4,Friday,5,22
30 may 2025,JM,T1 (W) - East West Hwy,17.935665,-77.226069,30 May 2025,2025-05-30,1748563200.0,4,Friday,5,22
30 may 2025,JM,T1 (E) - East West Hwy,17.959717,-77.020278,30 May 2025,2025-05-30,1748563200.0,4,Friday,5,22
30 may 2025,JM,Shenton Ave,17.970737,-76.875278,30 May 2025,2025-05-30,1748563200.0,4,Friday,5,22
30 may 2025,JM,T1 (E) - East West Hwy,17.971442,-76.997284,30 May 2025,2025-05-30,1748563200.0,4,Friday,5,22
30 may 2025,JM,T1 (E) - East West Hwy,17.970542,-76.999082,30 May 2025,2025-05-30,1748563200.0,4,Friday,5,22
30 may 2025,JM,T1 (E) - East West Hwy,17.978737,-77.383608,30 May 2025,2025-05-30,1748563200.0,4,Friday,5,22
30 may 2025,JM,T1 (E) - East West Hwy,17.994262,-76.898285,30 May 2025,2025-05-30,1748563200.0,4,Friday,5,22
30 may 2025,JM,NW 2nd Avenue,17.946085,-76.914646,30 May 2025,2025-05-30,1748563200.0,4,Friday,5,22
30 may 2025,JM,Old Stony Hill Rd,18.068055,-76.798233,30 May 2025,2025-05-30,1748563200.0,4,Friday,5,22
30 may 2025,JM,Mercantile Ave,17.976383,-76.867396,30 May 2025,2025-05-30,1748563200.0,4,Friday,5,22
30 may 2025,JM,Municipal Blvd,18.005877,-76.89543,30 May 2025,2025-05-30,1748563200.0,4,Friday,5,22
30 may 2025,JM,Molynes Rd,18.018468,-76.810504,30 May 2025,2025-05-30,1748563200.0,4,Friday,5,22
30 may 2025,JM,Municipal Blvd,17.962791,-76.902093,30 May 2025,2025-05-30,1748563200.0,4,Friday,5,22
30 may 2025,JM,Braeton Parkway,17.95386,-76.912157,30 May 2025,2025-05-30,1748563200.0,4,Friday,5,22
30 may 2025,JM,A1 - Green Island to Negril Rd,18.363995,-78.321849,30 May 2025,2025-05-30,1748563200.0,4,Friday,5,22
30 may 2025,JM,Hatfield Main Rd,18.030655,-77.536108,30 May 2025,2025-05-30,1748563200.0,4,Friday,5,22
30 may 2025,JM,Brompton Rd,18.066501,-77.88269,30 May 2025,2025-05-30,1748563200.0,4,Friday,5,22
30 may 2025,JM,Cumberland Blvd,17.979977,-76.883398,30 May 2025,2025-05-30,1748563200.0,4,Friday,5,22
30 may 2025,JM,Chisholm Ave,18.001479,-76.803846,30 May 2025,2025-05-30,1748563200.0,4,Friday,5,22
30 may 2025,JM,B11 - Stewart Town to Rock Rd,18.418378,-77.506854,30 May 2025,2025-05-30,1748563200.0,4,Friday,5,22
30 may 2025,JM,A3,18.41367,-76.93379,30 May 2025,2025-05-30,1748563200.0,4,Friday,5,22
30 may 2025,JM,Braeton Parkway,17.964753,-76.890924,30 May 2025,2025-05-30,1748563200.0,4,Friday,5,22
30 may 2025,JM,A3 - Stony Hill Rd,18.090449,-76.802465,30 May 2025,2025-05-30,1748563200.0,4,Friday,5,22
30 may 2025,JM,A3 - Half Way Tree Rd,17.994313,-76.788264,30 May 2025,2025-05-30,1748563200.0,4,Friday,5,22
30 may 2025,JM,A2 - Luana to Tombstone Rd,18.108543,-77.79902,30 May 2025,2025-05-30,1748563200.0,4,Friday,5,22
30 may 2025,JM,A3 - Half Way Tree Rd,17.995813,-76.788945,30 May 2025,2025-05-30,1748563200.0,4,Friday,5,22
30 may 2025,JM,A2 (W) - Melrose Hill Byp,18.06524,-77.460971,30 May 2025,2025-05-30,1748563200.0,4,Friday,5,22
30 may 2025,JM,A2 - Winston Jones Highway,18.065601,-77.510273,30 May 2025,2025-05-30,1748563200.0,4,Friday,5,22
30 may 2025,JM,A2 (W) - Washington Blvd,18.025333,-76.831753,30 May 2025,2025-05-30,1748563200.0,4,Friday,5,22
30 may 2025,JM,A2 (W) - Melrose Hill Byp,18.047036,-77.440153,30 May 2025,2025-05-30,1748563200.0,4,Friday,5,22
30 may 2025,JM,A2 (E) - Melrose Hill By,18.06324,-77.452381,30 May 2025,2025-05-30,1748563200.0,4,Friday,5,22
30 may 2025,JM,A2 (W) - Melrose Hill Byp,18.059601,-77.449676,30 May 2025,2025-05-30,1748563200.0,4,Friday,5,22
30 may 2025,JM,A2 (E) - Melrose Hill By,18.064703,-77.457288,30 May 2025,2025-05-30,1748563200.0,4,Friday,5,22
30 may 2025,JM,A1 - North Coast Highway,18.472291,-77.527942,30 May 2025,2025-05-30,1748563200.0,4,Friday,5,22
30 may 2025,JM,A1 - Spanish Town Rd,18.01832,-76.847185,30 May 2025,2025-05-30,1748563200.0,4,Friday,5,22
30 may 2025,JM,A1 - North Coast Highway,18.472018,-77.580702,30 May 2025,2025-05-30,1748563200.0,4,Friday,5,22
30 may 2025,JM,A1 - North Coast Highway,18.497576,-77.704766,30 May 2025,2025-05-30,1748563200.0,4,Friday,5,22
30 may 2025,JM,A1 (W) - Nelson Mandela Highway,18.025817,-76.860695,30 May 2025,2025-05-30,1748563200.0,4,Friday,5,22
30 may 2025,JM,A1 (E) - Nelson Mandela Highway,18.019188,-76.883466,30 May 2025,2025-05-30,1748563200.0,4,Friday,5,22
30 may 2025,JM,Dolphin Way,17.950275,-77.107114,30 May 2025,2025-05-30,1748563200.0,4,Friday,5,22
30 may 2025,JM,A1 (W) - Nelson Mandela Highway,18.023289,-76.876603,30 May 2025,2025-05-30,1748563200.0,4,Friday,5,22
30 may 2025,JM,A1 (W) - Nelson Mandela Highway,18.021149,-76.880291,30 May 2025,2025-05-30,1748563200.0,4,Friday,5,22
30 may 2025,JM,A1 (W) - Nelson Mandela Highway,18.020166,-76.881722,30 May 2025,2025-05-30,1748563200.0,4,Friday,5,22
30 may 2025,JM,Molynes Rd,18.023764,-76.820369,30 May 2025,2025-05-30,1748563200.0,4,Friday,5,22
30 may 2025,JM,Water Ln,17.966986,-76.799112,30 May 2025,2025-05-30,1748563200.0,4,Friday,5,22
30 may 2025,JM,Molynes Rd,18.023437,-76.82004,30 May 2025,2025-05-30,1748563200.0,4,Friday,5,22
30 may 2025,JM,Molynes Rd,18.023519,-76.820122,30 May 2025,2025-05-30,1748563200.0,4,Friday,5,22
30 may 2025,JM,Wind Hill to Patrick Town Rd,17.986051,-77.466317,30 May 2025,2025-05-30,1748563200.0,4,Friday,5,22
30 may 2025,JM,Seaton Blvd,17.982227,-76.991965,30 May 2025,2025-05-30,1748563200.0,4,Friday,5,22
30 may 2025,JM,William St,17.999087,-76.968414,30 May 2025,2025-05-30,1748563200.0,4,Friday,5,22
30 may 2025,JM,March Pen Rd,17.988789,-76.954662,30 May 2025,2025-05-30,1748563200.0,4,Friday,5,22
30 may 2025,JM,Sidney Pagon Dr,18.055307,-77.694459,30 May 2025,2025-05-30,1748563200.0,4,Friday,5,22
30 may 2025,JM,Salt Pond Rd,17.979282,-76.944487,30 May 2025,2025-05-30,1748563200.0,4,Friday,5,22
30 may 2025,JM,New Forest Main Rd,17.905046,-77.561493,30 May 2025,2025-05-30,1748563200.0,4,Friday,5,22
30 may 2025,JM,Oakland Rd,17.998083,-76.814775,30 May 2025,2025-05-30,1748563200.0,4,Friday,5,22
30 may 2025,JM,Lakes Pen Main Rd,17.984393,-76.929194,30 May 2025,2025-05-30,1748563200.0,4,Friday,5,22
30 may 2025,JM,Lakes Pen Main Rd,17.984573,-76.933226,30 May 2025,2025-05-30,1748563200.0,4,Friday,5,22
30 may 2025,JM,Gutters to Downs Rd,18.001701,-77.590722,30 May 2025,2025-05-30,1748563200.0,4,Friday,5,22
30 may 2025,JM,Kingsland Main Rd,18.007671,-77.550584,30 May 2025,2025-05-30,1748563200.0,4,Friday,5,22
30 may 2025,JM,Hellshire Main Rd,17.955287,-76.898299,30 May 2025,2025-05-30,1748563200.0,4,Friday,5,22
30 may 2025,JM,King St,17.993589,-76.953526,30 May 2025,2025-05-30,1748563200.0,4,Friday,5,22
30 may 2025,JM,Caledonia Road,18.052738,-77.483344,30 May 2025,2025-05-30,1748563200.0,4,Friday,5,22
30 may 2025,JM,Falmouth Main Road,18.490908,-77.669142,30 May 2025,2025-05-30,1748563200.0,4,Friday,5,22
30 may 2025,JM,Chesterfield Dr,18.004619,-76.837439,30 May 2025,2025-05-30,1748563200.0,4,Friday,5,22
30 may 2025,JM,T1 (E) - East West Hwy,18.028292,-77.425084,30 May 2025,2025-05-30,1748563200.0,4,Friday,5,22
30 may 2025,JM,Chesterfield Dr,18.00032,-76.836973,30 May 2025,2025-05-30,1748563200.0,4,Friday,5,22
30 may 2025,JM,B2 - Bog Walk to Natural Bridge Rd,18.118856,-76.992894,30 May 2025,2025-05-30,1748563200.0,4,Friday,5,22
30 may 2025,JM,A2 - Spur Tree Rd,18.001671,-77.554899,30 May 2025,2025-05-30,1748563200.0,4,Friday,5,22
30 may 2025,JM,B5 - Jackson Town to Ulster Spring Rd,18.327265,-77.514452,30 May 2025,2025-05-30,1748563200.0,4,Friday,5,22
30 may 2025,JM,B11 - Stewart Town to Rock Rd,18.42266,-77.544895,30 May 2025,2025-05-30,1748563200.0,4,Friday,5,22
30 may 2025,JM,A2 - Tombstone to Gutters Rd,18.066252,-77.730709,30 May 2025,2025-05-30,1748563200.0,4,Friday,5,22
30 may 2025,JM,A3 (S) - Constant Spring Rd,18.022564,-76.796284,30 May 2025,2025-05-30,1748563200.0,4,Friday,5,22
30 may 2025,JM,A1 - Kew Bridge to Great River Rd,18.454824,-78.020039,30 May 2025,2025-05-30,1748563200.0,4,Friday,5,22
30 may 2025,JM,A2 - Luana to Tombstone Rd,18.111085,-77.820571,30 May 2025,2025-05-30,1748563200.0,4,Friday,5,22
30 may 2025,JM,A2 - Luana to Tombstone Rd,18.113512,-77.810623,30 May 2025,2025-05-30,1748563200.0,4,Friday,5,22
30 may 2025,JM,A1 - North Coast Hwy,18.464963,-77.319858,30 May 2025,2025-05-30,1748563200.0,4,Friday,5,22
30 may 2025,JM,A1 - Kew Bridge to Great River Rd,18.449782,-78.08646,30 May 2025,2025-05-30,1748563200.0,4,Friday,5,22
30 may 2025,JM,A1 - Kew Bridge to Great River Rd,18.454298,-78.0217,30 May 2025,2025-05-30,1748563200.0,4,Friday,5,22
30 may 2025,JM,A1 - Kew Bridge to Great River Rd,18.455106,-77.996397,30 May 2025,2025-05-30,1748563200.0,4,Friday,5,22
30 may 2025,JM,A1 - Kew Bridge to Great River Rd,18.454629,-78.020742,30 May 2025,2025-05-30,1748563200.0,4,Friday,5,22
30 may 2025,JM,A1 - Kew Bridge to Great River Rd,18.452917,-77.995807,30 May 2025,2025-05-30,1748563200.0,4,Friday,5,22
30 may 2025,JM,Trinidad Ter,18.004604,-76.785597,30 May 2025,2025-05-30,1748563200.0,4,Friday,5,22
30 may 2025,JM,Shortwood Rd,18.031968,-76.793143,30 May 2025,2025-05-30,1748563200.0,4,Friday,5,22
30 may 2025,JM,,18.05953,-77.463399,30 May 2025,2025-05-30,1748563200.0,4,Friday,5,22
30 may 2025,JM,7th St,17.984357,-76.80206,30 May 2025,2025-05-30,1748563200.0,4,Friday,5,22
30 may 2025,JM,Marcus Garvey Dr,17.990451,-76.828229,30 May 2025,2025-05-30,1748563200.0,4,Friday,5,22
30 may 2025,JM,A3 - Slipe Rd,17.992913,-76.788239,30 May 2025,2025-05-30,1748563200.0,4,Friday,5,22
30 may 2025,JM,Black River to Pedro Cross Rd,18.000131,-77.792992,30 May 2025,2025-05-30,1748563200.0,4,Friday,5,22
30 may 2025,JM,T1 - East West Hwy,17.932019,-77.112269,30 May 2025,2025-05-30,1748563200.0,4,Friday,5,22
30 may 2025,JM,Waterloo Rd,18.015173,-76.791821,30 May 2025,2025-05-30,1748563200.0,4,Friday,5,22
30 may 2025,JM,Fort Augusta Dr,17.952181,-76.878941,30 May 2025,2025-05-30,1748563200.0,4,Friday,5,22
30 may 2025,JM,A1 (W) - Nelson Mandela Highway,18.020343,-76.881464,30 May 2025,2025-05-30,1748563200.0,4,Friday,5,22
30 may 2025,JM,Trafalgar Rd,18.010898,-76.78858,30 May 2025,2025-05-30,1748563200.0,4,Friday,5,22
30 may 2025,JM,T3 - Edward Seaga Highway,18.215308,-77.072386,30 May 2025,2025-05-30,1748563200.0,4,Friday,5,22
30 may 2025,JM,South Ave,18.018009,-76.795918,30 May 2025,2025-05-30,1748563200.0,4,Friday,5,22
30 may 2025,JM,T1 (E) - East West Hwy,17.984867,-76.916032,30 May 2025,2025-05-30,1748563200.0,4,Friday,5,22
30 may 2025,JM,Westminster Rd,18.018451,-76.803477,30 May 2025,2025-05-30,1748563200.0,4,Friday,5,22
30 may 2025,JM,T3 - Edward Seaga Highway,18.115197,-77.040583,30 May 2025,2025-05-30,1748563200.0,4,Friday,5,22
30 may 2025,JM,Monk St,17.996125,-76.952661,30 May 2025,2025-05-30,1748563200.0,4,Friday,5,22
30 may 2025,JM,Russell Heights,18.039328,-76.777745,30 May 2025,2025-05-30,1748563200.0,4,Friday,5,22
30 may 2025,JM,A1 - North Coast Highway,18.446744,-77.224256,30 May 2025,2025-05-30,1748563200.0,4,Friday,5,22
30 may 2025,JM,Germaine Rd,17.97049,-76.878216,30 May 2025,2025-05-30,1748563200.0,4,Friday,5,22
30 may 2025,JM,Queens Dr,18.488396,-77.924675,30 May 2025,2025-05-30,1748563200.0,4,Friday,5,22
30 may 2025,JM,T1 (W) - East West Hwy,17.954787,-77.035412,30 May 2025,2025-05-30,1748563200.0,4,Friday,5,22
30 may 2025,JM,T1 (W) - East West Hwy,17.960233,-77.347479,30 May 2025,2025-05-30,1748563200.0,4,Friday,5,22
30 may 2025,JM,Waterloo Rd,18.015091,-76.791811,30 May 2025,2025-05-30,1748563200.0,4,Friday,5,22
30 may 2025,JM,Old Hope Rd,18.017551,-76.754342,30 May 2025,2025-05-30,1748563200.0,4,Friday,5,22
30 may 2025,JM,A2 - Luana to Tombstone Rd,18.110901,-77.80476,30 May 2025,2025-05-30,1748563200.0,4,Friday,5,22
30 may 2025,JM,Deanery Rd,17.981021,-76.774608,30 May 2025,2025-05-30,1748563200.0,4,Friday,5,22
30 may 2025,JM,A3 - Stony Hill Rd,18.088462,-76.80143,30 May 2025,2025-05-30,1748563200.0,4,Friday,5,22
30 may 2025,JM,A1 - North Coast Highway,18.449963,-77.231123,30 May 2025,2025-05-30,1748563200.0,4,Friday,5,22
30 may 2025,JM,West Main Dr,18.026308,-76.826003,30 May 2025,2025-05-30,1748563200.0,4,Friday,5,22
30 may 2025,JM,T3 - Edward Seaga Highway,18.127421,-77.041106,30 May 2025,2025-05-30,1748563200.0,4,Friday,5,22
30 may 2025,JM,,18.018478,-76.762458,30 May 2025,2025-05-30,1748563200.0,4,Friday,5,22
30 may 2025,JM,T3 - Edward Seaga Highway,18.216559,-77.074192,30 May 2025,2025-05-30,1748563200.0,4,Friday,5,22
30 may 2025,JM,T1 - East West Hwy,17.973464,-76.966128,30 May 2025,2025-05-30,1748563200.0,4,Friday,5,22
30 may 2025,JM,A1 - North Coast Highway,18.488643,-77.689415,30 May 2025,2025-05-30,1748563200.0,4,Friday,5,22
30 may 2025,JM,T3 - Edward Seaga Highway,18.182484,-77.041208,30 May 2025,2025-05-30,1748563200.0,4,Friday,5,22
30 may 2025,JM,T3 - Edward Seaga Highway,18.09838,-77.014764,30 May 2025,2025-05-30,1748563200.0,4,Friday,5,22
30 may 2025,JM,T1 (E) - East West Hwy,17.973444,-76.988697,30 May 2025,2025-05-30,1748563200.0,4,Friday,5,22
30 may 2025,JM,Hope Rd,18.020861,-76.77023,30 May 2025,2025-05-30,1748563200.0,4,Friday,5,22
30 may 2025,JM,T3 - Edward Seaga Highway,18.049849,-76.981944,30 May 2025,2025-05-30,1748563200.0,4,Friday,5,22
30 may 2025,JM,Red Hills Rd,18.052367,-76.839687,30 May 2025,2025-05-30,1748563200.0,4,Friday,5,22
30 may 2025,JM,T3 - Edward Seaga Highway,18.133102,-77.040728,30 May 2025,2025-05-30,1748563200.0,4,Friday,5,22
30 may 2025,JM,A1 - North Coast Highway,18.463792,-77.457426,30 May 2025,2025-05-30,1748563200.0,4,Friday,5,22
30 may 2025,JM,T1 (W) - East West Hwy,17.920432,-77.144267,30 May 2025,2025-05-30,1748563200.0,4,Friday,5,22
30 may 2025,JM,Omara Rd,18.00501,-76.808455,30 May 2025,2025-05-30,1748563200.0,4,Friday,5,22
30 may 2025,JM,,17.959,-76.889817,30 May 2025,2025-05-30,1748563200.0,4,Friday,5,22
30 may 2025,JM,T3 - Edward Seaga Highway,18.042548,-76.974658,30 May 2025,2025-05-30,1748563200.0,4,Friday,5,22
30 may 2025,JM,Omara Rd,18.003576,-76.808061,30 May 2025,2025-05-30,1748563200.0,4,Friday,5,22
30 may 2025,JM,T1 (W) - East West Hwy,18.001647,-77.402912,30 May 2025,2025-05-30,1748563200.0,4,Friday,5,22
30 may 2025,JM,,18.439805,-77.861544,30 May 2025,2025-05-30,1748563200.0,4,Friday,5,22
30 may 2025,JM,T1 (W) - East West Hwy,18.004562,-77.405666,30 May 2025,2025-05-30,1748563200.0,4,Friday,5,22
30 may 2025,JM,,18.39804,-77.602295,30 May 2025,2025-05-30,1748563200.0,4,Friday,5,22
30 may 2025,JM,,18.003811,-76.894101,30 May 2025,2025-05-30,1748563200.0,4,Friday,5,22
30 may 2025,JM,A1 - North Coast Highway,18.447664,-77.225483,30 May 2025,2025-05-30,1748563200.0,4,Friday,5,22
30 may 2025,JM,A3 (S) - Constant Spring Rd,18.022754,-76.796272,30 May 2025,2025-05-30,1748563200.0,4,Friday,5,22
30 may 2025,JM,T1 (W) - East West Hwy,17.921441,-77.154328,30 May 2025,2025-05-30,1748563200.0,4,Friday,5,22
30 may 2025,JM,,17.971609,-76.865322,30 May 2025,2025-05-30,1748563200.0,4,Friday,5,22
30 may 2025,JM,T1 (E) - East West Hwy,17.959389,-77.295723,30 May 2025,2025-05-30,1748563200.0,4,Friday,5,22
30 may 2025,JM,A1 - North Coast Highway,18.462747,-77.281665,30 May 2025,2025-05-30,1748563200.0,4,Friday,5,22
30 may 2025,JM,A1 - Seaview Dr,18.439885,-78.169494,30 May 2025,2025-05-30,1748563200.0,4,Friday,5,22
30 may 2025,JM,Queens Dr,18.489919,-77.923619,30 May 2025,2025-05-30,1748563200.0,4,Friday,5,22
30 may 2025,JM,A1 - Walks Rd,18.020443,-76.975315,30 May 2025,2025-05-30,1748563200.0,4,Friday,5,22
30 may 2025,JM,T1 (E) - East West Hwy,17.96114,-77.350603,30 May 2025,2025-05-30,1748563200.0,4,Friday,5,22
30 may 2025,JM,A2 - Bartletts River to Sheffield-Negril,18.24972,-78.248714,30 May 2025,2025-05-30,1748563200.0,4,Friday,5,22
30 may 2025,JM,Dyke Rd,18.003557,-76.884845,30 May 2025,2025-05-30,1748563200.0,4,Friday,5,22
30 may 2025,JM,A2 - Greenvale Rd,18.035979,-77.531458,30 May 2025,2025-05-30,1748563200.0,4,Friday,5,22
30 may 2025,JM,A2 - Old Harbour Rd,17.988114,-76.986725,30 May 2025,2025-05-30,1748563200.0,4,Friday,5,22
30 may 2025,JM,A4 - Dover to Agualta Vale Rd,18.270493,-76.770904,30 May 2025,2025-05-30,1748563200.0,4,Friday,5,22
30 may 2025,JM,A2 - Smithfield Rd,18.219903,-78.088702,30 May 2025,2025-05-30,1748563200.0,4,Friday,5,22
30 may 2025,JM,A2 - Winston Jones Hwy,18.068355,-77.471309,30 May 2025,2025-05-30,1748563200.0,4,Friday,5,22
30 may 2025,JM,T1 (W) - East West Hwy,17.997232,-76.896763,30 May 2025,2025-05-30,1748563200.0,4,Friday,5,22
30 may 2025,JM,Marcus Garvey Dr,17.980295,-76.818575,30 May 2025,2025-05-30,1748563200.0,4,Friday,5,22
30 may 2025,JM,A2 - Old Harbour Rd,17.991213,-76.97541,30 May 2025,2025-05-30,1748563200.0,4,Friday,5,22
30 may 2025,JM,A2 (E) - Washington Blvd,18.026212,-76.840132,30 May 2025,2025-05-30,1748563200.0,4,Friday,5,22
30 may 2025,JM,A2 - Tombstone to Gutters Rd,18.055839,-77.709269,30 May 2025,2025-05-30,1748563200.0,4,Friday,5,22
30 may 2025,JM,A2 - Winston Jones Highway,18.050979,-77.530414,30 May 2025,2025-05-30,1748563200.0,4,Friday,5,22
30 may 2025,JM,A1 - Spanish Town By-pass Rd,17.988844,-76.943303,30 May 2025,2025-05-30,1748563200.0,4,Friday,5,22
30 may 2025,JM,A2 - Spur Tree Rd,18.009826,-77.587268,30 May 2025,2025-05-30,1748563200.0,4,Friday,5,22
30 may 2025,JM,A2 E - Washington Blvd,18.027122,-76.807656,30 May 2025,2025-05-30,1748563200.0,4,Friday,5,22
30 may 2025,JM,T1 (E) - East West Hwy,17.98025,-77.385662,30 May 2025,2025-05-30,1748563200.0,4,Friday,5,22
30 may 2025,JM,A3 (N) - Constant Spring Rd,18.047497,-76.794218,30 May 2025,2025-05-30,1748563200.0,4,Friday,5,22
30 may 2025,JM,A1 (W) - Nelson Mandela Highway,18.020177,-76.881707,30 May 2025,2025-05-30,1748563200.0,4,Friday,5,22
30 may 2025,JM,,18.453829,-77.920885,30 May 2025,2025-05-30,1748563200.0,4,Friday,5,22
30 may 2025,JM,A3 - Half Way Tree Rd,18.001727,-76.791824,30 May 2025,2025-05-30,1748563200.0,4,Friday,5,22
30 may 2025,JM,A3 - Ocho Rios Byp,18.412348,-77.077025,30 May 2025,2025-05-30,1748563200.0,4,Friday,5,22
30 may 2025,JM,A1 - North Coast Highway,18.521783,-77.853422,30 May 2025,2025-05-30,1748563200.0,4,Friday,5,22
30 may 2025,JM,A3 - Constant Spring Rd,18.018425,-76.796459,30 May 2025,2025-05-30,1748563200.0,4,Friday,5,22
30 may 2025,JM,Barbican Rd,18.024036,-76.763885,30 May 2025,2025-05-30,1748563200.0,4,Friday,5,22
30 may 2025,JM,T1 (W) - East West Hwy,18.042106,-77.436256,30 May 2025,2025-05-30,1748563200.0,4,Friday,5,22
30 may 2025,JM,Braeton Rd,17.948373,-76.919412,30 May 2025,2025-05-30,1748563200.0,4,Friday,5,22
30 may 2025,JM,Brettford Ave,18.021405,-76.819531,30 May 2025,2025-05-30,1748563200.0,4,Friday,5,22
30 may 2025,JM,Molynes Rd,18.036699,-76.824134,30 May 2025,2025-05-30,1748563200.0,4,Friday,5,22
30 may 2025,JM,Jackson Rd,17.976648,-76.767349,30 May 2025,2025-05-30,1748563200.0,4,Friday,5,22
30 may 2025,JM,Dudley Kassin Dr,18.465706,-77.914562,30 May 2025,2025-05-30,1748563200.0,4,Friday,5,22
30 may 2025,JM,Seaton Blvd,17.984855,-76.991999,30 May 2025,2025-05-30,1748563200.0,4,Friday,5,22
30 may 2025,JM,Goodwill Ave,18.00745,-76.770444,30 May 2025,2025-05-30,1748563200.0,4,Friday,5,22
30 may 2025,JM,Hagley Park Rd,18.008375,-76.809367,30 May 2025,2025-05-30,1748563200.0,4,Friday,5,22
30 may 2025,JM,Job Ln,18.009619,-76.977382,30 May 2025,2025-05-30,1748563200.0,4,Friday,5,22
30 may 2025,JM,Lincoln Ave,17.992692,-76.804564,30 May 2025,2025-05-30,1748563200.0,4,Friday,5,22
30 may 2025,JM,Kirkland Ave,18.055576,-76.82888,30 May 2025,2025-05-30,1748563200.0,4,Friday,5,22
30 may 2025,JM,Marcus Garvey Dr,17.993255,-76.829104,30 May 2025,2025-05-30,1748563200.0,4,Friday,5,22
30 may 2025,JM,Market St,18.49053,-77.653935,30 May 2025,2025-05-30,1748563200.0,4,Friday,5,22
30 may 2025,JM,Mountain View Ave,18.008234,-76.771303,30 May 2025,2025-05-30,1748563200.0,4,Friday,5,22
30 may 2025,JM,Municipal Blvd,18.001122,-76.895117,30 May 2025,2025-05-30,1748563200.0,4,Friday,5,22
30 may 2025,JM,North Ave,18.001797,-76.779434,30 May 2025,2025-05-30,1748563200.0,4,Friday,5,22
30 may 2025,JM,Old Hope Rd,18.019148,-76.762721,30 May 2025,2025-05-30,1748563200.0,4,Friday,5,22
30 may 2025,JM,Parochial Rd,17.984467,-76.962098,30 May 2025,2025-05-30,1748563200.0,4,Friday,5,22
30 may 2025,JM,> Port of Kingston,17.992385,-76.82962,30 May 2025,2025-05-30,1748563200.0,4,Friday,5,22
30 may 2025,JM,Queens Dr,18.49124,-77.920554,30 May 2025,2025-05-30,1748563200.0,4,Friday,5,22
30 may 2025,JM,Roseberry Dr,18.038284,-76.786452,30 May 2025,2025-05-30,1748563200.0,4,Friday,5,22
30 may 2025,JM,T1 (W) - East West Hwy,17.954439,-77.038026,30 May 2025,2025-05-30,1748563200.0,4,Friday,5,22
30 may 2025,JM,Whitehall Ave,18.042559,-76.801002,30 May 2025,2025-05-30,1748563200.0,4,Friday,5,22
30 may 2025,JM,,17.990445,-76.779605,30 May 2025,2025-05-30,1748563200.0,4,Friday,5,22
30 may 2025,JM,A2 - Luana to Tombstone Rd,18.113426,-77.8154,30 May 2025,2025-05-30,1748563200.0,4,Friday,5,22
30 may 2025,JM,Caledonia Road,18.052517,-77.483484,30 May 2025,2025-05-30,1748563200.0,4,Friday,5,22
30 may 2025,JM,Queens Dr,18.48694,-77.925619,30 May 2025,2025-05-30,1748563200.0,4,Friday,5,22
30 may 2025,JM,Georges Ln,17.967038,-76.789288,30 May 2025,2025-05-30,1748563200.0,4,Friday,5,22
30 may 2025,JM,T1 (W) - East West Hwy,17.927247,-77.17083,30 May 2025,2025-05-30,1748563200.0,4,Friday,5,22
30 may 2025,JM,T3 - Edward Seaga Highway,18.207077,-77.05215,30 May 2025,2025-05-30,1748563200.0,4,Friday,5,22
30 may 2025,JM,A1 - Kew Bridge to Great River Rd,18.451488,-78.069315,30 May 2025,2025-05-30,1748563200.0,4,Friday,5,22
30 may 2025,JM,Hagley Park Rd,18.002468,-76.818741,30 May 2025,2025-05-30,1748563200.0,4,Friday,5,22
30 may 2025,JM,A3 - North Coast Highway,18.425758,-77.169428,30 May 2025,2025-05-30,1748563200.0,4,Friday,5,22
30 may 2025,JM,A1 - Green Island to Negril Rd,18.365403,-78.338072,30 May 2025,2025-05-30,1748563200.0,4,Friday,5,22
30 may 2025,JM,T1 (W) - East West Hwy,17.92641,-77.169886,30 May 2025,2025-05-30,1748563200.0,4,Friday,5,22
30 may 2025,JM,Upper Montrose Rd,18.012956,-76.77597,30 May 2025,2025-05-30,1748563200.0,4,Friday,5,22
30 may 2025,JM,T1 (W) - East West Hwy,17.954541,-77.037258,30 May 2025,2025-05-30,1748563200.0,4,Friday,5,22
30 may 2025,JM,A1 - Kew Bridge to Great River Rd,18.455658,-78.013714,30 May 2025,2025-05-30,1748563200.0,4,Friday,5,22
30 may 2025,JM,A1 - Norman Manley Blvd,18.332733,-78.336916,30 May 2025,2025-05-30,1748563200.0,4,Friday,5,22
30 may 2025,JM,A2 - Smithfield Bridge to Scotts Cove Rd,18.151431,-78.031893,30 May 2025,2025-05-30,1748563200.0,4,Friday,5,22
30 may 2025,JM,A4 - Harbour View to Bull Bay Rd,17.946569,-76.694987,30 May 2025,2025-05-30,1748563200.0,4,Friday,5,22
30 may 2025,JM,B5 - Ulster Spring to Albert Town Rd,18.309224,-77.523298,30 May 2025,2025-05-30,1748563200.0,4,Friday,5,22
30 may 2025,JM,Collie Smith Dr,17.981972,-76.804345,30 May 2025,2025-05-30,1748563200.0,4,Friday,5,22
30 may 2025,JM,Kings Cr,18.003249,-76.803606,30 May 2025,2025-05-30,1748563200.0,4,Friday,5,22
30 may 2025,JM,Ellis St,17.994249,-76.954445,30 May 2025,2025-05-30,1748563200.0,4,Friday,5,22
30 may 2025,JM,Lower Bevin Ave,18.465958,-77.921208,30 May 2025,2025-05-30,1748563200.0,4,Friday,5,22
30 may 2025,JM,Penwood Rd,18.010433,-76.834273,30 May 2025,2025-05-30,1748563200.0,4,Friday,5,22
30 may 2025,JM,Three Views Ave,18.030744,-76.810669,30 May 2025,2025-05-30,1748563200.0,4,Friday,5,22
30 may 2025,JM,Wind Hill to Patrick Town Rd,17.988414,-77.468972,30 May 2025,2025-05-30,1748563200.0,4,Friday,5,22
30 may 2025,JM,,18.007112,-76.904605,30 May 2025,2025-05-30,1748563200.0,4,Friday,5,22
30 may 2025,JM,A1 - Howard Cook Blvd,18.467567,-77.92381,30 May 2025,2025-05-30,1748563200.0,4,Friday,5,22
30 may 2025,JM,A1 - River Rd,18.071961,-76.98789,30 May 2025,2025-05-30,1748563200.0,4,Friday,5,22
30 may 2025,JM,A1 (W) - Nelson Mandela Highway,18.018872,-76.883626,30 May 2025,2025-05-30,1748563200.0,4,Friday,5,22
30 may 2025,JM,A2 (E) - Washington Blvd,18.026218,-76.839868,30 May 2025,2025-05-30,1748563200.0,4,Friday,5,22
30 may 2025,JM,A2 (W) - Washington Blvd,18.025354,-76.831964,30 May 2025,2025-05-30,1748563200.0,4,Friday,5,22
30 may 2025,JM,A2 W - Washington Blvd,18.026859,-76.816329,30 May 2025,2025-05-30,1748563200.0,4,Friday,5,22
30 may 2025,JM,A3 - Oracabessa to White River Rd,18.403871,-76.98002,30 May 2025,2025-05-30,1748563200.0,4,Friday,5,22
30 may 2025,JM,Braeton Parkway,17.957905,-76.905193,30 May 2025,2025-05-30,1748563200.0,4,Friday,5,22
30 may 2025,JM,Goshen Main Rd,18.056922,-77.642738,30 May 2025,2025-05-30,1748563200.0,4,Friday,5,22
30 may 2025,JM,Municipal Blvd,18.002214,-76.894697,30 May 2025,2025-05-30,1748563200.0,4,Friday,5,22
30 may 2025,JM,Marcus Garvey Dr,17.980957,-76.81914,30 May 2025,2025-05-30,1748563200.0,4,Friday,5,22
30 may 2025,JM,Savanna Rd,18.028473,-76.81369,30 May 2025,2025-05-30,1748563200.0,4,Friday,5,22
30 may 2025,JM,T1 (E) - East West Hwy,17.937551,-77.233071,30 May 2025,2025-05-30,1748563200.0,4,Friday,5,22
30 may 2025,JM,T1 (E) - East West Hwy,18.006493,-77.407009,30 May 2025,2025-05-30,1748563200.0,4,Friday,5,22
30 may 2025,JM,T1 (W) - East West Hwy,18.027038,-77.424269,30 May 2025,2025-05-30,1748563200.0,4,Friday,5,22
30 may 2025,JM,T1 (W) - East West Hwy,17.931932,-77.112844,30 May 2025,2025-05-30,1748563200.0,4,Friday,5,22
30 may 2025,JM,T3 - Edward Seaga Highway,18.01579,-76.912617,30 May 2025,2025-05-30,1748563200.0,4,Friday,5,22
30 may 2025,JM,T1 (W) - East West Hwy,17.978855,-76.929399,30 May 2025,2025-05-30,1748563200.0,4,Friday,5,22
30 may 2025,JM,T3 - Edward Seaga Highway,18.03492,-76.964271,30 May 2025,2025-05-30,1748563200.0,4,Friday,5,22
30 may 2025,JM,T3 - Edward Seaga Highway,18.207257,-77.052879,30 May 2025,2025-05-30,1748563200.0,4,Friday,5,22
30 may 2025,JM,T3 - Edward Seaga Highway,18.125293,-77.040677,30 May 2025,2025-05-30,1748563200.0,4,Friday,5,22
30 may 2025,JM,T3 - Edward Seaga Highway,18.373573,-77.160979,30 May 2025,2025-05-30,1748563200.0,4,Friday,5,22
30 may 2025,JM,,18.412618,-77.104103,30 May 2025,2025-05-30,1748563200.0,4,Friday,5,22
30 may 2025,JM,T3 - Edward Seaga Highway,18.291844,-77.130504,30 May 2025,2025-05-30,1748563200.0,4,Friday,5,22
30 may 2025,JM,T3 - Edward Seaga Highway,18.322901,-77.134123,30 May 2025,2025-05-30,1748563200.0,4,Friday,5,22
30 may 2025,JM,A2 (W) - Washington Blvd,18.025539,-76.820739,30 May 2025,2025-05-30,1748563200.0,4,Friday,5,22
30 may 2025,JM,,18.017375,-76.784247,30 May 2025,2025-05-30,1748563200.0,4,Friday,5,22
30 may 2025,JM,A3 - Constant Spring Rd,18.01827,-76.796465,30 May 2025,2025-05-30,1748563200.0,4,Friday,5,22
30 may 2025,JM,A3 - Ocho Rios Byp,18.413293,-77.071338,30 May 2025,2025-05-30,1748563200.0,4,Friday,5,22
30 may 2025,JM,B8 - Anchovy to Shettlewood Rd,18.404443,-77.937869,30 May 2025,2025-05-30,1748563200.0,4,Friday,5,22
30 may 2025,JM,Dyke Rd,17.973891,-76.862748,30 May 2025,2025-05-30,1748563200.0,4,Friday,5,22
30 may 2025,JM,Grants Pen Rd,18.031938,-76.791573,30 May 2025,2025-05-30,1748563200.0,4,Friday,5,22
30 may 2025,JM,Old Hope Rd,18.003173,-76.779575,30 May 2025,2025-05-30,1748563200.0,4,Friday,5,22
30 may 2025,JM,T1 (E) - East West Hwy,17.978429,-76.930517,30 May 2025,2025-05-30,1748563200.0,4,Friday,5,22
30 may 2025,JM,Mountain View Ave,18.004346,-76.770532,30 May 2025,2025-05-30,1748563200.0,4,Friday,5,22
30 may 2025,JM,A2 (W) - Melrose Hill Byp,18.059884,-77.449828,30 May 2025,2025-05-30,1748563200.0,4,Friday,5,22
30 may 2025,JM,A1 (E) - Nelson Mandela Highway,18.022732,-76.878118,30 May 2025,2025-05-30,1748563200.0,4,Friday,5,22
30 may 2025,JM,Pandora Cr,18.014927,-76.822749,30 May 2025,2025-05-30,1748563200.0,4,Friday,5,22
30 may 2025,JM,A2 (W) - Melrose Hill Byp,18.063226,-77.45258,30 May 2025,2025-05-30,1748563200.0,4,Friday,5,22
30 may 2025,JM,T1 (E) - East West Hwy,17.984901,-76.915168,30 May 2025,2025-05-30,1748563200.0,4,Friday,5,22
30 may 2025,JM,B5 - Ulster Spring to Albert Town Rd,18.303322,-77.533246,30 May 2025,2025-05-30,1748563200.0,4,Friday,5,22
30 may 2025,JM,A1 - North Coast Highway,18.437796,-77.198158,30 May 2025,2025-05-30,1748563200.0,4,Friday,5,22
30 may 2025,JM,St. Christopher to Glengoffe Rd,18.15286,-76.863401,30 May 2025,2025-05-30,1748563200.0,4,Friday,5,22
30 may 2025,JM,T1 (E) - East West Hwy,17.923868,-77.166774,30 May 2025,2025-05-30,1748563200.0,4,Friday,5,22
30 may 2025,JM,Municipal Blvd,17.999774,-76.894664,30 May 2025,2025-05-30,1748563200.0,4,Friday,5,22
30 may 2025,JM,Clarks Town Rd,18.06724,-77.516108,30 May 2025,2025-05-30,1748563200.0,4,Friday,5,22
30 may 2025,JM,Newland Rd,17.959553,-76.888994,30 May 2025,2025-05-30,1748563200.0,4,Friday,5,22
30 may 2025,JM,Marescaux Rd,17.99285,-76.785357,30 May 2025,2025-05-30,1748563200.0,4,Friday,5,22
30 may 2025,JM,Retreat Ave,18.013015,-76.77385,30 May 2025,2025-05-30,1748563200.0,4,Friday,5,22
30 may 2025,JM,Montrose Rd,18.012653,-76.776107,30 May 2025,2025-05-30,1748563200.0,4,Friday,5,22
30 may 2025,JM,Linstead Toll Plaza,18.156902,-77.034936,30 May 2025,2025-05-30,1748563200.0,4,Friday,5,22
30 may 2025,JM,A3 (S) - Constant Spring Rd,18.046142,-76.794404,30 May 2025,2025-05-30,1748563200.0,4,Friday,5,22
30 may 2025,JM,East Rd,18.004437,-76.811897,30 May 2025,2025-05-30,1748563200.0,4,Friday,5,22
30 may 2025,JM,T3 - Edward Seaga Highway,18.24248,-77.092539,30 May 2025,2025-05-30,1748563200.0,4,Friday,5,22
30 may 2025,JM,Spaldings to Cave Valley Road,18.218426,-77.390504,30 May 2025,2025-05-30,1748563200.0,4,Friday,5,22
30 may 2025,JM,Camp Rd,17.988395,-76.779894,30 May 2025,2025-05-30,1748563200.0,4,Friday,5,22
30 may 2025,JM,Old Hope Rd,18.017019,-76.751553,30 May 2025,2025-05-30,1748563200.0,4,Friday,5,22
30 may 2025,JM,A1 - Kew Bridge to Great River Rd,18.451446,-78.070721,30 May 2025,2025-05-30,1748563200.0,4,Friday,5,22
30 may 2025,JM,T1 (E) - East West Hwy,17.954602,-77.037533,30 May 2025,2025-05-30,1748563200.0,4,Friday,5,22
30 may 2025,JM,A2 E - Washington Blvd,18.025573,-76.833044,30 May 2025,2025-05-30,1748563200.0,4,Friday,5,22
30 may 2025,JM,A2 - Bartletts River to Sheffield-Negril,18.249014,-78.254315,30 May 2025,2025-05-30,1748563200.0,4,Friday,5,22
30 may 2025,JM,A1 - North Coast Highway,18.447133,-77.22473,30 May 2025,2025-05-30,1748563200.0,4,Friday,5,22
30 may 2025,JM,A1 - Spanish Town Rd,18.015465,-76.844073,30 May 2025,2025-05-30,1748563200.0,4,Friday,5,22
30 may 2025,JM,A1 - Spanish Town By-pass Rd,17.986289,-76.947991,30 May 2025,2025-05-30,1748563200.0,4,Friday,5,22
30 may 2025,JM,T3 - Edward Seaga Highway,18.123417,-77.040233,30 May 2025,2025-05-30,1748563200.0,4,Friday,5,22
30 may 2025,JM,New River Rd,18.057822,-77.706111,30 May 2025,2025-05-30,1748563200.0,4,Friday,5,22
30 may 2025,JM,Fairway Ave,18.008762,-76.774783,30 May 2025,2025-05-30,1748563200.0,4,Friday,5,22
30 may 2025,JM,A1 - North Coast Highway,18.425164,-77.176859,30 May 2025,2025-05-30,1748563200.0,4,Friday,5,22
30 may 2025,JM,T3 - Edward Seaga Highway,18.148184,-77.032952,30 May 2025,2025-05-30,1748563200.0,4,Friday,5,22
30 may 2025,JM,T1 (W) - East West Hwy,17.973365,-76.976308,30 May 2025,2025-05-30,1748563200.0,4,Friday,5,22
30 may 2025,JM,Dukharan Ave,18.02752,-76.802286,30 May 2025,2025-05-30,1748563200.0,4,Friday,5,22
30 may 2025,JM,Passage Fort Dr W,17.981691,-76.871618,30 May 2025,2025-05-30,1748563200.0,4,Friday,5,22
30 may 2025,JM,Red Hills Rd,18.029529,-76.805995,30 May 2025,2025-05-30,1748563200.0,4,Friday,5,22
30 may 2025,JM,Upper Waterloo Road,18.021765,-76.791826,30 May 2025,2025-05-30,1748563200.0,4,Friday,5,22
30 may 2025,JM,Westgate Hills Blvd,18.462555,-77.911408,30 May 2025,2025-05-30,1748563200.0,4,Friday,5,22
30 may 2025,JM,Spanish Town Rd,17.998841,-76.82614,30 May 2025,2025-05-30,1748563200.0,4,Friday,5,22
30 may 2025,JM,A3 - Oracabessa to White River Rd,18.416872,-77.066933,30 May 2025,2025-05-30,1748563200.0,4,Friday,5,22
30 may 2025,JM,Oxford Rd,18.000228,-76.785206,30 May 2025,2025-05-30,1748563200.0,4,Friday,5,22
30 may 2025,JM,A1 - Spanish Town Rd,18.002595,-76.830106,30 May 2025,2025-05-30,1748563200.0,4,Friday,5,22
30 may 2025,JM,Shortwood Rd,18.031628,-76.794045,30 May 2025,2025-05-30,1748563200.0,4,Friday,5,22
30 may 2025,JM,Penrith Rd,17.992627,-76.791171,30 May 2025,2025-05-30,1748563200.0,4,Friday,5,22
30 may 2025,JM,Upper Montrose Rd,18.012801,-76.77604,30 May 2025,2025-05-30,1748563200.0,4,Friday,5,22
30 may 2025,JM,Shortwood Rd,18.031334,-76.794877,30 May 2025,2025-05-30,1748563200.0,4,Friday,5,22
30 may 2025,JM,Marcus Garvey Dr,17.98965,-76.827741,30 May 2025,2025-05-30,1748563200.0,4,Friday,5,22
30 may 2025,JM,A2 - Old Harbour Rd,17.992467,-76.971406,30 May 2025,2025-05-30,1748563200.0,4,Friday,5,22
30 may 2025,JM,Mountain View Ave,18.006276,-76.77101,30 May 2025,2025-05-30,1748563200.0,4,Friday,5,22
30 may 2025,JM,West Ave,18.031842,-76.799505,30 May 2025,2025-05-30,1748563200.0,4,Friday,5,22
30 may 2025,JM,A3 - Slipe Rd,17.99222,-76.78849,30 May 2025,2025-05-30,1748563200.0,4,Friday,5,22
30 may 2025,JM,Cottage Rd,18.467577,-77.915121,30 May 2025,2025-05-30,1748563200.0,4,Friday,5,22
30 may 2025,JM,West Kings House Rd,18.021354,-76.793935,30 May 2025,2025-05-30,1748563200.0,4,Friday,5,22
30 may 2025,JM,Red Hills Rd,18.040717,-76.81404,30 May 2025,2025-05-30,1748563200.0,4,Friday,5,22
30 may 2025,JM,,18.468051,-77.914667,30 May 2025,2025-05-30,1748563200.0,4,Friday,5,22
30 may 2025,JM,Wellington Dr,18.015629,-76.758909,30 May 2025,2025-05-30,1748563200.0,4,Friday,5,22
30 may 2025,JM,Vernons Rd,18.475659,-77.904407,30 May 2025,2025-05-30,1748563200.0,4,Friday,5,22
30 may 2025,JM,Trafalgar Rd,18.010369,-76.787425,30 May 2025,2025-05-30,1748563200.0,4,Friday,5,22
30 may 2025,JM,Salt Pond Rd,17.979763,-76.944747,30 May 2025,2025-05-30,1748563200.0,4,Friday,5,22
30 may 2025,JM,Upper Montrose Rd,18.012703,-76.776113,30 May 2025,2025-05-30,1748563200.0,4,Friday,5,22
30 may 2025,JM,T1 (E) - East West Hwy,17.984822,-76.918554,30 May 2025,2025-05-30,1748563200.0,4,Friday,5,22
30 may 2025,JM,Shenton Ave,17.971206,-76.876425,30 May 2025,2025-05-30,1748563200.0,4,Friday,5,22
30 may 2025,JM,South Ave,18.017954,-76.792679,30 May 2025,2025-05-30,1748563200.0,4,Friday,5,22
30 may 2025,JM,Old Hope Rd,18.002659,-76.780738,30 May 2025,2025-05-30,1748563200.0,4,Friday,5,22
30 may 2025,JM,A2 (W) - Washington Blvd,18.026153,-76.818575,30 May 2025,2025-05-30,1748563200.0,4,Friday,5,22
30 may 2025,JM,T3 - Edward Seaga Highway,18.027853,-76.941193,30 May 2025,2025-05-30,1748563200.0,4,Friday,5,22
30 may 2025,JM,Old Hope Rd,18.003555,-76.778896,30 May 2025,2025-05-30,1748563200.0,4,Friday,5,22
30 may 2025,JM,Jarrett Terr,18.46683,-77.913502,30 May 2025,2025-05-30,1748563200.0,4,Friday,5,22
30 may 2025,JM,T1 (W) - East West Hwy,17.921375,-77.159853,30 May 2025,2025-05-30,1748563200.0,4,Friday,5,22
30 may 2025,JM,E Kings House Rd,18.030204,-76.776037,30 May 2025,2025-05-30,1748563200.0,4,Friday,5,22
30 may 2025,JM,Mountain View Ave,17.975109,-76.760725,30 May 2025,2025-05-30,1748563200.0,4,Friday,5,22
30 may 2025,JM,East Ave,17.984777,-76.812091,30 May 2025,2025-05-30,1748563200.0,4,Friday,5,22
30 may 2025,JM,Grants Pen Rd,18.030231,-76.787652,30 May 2025,2025-05-30,1748563200.0,4,Friday,5,22
30 may 2025,JM,Charlton Rd,18.040188,-76.792832,30 May 2025,2025-05-30,1748563200.0,4,Friday,5,22
30 may 2025,JM,T3 - Edward Seaga Highway,18.293774,-77.132258,30 May 2025,2025-05-30,1748563200.0,4,Friday,5,22
30 may 2025,JM,Arthur Wint Dr,18.001607,-76.777647,30 May 2025,2025-05-30,1748563200.0,4,Friday,5,22
30 may 2025,JM,A1 - Walks Rd,18.027186,-76.977629,30 May 2025,2025-05-30,1748563200.0,4,Friday,5,22
30 may 2025,JM,Central Ave,18.032137,-76.798864,30 May 2025,2025-05-30,1748563200.0,4,Friday,5,22
30 may 2025,JM,B8 - Anchovy to Shettlewood Rd,18.389656,-77.9356,30 May 2025,2025-05-30,1748563200.0,4,Friday,5,22
30 may 2025,JM,A3 - Hodgson St,18.372738,-76.893611,30 May 2025,2025-05-30,1748563200.0,4,Friday,5,22
30 may 2025,JM,A2 - Winston Jones Highway,18.063715,-77.51315,30 May 2025,2025-05-30,1748563200.0,4,Friday,5,22
30 may 2025,JM,A3 - Oracabessa to White River Rd,18.415816,-77.068398,30 May 2025,2025-05-30,1748563200.0,4,Friday,5,22
30 may 2025,JM,A2 - Winston Jones Highway,18.067246,-77.501077,30 May 2025,2025-05-30,1748563200.0,4,Friday,5,22
30 may 2025,JM,A4 - Dover to Agualta Vale Rd,18.271571,-76.765984,30 May 2025,2025-05-30,1748563200.0,4,Friday,5,22
30 may 2025,JM,A3 - Balmoral Ave,18.004623,-76.797232,30 May 2025,2025-05-30,1748563200.0,4,Friday,5,22
30 may 2025,JM,A1 - North Coast Highway,18.448698,-77.228015,30 May 2025,2025-05-30,1748563200.0,4,Friday,5,22
30 may 2025,JM,March Pen Rd,17.990268,-76.954476,30 May 2025,2025-05-30,1748563200.0,4,Friday,5,22
30 may 2025,JM,A1 - North Coast Highway,18.434409,-77.194863,30 May 2025,2025-05-30,1748563200.0,4,Friday,5,22
30 may 2025,JM,A1 - Howard Cook Blvd,18.468679,-77.923802,30 May 2025,2025-05-30,1748563200.0,4,Friday,5,22
30 may 2025,JM,A1 - North Coast Highway,18.430248,-77.189438,30 May 2025,2025-05-30,1748563200.0,4,Friday,5,22
30 may 2025,JM,,18.439689,-77.207466,30 May 2025,2025-05-30,1748563200.0,4,Friday,5,22
30 may 2025,JM,Queens Dr,18.491171,-77.920613,30 May 2025,2025-05-30,1748563200.0,4,Friday,5,22
30 may 2025,JM,A1 (W) - Nelson Mandela Highway,18.022372,-76.878285,30 May 2025,2025-05-30,1748563200.0,4,Friday,5,22
30 may 2025,JM,Springfield to Silver Spring Rd,18.282394,-78.294392,30 May 2025,2025-05-30,1748563200.0,4,Friday,5,22
30 may 2025,JM,T3 - Edward Seaga Highway,18.090742,-77.010743,30 May 2025,2025-05-30,1748563200.0,4,Friday,5,22
30 may 2025,JM,,18.222336,-77.459541,30 May 2025,2025-05-30,1748563200.0,4,Friday,5,22
30 may 2025,JM,T3 - Edward Seaga Highway,18.016355,-76.912706,30 May 2025,2025-05-30,1748563200.0,4,Friday,5,22
30 may 2025,JM,Duke St,17.971088,-76.790627,30 May 2025,2025-05-30,1748563200.0,4,Friday,5,22
30 may 2025,JM,T3 - Edward Seaga Highway,18.145241,-77.034892,30 May 2025,2025-05-30,1748563200.0,4,Friday,5,22
30 may 2025,JM,T3 - Edward Seaga Highway,18.289138,-77.127937,30 May 2025,2025-05-30,1748563200.0,4,Friday,5,22
30 may 2025,JM,T3 - Edward Seaga Highway,18.038741,-76.969715,30 May 2025,2025-05-30,1748563200.0,4,Friday,5,22
30 may 2025,JM,T3 - Edward Seaga Highway,18.186774,-77.03928,30 May 2025,2025-05-30,1748563200.0,4,Friday,5,22
30 may 2025,JM,T3 - Edward Seaga Highway,18.027794,-76.923182,30 May 2025,2025-05-30,1748563200.0,4,Friday,5,22
30 may 2025,JM,A1 - Spanish Town Rd,18.013582,-76.841855,30 May 2025,2025-05-30,1748563200.0,4,Friday,5,22
30 may 2025,JM,T3 - Edward Seaga Highway,18.254974,-77.114319,30 May 2025,2025-05-30,1748563200.0,4,Friday,5,22
30 may 2025,JM,T3 - Edward Seaga Highway,18.034872,-76.958337,30 May 2025,2025-05-30,1748563200.0,4,Friday,5,22
30 may 2025,JM,T3 - Edward Seaga Highway,18.0275,-76.938518,30 May 2025,2025-05-30,1748563200.0,4,Friday,5,22
30 may 2025,JM,T2 Kingston - Portmore Toll Rd,17.971126,-76.846195,30 May 2025,2025-05-30,1748563200.0,4,Friday,5,22
30 may 2025,JM,A2 - Greenvale Rd,18.019565,-77.53749,30 May 2025,2025-05-30,1748563200.0,4,Friday,5,22
30 may 2025,JM,T3 - Edward Seaga Highway,18.214967,-77.072082,30 May 2025,2025-05-30,1748563200.0,4,Friday,5,22
30 may 2025,JM,T3 - Edward Seaga Highway,18.026626,-76.919238,30 May 2025,2025-05-30,1748563200.0,4,Friday,5,22
30 may 2025,JM,T1 - East West Hwy,17.939062,-77.07752,30 May 2025,2025-05-30,1748563200.0,4,Friday,5,22
30 may 2025,JM,B5 - Jackson Town to Ulster Spring Rd,18.33755,-77.511728,30 May 2025,2025-05-30,1748563200.0,4,Friday,5,22
30 may 2025,JM,T1 (W) - East West Hwy,18.04349,-77.437461,30 May 2025,2025-05-30,1748563200.0,4,Friday,5,22
30 may 2025,JM,T1 > Portmore & Kingston,17.973522,-76.961905,30 May 2025,2025-05-30,1748563200.0,4,Friday,5,22
30 may 2025,JM,T1 (W) - East West Hwy,17.976641,-76.940611,30 May 2025,2025-05-30,1748563200.0,4,Friday,5,22
30 may 2025,JM,T1 (W) - East West Hwy,18.032691,-77.43088,30 May 2025,2025-05-30,1748563200.0,4,Friday,5,22
30 may 2025,JM,T1 (W) - East West Hwy,18.03556,-77.434228,30 May 2025,2025-05-30,1748563200.0,4,Friday,5,22
30 may 2025,JM,T1 (W) - East West Hwy,17.968263,-77.003356,30 May 2025,2025-05-30,1748563200.0,4,Friday,5,22
30 may 2025,JM,T1 (E) - East West Hwy,17.973865,-77.376733,30 May 2025,2025-05-30,1748563200.0,4,Friday,5,22
30 may 2025,JM,T1 (W) - East West Hwy,17.954327,-77.038864,30 May 2025,2025-05-30,1748563200.0,4,Friday,5,22
30 may 2025,JM,T1 (W) - East West Hwy,17.976292,-76.942417,30 May 2025,2025-05-30,1748563200.0,4,Friday,5,22
30 may 2025,JM,T1 (W) - East West Hwy,17.974936,-77.378437,30 May 2025,2025-05-30,1748563200.0,4,Friday,5,22
30 may 2025,JM,A1 - Kew Bridge to Great River Rd,18.454099,-78.03489,30 May 2025,2025-05-30,1748563200.0,4,Friday,5,22
30 may 2025,JM,T1 (W) - East West Hwy,17.931917,-77.206879,30 May 2025,2025-05-30,1748563200.0,4,Friday,5,22
30 may 2025,JM,T1 (E) - East West Hwy,18.005765,-77.406515,30 May 2025,2025-05-30,1748563200.0,4,Friday,5,22
30 may 2025,JM,T1 (W) - East West Hwy,18.001496,-77.402755,30 May 2025,2025-05-30,1748563200.0,4,Friday,5,22
30 may 2025,JM,T1 (E) - East West Hwy,17.986273,-76.910201,30 May 2025,2025-05-30,1748563200.0,4,Friday,5,22
30 may 2025,JM,T1 (W) - East West Hwy,17.974629,-77.378005,30 May 2025,2025-05-30,1748563200.0,4,Friday,5,22
30 may 2025,JM,Municipal Blvd,18.004168,-76.894443,30 May 2025,2025-05-30,1748563200.0,4,Friday,5,22
30 may 2025,JM,T1 (E) - East West Hwy,17.996111,-76.897373,30 May 2025,2025-05-30,1748563200.0,4,Friday,5,22
30 may 2025,JM,A2 - Bartletts River to Sheffield-Negril,18.250931,-78.261246,30 May 2025,2025-05-30,1748563200.0,4,Friday,5,22
30 may 2025,JM,Maxfield Ave,18.000536,-76.803483,30 May 2025,2025-05-30,1748563200.0,4,Friday,5,22
30 may 2025,JM,A1 - North Coast Highway,18.459651,-77.403008,30 May 2025,2025-05-30,1748563200.0,4,Friday,5,22
30 may 2025,JM,T1 (E) - East West Hwy,17.932463,-77.200718,30 May 2025,2025-05-30,1748563200.0,4,Friday,5,22
30 may 2025,JM,T1 (E) - East West Hwy,17.97724,-76.935054,30 May 2025,2025-05-30,1748563200.0,4,Friday,5,22
30 may 2025,JM,T1 (E) - East West Hwy,18.01404,-77.411436,30 May 2025,2025-05-30,1748563200.0,4,Friday,5,22
30 may 2025,JM,Russell Ave,18.234147,-76.658474,30 May 2025,2025-05-30,1748563200.0,4,Friday,5,22
30 may 2025,JM,B5 - Shooters Hill to Caines Shop Rd,18.096214,-77.480122,30 May 2025,2025-05-30,1748563200.0,4,Friday,5,22
30 may 2025,JM,Marcus Garvey Dr,17.982864,-76.82188,30 May 2025,2025-05-30,1748563200.0,4,Friday,5,22
30 may 2025,JM,A2 E - Dunrobin Ave,18.025084,-76.798149,30 May 2025,2025-05-30,1748563200.0,4,Friday,5,22
30 may 2025,JM,A3 - Half Way Tree Rd,18.007022,-76.79566,30 May 2025,2025-05-30,1748563200.0,4,Friday,5,22
30 may 2025,JM,Hagley Park Rd,18.009678,-76.799835,30 May 2025,2025-05-30,1748563200.0,4,Friday,5,22
30 may 2025,JM,Municipal Blvd,17.991149,-76.890783,30 May 2025,2025-05-30,1748563200.0,4,Friday,5,22
30 may 2025,JM,A4 - Orange Bay to Windsor Castle Rd,18.233995,-76.661028,30 May 2025,2025-05-30,1748563200.0,4,Friday,5,22
30 may 2025,JM,A3 - Balmoral Ave,18.00462,-76.798429,30 May 2025,2025-05-30,1748563200.0,4,Friday,5,22
30 may 2025,JM,A2 - Winston Jones Highway,18.053962,-77.527141,30 May 2025,2025-05-30,1748563200.0,4,Friday,5,22
30 may 2025,JM,A2 - Winston Jones Highway,18.062289,-77.514759,30 May 2025,2025-05-30,1748563200.0,4,Friday,5,22
30 may 2025,JM,A2 (E) - Washington Blvd,18.026091,-76.845481,30 May 2025,2025-05-30,1748563200.0,4,Friday,5,22
30 may 2025,JM,A2 (E) - Melrose Hill By,18.056236,-77.444502,30 May 2025,2025-05-30,1748563200.0,4,Friday,5,22
30 may 2025,JM,A1 - Kew Bridge to Great River Rd,18.44968,-78.089887,30 May 2025,2025-05-30,1748563200.0,4,Friday,5,22
30 may 2025,JM,A2 (W) - Melrose Hill Byp,18.056119,-77.444539,30 May 2025,2025-05-30,1748563200.0,4,Friday,5,22
30 may 2025,JM,A1 - North Coast Highway,18.477204,-77.637552,30 May 2025,2025-05-30,1748563200.0,4,Friday,5,22
30 may 2025,JM,A1 - North Coast Highway,18.437798,-77.19816,30 May 2025,2025-05-30,1748563200.0,4,Friday,5,22
30 may 2025,JM,A1 - North Coast Highway,18.522078,-77.855891,30 May 2025,2025-05-30,1748563200.0,4,Friday,5,22
30 may 2025,JM,Foster Ave,18.47001,-77.915843,30 May 2025,2025-05-30,1748563200.0,4,Friday,5,22
30 may 2025,JM,Municipal Blvd,17.963232,-76.902108,30 May 2025,2025-05-30,1748563200.0,4,Friday,5,22
30 may 2025,JM,A1 - Spanish Town Rd,18.004239,-76.831879,30 May 2025,2025-05-30,1748563200.0,4,Friday,5,22
30 may 2025,JM,Knutsford Blvd,18.006878,-76.787148,30 May 2025,2025-05-30,1748563200.0,4,Friday,5,22
30 may 2025,JM,Sidney Pagon Dr,18.056664,-77.696891,30 May 2025,2025-05-30,1748563200.0,4,Friday,5,22
30 may 2025,JM,T3 - Edward Seaga Highway,18.325091,-77.133078,30 May 2025,2025-05-30,1748563200.0,4,Friday,5,22
30 may 2025,JM,A2 - Tombstone to Gutters Rd,18.051383,-77.665693,30 May 2025,2025-05-30,1748563200.0,4,Friday,5,22
30 may 2025,JM,A1 - North Coast Highway,18.477157,-77.47979,30 May 2025,2025-05-30,1748563200.0,4,Friday,5,22
30 may 2025,JM,A1 (W) - Nelson Mandela Highway,17.996708,-76.917387,30 May 2025,2025-05-30,1748563200.0,4,Friday,5,22
30 may 2025,JM,Studley Park Rd,17.981796,-76.795752,30 May 2025,2025-05-30,1748563200.0,4,Friday,5,22
30 may 2025,JM,A3 - Ocho Rios Byp,18.405012,-77.108709,30 May 2025,2025-05-30,1748563200.0,4,Friday,5,22
30 may 2025,JM,Oakland Rd,17.997256,-76.815647,30 May 2025,2025-05-30,1748563200.0,4,Friday,5,22
30 may 2025,JM,Duke St,17.970334,-76.79069,30 May 2025,2025-05-30,1748563200.0,4,Friday,5,22
30 may 2025,JM,Trinidad Ter,18.004616,-76.785603,30 May 2025,2025-05-30,1748563200.0,4,Friday,5,22
30 may 2025,JM,Salt Pond Rd,17.974735,-76.942292,30 May 2025,2025-05-30,1748563200.0,4,Friday,5,22
30 may 2025,JM,Molynes Rd,18.020587,-76.813293,30 May 2025,2025-05-30,1748563200.0,4,Friday,5,22
30 may 2025,JM,T1 (E) - East West Hwy,17.967541,-77.004978,30 May 2025,2025-05-30,1748563200.0,4,Friday,5,22
30 may 2025,JM,Oregon Dr,18.047062,-76.813167,30 May 2025,2025-05-30,1748563200.0,4,Friday,5,22
30 may 2025,JM,Port Royal St,17.965621,-76.792506,30 May 2025,2025-05-30,1748563200.0,4,Friday,5,22
30 may 2025,JM,Gutters to Downs Rd,17.999442,-77.59009,30 May 2025,2025-05-30,1748563200.0,4,Friday,5,22
30 may 2025,JM,B2 - Bog Walk to Natural Bridge Rd,18.139883,-76.97718,30 May 2025,2025-05-30,1748563200.0,4,Friday,5,22
30 may 2025,JM,B5,18.245244,-77.52646,30 May 2025,2025-05-30,1748563200.0,4,Friday,5,22
30 may 2025,JM,Caledonia Rd,18.06378,-77.468268,30 May 2025,2025-05-30,1748563200.0,4,Friday,5,22
30 may 2025,JM,Brettford Ave,18.018215,-76.821134,30 May 2025,2025-05-30,1748563200.0,4,Friday,5,22
30 may 2025,JM,Marcus Garvey Dr,17.973164,-76.810496,30 May 2025,2025-05-30,1748563200.0,4,Friday,5,22
30 may 2025,JM,A1 - Kew Bridge to Great River Rd,18.448385,-78.091944,30 May 2025,2025-05-30,1748563200.0,4,Friday,5,22
30 may 2025,JM,A2 - Spur Tree Rd,17.994594,-77.561844,30 May 2025,2025-05-30,1748563200.0,4,Friday,5,22
30 may 2025,JM,A1 - Lucea to Green Island Rd,18.388938,-78.271594,30 May 2025,2025-05-30,1748563200.0,4,Friday,5,22
30 may 2025,JM,Old Hope Rd,18.017163,-76.752299,30 May 2025,2025-05-30,1748563200.0,4,Friday,5,22
30 may 2025,JM,Job Ln,18.012601,-76.973366,30 May 2025,2025-05-30,1748563200.0,4,Friday,5,22
30 may 2025,JM,A1 - Norman Manley Blvd,18.335067,-78.337896,30 May 2025,2025-05-30,1748563200.0,4,Friday,5,22
30 may 2025,JM,T3 - Edward Seaga Highway,18.011878,-76.908674,30 May 2025,2025-05-30,1748563200.0,4,Friday,5,22
30 may 2025,JM,Braeton Parkway,17.953959,-76.911985,30 May 2025,2025-05-30,1748563200.0,4,Friday,5,22
30 may 2025,JM,A1 - Dr. Aston King Highway,18.451637,-77.978939,30 May 2025,2025-05-30,1748563200.0,4,Friday,5,22
30 may 2025,JM,A1 - Dr. Aston King Highway,18.451706,-77.978048,30 May 2025,2025-05-30,1748563200.0,4,Friday,5,22
30 may 2025,JM,A2 - Luana to Tombstone Rd,18.112701,-77.818886,30 May 2025,2025-05-30,1748563200.0,4,Friday,5,22
30 may 2025,JM,Seymour Ave,18.012472,-76.774092,30 May 2025,2025-05-30,1748563200.0,4,Friday,5,22
30 may 2025,JM,,18.021894,-76.828232,30 May 2025,2025-05-30,1748563200.0,4,Friday,5,22
30 may 2025,JM,,18.039401,-77.529978,30 May 2025,2025-05-30,1748563200.0,4,Friday,5,22
30 may 2025,JM,A2 - Spur Tree Rd,18.012003,-77.579048,30 May 2025,2025-05-30,1748563200.0,4,Friday,5,22
30 may 2025,JM,> Portmore (Central),17.971596,-76.864775,30 May 2025,2025-05-30,1748563200.0,4,Friday,5,22
30 may 2025,JM,A1 - Linstead Bypass,18.116128,-77.010008,30 May 2025,2025-05-30,1748563200.0,4,Friday,5,22
30 may 2025,JM,Oxford Rd,18.002172,-76.790538,30 May 2025,2025-05-30,1748563200.0,4,Friday,5,22
30 may 2025,JM,A1 - North Coast Highway,18.516259,-77.789295,30 May 2025,2025-05-30,1748563200.0,4,Friday,5,22
30 may 2025,JM,A1 - North Coast Highway,18.439422,-77.206145,30 May 2025,2025-05-30,1748563200.0,4,Friday,5,22
30 may 2025,JM,Kings Cr,18.002085,-76.802135,30 May 2025,2025-05-30,1748563200.0,4,Friday,5,22
30 may 2025,JM,A1 - Spanish Town By-pass Rd,17.987448,-76.945436,30 May 2025,2025-05-30,1748563200.0,4,Friday,5,22
30 may 2025,JM,A1 - Spanish Town By-pass Rd,17.988715,-76.943504,30 May 2025,2025-05-30,1748563200.0,4,Friday,5,22
30 may 2025,JM,A1 - Spanish Town By-pass Rd,17.987729,-76.956902,30 May 2025,2025-05-30,1748563200.0,4,Friday,5,22
30 may 2025,JM,Port Royal St,17.965935,-76.79673,30 May 2025,2025-05-30,1748563200.0,4,Friday,5,22
30 may 2025,JM,A1 - Walks Rd,18.018658,-76.974963,30 May 2025,2025-05-30,1748563200.0,4,Friday,5,22
30 may 2025,JM,A2 - Spur Tree Rd,17.997419,-77.564862,30 May 2025,2025-05-30,1748563200.0,4,Friday,5,22
30 may 2025,JM,A2 - Tombstone to Gutters Rd,18.057731,-77.715412,30 May 2025,2025-05-30,1748563200.0,4,Friday,5,22
30 may 2025,JM,Grants Pen Ave,18.033871,-76.78506,30 May 2025,2025-05-30,1748563200.0,4,Friday,5,22
30 may 2025,JM,A2 - Winston Jones Highway,18.042183,-77.530977,30 May 2025,2025-05-30,1748563200.0,4,Friday,5,22
30 may 2025,JM,A3 - Half Way Tree Rd,18.002944,-76.792242,30 May 2025,2025-05-30,1748563200.0,4,Friday,5,22
30 may 2025,JM,A3 - Half Way Tree Rd,18.003476,-76.792378,30 May 2025,2025-05-30,1748563200.0,4,Friday,5,22
30 may 2025,JM,Barnett St,18.463977,-77.914885,30 May 2025,2025-05-30,1748563200.0,4,Friday,5,22
30 may 2025,JM,Caledonia Road,18.055476,-77.481301,30 May 2025,2025-05-30,1748563200.0,4,Friday,5,22
30 may 2025,JM,,17.996337,-76.930021,30 May 2025,2025-05-30,1748563200.0,4,Friday,5,22
30 may 2025,JM,Westminster Rd,18.019498,-76.802926,30 May 2025,2025-05-30,1748563200.0,4,Friday,5,22
30 may 2025,JM,A1 (W) - Nelson Mandela Highway,18.012028,-76.893751,30 May 2025,2025-05-30,1748563200.0,4,Friday,5,22
30 may 2025,JM,Chelsea Ave,18.008945,-76.790383,30 May 2025,2025-05-30,1748563200.0,4,Friday,5,22
30 may 2025,JM,Creek St,18.471419,-77.920013,30 May 2025,2025-05-30,1748563200.0,4,Friday,5,22
30 may 2025,JM,Drews Avenue,18.023868,-76.830166,30 May 2025,2025-05-30,1748563200.0,4,Friday,5,22
30 may 2025,JM,A1 - Spanish Town Rd,18.015524,-76.844136,30 May 2025,2025-05-30,1748563200.0,4,Friday,5,22
30 may 2025,JM,Lady Musgrave Rd,18.011663,-76.778046,30 May 2025,2025-05-30,1748563200.0,4,Friday,5,22
30 may 2025,JM,Main St,17.964374,-77.238504,30 May 2025,2025-05-30,1748563200.0,4,Friday,5,22
30 may 2025,JM,Marcus Garvey Dr,17.970858,-76.807727,30 May 2025,2025-05-30,1748563200.0,4,Friday,5,22
30 may 2025,JM,A1 - North Coast Highway,18.490113,-77.693656,30 May 2025,2025-05-30,1748563200.0,4,Friday,5,22
30 may 2025,JM,A2 - Smithfield Bridge to Scotts Cove Rd,18.219781,-78.061081,30 May 2025,2025-05-30,1748563200.0,4,Friday,5,22
30 may 2025,JM,Old Hope Rd,18.018598,-76.760186,30 May 2025,2025-05-30,1748563200.0,4,Friday,5,22
30 may 2025,JM,Oxford Rd,18.000701,-76.786161,30 May 2025,2025-05-30,1748563200.0,4,Friday,5,22
30 may 2025,JM,Red Hills Rd,18.024991,-76.804463,30 May 2025,2025-05-30,1748563200.0,4,Friday,5,22
30 may 2025,JM,Seymour Ave,18.007221,-76.774973,30 May 2025,2025-05-30,1748563200.0,4,Friday,5,22
30 may 2025,JM,Harbour St,17.965886,-76.790129,30 May 2025,2025-05-30,1748563200.0,4,Friday,5,22
30 may 2025,JM,Brettford Ave,18.021863,-76.819303,30 May 2025,2025-05-30,1748563200.0,4,Friday,5,22
30 may 2025,JM,A1 (W) - Nelson Mandela Highway,18.016456,-76.887186,30 May 2025,2025-05-30,1748563200.0,4,Friday,5,22
30 may 2025,JM,T1 (E) - East West Hwy,17.984611,-76.921226,30 May 2025,2025-05-30,1748563200.0,4,Friday,5,22
30 may 2025,JM,T1 (W) - East West Hwy,17.954612,-77.036727,30 May 2025,2025-05-30,1748563200.0,4,Friday,5,22
30 may 2025,JM,T1 (W) - East West Hwy,17.976278,-76.942472,30 May 2025,2025-05-30,1748563200.0,4,Friday,5,22
30 may 2025,JM,Tucker Ave,18.007125,-76.769915,30 May 2025,2025-05-30,1748563200.0,4,Friday,5,22
30 may 2025,JM,A1 - North Coast Highway,18.467337,-77.41553,30 May 2025,2025-05-30,1748563200.0,4,Friday,5,22
30 may 2025,JM,A1 - Spanish Town Rd,18.010653,-76.838684,30 May 2025,2025-05-30,1748563200.0,4,Friday,5,22
30 may 2025,JM,T1 (E) - East West Hwy,18.022058,-77.41766,30 May 2025,2025-05-30,1748563200.0,4,Friday,5,22
30 may 2025,JM,B13,18.209691,-77.002933,30 May 2025,2025-05-30,1748563200.0,4,Friday,5,22
30 may 2025,JM,Weymouth Dr,18.024305,-76.841113,30 May 2025,2025-05-30,1748563200.0,4,Friday,5,22
30 may 2025,JM,King St,17.996045,-76.954592,30 May 2025,2025-05-30,1748563200.0,4,Friday,5,22
30 may 2025,JM,T1 (E) - East West Hwy,17.920495,-77.143752,30 May 2025,2025-05-30,1748563200.0,4,Friday,5,22
30 may 2025,JM,Oxford Rd,18.002201,-76.790679,30 May 2025,2025-05-30,1748563200.0,4,Friday,5,22
30 may 2025,JM,Barbican Rd,18.031782,-76.779669,30 May 2025,2025-05-30,1748563200.0,4,Friday,5,22
30 may 2025,JM,T1 (E) - East West Hwy,17.985979,-76.91107,30 May 2025,2025-05-30,1748563200.0,4,Friday,5,22
30 may 2025,JM,T1 (W) - East West Hwy,17.921399,-77.160936,30 May 2025,2025-05-30,1748563200.0,4,Friday,5,22
30 may 2025,JM,T1 (E) - East West Hwy,17.986332,-76.910027,30 May 2025,2025-05-30,1748563200.0,4,Friday,5,22
30 may 2025,JM,T3 - Edward Seaga Highway,18.027776,-76.92298,30 May 2025,2025-05-30,1748563200.0,4,Friday,5,22
30 may 2025,JM,Burke Rd,17.991815,-76.950755,30 May 2025,2025-05-30,1748563200.0,4,Friday,5,22
30 may 2025,JM,Salt Island Rd,17.984446,-76.961962,30 May 2025,2025-05-30,1748563200.0,4,Friday,5,22
30 may 2025,JM,Job Ln,18.010152,-76.976624,30 May 2025,2025-05-30,1748563200.0,4,Friday,5,22
30 may 2025,JM,B2 - Bog Walk to Natural Bridge Rd,18.116032,-76.993446,30 May 2025,2025-05-30,1748563200.0,4,Friday,5,22
30 may 2025,JM,Montrose Rd,18.012234,-76.774447,30 May 2025,2025-05-30,1748563200.0,4,Friday,5,22
30 may 2025,JM,T3 - Edward Seaga Highway,18.148301,-77.032881,30 May 2025,2025-05-30,1748563200.0,4,Friday,5,22
30 may 2025,JM,,18.052302,-77.458187,30 May 2025,2025-05-30,1748563200.0,4,Friday,5,22
30 may 2025,JM,A1 (W) - Nelson Mandela Highway,18.02432,-76.874171,30 May 2025,2025-05-30,1748563200.0,4,Friday,5,22
30 may 2025,JM,Lyndhurst Rd,17.993166,-76.794065,30 May 2025,2025-05-30,1748563200.0,4,Friday,5,22
30 may 2025,JM,A2 - Old Harbour Rd,17.951171,-77.055193,30 May 2025,2025-05-30,1748563200.0,4,Friday,5,22
30 may 2025,JM,A1 - North Coast Highway,18.517027,-77.797265,30 May 2025,2025-05-30,1748563200.0,4,Friday,5,22
30 may 2025,JM,Knutsford Blvd,18.002714,-76.78878,30 May 2025,2025-05-30,1748563200.0,4,Friday,5,22
30 may 2025,JM,Haining Rd,18.004049,-76.783316,30 May 2025,2025-05-30,1748563200.0,4,Friday,5,22
30 may 2025,JM,A1 - North Coast Highway,18.506645,-77.71855,30 May 2025,2025-05-30,1748563200.0,4,Friday,5,22
30 may 2025,JM,A1 - North Coast Highway,18.439183,-77.204815,30 May 2025,2025-05-30,1748563200.0,4,Friday,5,22
30 may 2025,JM,Patrick Town thru Harmons to John Robinson Rd,17.978542,-77.446684,30 May 2025,2025-05-30,1748563200.0,4,Friday,5,22
30 may 2025,JM,A1 - North Coast Highway,18.520049,-77.816249,30 May 2025,2025-05-30,1748563200.0,4,Friday,5,22
30 may 2025,JM,Bernard Lodge Main Rd,17.991496,-76.94898,30 May 2025,2025-05-30,1748563200.0,4,Friday,5,22
30 may 2025,JM,T3 - Edward Seaga Highway,18.146739,-77.033829,30 May 2025,2025-05-30,1748563200.0,4,Friday,5,22
30 may 2025,JM,Molynes Rd,18.023388,-76.81999,30 May 2025,2025-05-30,1748563200.0,4,Friday,5,22
30 may 2025,JM,A1 (E) - Nelson Mandela Highway,18.019108,-76.883583,30 May 2025,2025-05-30,1748563200.0,4,Friday,5,22
30 may 2025,JM,A3 (N) - Constant Spring Rd,18.029866,-76.795997,30 May 2025,2025-05-30,1748563200.0,4,Friday,5,22
30 may 2025,JM,A1 - Lucea to Green Island Rd,18.421313,-78.249123,30 May 2025,2025-05-30,1748563200.0,4,Friday,5,22
30 may 2025,JM,7th St,17.984211,-76.801849,30 May 2025,2025-05-30,1748563200.0,4,Friday,5,22
30 may 2025,JM,A3 - Stony Hill Rd,18.095143,-76.803335,30 May 2025,2025-05-30,1748563200.0,4,Friday,5,22
30 may 2025,JM,,18.050891,-77.454981,30 May 2025,2025-05-30,1748563200.0,4,Friday,5,22
30 may 2025,JM,A2 (W) - Melrose Hill Byp,18.055961,-77.4439,30 May 2025,2025-05-30,1748563200.0,4,Friday,5,22
30 may 2025,JM,A2 (W) - Washington Blvd,18.025683,-76.820156,30 May 2025,2025-05-30,1748563200.0,4,Friday,5,22
30 may 2025,JM,A1 - Spanish Town Rd,18.003915,-76.831344,30 May 2025,2025-05-30,1748563200.0,4,Friday,5,22
30 may 2025,JM,Molynes Rd,18.022699,-76.819098,30 May 2025,2025-05-30,1748563200.0,4,Friday,5,22
30 may 2025,JM,A1 - Kew Bridge to Great River Rd,18.453573,-78.037109,30 May 2025,2025-05-30,1748563200.0,4,Friday,5,22
30 may 2025,JM,Hart St,18.46987,-77.919842,30 May 2025,2025-05-30,1748563200.0,4,Friday,5,22
30 may 2025,JM,Municipal Blvd,18.004395,-76.894781,30 May 2025,2025-05-30,1748563200.0,4,Friday,5,22
30 may 2025,JM,A1 - North Coast Highway,18.460175,-77.411073,30 May 2025,2025-05-30,1748563200.0,4,Friday,5,22
30 may 2025,JM,Queens Dr,18.479463,-77.926501,30 May 2025,2025-05-30,1748563200.0,4,Friday,5,22
30 may 2025,JM,A1 - North Coast Highway,18.488811,-77.689663,30 May 2025,2025-05-30,1748563200.0,4,Friday,5,22
30 may 2025,JM,> Three Miles,17.990994,-76.828509,30 May 2025,2025-05-30,1748563200.0,4,Friday,5,22
30 may 2025,JM,A2 - Smithfield Bridge to Scotts Cove Rd,18.154679,-78.031661,30 May 2025,2025-05-30,1748563200.0,4,Friday,5,22
30 may 2025,JM,A2 - Tombstone to Gutters Rd,18.052546,-77.685303,30 May 2025,2025-05-30,1748563200.0,4,Friday,5,22
30 may 2025,JM,A2 - Tombstone to Gutters Rd,18.056965,-77.713362,30 May 2025,2025-05-30,1748563200.0,4,Friday,5,22
30 may 2025,JM,T1 (E) - East West Hwy,17.988352,-77.392863,30 May 2025,2025-05-30,1748563200.0,4,Friday,5,22
30 may 2025,JM,,18.510235,-77.757479,30 May 2025,2025-05-30,1748563200.0,4,Friday,5,22
30 may 2025,JM,Black River to Pedro Cross Rd,18.000041,-77.795241,30 May 2025,2025-05-30,1748563200.0,4,Friday,5,22
30 may 2025,JM,T1 (W) - East West Hwy,17.986271,-76.909937,30 May 2025,2025-05-30,1748563200.0,4,Friday,5,22
30 may 2025,JM,A2 - Winston Jones Highway,18.040249,-77.530068,30 May 2025,2025-05-30,1748563200.0,4,Friday,5,22
30 may 2025,JM,T1 (W) - East West Hwy,17.934385,-77.220566,30 May 2025,2025-05-30,1748563200.0,4,Friday,5,22
30 may 2025,JM,Old Hope Rd,18.003989,-76.778347,30 May 2025,2025-05-30,1748563200.0,4,Friday,5,22
30 may 2025,JM,T1 (W) - East West Hwy,17.931893,-77.206245,30 May 2025,2025-05-30,1748563200.0,4,Friday,5,22
30 may 2025,JM,A2 E - Dunrobin Ave,18.026305,-76.803385,30 May 2025,2025-05-30,1748563200.0,4,Friday,5,22
30 may 2025,JM,T3 - Edward Seaga Highway,18.119521,-77.040626,30 May 2025,2025-05-30,1748563200.0,4,Friday,5,22
30 may 2025,JM,Gordon Blvd,18.006325,-76.959775,30 May 2025,2025-05-30,1748563200.0,4,Friday,5,22
30 may 2025,JM,A1 (W) - Nelson Mandela Highway,17.99665,-76.916384,30 May 2025,2025-05-30,1748563200.0,4,Friday,5,22
30 may 2025,JM,T1 - East West Hwy,17.973464,-76.965831,30 May 2025,2025-05-30,1748563200.0,4,Friday,5,22
30 may 2025,JM,A3,18.388505,-76.89579,30 May 2025,2025-05-30,1748563200.0,4,Friday,5,22
30 may 2025,JM,Pepper Main Rd,18.031357,-77.61461,30 May 2025,2025-05-30,1748563200.0,4,Friday,5,22
30 may 2025,JM,Kingsland Main Rd,18.009004,-77.54799,30 May 2025,2025-05-30,1748563200.0,4,Friday,5,22
30 may 2025,JM,West End Rd,18.274833,-78.363922,30 May 2025,2025-05-30,1748563200.0,4,Friday,5,22
30 may 2025,JM,A4 - East Queen St,17.971069,-76.790356,30 May 2025,2025-05-30,1748563200.0,4,Friday,5,22
30 may 2025,JM,Seaward Dr,18.022963,-76.820014,30 May 2025,2025-05-30,1748563200.0,4,Friday,5,22
30 may 2025,JM,A1 (W) - Nelson Mandela Highway,18.025826,-76.860161,30 May 2025,2025-05-30,1748563200.0,4,Friday,5,22
30 may 2025,JM,A1 - Howard Cook Blvd,18.465803,-77.924264,30 May 2025,2025-05-30,1748563200.0,4,Friday,5,22
30 may 2025,JM,A1 - Spanish Town Rd,18.009013,-76.837111,30 May 2025,2025-05-30,1748563200.0,4,Friday,5,22
30 may 2025,JM,A3 - Agualta Vale to Martins Rd,18.291215,-76.864824,30 May 2025,2025-05-30,1748563200.0,4,Friday,5,22
30 may 2025,JM,Old Hope Rd,18.016239,-76.748024,30 May 2025,2025-05-30,1748563200.0,4,Friday,5,22
30 may 2025,JM,A3 - Ballards Valley to Trinity Rd,18.343943,-76.898497,30 May 2025,2025-05-30,1748563200.0,4,Friday,5,22
30 may 2025,JM,A3 - Ballards Valley to Trinity Rd,18.346796,-76.898823,30 May 2025,2025-05-30,1748563200.0,4,Friday,5,22
30 may 2025,JM,A2 - Winston Jones Hwy,18.068329,-77.470958,30 May 2025,2025-05-30,1748563200.0,4,Friday,5,22
30 may 2025,JM,T1 (E) - East West Hwy,17.957138,-77.337319,30 May 2025,2025-05-30,1748563200.0,4,Friday,5,22
30 may 2025,JM,T1 (E) - East West Hwy,17.934154,-77.219148,30 May 2025,2025-05-30,1748563200.0,4,Friday,5,22
30 may 2025,JM,Cumberland Blvd,17.97883,-76.884416,30 May 2025,2025-05-30,1748563200.0,4,Friday,5,22
30 may 2025,JM,A1 - Spanish Town Rd,18.010397,-76.838405,30 May 2025,2025-05-30,1748563200.0,4,Friday,5,22
30 may 2025,JM,T1 (E) - East West Hwy,17.978437,-77.383189,30 May 2025,2025-05-30,1748563200.0,4,Friday,5,22
30 may 2025,JM,A4 - Harbour View to Bull Bay Rd,17.949025,-76.70392,30 May 2025,2025-05-30,1748563200.0,4,Friday,5,22
30 may 2025,JM,T1 (W) - East West Hwy,18.036681,-77.434896,30 May 2025,2025-05-30,1748563200.0,4,Friday,5,22
30 may 2025,JM,T1 (W) - East West Hwy,17.932714,-77.2135,30 May 2025,2025-05-30,1748563200.0,4,Friday,5,22
30 may 2025,JM,T3 - Edward Seaga Highway,18.210245,-77.062897,30 May 2025,2025-05-30,1748563200.0,4,Friday,5,22
30 may 2025,JM,T3 - Edward Seaga Highway,18.129078,-77.041111,30 May 2025,2025-05-30,1748563200.0,4,Friday,5,22
30 may 2025,JM,T3 - Edward Seaga Highway,18.290912,-77.129741,30 May 2025,2025-05-30,1748563200.0,4,Friday,5,22
30 may 2025,JM,to A1,18.038144,-76.970674,30 May 2025,2025-05-30,1748563200.0,4,Friday,5,22
30 may 2025,JM,T3 - Edward Seaga Highway,18.32997,-77.139167,30 May 2025,2025-05-30,1748563200.0,4,Friday,5,22
30 may 2025,JM,Water Ln,17.967002,-76.799334,30 May 2025,2025-05-30,1748563200.0,4,Friday,5,22
30 may 2025,JM,T1 (W) - East West Hwy,17.973333,-76.986025,30 May 2025,2025-05-30,1748563200.0,4,Friday,5,22
30 may 2025,JM,A2 - Lewis St,18.222502,-78.133134,30 May 2025,2025-05-30,1748563200.0,4,Friday,5,22
30 may 2025,JM,Barbican Rd,18.025143,-76.764347,30 May 2025,2025-05-30,1748563200.0,4,Friday,5,22
30 may 2025,JM,A1 - Church St,18.447535,-78.170937,30 May 2025,2025-05-30,1748563200.0,4,Friday,5,22
30 may 2025,JM,Exchange Rd,18.411662,-77.07225,30 May 2025,2025-05-30,1748563200.0,4,Friday,5,22
30 may 2025,JM,Marescaux Rd,17.991958,-76.785889,30 May 2025,2025-05-30,1748563200.0,4,Friday,5,22
30 may 2025,JM,Maxfield Ave,18.001701,-76.802085,30 May 2025,2025-05-30,1748563200.0,4,Friday,5,22
30 may 2025,JM,Municipal Blvd,18.00461,-76.895137,30 May 2025,2025-05-30,1748563200.0,4,Friday,5,22
30 may 2025,JM,A3 - Ocho Rios Byp,18.41072,-77.082399,30 May 2025,2025-05-30,1748563200.0,4,Friday,5,22
30 may 2025,JM,T1 (W) - East West Hwy,17.954987,-77.03391,30 May 2025,2025-05-30,1748563200.0,4,Friday,5,22
30 may 2025,JM,White Church St,17.993341,-76.952733,30 May 2025,2025-05-30,1748563200.0,4,Friday,5,22
30 may 2025,JM,A2 (E) - Washington Blvd,18.02608,-76.846515,30 May 2025,2025-05-30,1748563200.0,4,Friday,5,22
30 may 2025,JM,B5 - Jackson Town to Ulster Spring Rd,18.32179,-77.518579,30 May 2025,2025-05-30,1748563200.0,4,Friday,5,22
30 may 2025,JM,A3 (S) - Constant Spring Rd,18.021898,-76.796272,30 May 2025,2025-05-30,1748563200.0,4,Friday,5,22
30 may 2025,JM,Lindsay Cr,18.026683,-76.802325,30 May 2025,2025-05-30,1748563200.0,4,Friday,5,22
30 may 2025,JM,Marcus Garvey Dr,17.984214,-76.823508,30 May 2025,2025-05-30,1748563200.0,4,Friday,5,22
30 may 2025,JM,Oliver Rd,18.048803,-76.793469,30 May 2025,2025-05-30,1748563200.0,4,Friday,5,22
30 may 2025,JM,Mannings Hill Rd,18.04366,-76.800445,30 May 2025,2025-05-30,1748563200.0,4,Friday,5,22
30 may 2025,JM,A1 - Kew Bridge to Great River Rd,18.456253,-78.010826,30 May 2025,2025-05-30,1748563200.0,4,Friday,5,22
30 may 2025,JM,A1 - Dr. Aston King Highway,18.448293,-77.98977,30 May 2025,2025-05-30,1748563200.0,4,Friday,5,22
30 may 2025,JM,Hopefield Ave,18.015942,-76.775081,30 May 2025,2025-05-30,1748563200.0,4,Friday,5,22
30 may 2025,JM,A2 - Luana to Tombstone Rd,18.104995,-77.820852,30 May 2025,2025-05-30,1748563200.0,4,Friday,5,22
30 may 2025,JM,Salt Pond Rd,17.978602,-76.944133,30 May 2025,2025-05-30,1748563200.0,4,Friday,5,22
30 may 2025,JM,T1 (E) - East West Hwy,17.954639,-77.037253,30 May 2025,2025-05-30,1748563200.0,4,Friday,5,22
30 may 2025,JM,Main St,18.102897,-77.006596,30 May 2025,2025-05-30,1748563200.0,4,Friday,5,22
30 may 2025,JM,Fairway Ave,18.008925,-76.77546,30 May 2025,2025-05-30,1748563200.0,4,Friday,5,22
30 may 2025,JM,Hope Rd,18.016894,-76.785111,30 May 2025,2025-05-30,1748563200.0,4,Friday,5,22
30 may 2025,JM,A4 - Prospect to Port Morant Rd,17.875429,-76.340658,30 May 2025,2025-05-30,1748563200.0,4,Friday,5,22
30 may 2025,JM,Fairway Ave,18.008756,-76.774753,30 May 2025,2025-05-30,1748563200.0,4,Friday,5,22
30 may 2025,JM,T3 - Edward Seaga Highway,18.392078,-77.167475,30 May 2025,2025-05-30,1748563200.0,4,Friday,5,22
30 may 2025,JM,A3 (N) - Constant Spring Rd,18.026489,-76.796404,30 May 2025,2025-05-30,1748563200.0,4,Friday,5,22
30 may 2025,JM,Constant Spring Gr,18.041665,-76.794952,30 May 2025,2025-05-30,1748563200.0,4,Friday,5,22
30 may 2025,JM,Gregory Park Main Rd,17.996921,-76.888452,30 May 2025,2025-05-30,1748563200.0,4,Friday,5,22
30 may 2025,JM,New Forest to Downs Rd,17.914559,-77.566952,30 May 2025,2025-05-30,1748563200.0,4,Friday,5,22
30 may 2025,JM,A2 - Winston Jones Highway,18.041952,-77.530871,30 May 2025,2025-05-30,1748563200.0,4,Friday,5,22
30 may 2025,JM,Marcus Garvey Dr,17.989645,-76.82758,30 May 2025,2025-05-30,1748563200.0,4,Friday,5,22
30 may 2025,JM,Trafalgar Rd,18.011664,-76.790056,30 May 2025,2025-05-30,1748563200.0,4,Friday,5,22
30 may 2025,JM,T3 - Edward Seaga Highway,18.090687,-77.010891,30 May 2025,2025-05-30,1748563200.0,4,Friday,5,22
30 may 2025,JM,A4 - Golden Grove to Belle Castle Rd,17.953463,-76.256777,30 May 2025,2025-05-30,1748563200.0,4,Friday,5,22
30 may 2025,JM,Main Rd,17.963432,-76.908529,30 May 2025,2025-05-30,1748563200.0,4,Friday,5,22
30 may 2025,JM,A1 (E) - Nelson Mandela Highway,18.025734,-76.868694,30 May 2025,2025-05-30,1748563200.0,4,Friday,5,22
30 may 2025,JM,T3 - Edward Seaga Highway,18.152849,-77.032208,30 May 2025,2025-05-30,1748563200.0,4,Friday,5,22
30 may 2025,JM,T3 - Edward Seaga Highway,18.084026,-77.009356,30 May 2025,2025-05-30,1748563200.0,4,Friday,5,22
30 may 2025,JM,T1 (E) - East West Hwy,17.920823,-77.146959,30 May 2025,2025-05-30,1748563200.0,4,Friday,5,22
30 may 2025,JM,Cassia Park Ave,18.019878,-76.804031,30 May 2025,2025-05-30,1748563200.0,4,Friday,5,22
30 may 2025,JM,T3 - Edward Seaga Highway,18.387853,-77.159749,30 May 2025,2025-05-30,1748563200.0,4,Friday,5,22
30 may 2025,JM,Barbican Rd,18.03175,-76.779381,30 May 2025,2025-05-30,1748563200.0,4,Friday,5,22
30 may 2025,JM,Leicester Ave,18.036035,-76.808509,30 May 2025,2025-05-30,1748563200.0,4,Friday,5,22
30 may 2025,JM,A1 - Kew Bridge to Great River Rd,18.451215,-78.073594,30 May 2025,2025-05-30,1748563200.0,4,Friday,5,22
30 may 2025,JM,B8 - Anchovy to Shettlewood Rd,18.415164,-77.93837,30 May 2025,2025-05-30,1748563200.0,4,Friday,5,22
30 may 2025,JM,A1 - Kew Bridge to Great River Rd,18.452643,-78.063792,30 May 2025,2025-05-30,1748563200.0,4,Friday,5,22
30 may 2025,JM,T3 - Edward Seaga Highway,18.215353,-77.072664,30 May 2025,2025-05-30,1748563200.0,4,Friday,5,22
30 may 2025,JM,A2 - Spur Tree Rd,18.012695,-77.579728,30 May 2025,2025-05-30,1748563200.0,4,Friday,5,22
30 may 2025,JM,A1 - Kew Bridge to Great River Rd,18.452119,-78.06548,30 May 2025,2025-05-30,1748563200.0,4,Friday,5,22
30 may 2025,JM,T1 (W) - East West Hwy,17.986508,-76.909258,30 May 2025,2025-05-30,1748563200.0,4,Friday,5,22
30 may 2025,JM,T3 - Edward Seaga Highway,18.281456,-77.122542,30 May 2025,2025-05-30,1748563200.0,4,Friday,5,22
30 may 2025,JM,T3 - Edward Seaga Highway,18.332705,-77.142242,30 May 2025,2025-05-30,1748563200.0,4,Friday,5,22
30 may 2025,JM,A1 - North Coast Hwy,18.464404,-77.32175,30 May 2025,2025-05-30,1748563200.0,4,Friday,5,22
30 may 2025,JM,T1 (W) - East West Hwy,17.979302,-76.928524,30 May 2025,2025-05-30,1748563200.0,4,Friday,5,22
30 may 2025,JM,A1 - North Coast Highway,18.462319,-77.280625,30 May 2025,2025-05-30,1748563200.0,4,Friday,5,22
30 may 2025,JM,Constant Spring Gr,18.041759,-76.795597,30 May 2025,2025-05-30,1748563200.0,4,Friday,5,22
30 may 2025,JM,Old Hope Rd,18.018035,-76.7568,30 May 2025,2025-05-30,1748563200.0,4,Friday,5,22
30 may 2025,JM,Lady Musgrave Rd,18.006817,-76.779064,30 May 2025,2025-05-30,1748563200.0,4,Friday,5,22
30 may 2025,JM,,18.471479,-77.53744,30 May 2025,2025-05-30,1748563200.0,4,Friday,5,22
30 may 2025,JM,A4 - Harbour View to Bull Bay Rd,17.940857,-76.670863,30 May 2025,2025-05-30,1748563200.0,4,Friday,5,22
30 may 2025,JM,A3 - Slipe Rd,17.99191,-76.788605,30 May 2025,2025-05-30,1748563200.0,4,Friday,5,22
30 may 2025,JM,T3 - Edward Seaga Highway,18.260146,-77.117631,30 May 2025,2025-05-30,1748563200.0,4,Friday,5,22
30 may 2025,JM,Orange St,18.479157,-77.922536,30 May 2025,2025-05-30,1748563200.0,4,Friday,5,22
30 may 2025,JM,T3 - Edward Seaga Highway,18.159282,-77.033904,30 May 2025,2025-05-30,1748563200.0,4,Friday,5,22
30 may 2025,JM,Old Hope Rd,17.993941,-76.787781,30 May 2025,2025-05-30,1748563200.0,4,Friday,5,22
30 may 2025,JM,T3 - Edward Seaga Highway,18.288898,-77.127702,30 May 2025,2025-05-30,1748563200.0,4,Friday,5,22
30 may 2025,JM,Greenvale Rd,18.036752,-77.518112,30 May 2025,2025-05-30,1748563200.0,4,Friday,5,22
30 may 2025,JM,Barnett St,18.465459,-77.915568,30 May 2025,2025-05-30,1748563200.0,4,Friday,5,22
30 may 2025,JM,A1 (E) - Nelson Mandela Highway,18.020208,-76.881964,30 May 2025,2025-05-30,1748563200.0,4,Friday,5,22
30 may 2025,JM,,18.494335,-77.917136,30 May 2025,2025-05-30,1748563200.0,4,Friday,5,22
30 may 2025,JM,Camp View Ave,18.017235,-76.736577,30 May 2025,2025-05-30,1748563200.0,4,Friday,5,22
30 may 2025,JM,Barnett St,18.463722,-77.914839,30 May 2025,2025-05-30,1748563200.0,4,Friday,5,22
30 may 2025,JM,Caledonia Rd,18.039521,-77.510239,30 May 2025,2025-05-30,1748563200.0,4,Friday,5,22
30 may 2025,JM,T1 (E) - East West Hwy,17.965345,-77.009281,30 May 2025,2025-05-30,1748563200.0,4,Friday,5,22
30 may 2025,JM,Paddington Ter,18.027143,-76.778223,30 May 2025,2025-05-30,1748563200.0,4,Friday,5,22
30 may 2025,JM,A1 (E) - Nelson Mandela Highway,18.012414,-76.893414,30 May 2025,2025-05-30,1748563200.0,4,Friday,5,22
30 may 2025,JM,A2 - Old Harbour Rd,17.991109,-76.976099,30 May 2025,2025-05-30,1748563200.0,4,Friday,5,22
30 may 2025,JM,A2 - Old Harbour Rd,17.992204,-76.972223,30 May 2025,2025-05-30,1748563200.0,4,Friday,5,22
30 may 2025,JM,Waterloo Rd,18.020672,-76.791805,30 May 2025,2025-05-30,1748563200.0,4,Friday,5,22
30 may 2025,JM,Queens Dr,18.484665,-77.927583,30 May 2025,2025-05-30,1748563200.0,4,Friday,5,22
30 may 2025,JM,A1 - Alice Eldemire Dr,18.457269,-77.927039,30 May 2025,2025-05-30,1748563200.0,4,Friday,5,22
30 may 2025,JM,A3 - Half Way Tree Rd,18.006729,-76.79542,30 May 2025,2025-05-30,1748563200.0,4,Friday,5,22
30 may 2025,JM,Waltham Park Rd,17.995843,-76.811902,30 May 2025,2025-05-30,1748563200.0,4,Friday,5,22
30 may 2025,JM,Trafalgar Rd,18.009812,-76.786278,30 May 2025,2025-05-30,1748563200.0,4,Friday,5,22
30 may 2025,JM,Marescaux Rd,17.991268,-76.785946,30 May 2025,2025-05-30,1748563200.0,4,Friday,5,22
30 may 2025,JM,Hagley Park Rd,18.00157,-76.820112,30 May 2025,2025-05-30,1748563200.0,4,Friday,5,22
30 may 2025,JM,Mountain View Ave,18.001582,-76.769703,30 May 2025,2025-05-30,1748563200.0,4,Friday,5,22
30 may 2025,JM,Barbican Rd,18.030705,-76.785699,30 May 2025,2025-05-30,1748563200.0,4,Friday,5,22
30 may 2025,JM,Mountain View Ave,18.005751,-76.770873,30 May 2025,2025-05-30,1748563200.0,4,Friday,5,22
30 may 2025,JM,Marcus Garvey Dr,17.971776,-76.808847,30 May 2025,2025-05-30,1748563200.0,4,Friday,5,22
30 may 2025,JM,Hatfield Main Rd,18.032795,-77.532958,30 May 2025,2025-05-30,1748563200.0,4,Friday,5,22
30 may 2025,JM,Liguanea Ave,18.023996,-76.769782,30 May 2025,2025-05-30,1748563200.0,4,Friday,5,22
30 may 2025,JM,Ken Hill Dr,18.026004,-76.833254,30 May 2025,2025-05-30,1748563200.0,4,Friday,5,22
30 may 2025,JM,Lady Musgrave Rd,18.006538,-76.778749,30 May 2025,2025-05-30,1748563200.0,4,Friday,5,22
30 may 2025,JM,Hellshire Main Rd,17.952828,-76.89783,30 May 2025,2025-05-30,1748563200.0,4,Friday,5,22
30 may 2025,JM,A3 - Ocho Rios Byp,18.412112,-77.075562,30 May 2025,2025-05-30,1748563200.0,4,Friday,5,22
30 may 2025,JM,Dawkins Dr,17.972961,-76.866543,30 May 2025,2025-05-30,1748563200.0,4,Friday,5,22
30 may 2025,JM,Old Hope Rd,18.002189,-76.781421,30 May 2025,2025-05-30,1748563200.0,4,Friday,5,22
30 may 2025,JM,Braeton Parkway,17.961389,-76.899221,30 May 2025,2025-05-30,1748563200.0,4,Friday,5,22
30 may 2025,JM,A3 (S) - Constant Spring Rd,18.033731,-76.79584,30 May 2025,2025-05-30,1748563200.0,4,Friday,5,22
30 may 2025,JM,A1 - Howard Cook Blvd,18.467377,-77.92394,30 May 2025,2025-05-30,1748563200.0,4,Friday,5,22
30 may 2025,JM,T3 - Edward Seaga Highway,18.179443,-77.042248,30 May 2025,2025-05-30,1748563200.0,4,Friday,5,22
30 may 2025,JM,E Kings House Rd,18.030055,-76.776224,30 May 2025,2025-05-30,1748563200.0,4,Friday,5,22
30 may 2025,JM,A2 - Winston Jones Hwy,18.068587,-77.472689,30 May 2025,2025-05-30,1748563200.0,4,Friday,5,22
30 may 2025,JM,A1 - North Coast Highway,18.432269,-77.193008,30 May 2025,2025-05-30,1748563200.0,4,Friday,5,22
30 may 2025,JM,A1 - Walks Rd,18.032276,-76.979043,30 May 2025,2025-05-30,1748563200.0,4,Friday,5,22
30 may 2025,JM,T3 - Edward Seaga Highway,18.354529,-77.155593,30 May 2025,2025-05-30,1748563200.0,4,Friday,5,22
30 may 2025,JM,A4 - Harbour View to Bull Bay Rd,17.944382,-76.690251,30 May 2025,2025-05-30,1748563200.0,4,Friday,5,22
30 may 2025,JM,A4 - Dover to Agualta Vale Rd,18.270967,-76.76772,30 May 2025,2025-05-30,1748563200.0,4,Friday,5,22
30 may 2025,JM,Exchange Rd,18.410137,-77.069872,30 May 2025,2025-05-30,1748563200.0,4,Friday,5,22
30 may 2025,JM,Waterloo Rd,18.020021,-76.791713,30 May 2025,2025-05-30,1748563200.0,4,Friday,5,22
30 may 2025,JM,T3 - Edward Seaga Highway,18.163045,-77.035575,30 May 2025,2025-05-30,1748563200.0,4,Friday,5,22
30 may 2025,JM,T3 - Edward Seaga Highway,18.142427,-77.036629,30 May 2025,2025-05-30,1748563200.0,4,Friday,5,22
30 may 2025,JM,Vernons Rd,18.47459,-77.904217,30 May 2025,2025-05-30,1748563200.0,4,Friday,5,22
30 may 2025,JM,T3 - Edward Seaga Highway,18.33259,-77.142158,30 May 2025,2025-05-30,1748563200.0,4,Friday,5,22
30 may 2025,JM,T3 - Edward Seaga Highway,18.025099,-76.917003,30 May 2025,2025-05-30,1748563200.0,4,Friday,5,22
30 may 2025,JM,T3 - Edward Seaga Highway,18.091242,-77.010503,30 May 2025,2025-05-30,1748563200.0,4,Friday,5,22
30 may 2025,JM,Fairway Ave,18.008594,-76.773969,30 May 2025,2025-05-30,1748563200.0,4,Friday,5,22
30 may 2025,JM,T3 - Edward Seaga Highway,18.411293,-77.162038,30 May 2025,2025-05-30,1748563200.0,4,Friday,5,22
30 may 2025,JM,T1 (W) East West Hwy,17.96512,-77.361393,30 May 2025,2025-05-30,1748563200.0,4,Friday,5,22
30 may 2025,JM,T3 - Edward Seaga Highway,18.027913,-76.940947,30 May 2025,2025-05-30,1748563200.0,4,Friday,5,22
30 may 2025,JM,T3 - Edward Seaga Highway,18.037426,-76.969263,30 May 2025,2025-05-30,1748563200.0,4,Friday,5,22
30 may 2025,JM,T3 - Edward Seaga Highway,18.101715,-77.031773,30 May 2025,2025-05-30,1748563200.0,4,Friday,5,22
30 may 2025,JM,T1 - East West Hwy,17.939679,-77.073527,30 May 2025,2025-05-30,1748563200.0,4,Friday,5,22
30 may 2025,JM,T3 - Edward Seaga Highway,18.354691,-77.155723,30 May 2025,2025-05-30,1748563200.0,4,Friday,5,22
30 may 2025,JM,T1 - East West Hwy,17.973467,-76.96867,30 May 2025,2025-05-30,1748563200.0,4,Friday,5,22
30 may 2025,JM,T1 - East West Hwy,17.937579,-77.08646,30 May 2025,2025-05-30,1748563200.0,4,Friday,5,22
30 may 2025,JM,B8 - Long Hill Rd,18.430979,-77.949337,30 May 2025,2025-05-30,1748563200.0,4,Friday,5,22
30 may 2025,JM,T1 (W) - East West Hwy,17.975727,-77.37955,30 May 2025,2025-05-30,1748563200.0,4,Friday,5,22
30 may 2025,JM,T1 (E) - East West Hwy,18.036503,-77.434675,30 May 2025,2025-05-30,1748563200.0,4,Friday,5,22
30 may 2025,JM,T1 (W) - East West Hwy,17.9875,-77.391444,30 May 2025,2025-05-30,1748563200.0,4,Friday,5,22
30 may 2025,JM,Upper Waterloo Rd,18.029239,-76.791572,30 May 2025,2025-05-30,1748563200.0,4,Friday,5,22
30 may 2025,JM,T1 (W) - East West Hwy,17.954534,-77.037312,30 May 2025,2025-05-30,1748563200.0,4,Friday,5,22
30 may 2025,JM,,17.998482,-76.913563,30 May 2025,2025-05-30,1748563200.0,4,Friday,5,22
30 may 2025,JM,A1 - Spanish Town Rd,18.013251,-76.841495,30 May 2025,2025-05-30,1748563200.0,4,Friday,5,22
30 may 2025,JM,T1 (W) - East West Hwy,17.920319,-77.141409,30 May 2025,2025-05-30,1748563200.0,4,Friday,5,22
30 may 2025,JM,T1 (W) - East West Hwy,17.9624,-77.35478,30 May 2025,2025-05-30,1748563200.0,4,Friday,5,22
30 may 2025,JM,T1 (E) - East West Hwy,17.92077,-77.146445,30 May 2025,2025-05-30,1748563200.0,4,Friday,5,22
30 may 2025,JM,T1 (W) - East West Hwy,17.973365,-76.976524,30 May 2025,2025-05-30,1748563200.0,4,Friday,5,22
30 may 2025,JM,T1 (E) - East West Hwy,17.961793,-77.352689,30 May 2025,2025-05-30,1748563200.0,4,Friday,5,22
30 may 2025,JM,T1 (W) - East West Hwy,17.973329,-76.987044,30 May 2025,2025-05-30,1748563200.0,4,Friday,5,22
30 may 2025,JM,A3 - Maxfield Ave,18.005704,-76.800489,30 May 2025,2025-05-30,1748563200.0,4,Friday,5,22
30 may 2025,JM,T3 - Edward Seaga Highway,18.289273,-77.12807,30 May 2025,2025-05-30,1748563200.0,4,Friday,5,22
30 may 2025,JM,T1 (E) - East West Hwy,18.015347,-77.413342,30 May 2025,2025-05-30,1748563200.0,4,Friday,5,22
30 may 2025,JM,T1 (E) - East West Hwy,17.950681,-77.051633,30 May 2025,2025-05-30,1748563200.0,4,Friday,5,22
30 may 2025,JM,Old Hope Rd,18.017667,-76.754938,30 May 2025,2025-05-30,1748563200.0,4,Friday,5,22
30 may 2025,JM,T1 (E) - East West Hwy,17.961282,-77.283527,30 May 2025,2025-05-30,1748563200.0,4,Friday,5,22
30 may 2025,JM,Red Hills Rd,18.025081,-76.804625,30 May 2025,2025-05-30,1748563200.0,4,Friday,5,22
30 may 2025,JM,Braeton Parkway,17.955811,-76.908783,30 May 2025,2025-05-30,1748563200.0,4,Friday,5,22
30 may 2025,JM,A4 - Harbour View to Bull Bay Rd,17.944165,-76.690209,30 May 2025,2025-05-30,1748563200.0,4,Friday,5,22
30 may 2025,JM,Marcus Garvey Dr,17.970971,-76.807862,30 May 2025,2025-05-30,1748563200.0,4,Friday,5,22
30 may 2025,JM,Brompton Rd,18.069647,-77.867261,30 May 2025,2025-05-30,1748563200.0,4,Friday,5,22
30 may 2025,JM,Marcus Garvey Dr,17.984494,-76.823845,30 May 2025,2025-05-30,1748563200.0,4,Friday,5,22
30 may 2025,JM,A2 (E) - Melrose Hill By,18.061062,-77.450382,30 May 2025,2025-05-30,1748563200.0,4,Friday,5,22
30 may 2025,JM,Asquith St,17.983585,-76.800581,30 May 2025,2025-05-30,1748563200.0,4,Friday,5,22
30 may 2025,JM,A4 - Dover to Agualta Vale Rd,18.271287,-76.766549,30 May 2025,2025-05-30,1748563200.0,4,Friday,5,22
30 may 2025,JM,A3 - Stennett St,18.363506,-76.89392,30 May 2025,2025-05-30,1748563200.0,4,Friday,5,22
30 may 2025,JM,A2 (W) - Melrose Hill Byp,18.056254,-77.445439,30 May 2025,2025-05-30,1748563200.0,4,Friday,5,22
30 may 2025,JM,Hope Rd,18.020905,-76.770495,30 May 2025,2025-05-30,1748563200.0,4,Friday,5,22
30 may 2025,JM,A2 - Winston Jones Highway,18.059761,-77.517865,30 May 2025,2025-05-30,1748563200.0,4,Friday,5,22
30 may 2025,JM,A2 - Tombstone to Gutters Rd,18.077595,-77.745316,30 May 2025,2025-05-30,1748563200.0,4,Friday,5,22
30 may 2025,JM,A2 - Winston Jones Highway,18.046501,-77.532455,30 May 2025,2025-05-30,1748563200.0,4,Friday,5,22
30 may 2025,JM,A3 - Stony Hill Rd,18.057354,-76.794501,30 May 2025,2025-05-30,1748563200.0,4,Friday,5,22
30 may 2025,JM,A1 - Bog Walk Gorge,18.059288,-76.985231,30 May 2025,2025-05-30,1748563200.0,4,Friday,5,22
30 may 2025,JM,Knutsford Blvd,18.00715,-76.786977,30 May 2025,2025-05-30,1748563200.0,4,Friday,5,22
30 may 2025,JM,A1 - River Rd,18.088068,-76.993942,30 May 2025,2025-05-30,1748563200.0,4,Friday,5,22
30 may 2025,JM,A1 - North Coast Highway,18.497231,-77.704196,30 May 2025,2025-05-30,1748563200.0,4,Friday,5,22
30 may 2025,JM,A1 (E) - Nelson Mandela Highway,18.02284,-76.877928,30 May 2025,2025-05-30,1748563200.0,4,Friday,5,22
30 may 2025,JM,Molynes Rd,18.023378,-76.81998,30 May 2025,2025-05-30,1748563200.0,4,Friday,5,22
30 may 2025,JM,Port Royal St,17.965609,-76.792267,30 May 2025,2025-05-30,1748563200.0,4,Friday,5,22
30 may 2025,JM,A1 (E) - Nelson Mandela Highway,18.011802,-76.894336,30 May 2025,2025-05-30,1748563200.0,4,Friday,5,22
30 may 2025,JM,,17.978003,-76.965777,30 May 2025,2025-05-30,1748563200.0,4,Friday,5,22
30 may 2025,JM,Tewfix Dr,18.025952,-76.808786,30 May 2025,2025-05-30,1748563200.0,4,Friday,5,22
30 may 2025,JM,March Pen Rd,17.989795,-76.954558,30 May 2025,2025-05-30,1748563200.0,4,Friday,5,22
30 may 2025,JM,Young St,17.991831,-76.954688,30 May 2025,2025-05-30,1748563200.0,4,Friday,5,22
30 may 2025,JM,Valencia Dr,18.467727,-77.900994,30 May 2025,2025-05-30,1748563200.0,4,Friday,5,22
30 may 2025,JM,Worchester Dr,17.986168,-76.979003,30 May 2025,2025-05-30,1748563200.0,4,Friday,5,22
30 may 2025,JM,Municipal Blvd,17.961046,-76.901042,30 May 2025,2025-05-30,1748563200.0,4,Friday,5,22
30 may 2025,JM,March Pen Rd,17.987857,-76.954769,30 May 2025,2025-05-30,1748563200.0,4,Friday,5,22
30 may 2025,JM,Municipal Blvd,17.962931,-76.902131,30 May 2025,2025-05-30,1748563200.0,4,Friday,5,22
30 may 2025,JM,Maxfield Ave,18.00054,-76.80348,30 May 2025,2025-05-30,1748563200.0,4,Friday,5,22
30 may 2025,JM,Molynes Rd,18.03825,-76.823273,30 May 2025,2025-05-30,1748563200.0,4,Friday,5,22
30 may 2025,JM,Goshen Main Rd,18.042533,-77.630678,30 May 2025,2025-05-30,1748563200.0,4,Friday,5,22
30 may 2025,JM,B5 - Ulster Spring to Albert Town Rd,18.306316,-77.526811,30 May 2025,2025-05-30,1748563200.0,4,Friday,5,22
30 may 2025,JM,Holborn Rd,18.00984,-76.789999,30 May 2025,2025-05-30,1748563200.0,4,Friday,5,22
30 may 2025,JM,Gutters to Downs Rd,18.003372,-77.591148,30 May 2025,2025-05-30,1748563200.0,4,Friday,5,22
30 may 2025,JM,Fairfax Dr,18.05058,-76.810372,30 May 2025,2025-05-30,1748563200.0,4,Friday,5,22
30 may 2025,JM,Barbican Rd,18.030362,-76.786161,30 May 2025,2025-05-30,1748563200.0,4,Friday,5,22
30 may 2025,JM,Dominica Dr,18.005619,-76.788183,30 May 2025,2025-05-30,1748563200.0,4,Friday,5,22
30 may 2025,JM,Barnstaple,18.018435,-77.490328,30 May 2025,2025-05-30,1748563200.0,4,Friday,5,22
30 may 2025,JM,Black River to Pedro Cross Rd,17.999901,-77.796048,30 May 2025,2025-05-30,1748563200.0,4,Friday,5,22
30 may 2025,JM,A2 - Luana to Tombstone Rd,18.092329,-77.846268,30 May 2025,2025-05-30,1748563200.0,4,Friday,5,22
30 may 2025,JM,Old Hope Rd,18.018467,-76.759503,30 May 2025,2025-05-30,1748563200.0,4,Friday,5,22
30 may 2025,JM,A3 - Constant Spring Rd,18.019984,-76.796402,30 May 2025,2025-05-30,1748563200.0,4,Friday,5,22
30 may 2025,JM,A2 - Scotts Cove to Black River-Luana Rd,18.044161,-77.923905,30 May 2025,2025-05-30,1748563200.0,4,Friday,5,22
30 may 2025,JM,A2 - Tombstone to Gutters Rd,18.058632,-77.656692,30 May 2025,2025-05-30,1748563200.0,4,Friday,5,22
30 may 2025,JM,A2 - Spur Tree Rd,17.996536,-77.558895,30 May 2025,2025-05-30,1748563200.0,4,Friday,5,22
30 may 2025,JM,A1 - Spanish Town Rd,17.999578,-76.826655,30 May 2025,2025-05-30,1748563200.0,4,Friday,5,22
30 may 2025,JM,A1 - Kew Bridge to Great River Rd,18.450315,-78.103388,30 May 2025,2025-05-30,1748563200.0,4,Friday,5,22
30 may 2025,JM,A1 - Spanish Town Rd,18.013823,-76.842317,30 May 2025,2025-05-30,1748563200.0,4,Friday,5,22
30 may 2025,JM,A1 - Kew Bridge to Lucea Rd,18.453523,-78.114963,30 May 2025,2025-05-30,1748563200.0,4,Friday,5,22
30 may 2025,JM,A1 - North Coast Highway,18.486856,-77.685859,30 May 2025,2025-05-30,1748563200.0,4,Friday,5,22
30 may 2025,JM,,18.042264,-77.505244,30 May 2025,2025-05-30,1748563200.0,4,Friday,5,22
30 may 2025,JM,A1 - Kew Bridge to Great River Rd,18.454639,-78.020718,30 May 2025,2025-05-30,1748563200.0,4,Friday,5,22
30 may 2025,JM,A1 - Kew Bridge to Great River Rd,18.456454,-78.012601,30 May 2025,2025-05-30,1748563200.0,4,Friday,5,22
30 may 2025,JM,1st St,17.987148,-76.82827,30 May 2025,2025-05-30,1748563200.0,4,Friday,5,22
30 may 2025,JM,Retreat Ave,18.012602,-76.772415,30 May 2025,2025-05-30,1748563200.0,4,Friday,5,22
30 may 2025,JM,T3 - Edward Seaga Highway,18.147932,-77.033105,30 May 2025,2025-05-30,1748563200.0,4,Friday,5,22
30 may 2025,JM,Seaview Ave,18.010556,-76.775114,30 May 2025,2025-05-30,1748563200.0,4,Friday,5,22
30 may 2025,JM,,18.235362,-78.185182,30 May 2025,2025-05-30,1748563200.0,4,Friday,5,22
30 may 2025,JM,,17.993381,-76.966472,30 May 2025,2025-05-30,1748563200.0,4,Friday,5,22
30 may 2025,JM,,18.516744,-77.879774,30 May 2025,2025-05-30,1748563200.0,4,Friday,5,22
30 may 2025,JM,,17.945688,-77.224912,30 May 2025,2025-05-30,1748563200.0,4,Friday,5,22
30 may 2025,JM,A1 (W) - Nelson Mandela Highway,18.015935,-76.887953,30 May 2025,2025-05-30,1748563200.0,4,Friday,5,22
30 may 2025,JM,A1 - Bog Walk Gorge,18.045453,-76.981216,30 May 2025,2025-05-30,1748563200.0,4,Friday,5,22
30 may 2025,JM,A1 - Kew Bridge to Great River Rd,18.455765,-78.013362,30 May 2025,2025-05-30,1748563200.0,4,Friday,5,22
30 may 2025,JM,A1 - North Coast Highway,18.461845,-77.279473,30 May 2025,2025-05-30,1748563200.0,4,Friday,5,22
30 may 2025,JM,A1 - North Coast Highway,18.451384,-77.23459,30 May 2025,2025-05-30,1748563200.0,4,Friday,5,22
30 may 2025,JM,A1 - River Rd,18.093589,-77.004558,30 May 2025,2025-05-30,1748563200.0,4,Friday,5,22
30 may 2025,JM,A1 - Seaview Dr,18.437129,-78.169036,30 May 2025,2025-05-30,1748563200.0,4,Friday,5,22
30 may 2025,JM,A2 (E) - Washington Blvd,18.026084,-76.846135,30 May 2025,2025-05-30,1748563200.0,4,Friday,5,22
30 may 2025,JM,A2 - Old Harbour Rd,17.941347,-77.09034,30 May 2025,2025-05-30,1748563200.0,4,Friday,5,22
30 may 2025,JM,A2 - Old Harbour Rd,17.970882,-77.023304,30 May 2025,2025-05-30,1748563200.0,4,Friday,5,22
30 may 2025,JM,A2 - Winston Jones Highway,18.052984,-77.528074,30 May 2025,2025-05-30,1748563200.0,4,Friday,5,22
30 may 2025,JM,A3 (N) - Constant Spring Rd,18.03079,-76.79595,30 May 2025,2025-05-30,1748563200.0,4,Friday,5,22
30 may 2025,JM,Brunswick Ave,18.012369,-76.972061,30 May 2025,2025-05-30,1748563200.0,4,Friday,5,22
30 may 2025,JM,A3 - Balmoral Ave,18.005183,-76.800314,30 May 2025,2025-05-30,1748563200.0,4,Friday,5,22
30 may 2025,JM,B8 - Anchovy to Shettlewood Rd,18.410605,-77.934767,30 May 2025,2025-05-30,1748563200.0,4,Friday,5,22
30 may 2025,JM,Maxfield Ave,18.001025,-76.803039,30 May 2025,2025-05-30,1748563200.0,4,Friday,5,22
30 may 2025,JM,B8 - Long Hill Rd,18.43353,-77.949066,30 May 2025,2025-05-30,1748563200.0,4,Friday,5,22
30 may 2025,JM,Barbican Rd,18.031778,-76.782827,30 May 2025,2025-05-30,1748563200.0,4,Friday,5,22
30 may 2025,JM,Barbican Road,18.032313,-76.781036,30 May 2025,2025-05-30,1748563200.0,4,Friday,5,22
30 may 2025,JM,Bogue Main Rd,18.45455,-77.920362,30 May 2025,2025-05-30,1748563200.0,4,Friday,5,22
30 may 2025,JM,Crane Blvd,18.45522,-77.926857,30 May 2025,2025-05-30,1748563200.0,4,Friday,5,22
30 may 2025,JM,Dyke Rd,18.003661,-76.893494,30 May 2025,2025-05-30,1748563200.0,4,Friday,5,22
30 may 2025,JM,Dyke Rd,18.00367,-76.893218,30 May 2025,2025-05-30,1748563200.0,4,Friday,5,22
30 may 2025,JM,A4 - Hope Bay to Orange Bay Rd,18.203145,-76.568198,30 May 2025,2025-05-30,1748563200.0,4,Friday,5,22
30 may 2025,JM,A1 (W) - Nelson Mandela Highway,18.022335,-76.878348,30 May 2025,2025-05-30,1748563200.0,4,Friday,5,22
30 may 2025,JM,Fairway Ave,18.009784,-76.778326,30 May 2025,2025-05-30,1748563200.0,4,Friday,5,22
30 may 2025,JM,Garden Blvd,18.016452,-76.75136,30 May 2025,2025-05-30,1748563200.0,4,Friday,5,22
30 may 2025,JM,A2 (W) - Melrose Hill Byp,18.046089,-77.439547,30 May 2025,2025-05-30,1748563200.0,4,Friday,5,22
30 may 2025,JM,Jarrett Terr,18.46751,-77.913571,30 May 2025,2025-05-30,1748563200.0,4,Friday,5,22
30 may 2025,JM,Lincoln Ave,17.992721,-76.803587,30 May 2025,2025-05-30,1748563200.0,4,Friday,5,22
30 may 2025,JM,Main St,18.406112,-77.10823,30 May 2025,2025-05-30,1748563200.0,4,Friday,5,22
30 may 2025,JM,Marcus Garvey Dr,17.974569,-76.812116,30 May 2025,2025-05-30,1748563200.0,4,Friday,5,22
30 may 2025,JM,West Ave,18.031333,-76.799991,30 May 2025,2025-05-30,1748563200.0,4,Friday,5,22
30 may 2025,JM,T1 (W) - East West Hwy,17.967112,-77.365986,30 May 2025,2025-05-30,1748563200.0,4,Friday,5,22
30 may 2025,JM,Meadowbrook Ave,18.042497,-76.814521,30 May 2025,2025-05-30,1748563200.0,4,Friday,5,22
30 may 2025,JM,Municipal Blvd,18.004193,-76.894476,30 May 2025,2025-05-30,1748563200.0,4,Friday,5,22
30 may 2025,JM,Shortwood Rd,18.031977,-76.79312,30 May 2025,2025-05-30,1748563200.0,4,Friday,5,22
30 may 2025,JM,Seymour Ave,18.016137,-76.773716,30 May 2025,2025-05-30,1748563200.0,4,Friday,5,22
30 may 2025,JM,Municipal Blvd,17.959693,-76.900206,30 May 2025,2025-05-30,1748563200.0,4,Friday,5,22
30 may 2025,JM,Perkins Blvd,18.044908,-76.82369,30 May 2025,2025-05-30,1748563200.0,4,Friday,5,22
30 may 2025,JM,Red Hills Rd,18.029931,-76.805998,30 May 2025,2025-05-30,1748563200.0,4,Friday,5,22
30 may 2025,JM,Roehampton Dr,18.042917,-76.81415,30 May 2025,2025-05-30,1748563200.0,4,Friday,5,22
30 may 2025,JM,T1 (E) - East West Hwy,17.955324,-77.032103,30 May 2025,2025-05-30,1748563200.0,4,Friday,5,22
30 may 2025,JM,Waterloo Rd,18.0166,-76.791944,30 May 2025,2025-05-30,1748563200.0,4,Friday,5,22
30 may 2025,JM,,18.00532,-76.921823,30 May 2025,2025-05-30,1748563200.0,4,Friday,5,22
30 may 2025,JM,A2 (W) - Melrose Hill Byp,18.044753,-77.438677,30 May 2025,2025-05-30,1748563200.0,4,Friday,5,22
30 may 2025,JM,A1 - North Coast Highway,18.521893,-77.854219,30 May 2025,2025-05-30,1748563200.0,4,Friday,5,22
30 may 2025,JM,A4 - Harbour View to Bull Bay Rd,17.940993,-76.664038,30 May 2025,2025-05-30,1748563200.0,4,Friday,5,22
30 may 2025,JM,Tom Redcam Dr,17.997668,-76.782789,30 May 2025,2025-05-30,1748563200.0,4,Friday,5,22
30 may 2025,JM,Old Stony Hill Rd,18.068334,-76.798252,30 May 2025,2025-05-30,1748563200.0,4,Friday,5,22
30 may 2025,JM,South Camp Rd,17.980689,-76.780566,30 May 2025,2025-05-30,1748563200.0,4,Friday,5,22
30 may 2025,JM,T3 - Edward Seaga Highway,18.356642,-77.157102,30 May 2025,2025-05-30,1748563200.0,4,Friday,5,22
30 may 2025,JM,Red Hills Rd,18.039436,-76.813355,30 May 2025,2025-05-30,1748563200.0,4,Friday,5,22
30 may 2025,JM,T3 - Edward Seaga Highway,18.246502,-77.10514,30 May 2025,2025-05-30,1748563200.0,4,Friday,5,22
30 may 2025,JM,Nunthorpe Dr,18.021268,-76.780186,30 May 2025,2025-05-30,1748563200.0,4,Friday,5,22
30 may 2025,JM,Passage Fort Dr E,17.983076,-76.867363,30 May 2025,2025-05-30,1748563200.0,4,Friday,5,22
30 may 2025,JM,Fairway Ave,18.008768,-76.774809,30 May 2025,2025-05-30,1748563200.0,4,Friday,5,22
30 may 2025,JM,Municipal Blvd,17.968515,-76.896327,30 May 2025,2025-05-30,1748563200.0,4,Friday,5,22
30 may 2025,JM,T3 - Edward Seaga Highway,18.109165,-77.038373,30 May 2025,2025-05-30,1748563200.0,4,Friday,5,22
30 may 2025,JM,A4 - Sir Florizel Glaspole Blvd,17.962353,-76.731133,30 May 2025,2025-05-30,1748563200.0,4,Friday,5,22
30 may 2025,JM,,18.061404,-77.466888,30 May 2025,2025-05-30,1748563200.0,4,Friday,5,22
30 may 2025,JM,A1 - Kew Bridge to Great River Rd,18.454421,-78.027898,30 May 2025,2025-05-30,1748563200.0,4,Friday,5,22
30 may 2025,JM,A1 - Norman Manley Blvd,18.337158,-78.338816,30 May 2025,2025-05-30,1748563200.0,4,Friday,5,22
30 may 2025,JM,A2 - Spur Tree Rd,18.014683,-77.581407,30 May 2025,2025-05-30,1748563200.0,4,Friday,5,22
30 may 2025,JM,A2 - Tombstone to Gutters Rd,18.075707,-77.737297,30 May 2025,2025-05-30,1748563200.0,4,Friday,5,22
30 may 2025,JM,A4 - Golden Grove to Belle Castle Rd,17.95129,-76.265569,30 May 2025,2025-05-30,1748563200.0,4,Friday,5,22
30 may 2025,JM,Bay Farm Rd,18.01543,-76.826204,30 May 2025,2025-05-30,1748563200.0,4,Friday,5,22
30 may 2025,JM,Gordon Blvd,17.99958,-76.957011,30 May 2025,2025-05-30,1748563200.0,4,Friday,5,22
30 may 2025,JM,Grove Rd,18.004212,-76.796386,30 May 2025,2025-05-30,1748563200.0,4,Friday,5,22
30 may 2025,JM,Molynes Rd,18.037882,-76.824104,30 May 2025,2025-05-30,1748563200.0,4,Friday,5,22
30 may 2025,JM,Olivier Rd,18.046582,-76.789737,30 May 2025,2025-05-30,1748563200.0,4,Friday,5,22
30 may 2025,JM,Windsor Rd,17.982079,-76.966505,30 May 2025,2025-05-30,1748563200.0,4,Friday,5,22
30 may 2025,JM,,18.503295,-77.804159,30 May 2025,2025-05-30,1748563200.0,4,Friday,5,22
30 may 2025,JM,A1 - North Coast Highway,18.446254,-77.223629,30 May 2025,2025-05-30,1748563200.0,4,Friday,5,22
30 may 2025,JM,A2 - Winston Jones Highway,18.063691,-77.513186,30 May 2025,2025-05-30,1748563200.0,4,Friday,5,22
30 may 2025,JM,A2 E - Washington Blvd,18.027229,-76.808297,30 May 2025,2025-05-30,1748563200.0,4,Friday,5,22
30 may 2025,JM,A3 - Balmoral Ave,18.004544,-76.798147,30 May 2025,2025-05-30,1748563200.0,4,Friday,5,22
30 may 2025,JM,Burke Rd,17.992026,-76.950132,30 May 2025,2025-05-30,1748563200.0,4,Friday,5,22
30 may 2025,JM,Russell Heights,18.040678,-76.777255,30 May 2025,2025-05-30,1748563200.0,4,Friday,5,22
30 may 2025,JM,T1 (E) - East West Hwy,17.977104,-77.381324,30 May 2025,2025-05-30,1748563200.0,4,Friday,5,22
30 may 2025,JM,T1 (E) - East West Hwy,17.971122,-76.997926,30 May 2025,2025-05-30,1748563200.0,4,Friday,5,22
30 may 2025,JM,T1 (W) - East West Hwy,17.978216,-77.383026,30 May 2025,2025-05-30,1748563200.0,4,Friday,5,22
30 may 2025,JM,T1 (W) - East West Hwy,17.954725,-77.035875,30 May 2025,2025-05-30,1748563200.0,4,Friday,5,22
30 may 2025,JM,T1 - East West Hwy,17.932344,-77.109877,30 May 2025,2025-05-30,1748563200.0,4,Friday,5,22
30 may 2025,JM,T3 - Edward Seaga Highway,18.027119,-76.934462,30 May 2025,2025-05-30,1748563200.0,4,Friday,5,22
30 may 2025,JM,T3 - Edward Seaga Highway,18.152573,-77.032154,30 May 2025,2025-05-30,1748563200.0,4,Friday,5,22
30 may 2025,JM,Mason River to Shooter Rd,18.178041,-77.243279,30 May 2025,2025-05-30,1748563200.0,4,Friday,5,22
30 may 2025,JM,T3 - Edward Seaga Highway,18.127379,-77.040987,30 May 2025,2025-05-30,1748563200.0,4,Friday,5,22
30 may 2025,JM,A1 - North Coast Highway,18.439113,-77.204427,30 May 2025,2025-05-30,1748563200.0,4,Friday,5,22
30 may 2025,JM,A3 (S) - Constant Spring Rd,18.037448,-76.796858,30 May 2025,2025-05-30,1748563200.0,4,Friday,5,22
30 may 2025,JM,Barbican Road,18.032291,-76.781077,30 May 2025,2025-05-30,1748563200.0,4,Friday,5,22
30 may 2025,JM,Kings Ave,18.004606,-76.802131,30 May 2025,2025-05-30,1748563200.0,4,Friday,5,22
30 may 2025,JM,Marcus Garvey Dr,17.972829,-76.810106,30 May 2025,2025-05-30,1748563200.0,4,Friday,5,22
30 may 2025,JM,Montrose Rd,18.01211,-76.777598,30 May 2025,2025-05-30,1748563200.0,4,Friday,5,22
30 may 2025,JM,Trafalgar Rd,18.01154,-76.789877,30 May 2025,2025-05-30,1748563200.0,4,Friday,5,22
30 may 2025,JM,A1 - Seaview Dr,18.439561,-78.169441,30 May 2025,2025-05-30,1748563200.0,4,Friday,5,22
30 may 2025,JM,Big Well Rd,18.444224,-78.172556,30 May 2025,2025-05-30,1748563200.0,4,Friday,5,22
30 may 2025,JM,Herb McKenly Dr,18.005724,-76.773959,30 May 2025,2025-05-30,1748563200.0,4,Friday,5,22
30 may 2025,JM,Mountain View Ave,18.005905,-76.770917,30 May 2025,2025-05-30,1748563200.0,4,Friday,5,22
30 may 2025,JM,T3 - Edward Seaga Highway,18.158181,-77.033449,30 May 2025,2025-05-30,1748563200.0,4,Friday,5,22
30 may 2025,JM,T1 (E) - East West Hwy,17.980386,-76.92723,30 May 2025,2025-05-30,1748563200.0,4,Friday,5,22
30 may 2025,JM,Waterloo Rd,18.020946,-76.791834,30 May 2025,2025-05-30,1748563200.0,4,Friday,5,22
30 may 2025,JM,Lord Nelson Way,18.012066,-76.785969,30 May 2025,2025-05-30,1748563200.0,4,Friday,5,22
30 may 2025,JM,Williams Avenue,17.964451,-77.241156,30 May 2025,2025-05-30,1748563200.0,4,Friday,5,22
30 may 2025,JM,A2 - Winston Jones Highway,18.052599,-77.528489,30 May 2025,2025-05-30,1748563200.0,4,Friday,5,22
30 may 2025,JM,T1 - East West Hwy,17.935395,-77.099372,30 May 2025,2025-05-30,1748563200.0,4,Friday,5,22
30 may 2025,JM,Knutsford Blvd,18.003138,-76.78866,30 May 2025,2025-05-30,1748563200.0,4,Friday,5,22
30 may 2025,JM,T3 - Edward Seaga Highway,18.270621,-77.122007,30 May 2025,2025-05-30,1748563200.0,4,Friday,5,22
30 may 2025,JM,Old Hope Rd,17.995747,-76.786653,30 May 2025,2025-05-30,1748563200.0,4,Friday,5,22
30 may 2025,JM,T1 (E) - East West Hwy,17.954608,-77.03749,30 May 2025,2025-05-30,1748563200.0,4,Friday,5,22
30 may 2025,JM,T1 (E) - East West Hwy,17.987112,-76.907807,30 May 2025,2025-05-30,1748563200.0,4,Friday,5,22
30 may 2025,JM,Old Hope Rd,18.008552,-76.77255,30 May 2025,2025-05-30,1748563200.0,4,Friday,5,22
30 may 2025,JM,Molynes Rd,18.023593,-76.820196,30 May 2025,2025-05-30,1748563200.0,4,Friday,5,22
30 may 2025,JM,T3 - Edward Seaga Highway,18.275756,-77.121618,30 May 2025,2025-05-30,1748563200.0,4,Friday,5,22
30 may 2025,JM,Kendall Rd,18.062521,-77.505405,30 May 2025,2025-05-30,1748563200.0,4,Friday,5,22
30 may 2025,JM,Waltham Park Rd,18.008818,-76.817313,30 May 2025,2025-05-30,1748563200.0,4,Friday,5,22
30 may 2025,JM,A3 - Agualta Vale to Martins Rd,18.269354,-76.794942,30 May 2025,2025-05-30,1748563200.0,4,Friday,5,22
30 may 2025,JM,South Ave,18.018103,-76.794496,30 May 2025,2025-05-30,1748563200.0,4,Friday,5,22
30 may 2025,JM,Hope Rd,18.020919,-76.772516,30 May 2025,2025-05-30,1748563200.0,4,Friday,5,22
30 may 2025,JM,Tucker Main Rd,18.448843,-77.894266,30 May 2025,2025-05-30,1748563200.0,4,Friday,5,22
30 may 2025,JM,,18.047599,-77.450367,30 May 2025,2025-05-30,1748563200.0,4,Friday,5,22
30 may 2025,JM,Church Cr,18.435645,-77.204187,30 May 2025,2025-05-30,1748563200.0,4,Friday,5,22
30 may 2025,JM,,17.947316,-77.239502,30 May 2025,2025-05-30,1748563200.0,4,Friday,5,22
30 may 2025,JM,A3 - Stony Hill Rd,18.085185,-76.799451,30 May 2025,2025-05-30,1748563200.0,4,Friday,5,22
30 may 2025,JM,A1 (W) - Nelson Mandela Highway,18.002804,-76.905273,30 May 2025,2025-05-30,1748563200.0,4,Friday,5,22
30 may 2025,JM,A2 (W) - Melrose Hill Byp,18.056477,-77.446501,30 May 2025,2025-05-30,1748563200.0,4,Friday,5,22
30 may 2025,JM,A1 - North Coast Highway,18.448886,-77.228503,30 May 2025,2025-05-30,1748563200.0,4,Friday,5,22
30 may 2025,JM,A1 - Spanish Town Rd,18.003822,-76.831429,30 May 2025,2025-05-30,1748563200.0,4,Friday,5,22
30 may 2025,JM,B2 - Clonmel to Richmond Road,18.240325,-76.890468,30 May 2025,2025-05-30,1748563200.0,4,Friday,5,22
30 may 2025,JM,A2 - Old Harbour Rd,17.973334,-77.017454,30 May 2025,2025-05-30,1748563200.0,4,Friday,5,22
30 may 2025,JM,B2 - Bog Walk to Natural Bridge Rd,18.136822,-76.980081,30 May 2025,2025-05-30,1748563200.0,4,Friday,5,22
30 may 2025,JM,A2 (E) - Washington Blvd,18.026214,-76.840022,30 May 2025,2025-05-30,1748563200.0,4,Friday,5,22
30 may 2025,JM,Chesterfield Dr,18.00529,-76.837199,30 May 2025,2025-05-30,1748563200.0,4,Friday,5,22
30 may 2025,JM,A1 - North Coast Highway,18.459635,-77.402575,30 May 2025,2025-05-30,1748563200.0,4,Friday,5,22
30 may 2025,JM,A1 - North Coast Highway,18.464623,-77.286234,30 May 2025,2025-05-30,1748563200.0,4,Friday,5,22
30 may 2025,JM,A1 (W) - Nelson Mandela Highway,18.025583,-76.868765,30 May 2025,2025-05-30,1748563200.0,4,Friday,5,22
30 may 2025,JM,A4 - Retreat Rd,17.881173,-76.39817,30 May 2025,2025-05-30,1748563200.0,4,Friday,5,22
30 may 2025,JM,,18.25036,-77.027223,30 May 2025,2025-05-30,1748563200.0,4,Friday,5,22
30 may 2025,JM,Old Hope Rd,18.002213,-76.781398,30 May 2025,2025-05-30,1748563200.0,4,Friday,5,22
30 may 2025,JM,Spanish Town Link Rd,17.990604,-76.966945,30 May 2025,2025-05-30,1748563200.0,4,Friday,5,22
30 may 2025,JM,T3 - Edward Seaga Highway,18.141026,-77.037493,30 May 2025,2025-05-30,1748563200.0,4,Friday,5,22
30 may 2025,JM,Trafalgar Rd,18.012709,-76.790839,30 May 2025,2025-05-30,1748563200.0,4,Friday,5,22
30 may 2025,JM,T1 (E) - East West Hwy,17.955136,-77.033516,30 May 2025,2025-05-30,1748563200.0,4,Friday,5,22
30 may 2025,JM,T1 (E) - East West Hwy,17.971454,-76.997261,30 May 2025,2025-05-30,1748563200.0,4,Friday,5,22
30 may 2025,JM,Knutsford Blvd,18.004501,-76.787806,30 May 2025,2025-05-30,1748563200.0,4,Friday,5,22
30 may 2025,JM,Arthur Wint Dr,18.002241,-76.777114,30 May 2025,2025-05-30,1748563200.0,4,Friday,5,22
30 may 2025,JM,North Ave,18.001937,-76.78024,30 May 2025,2025-05-30,1748563200.0,4,Friday,5,22
30 may 2025,JM,Hamilton Dr,18.012983,-76.784181,30 May 2025,2025-05-30,1748563200.0,4,Friday,5,22
30 may 2025,JM,Barnett St,18.465013,-77.915131,30 May 2025,2025-05-30,1748563200.0,4,Friday,5,22
30 may 2025,JM,Constant Spring Grove,18.040663,-76.798863,30 May 2025,2025-05-30,1748563200.0,4,Friday,5,22
30 may 2025,JM,A3 (N) - Constant Spring Rd,18.040533,-76.795046,30 May 2025,2025-05-30,1748563200.0,4,Friday,5,22
30 may 2025,JM,Vernons Rd,18.476155,-77.904273,30 May 2025,2025-05-30,1748563200.0,4,Friday,5,22
30 may 2025,JM,A3 - Constant Spring Rd,18.011606,-76.797633,30 May 2025,2025-05-30,1748563200.0,4,Friday,5,22
30 may 2025,JM,A1 - Church St,18.447694,-78.170419,30 May 2025,2025-05-30,1748563200.0,4,Friday,5,22
30 may 2025,JM,Waterloo Rd,18.018041,-76.791969,30 May 2025,2025-05-30,1748563200.0,4,Friday,5,22
30 may 2025,JM,Wellington Dr,18.014748,-76.761316,30 May 2025,2025-05-30,1748563200.0,4,Friday,5,22
30 may 2025,JM,T1 (E) - East West Hwy,17.97943,-76.92856,30 May 2025,2025-05-30,1748563200.0,4,Friday,5,22
30 may 2025,JM,Onramp Highway 2000,17.972248,-76.865353,30 May 2025,2025-05-30,1748563200.0,4,Friday,5,22
30 may 2025,JM,Trafalgar Rd,18.007211,-76.779692,30 May 2025,2025-05-30,1748563200.0,4,Friday,5,22
30 may 2025,JM,T1 (E) - East West Hwy,17.986197,-76.910425,30 May 2025,2025-05-30,1748563200.0,4,Friday,5,22
30 may 2025,JM,Passage Fort Dr W,17.982821,-76.867731,30 May 2025,2025-05-30,1748563200.0,4,Friday,5,22
30 may 2025,JM,St. John's Rd,18.00585,-76.990297,30 May 2025,2025-05-30,1748563200.0,4,Friday,5,22
30 may 2025,JM,Municipal Blvd,17.993638,-76.8923,30 May 2025,2025-05-30,1748563200.0,4,Friday,5,22
30 may 2025,JM,Hart St,18.469875,-77.919848,30 May 2025,2025-05-30,1748563200.0,4,Friday,5,22
30 may 2025,JM,T3 - Edward Seaga Highway,18.096684,-77.010622,30 May 2025,2025-05-30,1748563200.0,4,Friday,5,22
30 may 2025,JM,Municipal Blvd,17.967419,-76.897362,30 May 2025,2025-05-30,1748563200.0,4,Friday,5,22
30 may 2025,JM,Mannings Hill Rd,18.038441,-76.79816,30 May 2025,2025-05-30,1748563200.0,4,Friday,5,22
30 may 2025,JM,Marcus Garvey Dr,17.966976,-76.802093,30 May 2025,2025-05-30,1748563200.0,4,Friday,5,22
30 may 2025,JM,East Ave,17.985694,-76.811541,30 May 2025,2025-05-30,1748563200.0,4,Friday,5,22
30 may 2025,JM,Barbados Ave,18.007722,-76.787788,30 May 2025,2025-05-30,1748563200.0,4,Friday,5,22
30 may 2025,JM,East Ave,17.98449,-76.812243,30 May 2025,2025-05-30,1748563200.0,4,Friday,5,22
30 may 2025,JM,E Kings House Rd,18.026656,-76.778668,30 May 2025,2025-05-30,1748563200.0,4,Friday,5,22
30 may 2025,JM,Cargill Ave,18.006445,-76.798813,30 May 2025,2025-05-30,1748563200.0,4,Friday,5,22
30 may 2025,JM,Cottage Rd,18.467348,-77.915274,30 May 2025,2025-05-30,1748563200.0,4,Friday,5,22
30 may 2025,JM,A3 - Slipe Rd,17.991737,-76.788669,30 May 2025,2025-05-30,1748563200.0,4,Friday,5,22
30 may 2025,JM,A3 - Half Way Tree Rd,17.99545,-76.788804,30 May 2025,2025-05-30,1748563200.0,4,Friday,5,22
30 may 2025,JM,Arthur Wint Dr,18.001452,-76.777773,30 May 2025,2025-05-30,1748563200.0,4,Friday,5,22
30 may 2025,JM,A3 - Ocho Rios Byp,18.412064,-77.07527,30 May 2025,2025-05-30,1748563200.0,4,Friday,5,22
30 may 2025,JM,A3 - Milford Rd,18.40216,-77.103108,30 May 2025,2025-05-30,1748563200.0,4,Friday,5,22
30 may 2025,JM,A3 - North Coast Highway,18.411699,-77.119073,30 May 2025,2025-05-30,1748563200.0,4,Friday,5,22
30 may 2025,JM,A3 (S) - Constant Spring Rd,18.037815,-76.796592,30 May 2025,2025-05-30,1748563200.0,4,Friday,5,22
30 may 2025,JM,A1 (W) - Nelson Mandela Highway,18.013753,-76.891189,30 May 2025,2025-05-30,1748563200.0,4,Friday,5,22
30 may 2025,JM,A3 (S) - Constant Spring Rd,18.032633,-76.795365,30 May 2025,2025-05-30,1748563200.0,4,Friday,5,22
30 may 2025,JM,A2 E - Dunrobin Ave,18.02642,-76.803809,30 May 2025,2025-05-30,1748563200.0,4,Friday,5,22
30 may 2025,JM,A1 - Church St,18.447212,-78.17148,30 May 2025,2025-05-30,1748563200.0,4,Friday,5,22
30 may 2025,JM,A1 - Howard Cook Blvd,18.470235,-77.924372,30 May 2025,2025-05-30,1748563200.0,4,Friday,5,22
30 may 2025,JM,T3 - Edward Seaga Highway,18.289051,-77.127852,30 May 2025,2025-05-30,1748563200.0,4,Friday,5,22
30 may 2025,JM,Molynes Rd,18.012708,-76.801632,30 May 2025,2025-05-30,1748563200.0,4,Friday,5,22
29 may 2025,JM,Main Rd,18.093973,-76.799973,29 May 2025,2025-05-29,1748476800.0,3,Thursday,5,22
29 may 2025,JM,March Pen Rd,17.990125,-76.954517,29 May 2025,2025-05-29,1748476800.0,3,Thursday,5,22
29 may 2025,JM,T3 - Edward Seaga Highway,18.284058,-77.123629,29 May 2025,2025-05-29,1748476800.0,3,Thursday,5,22
29 may 2025,JM,T3 - Edward Seaga Highway,18.397763,-77.168087,29 May 2025,2025-05-29,1748476800.0,3,Thursday,5,22
29 may 2025,JM,T3 - Edward Seaga Highway,18.354335,-77.155579,29 May 2025,2025-05-29,1748476800.0,3,Thursday,5,22
29 may 2025,JM,A1 - North Coast Highway,18.438153,-77.199285,29 May 2025,2025-05-29,1748476800.0,3,Thursday,5,22
29 may 2025,JM,T3 - Edward Seaga Highway,18.033406,-76.955773,29 May 2025,2025-05-29,1748476800.0,3,Thursday,5,22
29 may 2025,JM,B2 - Bog Walk to Natural Bridge Rd,18.126131,-76.990115,29 May 2025,2025-05-29,1748476800.0,3,Thursday,5,22
29 may 2025,JM,A1 - Jimmy Cliff Blvd,18.482451,-77.929681,29 May 2025,2025-05-29,1748476800.0,3,Thursday,5,22
29 may 2025,JM,T3 - Edward Seaga Highway,18.098835,-77.016472,29 May 2025,2025-05-29,1748476800.0,3,Thursday,5,22
29 may 2025,JM,T3 - Edward Seaga Highway,18.244907,-77.102224,29 May 2025,2025-05-29,1748476800.0,3,Thursday,5,22
29 may 2025,JM,A1 - Walks Rd,18.023935,-76.976613,29 May 2025,2025-05-29,1748476800.0,3,Thursday,5,22
29 may 2025,JM,T3 - Edward Seaga Highway,18.047279,-76.980473,29 May 2025,2025-05-29,1748476800.0,3,Thursday,5,22
29 may 2025,JM,A1 - North Coast Highway,18.489837,-77.691322,29 May 2025,2025-05-29,1748476800.0,3,Thursday,5,22
29 may 2025,JM,Vineyards Toll Plaza,17.939976,-77.072676,29 May 2025,2025-05-29,1748476800.0,3,Thursday,5,22
29 may 2025,JM,T3 - Edward Seaga Highway,18.252689,-77.112228,29 May 2025,2025-05-29,1748476800.0,3,Thursday,5,22
29 may 2025,JM,Barrett Ave,17.985025,-76.765993,29 May 2025,2025-05-29,1748476800.0,3,Thursday,5,22
29 may 2025,JM,T3 - Edward Seaga Highway,18.411281,-77.15997,29 May 2025,2025-05-29,1748476800.0,3,Thursday,5,22
29 may 2025,JM,T3 - Edward Seaga Highway,18.366102,-77.161213,29 May 2025,2025-05-29,1748476800.0,3,Thursday,5,22
29 may 2025,JM,A2 - Bartletts River to Sheffield-Negril,18.27376,-78.297642,29 May 2025,2025-05-29,1748476800.0,3,Thursday,5,22
29 may 2025,JM,T3 - Edward Seaga Highway,18.026717,-76.931244,29 May 2025,2025-05-29,1748476800.0,3,Thursday,5,22
29 may 2025,JM,Spring Village Rd,17.946214,-77.069621,29 May 2025,2025-05-29,1748476800.0,3,Thursday,5,22
29 may 2025,JM,Barbican Rd,18.032055,-76.78139,29 May 2025,2025-05-29,1748476800.0,3,Thursday,5,22
29 may 2025,JM,T1 (W) - East West Hwy,18.002584,-77.403889,29 May 2025,2025-05-29,1748476800.0,3,Thursday,5,22
29 may 2025,JM,T1 (W) - East West Hwy,17.96558,-77.362471,29 May 2025,2025-05-29,1748476800.0,3,Thursday,5,22
29 may 2025,JM,T2 Kingston - Portmore Toll Rd,17.975996,-76.841667,29 May 2025,2025-05-29,1748476800.0,3,Thursday,5,22
29 may 2025,JM,T3 - Edward Seaga Highway,18.182003,-77.04137,29 May 2025,2025-05-29,1748476800.0,3,Thursday,5,22
29 may 2025,JM,A1 - Spanish Town By-pass Rd,17.986925,-76.954606,29 May 2025,2025-05-29,1748476800.0,3,Thursday,5,22
29 may 2025,JM,Port Henderson Rd,17.955107,-76.882333,29 May 2025,2025-05-29,1748476800.0,3,Thursday,5,22
29 may 2025,JM,T1 (W) - East West Hwy,18.006457,-76.894484,29 May 2025,2025-05-29,1748476800.0,3,Thursday,5,22
29 may 2025,JM,Papine Sq,18.015314,-76.742861,29 May 2025,2025-05-29,1748476800.0,3,Thursday,5,22
29 may 2025,JM,T1 (W) - East West Hwy,17.932473,-77.199746,29 May 2025,2025-05-29,1748476800.0,3,Thursday,5,22
29 may 2025,JM,T1 (E) - East West Hwy,17.955251,-77.032657,29 May 2025,2025-05-29,1748476800.0,3,Thursday,5,22
29 may 2025,JM,T1 (E) - East West Hwy,17.973468,-76.957038,29 May 2025,2025-05-29,1748476800.0,3,Thursday,5,22
29 may 2025,JM,Olympic Way,18.008923,-76.82746,29 May 2025,2025-05-29,1748476800.0,3,Thursday,5,22
29 may 2025,JM,A3 - Half Way Tree Rd,17.993943,-76.788073,29 May 2025,2025-05-29,1748476800.0,3,Thursday,5,22
29 may 2025,JM,Old Hope Rd,18.017865,-76.770616,29 May 2025,2025-05-29,1748476800.0,3,Thursday,5,22
29 may 2025,JM,Retreat Ave,18.012751,-76.77302,29 May 2025,2025-05-29,1748476800.0,3,Thursday,5,22
29 may 2025,JM,Red Hills Rd,18.025387,-76.804937,29 May 2025,2025-05-29,1748476800.0,3,Thursday,5,22
29 may 2025,JM,Marcus Garvey Dr,17.96943,-76.805897,29 May 2025,2025-05-29,1748476800.0,3,Thursday,5,22
29 may 2025,JM,T1 (W) - East West Hwy,17.939378,-77.239514,29 May 2025,2025-05-29,1748476800.0,3,Thursday,5,22
29 may 2025,JM,Hagley Park Rd,18.002994,-76.818109,29 May 2025,2025-05-29,1748476800.0,3,Thursday,5,22
29 may 2025,JM,A3 (N) - Constant Spring Rd,18.043515,-76.794003,29 May 2025,2025-05-29,1748476800.0,3,Thursday,5,22
29 may 2025,JM,Hagley Park Rd,18.009427,-76.803418,29 May 2025,2025-05-29,1748476800.0,3,Thursday,5,22
29 may 2025,JM,A2 E - Dunrobin Ave,18.025153,-76.799083,29 May 2025,2025-05-29,1748476800.0,3,Thursday,5,22
29 may 2025,JM,A2 - Spur Tree Rd,18.005612,-77.575277,29 May 2025,2025-05-29,1748476800.0,3,Thursday,5,22
29 may 2025,JM,A4 - Rio Grande to Hope Bay Rd,18.20054,-76.512368,29 May 2025,2025-05-29,1748476800.0,3,Thursday,5,22
29 may 2025,JM,T3 - Edward Seaga Highway,18.207657,-77.054758,29 May 2025,2025-05-29,1748476800.0,3,Thursday,5,22
29 may 2025,JM,A4 - Allan Ave,18.178109,-76.441756,29 May 2025,2025-05-29,1748476800.0,3,Thursday,5,22
29 may 2025,JM,Molynes Rd,18.027227,-76.822722,29 May 2025,2025-05-29,1748476800.0,3,Thursday,5,22
29 may 2025,JM,A2 - Old Harbour Rd,17.977825,-77.008628,29 May 2025,2025-05-29,1748476800.0,3,Thursday,5,22
29 may 2025,JM,West Ave,18.032068,-76.799255,29 May 2025,2025-05-29,1748476800.0,3,Thursday,5,22
29 may 2025,JM,A2 - Winston Jones Hwy,18.068671,-77.469388,29 May 2025,2025-05-29,1748476800.0,3,Thursday,5,22
29 may 2025,JM,T3 Mammee Bay Toll Plaza,18.345755,-77.147981,29 May 2025,2025-05-29,1748476800.0,3,Thursday,5,22
29 may 2025,JM,Chelsea Ave,18.005002,-76.792802,29 May 2025,2025-05-29,1748476800.0,3,Thursday,5,22
29 may 2025,JM,A2 (E) - Washington Blvd,18.025765,-76.834497,29 May 2025,2025-05-29,1748476800.0,3,Thursday,5,22
29 may 2025,JM,A2 (W) - Melrose Hill Byp,18.063528,-77.453102,29 May 2025,2025-05-29,1748476800.0,3,Thursday,5,22
29 may 2025,JM,A2 - Old Harbour Rd,17.96817,-77.028704,29 May 2025,2025-05-29,1748476800.0,3,Thursday,5,22
29 may 2025,JM,A1 - North Coast Highway,18.483885,-77.67677,29 May 2025,2025-05-29,1748476800.0,3,Thursday,5,22
29 may 2025,JM,A1 - North Coast Highway,18.512883,-77.765715,29 May 2025,2025-05-29,1748476800.0,3,Thursday,5,22
29 may 2025,JM,Upper Waterloo Road,18.023319,-76.792045,29 May 2025,2025-05-29,1748476800.0,3,Thursday,5,22
29 may 2025,JM,A1 - North Coast Highway,18.464704,-77.509848,29 May 2025,2025-05-29,1748476800.0,3,Thursday,5,22
29 may 2025,JM,Old Market St,17.996698,-76.957919,29 May 2025,2025-05-29,1748476800.0,3,Thursday,5,22
29 may 2025,JM,Trafalgar Rd,18.011556,-76.789904,29 May 2025,2025-05-29,1748476800.0,3,Thursday,5,22
29 may 2025,JM,Pandora Cr,18.015003,-76.822786,29 May 2025,2025-05-29,1748476800.0,3,Thursday,5,22
29 may 2025,JM,T3 - Edward Seaga Highway,18.053508,-76.984892,29 May 2025,2025-05-29,1748476800.0,3,Thursday,5,22
29 may 2025,JM,T3 - Edward Seaga Highway,18.127881,-77.041141,29 May 2025,2025-05-29,1748476800.0,3,Thursday,5,22
29 may 2025,JM,Mannings Hill Rd,18.049111,-76.802736,29 May 2025,2025-05-29,1748476800.0,3,Thursday,5,22
29 may 2025,JM,Lady Musgrave Rd,18.002823,-76.780927,29 May 2025,2025-05-29,1748476800.0,3,Thursday,5,22
29 may 2025,JM,West Ave,18.033277,-76.797721,29 May 2025,2025-05-29,1748476800.0,3,Thursday,5,22
29 may 2025,JM,Kingsland Main Rd,18.011809,-77.546015,29 May 2025,2025-05-29,1748476800.0,3,Thursday,5,22
29 may 2025,JM,Harbour St,17.966178,-76.793529,29 May 2025,2025-05-29,1748476800.0,3,Thursday,5,22
29 may 2025,JM,Hatfield Main Rd,18.030329,-77.536798,29 May 2025,2025-05-29,1748476800.0,3,Thursday,5,22
29 may 2025,JM,Brettford Ave,18.02029,-76.820065,29 May 2025,2025-05-29,1748476800.0,3,Thursday,5,22
29 may 2025,JM,Greenwich St,17.991716,-76.800137,29 May 2025,2025-05-29,1748476800.0,3,Thursday,5,22
29 may 2025,JM,Beechwood Ave,17.999786,-76.794051,29 May 2025,2025-05-29,1748476800.0,3,Thursday,5,22
29 may 2025,JM,A4 - Southern Coastal Highway,17.941269,-76.662645,29 May 2025,2025-05-29,1748476800.0,3,Thursday,5,22
29 may 2025,JM,Barbican Rd,18.031503,-76.777525,29 May 2025,2025-05-29,1748476800.0,3,Thursday,5,22
29 may 2025,JM,Osborne Rd,18.001177,-76.794073,29 May 2025,2025-05-29,1748476800.0,3,Thursday,5,22
29 may 2025,JM,A2 - Bartletts River to Sheffield-Negril,18.243778,-78.213163,29 May 2025,2025-05-29,1748476800.0,3,Thursday,5,22
29 may 2025,JM,Old Stoney Hill Rd,18.089141,-76.802854,29 May 2025,2025-05-29,1748476800.0,3,Thursday,5,22
29 may 2025,JM,T3 - Edward Seaga Highway,18.263999,-77.11903,29 May 2025,2025-05-29,1748476800.0,3,Thursday,5,22
29 may 2025,JM,Port Royal St,17.965916,-76.796483,29 May 2025,2025-05-29,1748476800.0,3,Thursday,5,22
29 may 2025,JM,Queens Dr,18.493844,-77.917885,29 May 2025,2025-05-29,1748476800.0,3,Thursday,5,22
29 may 2025,JM,Passage Fort Dr W,17.981949,-76.869723,29 May 2025,2025-05-29,1748476800.0,3,Thursday,5,22
29 may 2025,JM,Old Harbour Rd,17.993458,-76.964199,29 May 2025,2025-05-29,1748476800.0,3,Thursday,5,22
29 may 2025,JM,Port Royal St,17.965613,-76.792345,29 May 2025,2025-05-29,1748476800.0,3,Thursday,5,22
29 may 2025,JM,T3 - Edward Seaga Highway,18.076702,-76.999073,29 May 2025,2025-05-29,1748476800.0,3,Thursday,5,22
29 may 2025,JM,A3 - Ocho Rios Byp,18.412155,-77.073023,29 May 2025,2025-05-29,1748476800.0,3,Thursday,5,22
29 may 2025,JM,Wellington St,17.994148,-76.956992,29 May 2025,2025-05-29,1748476800.0,3,Thursday,5,22
29 may 2025,JM,Shortwood Rd,18.031643,-76.793998,29 May 2025,2025-05-29,1748476800.0,3,Thursday,5,22
29 may 2025,JM,Nathan St,17.986845,-76.805487,29 May 2025,2025-05-29,1748476800.0,3,Thursday,5,22
29 may 2025,JM,T3 - Edward Seaga Highway,18.364944,-77.160792,29 May 2025,2025-05-29,1748476800.0,3,Thursday,5,22
29 may 2025,JM,West Ave,18.031288,-76.800025,29 May 2025,2025-05-29,1748476800.0,3,Thursday,5,22
29 may 2025,JM,Dome St,18.472567,-77.918357,29 May 2025,2025-05-29,1748476800.0,3,Thursday,5,22
29 may 2025,JM,Margrett Villa Rd,18.008928,-76.80681,29 May 2025,2025-05-29,1748476800.0,3,Thursday,5,22
29 may 2025,JM,Wellington St,17.994193,-76.957802,29 May 2025,2025-05-29,1748476800.0,3,Thursday,5,22
29 may 2025,JM,Red Hills Rd,18.031259,-76.806065,29 May 2025,2025-05-29,1748476800.0,3,Thursday,5,22
29 may 2025,JM,A1 - Spanish Town Rd,18.008169,-76.835972,29 May 2025,2025-05-29,1748476800.0,3,Thursday,5,22
29 may 2025,JM,Sheckles Dr,17.98162,-77.298542,29 May 2025,2025-05-29,1748476800.0,3,Thursday,5,22
29 may 2025,JM,Exchange Rd,18.411889,-77.072463,29 May 2025,2025-05-29,1748476800.0,3,Thursday,5,22
29 may 2025,JM,Lady Musgrave Rd,18.017632,-76.781315,29 May 2025,2025-05-29,1748476800.0,3,Thursday,5,22
29 may 2025,JM,Lakes Pen Main Rd,17.984602,-76.933376,29 May 2025,2025-05-29,1748476800.0,3,Thursday,5,22
29 may 2025,JM,A1 - North Coast Highway,18.523793,-77.825006,29 May 2025,2025-05-29,1748476800.0,3,Thursday,5,22
29 may 2025,JM,Fairway Ave,18.008851,-76.775166,29 May 2025,2025-05-29,1748476800.0,3,Thursday,5,22
29 may 2025,JM,Sligoville Main Road,18.080492,-76.938595,29 May 2025,2025-05-29,1748476800.0,3,Thursday,5,22
29 may 2025,JM,Glenmore Rd,17.975874,-76.780088,29 May 2025,2025-05-29,1748476800.0,3,Thursday,5,22
29 may 2025,JM,Hagley Park Rd,18.009549,-76.801106,29 May 2025,2025-05-29,1748476800.0,3,Thursday,5,22
29 may 2025,JM,Spanish Town Link Rd,17.983668,-76.967095,29 May 2025,2025-05-29,1748476800.0,3,Thursday,5,22
29 may 2025,JM,Haining Rd,18.002395,-76.785576,29 May 2025,2025-05-29,1748476800.0,3,Thursday,5,22
29 may 2025,JM,Port Royal St,17.965628,-76.792612,29 May 2025,2025-05-29,1748476800.0,3,Thursday,5,22
29 may 2025,JM,Hope Rd,18.016942,-76.785004,29 May 2025,2025-05-29,1748476800.0,3,Thursday,5,22
29 may 2025,JM,Stoney Hill to Parks Road Rd,18.086234,-76.814008,29 May 2025,2025-05-29,1748476800.0,3,Thursday,5,22
29 may 2025,JM,Industrial Ter,17.976499,-76.803629,29 May 2025,2025-05-29,1748476800.0,3,Thursday,5,22
29 may 2025,JM,Liguanea Ave,18.022811,-76.769954,29 May 2025,2025-05-29,1748476800.0,3,Thursday,5,22
29 may 2025,JM,Stoney Hill to Parks Road Rd,18.085219,-76.810336,29 May 2025,2025-05-29,1748476800.0,3,Thursday,5,22
29 may 2025,JM,Main Rd,17.997417,-76.933717,29 May 2025,2025-05-29,1748476800.0,3,Thursday,5,22
29 may 2025,JM,Marcus Garvey Dr,17.967565,-76.803089,29 May 2025,2025-05-29,1748476800.0,3,Thursday,5,22
29 may 2025,JM,Race Course to Parnassus Rd,17.885484,-77.281856,29 May 2025,2025-05-29,1748476800.0,3,Thursday,5,22
29 may 2025,JM,Main Rd,17.997206,-76.936407,29 May 2025,2025-05-29,1748476800.0,3,Thursday,5,22
29 may 2025,JM,Stoney Hill to Parks Road Rd,18.089034,-76.819616,29 May 2025,2025-05-29,1748476800.0,3,Thursday,5,22
29 may 2025,JM,Mannings Hill Rd,18.042036,-76.799767,29 May 2025,2025-05-29,1748476800.0,3,Thursday,5,22
29 may 2025,JM,Marcus Garvey Dr,17.975496,-76.813177,29 May 2025,2025-05-29,1748476800.0,3,Thursday,5,22
29 may 2025,JM,Studley Park Rd,17.981194,-76.793837,29 May 2025,2025-05-29,1748476800.0,3,Thursday,5,22
29 may 2025,JM,Molynes Rd,18.018495,-76.810537,29 May 2025,2025-05-29,1748476800.0,3,Thursday,5,22
29 may 2025,JM,T1 (E) - East West Hwy,17.921564,-77.154812,29 May 2025,2025-05-29,1748476800.0,3,Thursday,5,22
29 may 2025,JM,Newark Ave,18.009197,-76.816839,29 May 2025,2025-05-29,1748476800.0,3,Thursday,5,22
29 may 2025,JM,Tewfix Dr,18.02495,-76.811002,29 May 2025,2025-05-29,1748476800.0,3,Thursday,5,22
29 may 2025,JM,Old Hope Rd,18.019933,-76.768459,29 May 2025,2025-05-29,1748476800.0,3,Thursday,5,22
29 may 2025,JM,Old Hope Rd,18.007885,-76.773126,29 May 2025,2025-05-29,1748476800.0,3,Thursday,5,22
29 may 2025,JM,A3 (N) - Constant Spring Rd,18.045277,-76.794357,29 May 2025,2025-05-29,1748476800.0,3,Thursday,5,22
29 may 2025,JM,Water Ln,17.966994,-76.799225,29 May 2025,2025-05-29,1748476800.0,3,Thursday,5,22
29 may 2025,JM,Old Hope Rd,18.005822,-76.775985,29 May 2025,2025-05-29,1748476800.0,3,Thursday,5,22
29 may 2025,JM,Marcus Garvey Dr,17.974923,-76.812521,29 May 2025,2025-05-29,1748476800.0,3,Thursday,5,22
29 may 2025,JM,T1 (E) - East West Hwy,17.920639,-77.145165,29 May 2025,2025-05-29,1748476800.0,3,Thursday,5,22
29 may 2025,JM,Red Hills Rd,18.029509,-76.805995,29 May 2025,2025-05-29,1748476800.0,3,Thursday,5,22
29 may 2025,JM,Barbados Ave,18.006938,-76.786547,29 May 2025,2025-05-29,1748476800.0,3,Thursday,5,22
29 may 2025,JM,Waltham Park Rd,18.000916,-76.816709,29 May 2025,2025-05-29,1748476800.0,3,Thursday,5,22
29 may 2025,JM,Waltham Park Rd,18.007853,-76.81808,29 May 2025,2025-05-29,1748476800.0,3,Thursday,5,22
29 may 2025,JM,Bravo St,18.438002,-77.199648,29 May 2025,2025-05-29,1748476800.0,3,Thursday,5,22
29 may 2025,JM,Wellington Dr,18.015067,-76.759859,29 May 2025,2025-05-29,1748476800.0,3,Thursday,5,22
29 may 2025,JM,T1 (E) - East West Hwy,17.954907,-77.035243,29 May 2025,2025-05-29,1748476800.0,3,Thursday,5,22
29 may 2025,JM,A1 - Spanish Town Rd,17.978035,-76.803341,29 May 2025,2025-05-29,1748476800.0,3,Thursday,5,22
29 may 2025,JM,Burke Rd,17.995322,-76.945962,29 May 2025,2025-05-29,1748476800.0,3,Thursday,5,22
29 may 2025,JM,A2 - East St,17.938761,-77.105497,29 May 2025,2025-05-29,1748476800.0,3,Thursday,5,22
29 may 2025,JM,A3 (S) - Constant Spring Rd,18.033756,-76.795862,29 May 2025,2025-05-29,1748476800.0,3,Thursday,5,22
29 may 2025,JM,A1 (E) - Nelson Mandela Highway,18.025628,-76.869723,29 May 2025,2025-05-29,1748476800.0,3,Thursday,5,22
29 may 2025,JM,Barbican Way,18.030356,-76.775009,29 May 2025,2025-05-29,1748476800.0,3,Thursday,5,22
29 may 2025,JM,Marcus Garvey Dr,17.980526,-76.818862,29 May 2025,2025-05-29,1748476800.0,3,Thursday,5,22
29 may 2025,JM,T1 (W) - East West Hwy,17.976221,-76.942719,29 May 2025,2025-05-29,1748476800.0,3,Thursday,5,22
29 may 2025,JM,Central Ave,18.032173,-76.799054,29 May 2025,2025-05-29,1748476800.0,3,Thursday,5,22
29 may 2025,JM,A1 (E) - Nelson Mandela Highway,18.008942,-76.898583,29 May 2025,2025-05-29,1748476800.0,3,Thursday,5,22
29 may 2025,JM,Hope Rd,18.019185,-76.780047,29 May 2025,2025-05-29,1748476800.0,3,Thursday,5,22
29 may 2025,JM,Kingsland Main Rd,18.013568,-77.540807,29 May 2025,2025-05-29,1748476800.0,3,Thursday,5,22
29 may 2025,JM,A1 (E) - Nelson Mandela Highway,18.025516,-76.870516,29 May 2025,2025-05-29,1748476800.0,3,Thursday,5,22
29 may 2025,JM,Knutsford Blvd,18.004612,-76.78773,29 May 2025,2025-05-29,1748476800.0,3,Thursday,5,22
29 may 2025,JM,T1 (W) - East West Hwy,17.929163,-77.175031,29 May 2025,2025-05-29,1748476800.0,3,Thursday,5,22
29 may 2025,JM,Lady Musgrave Rd,18.005938,-76.779105,29 May 2025,2025-05-29,1748476800.0,3,Thursday,5,22
29 may 2025,JM,A1 (W) - Nelson Mandela Highway,18.025759,-76.864132,29 May 2025,2025-05-29,1748476800.0,3,Thursday,5,22
29 may 2025,JM,Mountain View Ave,17.994425,-76.767253,29 May 2025,2025-05-29,1748476800.0,3,Thursday,5,22
29 may 2025,JM,T3 - Edward Seaga Highway,18.046403,-76.979972,29 May 2025,2025-05-29,1748476800.0,3,Thursday,5,22
29 may 2025,JM,A1 (W) - Nelson Mandela Highway,18.024366,-76.874039,29 May 2025,2025-05-29,1748476800.0,3,Thursday,5,22
29 may 2025,JM,T3 - Edward Seaga Highway,18.226752,-77.084102,29 May 2025,2025-05-29,1748476800.0,3,Thursday,5,22
29 may 2025,JM,Mount Pleasant Rd,18.157126,-77.63519,29 May 2025,2025-05-29,1748476800.0,3,Thursday,5,22
29 may 2025,JM,T1 (W) - East West Hwy,17.932074,-77.208833,29 May 2025,2025-05-29,1748476800.0,3,Thursday,5,22
29 may 2025,JM,Tom Redcam Dr,17.997629,-76.782748,29 May 2025,2025-05-29,1748476800.0,3,Thursday,5,22
29 may 2025,JM,A1 (W) - Nelson Mandela Highway,18.025834,-76.859633,29 May 2025,2025-05-29,1748476800.0,3,Thursday,5,22
29 may 2025,JM,A1 - North Coast Highway,18.474143,-77.466916,29 May 2025,2025-05-29,1748476800.0,3,Thursday,5,22
29 may 2025,JM,T3 - Edward Seaga Highway,18.038339,-76.969506,29 May 2025,2025-05-29,1748476800.0,3,Thursday,5,22
29 may 2025,JM,A1 - North Coast Highway,18.516944,-77.79698,29 May 2025,2025-05-29,1748476800.0,3,Thursday,5,22
29 may 2025,JM,A1 - Spanish Town Rd,18.00993,-76.837897,29 May 2025,2025-05-29,1748476800.0,3,Thursday,5,22
29 may 2025,JM,T3 - Edward Seaga Highway,18.288675,-77.127483,29 May 2025,2025-05-29,1748476800.0,3,Thursday,5,22
29 may 2025,JM,A1 - Spanish Town Rd,18.013732,-76.842245,29 May 2025,2025-05-29,1748476800.0,3,Thursday,5,22
29 may 2025,JM,A1 - North Coast Highway,18.482956,-77.675429,29 May 2025,2025-05-29,1748476800.0,3,Thursday,5,22
29 may 2025,JM,T3 - Edward Seaga Highway,18.398822,-77.168326,29 May 2025,2025-05-29,1748476800.0,3,Thursday,5,22
29 may 2025,JM,A2 (E) - Melrose Hill By,18.062967,-77.451986,29 May 2025,2025-05-29,1748476800.0,3,Thursday,5,22
29 may 2025,JM,A3 - Stony Hill Rd,18.096375,-76.805092,29 May 2025,2025-05-29,1748476800.0,3,Thursday,5,22
29 may 2025,JM,Mountain View Ave,18.005863,-76.770905,29 May 2025,2025-05-29,1748476800.0,3,Thursday,5,22
29 may 2025,JM,> Spanish Town,17.974105,-76.964107,29 May 2025,2025-05-29,1748476800.0,3,Thursday,5,22
29 may 2025,JM,A2 (W) - Melrose Hill Byp,18.055167,-77.44284,29 May 2025,2025-05-29,1748476800.0,3,Thursday,5,22
29 may 2025,JM,,17.938998,-76.776176,29 May 2025,2025-05-29,1748476800.0,3,Thursday,5,22
29 may 2025,JM,,18.180176,-77.088333,29 May 2025,2025-05-29,1748476800.0,3,Thursday,5,22
29 may 2025,JM,T3 - Edward Seaga Highway,18.395956,-77.168361,29 May 2025,2025-05-29,1748476800.0,3,Thursday,5,22
29 may 2025,JM,A2 (W) - Melrose Hill Byp,18.056282,-77.445618,29 May 2025,2025-05-29,1748476800.0,3,Thursday,5,22
29 may 2025,JM,B8 - Anchovy to Shettlewood Rd,18.3912,-77.937498,29 May 2025,2025-05-29,1748476800.0,3,Thursday,5,22
29 may 2025,JM,Oleander Dr,17.946922,-76.907056,29 May 2025,2025-05-29,1748476800.0,3,Thursday,5,22
29 may 2025,JM,A2 (W) - Melrose Hill Byp,18.044216,-77.438179,29 May 2025,2025-05-29,1748476800.0,3,Thursday,5,22
29 may 2025,JM,T3 - Edward Seaga Highway,18.032052,-76.953368,29 May 2025,2025-05-29,1748476800.0,3,Thursday,5,22
29 may 2025,JM,A2 - Winston Jones Hwy,18.068453,-77.470003,29 May 2025,2025-05-29,1748476800.0,3,Thursday,5,22
29 may 2025,JM,A2 E - Dunrobin Ave,18.025969,-76.802529,29 May 2025,2025-05-29,1748476800.0,3,Thursday,5,22
29 may 2025,JM,T3 - Edward Seaga Highway,18.046658,-76.980117,29 May 2025,2025-05-29,1748476800.0,3,Thursday,5,22
29 may 2025,JM,A3 (S) - Constant Spring Rd,18.021109,-76.796306,29 May 2025,2025-05-29,1748476800.0,3,Thursday,5,22
29 may 2025,JM,Olivier Rd,18.048989,-76.792756,29 May 2025,2025-05-29,1748476800.0,3,Thursday,5,22
29 may 2025,JM,A3 - Ballards Valley to Trinity Rd,18.347028,-76.898852,29 May 2025,2025-05-29,1748476800.0,3,Thursday,5,22
29 may 2025,JM,T3 - Edward Seaga Highway,18.12254,-77.040284,29 May 2025,2025-05-29,1748476800.0,3,Thursday,5,22
29 may 2025,JM,A3 - Half Way Tree Rd,18.006083,-76.794792,29 May 2025,2025-05-29,1748476800.0,3,Thursday,5,22
29 may 2025,JM,A3 - Martins to Ballards Valley Rd,18.298123,-76.872119,29 May 2025,2025-05-29,1748476800.0,3,Thursday,5,22
29 may 2025,JM,A1 - North Coast Hwy,18.460923,-77.397929,29 May 2025,2025-05-29,1748476800.0,3,Thursday,5,22
29 may 2025,JM,Upper Elleston Rd,17.979738,-76.778083,29 May 2025,2025-05-29,1748476800.0,3,Thursday,5,22
29 may 2025,JM,A3 - Stony Hill Rd,18.070099,-76.790474,29 May 2025,2025-05-29,1748476800.0,3,Thursday,5,22
29 may 2025,JM,Beechwood Ave,17.999927,-76.793224,29 May 2025,2025-05-29,1748476800.0,3,Thursday,5,22
29 may 2025,JM,Olympic Way,18.008199,-76.82764,29 May 2025,2025-05-29,1748476800.0,3,Thursday,5,22
29 may 2025,JM,A1 (E) - Nelson Mandela Highway,18.010559,-76.896147,29 May 2025,2025-05-29,1748476800.0,3,Thursday,5,22
29 may 2025,JM,A4 - Allan Ave,18.177404,-76.44281,29 May 2025,2025-05-29,1748476800.0,3,Thursday,5,22
29 may 2025,JM,West Ave,18.031162,-76.800119,29 May 2025,2025-05-29,1748476800.0,3,Thursday,5,22
29 may 2025,JM,A4 - Folly Rd,18.183627,-76.436351,29 May 2025,2025-05-29,1748476800.0,3,Thursday,5,22
29 may 2025,JM,A4 - Foreshore Rd,18.177828,-76.450038,29 May 2025,2025-05-29,1748476800.0,3,Thursday,5,22
29 may 2025,JM,Westgate Walk,18.465027,-77.89813,29 May 2025,2025-05-29,1748476800.0,3,Thursday,5,22
29 may 2025,JM,A4 - Hope Bay to Orange Bay Rd,18.217197,-76.605077,29 May 2025,2025-05-29,1748476800.0,3,Thursday,5,22
29 may 2025,JM,Orange St,18.479855,-77.922547,29 May 2025,2025-05-29,1748476800.0,3,Thursday,5,22
29 may 2025,JM,A4 - Orange Bay to Windsor Castle Rd,18.249333,-76.678224,29 May 2025,2025-05-29,1748476800.0,3,Thursday,5,22
29 may 2025,JM,T3 - Edward Seaga Highway,18.339902,-77.145793,29 May 2025,2025-05-29,1748476800.0,3,Thursday,5,22
29 may 2025,JM,Braeton Rd,17.955788,-76.896991,29 May 2025,2025-05-29,1748476800.0,3,Thursday,5,22
29 may 2025,JM,Braeton Rd,17.951093,-76.909736,29 May 2025,2025-05-29,1748476800.0,3,Thursday,5,22
29 may 2025,JM,,17.992912,-76.966379,29 May 2025,2025-05-29,1748476800.0,3,Thursday,5,22
29 may 2025,JM,Grants Pen Rd,18.030438,-76.78808,29 May 2025,2025-05-29,1748476800.0,3,Thursday,5,22
29 may 2025,JM,Charlton Ave,18.03514,-76.790252,29 May 2025,2025-05-29,1748476800.0,3,Thursday,5,22
29 may 2025,JM,Portmore Cl,17.973671,-76.880193,29 May 2025,2025-05-29,1748476800.0,3,Thursday,5,22
29 may 2025,JM,Mannings Hill Rd,18.052557,-76.803998,29 May 2025,2025-05-29,1748476800.0,3,Thursday,5,22
29 may 2025,JM,A1 - North Coast Highway,18.487839,-77.688112,29 May 2025,2025-05-29,1748476800.0,3,Thursday,5,22
29 may 2025,JM,Marcus Garvey Dr,17.98957,-76.827694,29 May 2025,2025-05-29,1748476800.0,3,Thursday,5,22
29 may 2025,JM,NW 6th St,17.946751,-76.91493,29 May 2025,2025-05-29,1748476800.0,3,Thursday,5,22
29 may 2025,JM,A1 - North Coast Highway,18.446401,-77.223825,29 May 2025,2025-05-29,1748476800.0,3,Thursday,5,22
29 may 2025,JM,Rockhampton Dr,18.059468,-76.795511,29 May 2025,2025-05-29,1748476800.0,3,Thursday,5,22
29 may 2025,JM,Red Hills Rd,18.041552,-76.814494,29 May 2025,2025-05-29,1748476800.0,3,Thursday,5,22
29 may 2025,JM,Shortwood Rd,18.044271,-76.784609,29 May 2025,2025-05-29,1748476800.0,3,Thursday,5,22
29 may 2025,JM,A1 - North Coast Highway,18.492225,-77.698469,29 May 2025,2025-05-29,1748476800.0,3,Thursday,5,22
29 may 2025,JM,Sligoville Main Road,18.053885,-76.938763,29 May 2025,2025-05-29,1748476800.0,3,Thursday,5,22
29 may 2025,JM,T1 (E) - East West Hwy,17.956737,-77.335402,29 May 2025,2025-05-29,1748476800.0,3,Thursday,5,22
29 may 2025,JM,A1 - Spanish Town By-pass Rd,18.00126,-76.970357,29 May 2025,2025-05-29,1748476800.0,3,Thursday,5,22
29 may 2025,JM,A1 - North Coast Highway,18.446761,-77.224276,29 May 2025,2025-05-29,1748476800.0,3,Thursday,5,22
29 may 2025,JM,T1 (E) - East West Hwy,17.973466,-76.987137,29 May 2025,2025-05-29,1748476800.0,3,Thursday,5,22
29 may 2025,JM,Charlton Ave,18.037624,-76.792444,29 May 2025,2025-05-29,1748476800.0,3,Thursday,5,22
29 may 2025,JM,Shortwood Rd,18.044004,-76.78477,29 May 2025,2025-05-29,1748476800.0,3,Thursday,5,22
29 may 2025,JM,T1 (E) - East West Hwy,17.969767,-77.000626,29 May 2025,2025-05-29,1748476800.0,3,Thursday,5,22
29 may 2025,JM,A3 - Junction Main Rd,18.151559,-76.829021,29 May 2025,2025-05-29,1748476800.0,3,Thursday,5,22
29 may 2025,JM,T1 (E) - East West Hwy,17.971337,-76.997495,29 May 2025,2025-05-29,1748476800.0,3,Thursday,5,22
29 may 2025,JM,T1 (E) - East West Hwy,17.941074,-77.066603,29 May 2025,2025-05-29,1748476800.0,3,Thursday,5,22
29 may 2025,JM,Arcadia Dr,18.035156,-76.784273,29 May 2025,2025-05-29,1748476800.0,3,Thursday,5,22
29 may 2025,JM,T1 (E) - East West Hwy,17.954229,-77.040316,29 May 2025,2025-05-29,1748476800.0,3,Thursday,5,22
29 may 2025,JM,St. John's Rd,18.007483,-76.994973,29 May 2025,2025-05-29,1748476800.0,3,Thursday,5,22
29 may 2025,JM,T1 (E) - East West Hwy,17.94096,-77.067048,29 May 2025,2025-05-29,1748476800.0,3,Thursday,5,22
29 may 2025,JM,Fairway Ave,18.00883,-76.775085,29 May 2025,2025-05-29,1748476800.0,3,Thursday,5,22
29 may 2025,JM,T1 (E) - East West Hwy,17.973464,-76.958179,29 May 2025,2025-05-29,1748476800.0,3,Thursday,5,22
29 may 2025,JM,T1 (W) - East West Hwy,17.973459,-76.952909,29 May 2025,2025-05-29,1748476800.0,3,Thursday,5,22
29 may 2025,JM,Old Stony Hill Rd,18.0668,-76.797313,29 May 2025,2025-05-29,1748476800.0,3,Thursday,5,22
29 may 2025,JM,T1 (W) - East West Hwy,17.962147,-77.280335,29 May 2025,2025-05-29,1748476800.0,3,Thursday,5,22
29 may 2025,JM,Chelsea Ave,18.00506,-76.792696,29 May 2025,2025-05-29,1748476800.0,3,Thursday,5,22
29 may 2025,JM,Waterloo Rd,18.013846,-76.791338,29 May 2025,2025-05-29,1748476800.0,3,Thursday,5,22
29 may 2025,JM,T1 (W) - East West Hwy,17.932193,-77.192276,29 May 2025,2025-05-29,1748476800.0,3,Thursday,5,22
29 may 2025,JM,Retreat Ave,18.012473,-76.771688,29 May 2025,2025-05-29,1748476800.0,3,Thursday,5,22
29 may 2025,JM,T1 (W) - East West Hwy,17.964184,-77.011366,29 May 2025,2025-05-29,1748476800.0,3,Thursday,5,22
29 may 2025,JM,T1 (W) - East West Hwy,18.031273,-77.428599,29 May 2025,2025-05-29,1748476800.0,3,Thursday,5,22
29 may 2025,JM,Seaview Ave,18.010421,-76.774586,29 May 2025,2025-05-29,1748476800.0,3,Thursday,5,22
29 may 2025,JM,T1 (W) - East West Hwy,17.978671,-76.929763,29 May 2025,2025-05-29,1748476800.0,3,Thursday,5,22
29 may 2025,JM,A1 - North Coast Highway,18.523766,-77.824774,29 May 2025,2025-05-29,1748476800.0,3,Thursday,5,22
29 may 2025,JM,T1 (W) - East West Hwy,18.031758,-77.429375,29 May 2025,2025-05-29,1748476800.0,3,Thursday,5,22
29 may 2025,JM,Seymour Ave,18.015927,-76.77372,29 May 2025,2025-05-29,1748476800.0,3,Thursday,5,22
29 may 2025,JM,T1 (W) - East West Hwy,18.033277,-77.43183,29 May 2025,2025-05-29,1748476800.0,3,Thursday,5,22
29 may 2025,JM,T1 (W) - East West Hwy,17.943031,-77.06314,29 May 2025,2025-05-29,1748476800.0,3,Thursday,5,22
29 may 2025,JM,A1 - Spanish Town By-pass Rd,17.994879,-76.933551,29 May 2025,2025-05-29,1748476800.0,3,Thursday,5,22
29 may 2025,JM,T1 (E) - East West Hwy,17.92094,-77.148104,29 May 2025,2025-05-29,1748476800.0,3,Thursday,5,22
29 may 2025,JM,T1 (W) - East West Hwy,18.008327,-77.407932,29 May 2025,2025-05-29,1748476800.0,3,Thursday,5,22
29 may 2025,JM,Dyke Rd,18.003371,-76.888075,29 May 2025,2025-05-29,1748476800.0,3,Thursday,5,22
29 may 2025,JM,,17.960516,-76.900128,29 May 2025,2025-05-29,1748476800.0,3,Thursday,5,22
29 may 2025,JM,A1 - Linstead Bypass,18.137062,-77.021554,29 May 2025,2025-05-29,1748476800.0,3,Thursday,5,22
29 may 2025,JM,T2 Kingston - Portmore Toll Rd,17.967936,-76.86049,29 May 2025,2025-05-29,1748476800.0,3,Thursday,5,22
29 may 2025,JM,,18.010559,-76.775121,29 May 2025,2025-05-29,1748476800.0,3,Thursday,5,22
29 may 2025,JM,T1 (E) - East West Hwy,17.921551,-77.155621,29 May 2025,2025-05-29,1748476800.0,3,Thursday,5,22
29 may 2025,JM,T2 Kingston - Portmore Toll Rd,17.991267,-76.84155,29 May 2025,2025-05-29,1748476800.0,3,Thursday,5,22
29 may 2025,JM,T2 Kingston - Portmore Toll Rd,17.989911,-76.842292,29 May 2025,2025-05-29,1748476800.0,3,Thursday,5,22
29 may 2025,JM,T1 (W) - East West Hwy,17.973369,-76.964715,29 May 2025,2025-05-29,1748476800.0,3,Thursday,5,22
29 may 2025,JM,T2 Kingston - Portmore Toll Rd,17.989993,-76.842255,29 May 2025,2025-05-29,1748476800.0,3,Thursday,5,22
29 may 2025,JM,,17.892533,-77.63754,29 May 2025,2025-05-29,1748476800.0,3,Thursday,5,22
29 may 2025,JM,T3 - Edward Seaga Highway,18.098851,-77.016532,29 May 2025,2025-05-29,1748476800.0,3,Thursday,5,22
29 may 2025,JM,T3 - Edward Seaga Highway,18.208695,-77.057925,29 May 2025,2025-05-29,1748476800.0,3,Thursday,5,22
29 may 2025,JM,T3 - Edward Seaga Highway,18.184189,-77.040123,29 May 2025,2025-05-29,1748476800.0,3,Thursday,5,22
29 may 2025,JM,T3 - Edward Seaga Highway,18.040671,-76.971175,29 May 2025,2025-05-29,1748476800.0,3,Thursday,5,22
29 may 2025,JM,T3 - Edward Seaga Highway,18.045406,-76.979413,29 May 2025,2025-05-29,1748476800.0,3,Thursday,5,22
29 may 2025,JM,T3 - Edward Seaga Highway,18.168159,-77.038456,29 May 2025,2025-05-29,1748476800.0,3,Thursday,5,22
29 may 2025,JM,E Kings House Rd,18.026158,-76.779106,29 May 2025,2025-05-29,1748476800.0,3,Thursday,5,22
29 may 2025,JM,,17.938472,-76.779428,29 May 2025,2025-05-29,1748476800.0,3,Thursday,5,22
29 may 2025,JM,T3 - Edward Seaga Highway,18.226432,-77.084005,29 May 2025,2025-05-29,1748476800.0,3,Thursday,5,22
29 may 2025,JM,A1 - Dr. Aston King Highway,18.451733,-77.977698,29 May 2025,2025-05-29,1748476800.0,3,Thursday,5,22
29 may 2025,JM,T3 - Edward Seaga Highway,18.205199,-77.044068,29 May 2025,2025-05-29,1748476800.0,3,Thursday,5,22
29 may 2025,JM,T3 - Edward Seaga Highway,18.210287,-77.06385,29 May 2025,2025-05-29,1748476800.0,3,Thursday,5,22
29 may 2025,JM,A1 - Kew Bridge to Great River Rd,18.455435,-77.996903,29 May 2025,2025-05-29,1748476800.0,3,Thursday,5,22
29 may 2025,JM,T3 - Edward Seaga Highway,18.131529,-77.040889,29 May 2025,2025-05-29,1748476800.0,3,Thursday,5,22
29 may 2025,JM,A1 - North Coast Highway,18.437918,-77.19844,29 May 2025,2025-05-29,1748476800.0,3,Thursday,5,22
29 may 2025,JM,T3 - Edward Seaga Highway,18.353266,-77.154648,29 May 2025,2025-05-29,1748476800.0,3,Thursday,5,22
29 may 2025,JM,A2 - Spur Tree Rd,17.9969,-77.558603,29 May 2025,2025-05-29,1748476800.0,3,Thursday,5,22
29 may 2025,JM,T3 - Edward Seaga Highway,18.079735,-77.0041,29 May 2025,2025-05-29,1748476800.0,3,Thursday,5,22
29 may 2025,JM,T3 - Edward Seaga Highway,18.027791,-76.923155,29 May 2025,2025-05-29,1748476800.0,3,Thursday,5,22
29 may 2025,JM,A1 - Spanish Town By-pass Rd,17.996345,-76.931186,29 May 2025,2025-05-29,1748476800.0,3,Thursday,5,22
29 may 2025,JM,A3 - Junction Main Rd,18.097179,-76.808169,29 May 2025,2025-05-29,1748476800.0,3,Thursday,5,22
29 may 2025,JM,T3 - Edward Seaga Highway,18.032056,-76.953383,29 May 2025,2025-05-29,1748476800.0,3,Thursday,5,22
29 may 2025,JM,Gordon Rd,18.050117,-77.512482,29 May 2025,2025-05-29,1748476800.0,3,Thursday,5,22
29 may 2025,JM,A1 - Spanish Town Rd,18.014799,-76.843181,29 May 2025,2025-05-29,1748476800.0,3,Thursday,5,22
29 may 2025,JM,T3 - Edward Seaga Highway,18.042829,-76.975812,29 May 2025,2025-05-29,1748476800.0,3,Thursday,5,22
29 may 2025,JM,A3 - Junction Main Rd,18.097253,-76.806224,29 May 2025,2025-05-29,1748476800.0,3,Thursday,5,22
29 may 2025,JM,T3 - Edward Seaga Highway,18.359318,-77.158678,29 May 2025,2025-05-29,1748476800.0,3,Thursday,5,22
29 may 2025,JM,T3 - Edward Seaga Highway,18.122543,-77.040181,29 May 2025,2025-05-29,1748476800.0,3,Thursday,5,22
29 may 2025,JM,A3 - Stennett St,18.364701,-76.89388,29 May 2025,2025-05-29,1748476800.0,3,Thursday,5,22
29 may 2025,JM,T3 - Edward Seaga Highway,18.258124,-77.116687,29 May 2025,2025-05-29,1748476800.0,3,Thursday,5,22
29 may 2025,JM,A1 - Spanish Town Rd,18.024494,-76.853882,29 May 2025,2025-05-29,1748476800.0,3,Thursday,5,22
29 may 2025,JM,T3 - Edward Seaga Highway,18.27828,-77.121551,29 May 2025,2025-05-29,1748476800.0,3,Thursday,5,22
29 may 2025,JM,A4 - Allan Ave,18.176555,-76.447376,29 May 2025,2025-05-29,1748476800.0,3,Thursday,5,22
29 may 2025,JM,T3 - Edward Seaga Highway,18.05099,-76.9828,29 May 2025,2025-05-29,1748476800.0,3,Thursday,5,22
29 may 2025,JM,T3 - Edward Seaga Highway,18.289533,-77.128325,29 May 2025,2025-05-29,1748476800.0,3,Thursday,5,22
29 may 2025,JM,A4 - White Horses to Rozelle Rd,17.87247,-76.464737,29 May 2025,2025-05-29,1748476800.0,3,Thursday,5,22
29 may 2025,JM,T3 - Edward Seaga Highway,18.206589,-77.04595,29 May 2025,2025-05-29,1748476800.0,3,Thursday,5,22
29 may 2025,JM,Hagley Park Rd,18.007595,-76.812522,29 May 2025,2025-05-29,1748476800.0,3,Thursday,5,22
29 may 2025,JM,A2 E - Dunrobin Ave,18.025568,-76.800998,29 May 2025,2025-05-29,1748476800.0,3,Thursday,5,22
29 may 2025,JM,T3 - Edward Seaga Highway,18.154913,-77.032663,29 May 2025,2025-05-29,1748476800.0,3,Thursday,5,22
29 may 2025,JM,B7 - Shettlewood to Chester Castle Rd,18.332149,-77.951266,29 May 2025,2025-05-29,1748476800.0,3,Thursday,5,22
29 may 2025,JM,T3 - Edward Seaga Highway,18.094384,-77.009447,29 May 2025,2025-05-29,1748476800.0,3,Thursday,5,22
29 may 2025,JM,T3 - Edward Seaga Highway,18.32936,-77.138082,29 May 2025,2025-05-29,1748476800.0,3,Thursday,5,22
29 may 2025,JM,B8 - Shettlewood to Mackfield Rd,18.327367,-78.003025,29 May 2025,2025-05-29,1748476800.0,3,Thursday,5,22
29 may 2025,JM,T3 - Edward Seaga Highway,18.188211,-77.038951,29 May 2025,2025-05-29,1748476800.0,3,Thursday,5,22
29 may 2025,JM,A4 - Harbour View to Bull Bay Rd,17.940614,-76.665544,29 May 2025,2025-05-29,1748476800.0,3,Thursday,5,22
29 may 2025,JM,T3 - Edward Seaga Highway,18.278763,-77.121678,29 May 2025,2025-05-29,1748476800.0,3,Thursday,5,22
29 may 2025,JM,Beckford St,18.234603,-78.133213,29 May 2025,2025-05-29,1748476800.0,3,Thursday,5,22
29 may 2025,JM,T3 - Edward Seaga Highway,18.352228,-77.153619,29 May 2025,2025-05-29,1748476800.0,3,Thursday,5,22
29 may 2025,JM,T3 - Edward Seaga Highway,18.208651,-77.057773,29 May 2025,2025-05-29,1748476800.0,3,Thursday,5,22
29 may 2025,JM,A1 - Spanish Town By-pass Rd,17.989702,-76.962474,29 May 2025,2025-05-29,1748476800.0,3,Thursday,5,22
29 may 2025,JM,Braeton Rd,17.953792,-76.903616,29 May 2025,2025-05-29,1748476800.0,3,Thursday,5,22
29 may 2025,JM,T3 - Edward Seaga Highway,18.050026,-76.982052,29 May 2025,2025-05-29,1748476800.0,3,Thursday,5,22
29 may 2025,JM,Job Ln,18.004555,-76.986185,29 May 2025,2025-05-29,1748476800.0,3,Thursday,5,22
29 may 2025,JM,A4 - Southern Coastal Highway,17.941054,-76.663638,29 May 2025,2025-05-29,1748476800.0,3,Thursday,5,22
29 may 2025,JM,A1 - North Coast Highway,18.499904,-77.90613,29 May 2025,2025-05-29,1748476800.0,3,Thursday,5,22
29 may 2025,JM,Trafalgar Rd,18.011034,-76.788845,29 May 2025,2025-05-29,1748476800.0,3,Thursday,5,22
29 may 2025,JM,Braeton Rd,17.95556,-76.897504,29 May 2025,2025-05-29,1748476800.0,3,Thursday,5,22
29 may 2025,JM,Water Ln,17.967083,-76.800372,29 May 2025,2025-05-29,1748476800.0,3,Thursday,5,22
29 may 2025,JM,Waterloo Rd,18.01767,-76.791977,29 May 2025,2025-05-29,1748476800.0,3,Thursday,5,22
29 may 2025,JM,Brettford Ave,18.018047,-76.821221,29 May 2025,2025-05-29,1748476800.0,3,Thursday,5,22
29 may 2025,JM,Waterloo Rd,18.017423,-76.79198,29 May 2025,2025-05-29,1748476800.0,3,Thursday,5,22
29 may 2025,JM,Arcadia Dr,18.032386,-76.784168,29 May 2025,2025-05-29,1748476800.0,3,Thursday,5,22
29 may 2025,JM,Waterloo Rd,18.017482,-76.79198,29 May 2025,2025-05-29,1748476800.0,3,Thursday,5,22
29 may 2025,JM,Colbeck Junction to Planters Road,17.961038,-77.13282,29 May 2025,2025-05-29,1748476800.0,3,Thursday,5,22
29 may 2025,JM,Wentworth Ave,18.031102,-76.800326,29 May 2025,2025-05-29,1748476800.0,3,Thursday,5,22
29 may 2025,JM,West Ave,18.031605,-76.799766,29 May 2025,2025-05-29,1748476800.0,3,Thursday,5,22
29 may 2025,JM,Colbeck Junction to Planters Road,17.961672,-77.134529,29 May 2025,2025-05-29,1748476800.0,3,Thursday,5,22
29 may 2025,JM,A1 - North Coast Highway,18.456513,-77.25883,29 May 2025,2025-05-29,1748476800.0,3,Thursday,5,22
29 may 2025,JM,Kerr Cr,18.466637,-77.914505,29 May 2025,2025-05-29,1748476800.0,3,Thursday,5,22
29 may 2025,JM,Chesterfield Dr,18.001535,-76.83857,29 May 2025,2025-05-29,1748476800.0,3,Thursday,5,22
29 may 2025,JM,A1 - North Coast Highway,18.447878,-77.225943,29 May 2025,2025-05-29,1748476800.0,3,Thursday,5,22
29 may 2025,JM,Collie Smith Dr,17.981087,-76.805266,29 May 2025,2025-05-29,1748476800.0,3,Thursday,5,22
29 may 2025,JM,Rio Cobre Dr,18.005127,-76.956044,29 May 2025,2025-05-29,1748476800.0,3,Thursday,5,22
29 may 2025,JM,T3 - Edward Seaga Highway,18.09452,-77.009464,29 May 2025,2025-05-29,1748476800.0,3,Thursday,5,22
29 may 2025,JM,Deanery Ave,17.988939,-76.765969,29 May 2025,2025-05-29,1748476800.0,3,Thursday,5,22
29 may 2025,JM,T3 - Edward Seaga Highway,18.210036,-77.061119,29 May 2025,2025-05-29,1748476800.0,3,Thursday,5,22
29 may 2025,JM,Exchange Rd,18.412059,-77.07114,29 May 2025,2025-05-29,1748476800.0,3,Thursday,5,22
29 may 2025,JM,Gordon Blvd,18.005016,-76.959025,29 May 2025,2025-05-29,1748476800.0,3,Thursday,5,22
29 may 2025,JM,Downer Ave,18.004632,-76.77796,29 May 2025,2025-05-29,1748476800.0,3,Thursday,5,22
29 may 2025,JM,T3 - Edward Seaga Highway,18.097167,-77.01128,29 May 2025,2025-05-29,1748476800.0,3,Thursday,5,22
29 may 2025,JM,T3 - Edward Seaga Highway,18.100409,-77.025722,29 May 2025,2025-05-29,1748476800.0,3,Thursday,5,22
29 may 2025,JM,A1 - Spanish Town Rd,18.017346,-76.846109,29 May 2025,2025-05-29,1748476800.0,3,Thursday,5,22
29 may 2025,JM,Ellis St,17.993831,-76.955594,29 May 2025,2025-05-29,1748476800.0,3,Thursday,5,22
29 may 2025,JM,A1 (W) - Nelson Mandela Highway,18.015935,-76.887954,29 May 2025,2025-05-29,1748476800.0,3,Thursday,5,22
29 may 2025,JM,Kingsway,18.01932,-76.789972,29 May 2025,2025-05-29,1748476800.0,3,Thursday,5,22
29 may 2025,JM,Fairdene Ave,18.043157,-76.818342,29 May 2025,2025-05-29,1748476800.0,3,Thursday,5,22
29 may 2025,JM,A1 (W) - Nelson Mandela Highway,18.01082,-76.895523,29 May 2025,2025-05-29,1748476800.0,3,Thursday,5,22
29 may 2025,JM,Gordon Blvd,18.025267,-76.961854,29 May 2025,2025-05-29,1748476800.0,3,Thursday,5,22
29 may 2025,JM,A1 - North Coast Highway,18.431962,-77.19262,29 May 2025,2025-05-29,1748476800.0,3,Thursday,5,22
29 may 2025,JM,A1 - Spanish Town Rd,17.992798,-76.819682,29 May 2025,2025-05-29,1748476800.0,3,Thursday,5,22
29 may 2025,JM,Hopetown to Darliston Rd,18.212151,-77.958702,29 May 2025,2025-05-29,1748476800.0,3,Thursday,5,22
29 may 2025,JM,A2 - Beckford St,18.225287,-78.13219,29 May 2025,2025-05-29,1748476800.0,3,Thursday,5,22
29 may 2025,JM,Hopetown to Darliston Rd,18.199265,-77.954251,29 May 2025,2025-05-29,1748476800.0,3,Thursday,5,22
29 may 2025,JM,A3 - Slipe Rd,17.993521,-76.78802,29 May 2025,2025-05-29,1748476800.0,3,Thursday,5,22
29 may 2025,JM,Maxfield Ave,18.000639,-76.803412,29 May 2025,2025-05-29,1748476800.0,3,Thursday,5,22
29 may 2025,JM,A3 - Slipe Rd,17.988183,-76.789982,29 May 2025,2025-05-29,1748476800.0,3,Thursday,5,22
29 may 2025,JM,A3 - Stony Hill Rd,18.088862,-76.802169,29 May 2025,2025-05-29,1748476800.0,3,Thursday,5,22
29 may 2025,JM,Melbourne Ln,17.9928,-76.956965,29 May 2025,2025-05-29,1748476800.0,3,Thursday,5,22
29 may 2025,JM,A4 - Sir Florizel Glaspole Blvd,17.960098,-76.728998,29 May 2025,2025-05-29,1748476800.0,3,Thursday,5,22
29 may 2025,JM,Kitson Town Main Rd,18.01714,-77.055523,29 May 2025,2025-05-29,1748476800.0,3,Thursday,5,22
29 may 2025,JM,Industrial Ter,17.97528,-76.804587,29 May 2025,2025-05-29,1748476800.0,3,Thursday,5,22
29 may 2025,JM,Ardenne Rd,18.013225,-76.783338,29 May 2025,2025-05-29,1748476800.0,3,Thursday,5,22
29 may 2025,JM,Molynes Rd,18.03636,-76.823698,29 May 2025,2025-05-29,1748476800.0,3,Thursday,5,22
29 may 2025,JM,B15 - Barnett to Adelphi Rd,18.46191,-77.912731,29 May 2025,2025-05-29,1748476800.0,3,Thursday,5,22
29 may 2025,JM,Barnett St,18.463883,-77.914868,29 May 2025,2025-05-29,1748476800.0,3,Thursday,5,22
29 may 2025,JM,Pegga Rd,18.446574,-77.884606,29 May 2025,2025-05-29,1748476800.0,3,Thursday,5,22
29 may 2025,JM,Burke Rd,17.993874,-76.946739,29 May 2025,2025-05-29,1748476800.0,3,Thursday,5,22
29 may 2025,JM,Jennifer Dr,17.869075,-76.346639,29 May 2025,2025-05-29,1748476800.0,3,Thursday,5,22
29 may 2025,JM,Cassia Park Ave,18.019957,-76.804282,29 May 2025,2025-05-29,1748476800.0,3,Thursday,5,22
29 may 2025,JM,Salt Island Rd,17.98716,-76.960558,29 May 2025,2025-05-29,1748476800.0,3,Thursday,5,22
29 may 2025,JM,Connolley Rd,17.985627,-76.784673,29 May 2025,2025-05-29,1748476800.0,3,Thursday,5,22
29 may 2025,JM,Dumfries Rd,18.008769,-76.788639,29 May 2025,2025-05-29,1748476800.0,3,Thursday,5,22
29 may 2025,JM,Red Hills Rd,18.032123,-76.806414,29 May 2025,2025-05-29,1748476800.0,3,Thursday,5,22
29 may 2025,JM,E Kings House Rd,18.028089,-76.777802,29 May 2025,2025-05-29,1748476800.0,3,Thursday,5,22
29 may 2025,JM,Old Hope Rd,18.016714,-76.750477,29 May 2025,2025-05-29,1748476800.0,3,Thursday,5,22
29 may 2025,JM,B8 - Anchovy to Shettlewood Rd,18.3934,-77.937156,29 May 2025,2025-05-29,1748476800.0,3,Thursday,5,22
29 may 2025,JM,,18.039326,-76.980146,29 May 2025,2025-05-29,1748476800.0,3,Thursday,5,22
29 may 2025,JM,Maxfield Ave,18.000624,-76.803422,29 May 2025,2025-05-29,1748476800.0,3,Thursday,5,22
29 may 2025,JM,A1 - Spanish Town Rd,17.986278,-76.811868,29 May 2025,2025-05-29,1748476800.0,3,Thursday,5,22
29 may 2025,JM,A3 - Oracabessa to White River Rd,18.419133,-77.05426,29 May 2025,2025-05-29,1748476800.0,3,Thursday,5,22
29 may 2025,JM,Arcadia Dr,18.032748,-76.784187,29 May 2025,2025-05-29,1748476800.0,3,Thursday,5,22
29 may 2025,JM,B8 - Anchovy to Shettlewood Rd,18.398714,-77.939028,29 May 2025,2025-05-29,1748476800.0,3,Thursday,5,22
29 may 2025,JM,Braeton Parkway,17.960576,-76.900596,29 May 2025,2025-05-29,1748476800.0,3,Thursday,5,22
29 may 2025,JM,Braeton Rd,17.955523,-76.897602,29 May 2025,2025-05-29,1748476800.0,3,Thursday,5,22
29 may 2025,JM,T3 - Edward Seaga Highway,18.169787,-77.039605,29 May 2025,2025-05-29,1748476800.0,3,Thursday,5,22
29 may 2025,JM,Dominica Dr,18.007804,-76.79118,29 May 2025,2025-05-29,1748476800.0,3,Thursday,5,22
29 may 2025,JM,Marcus Garvey Dr,17.969342,-76.805778,29 May 2025,2025-05-29,1748476800.0,3,Thursday,5,22
29 may 2025,JM,A2 - Winston Jones Hwy,18.068482,-77.469902,29 May 2025,2025-05-29,1748476800.0,3,Thursday,5,22
29 may 2025,JM,Lady Musgrave Rd,18.01159,-76.777998,29 May 2025,2025-05-29,1748476800.0,3,Thursday,5,22
29 may 2025,JM,Hope Rd,18.013849,-76.789809,29 May 2025,2025-05-29,1748476800.0,3,Thursday,5,22
29 may 2025,JM,Main Rd,17.997157,-76.936894,29 May 2025,2025-05-29,1748476800.0,3,Thursday,5,22
29 may 2025,JM,Gordon Blvd,18.01616,-76.959751,29 May 2025,2025-05-29,1748476800.0,3,Thursday,5,22
29 may 2025,JM,A1 - Howard Cook Blvd,18.464719,-77.924763,29 May 2025,2025-05-29,1748476800.0,3,Thursday,5,22
29 may 2025,JM,T3 - Edward Seaga Highway,18.124877,-77.04049,29 May 2025,2025-05-29,1748476800.0,3,Thursday,5,22
29 may 2025,JM,Water Ln,17.9669,-76.797764,29 May 2025,2025-05-29,1748476800.0,3,Thursday,5,22
29 may 2025,JM,Queens Dr,18.479438,-77.92645,29 May 2025,2025-05-29,1748476800.0,3,Thursday,5,22
29 may 2025,JM,Oakland Rd,17.997413,-76.815496,29 May 2025,2025-05-29,1748476800.0,3,Thursday,5,22
29 may 2025,JM,Ruthven Rd,18.008,-76.793686,29 May 2025,2025-05-29,1748476800.0,3,Thursday,5,22
29 may 2025,JM,Gem Rd,17.991653,-76.80409,29 May 2025,2025-05-29,1748476800.0,3,Thursday,5,22
29 may 2025,JM,Barbican Rd,18.025512,-76.7647,29 May 2025,2025-05-29,1748476800.0,3,Thursday,5,22
29 may 2025,JM,T3 - Edward Seaga Highway,18.298602,-77.134607,29 May 2025,2025-05-29,1748476800.0,3,Thursday,5,22
29 may 2025,JM,Barbican Rd,18.03174,-76.779285,29 May 2025,2025-05-29,1748476800.0,3,Thursday,5,22
29 may 2025,JM,Barrett St,17.994641,-76.951236,29 May 2025,2025-05-29,1748476800.0,3,Thursday,5,22
29 may 2025,JM,Pawsey Rd,18.007257,-76.783658,29 May 2025,2025-05-29,1748476800.0,3,Thursday,5,22
29 may 2025,JM,Waltham Park Rd,18.003739,-76.818651,29 May 2025,2025-05-29,1748476800.0,3,Thursday,5,22
29 may 2025,JM,Darliston to Woodstock Rd,18.241458,-77.970526,29 May 2025,2025-05-29,1748476800.0,3,Thursday,5,22
29 may 2025,JM,Braeton Parkway,17.96474,-76.892297,29 May 2025,2025-05-29,1748476800.0,3,Thursday,5,22
29 may 2025,JM,Pegga Rd,18.449845,-77.883892,29 May 2025,2025-05-29,1748476800.0,3,Thursday,5,22
29 may 2025,JM,Brotherton Ave,17.992306,-76.817977,29 May 2025,2025-05-29,1748476800.0,3,Thursday,5,22
29 may 2025,JM,Salt Pond Rd,17.972628,-76.941052,29 May 2025,2025-05-29,1748476800.0,3,Thursday,5,22
29 may 2025,JM,Cassia Park Ave,18.019553,-76.803281,29 May 2025,2025-05-29,1748476800.0,3,Thursday,5,22
29 may 2025,JM,,17.993301,-76.918554,29 May 2025,2025-05-29,1748476800.0,3,Thursday,5,22
29 may 2025,JM,Seaward Dr,18.021725,-76.820637,29 May 2025,2025-05-29,1748476800.0,3,Thursday,5,22
29 may 2025,JM,Gordon Blvd,18.00186,-76.957622,29 May 2025,2025-05-29,1748476800.0,3,Thursday,5,22
29 may 2025,JM,A2 (W) - Washington Blvd,18.025965,-76.846187,29 May 2025,2025-05-29,1748476800.0,3,Thursday,5,22
29 may 2025,JM,Stratford Ave,18.009963,-76.811596,29 May 2025,2025-05-29,1748476800.0,3,Thursday,5,22
29 may 2025,JM,E Kings House Rd,18.026953,-76.778488,29 May 2025,2025-05-29,1748476800.0,3,Thursday,5,22
29 may 2025,JM,Temple Gallery Rd,18.446375,-77.91774,29 May 2025,2025-05-29,1748476800.0,3,Thursday,5,22
29 may 2025,JM,E Kings House Rd,18.024377,-76.779681,29 May 2025,2025-05-29,1748476800.0,3,Thursday,5,22
29 may 2025,JM,Elm Cr,18.007271,-76.815272,29 May 2025,2025-05-29,1748476800.0,3,Thursday,5,22
29 may 2025,JM,West Rd,18.046234,-77.523976,29 May 2025,2025-05-29,1748476800.0,3,Thursday,5,22
29 may 2025,JM,Exchange Rd,18.412018,-77.07104,29 May 2025,2025-05-29,1748476800.0,3,Thursday,5,22
29 may 2025,JM,Gardenia Blvd,17.982561,-76.987601,29 May 2025,2025-05-29,1748476800.0,3,Thursday,5,22
29 may 2025,JM,,18.45036,-77.338357,29 May 2025,2025-05-29,1748476800.0,3,Thursday,5,22
29 may 2025,JM,Westgate Hills Blvd,18.466825,-77.898205,29 May 2025,2025-05-29,1748476800.0,3,Thursday,5,22
29 may 2025,JM,Grenada Cr,18.008423,-76.786966,29 May 2025,2025-05-29,1748476800.0,3,Thursday,5,22
29 may 2025,JM,Retirement Rd,17.994944,-76.793614,29 May 2025,2025-05-29,1748476800.0,3,Thursday,5,22
29 may 2025,JM,Hopetown to Darliston Rd,18.212443,-77.958792,29 May 2025,2025-05-29,1748476800.0,3,Thursday,5,22
29 may 2025,JM,Worchester Dr,17.991056,-76.974098,29 May 2025,2025-05-29,1748476800.0,3,Thursday,5,22
29 may 2025,JM,T3 - Edward Seaga Highway,18.244845,-77.100836,29 May 2025,2025-05-29,1748476800.0,3,Thursday,5,22
29 may 2025,JM,Molynes Rd,18.014855,-76.806546,29 May 2025,2025-05-29,1748476800.0,3,Thursday,5,22
29 may 2025,JM,A1 (E) - Nelson Mandela Highway,18.008659,-76.899016,29 May 2025,2025-05-29,1748476800.0,3,Thursday,5,22
29 may 2025,JM,Musgrave Ave,18.009849,-76.780527,29 May 2025,2025-05-29,1748476800.0,3,Thursday,5,22
29 may 2025,JM,A1 - Kew Bridge to Great River Rd,18.45264,-78.041917,29 May 2025,2025-05-29,1748476800.0,3,Thursday,5,22
29 may 2025,JM,Old Hope Rd,18.008148,-76.77288,29 May 2025,2025-05-29,1748476800.0,3,Thursday,5,22
29 may 2025,JM,A1 (E) - Nelson Mandela Highway,18.02557,-76.870184,29 May 2025,2025-05-29,1748476800.0,3,Thursday,5,22
29 may 2025,JM,Pandora Cr,18.01601,-76.822671,29 May 2025,2025-05-29,1748476800.0,3,Thursday,5,22
29 may 2025,JM,A1 (W) - Nelson Mandela Highway,18.017735,-76.885302,29 May 2025,2025-05-29,1748476800.0,3,Thursday,5,22
29 may 2025,JM,South St,17.937701,-77.112242,29 May 2025,2025-05-29,1748476800.0,3,Thursday,5,22
29 may 2025,JM,,17.962845,-76.893208,29 May 2025,2025-05-29,1748476800.0,3,Thursday,5,22
29 may 2025,JM,A1 - North Coast Hwy,18.463157,-77.335076,29 May 2025,2025-05-29,1748476800.0,3,Thursday,5,22
29 may 2025,JM,A1 (E) - Nelson Mandela Highway,18.02586,-76.865642,29 May 2025,2025-05-29,1748476800.0,3,Thursday,5,22
29 may 2025,JM,St. John's Rd,18.007603,-76.995466,29 May 2025,2025-05-29,1748476800.0,3,Thursday,5,22
29 may 2025,JM,T2 Kingston - Portmore Toll Rd,17.988137,-76.842713,29 May 2025,2025-05-29,1748476800.0,3,Thursday,5,22
29 may 2025,JM,Water Ln,17.967057,-76.800033,29 May 2025,2025-05-29,1748476800.0,3,Thursday,5,22
29 may 2025,JM,A1 - North Coast Highway,18.495364,-77.701072,29 May 2025,2025-05-29,1748476800.0,3,Thursday,5,22
29 may 2025,JM,Trafalgar Rd,18.010677,-76.788095,29 May 2025,2025-05-29,1748476800.0,3,Thursday,5,22
29 may 2025,JM,A1 (W) - Nelson Mandela Highway,18.010557,-76.895882,29 May 2025,2025-05-29,1748476800.0,3,Thursday,5,22
29 may 2025,JM,A3 (S) - Constant Spring Rd,18.030805,-76.795853,29 May 2025,2025-05-29,1748476800.0,3,Thursday,5,22
29 may 2025,JM,A1 - North Coast Highway,18.477229,-77.669008,29 May 2025,2025-05-29,1748476800.0,3,Thursday,5,22
29 may 2025,JM,Waltham Park Rd,18.017256,-76.81043,29 May 2025,2025-05-29,1748476800.0,3,Thursday,5,22
29 may 2025,JM,Oxford Rd,18.000631,-76.786021,29 May 2025,2025-05-29,1748476800.0,3,Thursday,5,22
29 may 2025,JM,A2 - Old Harbour Rd,17.966897,-77.030117,29 May 2025,2025-05-29,1748476800.0,3,Thursday,5,22
29 may 2025,JM,Waterloo Rd,18.015641,-76.791882,29 May 2025,2025-05-29,1748476800.0,3,Thursday,5,22
29 may 2025,JM,Holborn Rd,18.011079,-76.789349,29 May 2025,2025-05-29,1748476800.0,3,Thursday,5,22
29 may 2025,JM,A3 (S) - Constant Spring Rd,18.031265,-76.79579,29 May 2025,2025-05-29,1748476800.0,3,Thursday,5,22
29 may 2025,JM,A1 - Spanish Town Rd > Three Miles,18.02008,-76.849094,29 May 2025,2025-05-29,1748476800.0,3,Thursday,5,22
29 may 2025,JM,St. John's Rd,18.007313,-76.994418,29 May 2025,2025-05-29,1748476800.0,3,Thursday,5,22
29 may 2025,JM,A1 - River Rd,18.062394,-76.984024,29 May 2025,2025-05-29,1748476800.0,3,Thursday,5,22
29 may 2025,JM,Barbican Rd,18.031596,-76.778696,29 May 2025,2025-05-29,1748476800.0,3,Thursday,5,22
29 may 2025,JM,A1 - Howard Cook Blvd,18.466427,-77.924106,29 May 2025,2025-05-29,1748476800.0,3,Thursday,5,22
29 may 2025,JM,Jennifer Dr,17.869057,-76.34662,29 May 2025,2025-05-29,1748476800.0,3,Thursday,5,22
29 may 2025,JM,A1 - Spanish Town Rd,17.99366,-76.820701,29 May 2025,2025-05-29,1748476800.0,3,Thursday,5,22
29 may 2025,JM,Knutsford Blvd,18.006864,-76.787157,29 May 2025,2025-05-29,1748476800.0,3,Thursday,5,22
29 may 2025,JM,A2 - Old Harbour Rd,17.939837,-77.10239,29 May 2025,2025-05-29,1748476800.0,3,Thursday,5,22
29 may 2025,JM,T1 (E) - East West Hwy,17.973467,-76.957522,29 May 2025,2025-05-29,1748476800.0,3,Thursday,5,22
29 may 2025,JM,Braeton Parkway,17.964388,-76.893867,29 May 2025,2025-05-29,1748476800.0,3,Thursday,5,22
29 may 2025,JM,Ocean Blvd,17.965284,-76.797131,29 May 2025,2025-05-29,1748476800.0,3,Thursday,5,22
29 may 2025,JM,Old Hope Rd,17.993931,-76.787787,29 May 2025,2025-05-29,1748476800.0,3,Thursday,5,22
29 may 2025,JM,A2 (W) - Melrose Hill Byp,18.063377,-77.452814,29 May 2025,2025-05-29,1748476800.0,3,Thursday,5,22
29 may 2025,JM,Seaward Dr,18.020917,-76.821042,29 May 2025,2025-05-29,1748476800.0,3,Thursday,5,22
29 may 2025,JM,Water Ln,17.967013,-76.79947,29 May 2025,2025-05-29,1748476800.0,3,Thursday,5,22
29 may 2025,JM,T1 (W) - East West Hwy,17.958874,-77.301486,29 May 2025,2025-05-29,1748476800.0,3,Thursday,5,22
29 may 2025,JM,Trafalgar Rd,18.009564,-76.785793,29 May 2025,2025-05-29,1748476800.0,3,Thursday,5,22
29 may 2025,JM,A2 (W) - Melrose Hill Byp,18.05326,-77.441827,29 May 2025,2025-05-29,1748476800.0,3,Thursday,5,22
29 may 2025,JM,Mahoe Dr,17.967198,-76.872958,29 May 2025,2025-05-29,1748476800.0,3,Thursday,5,22
29 may 2025,JM,A2 (W) - Washington Blvd,18.026072,-76.840006,29 May 2025,2025-05-29,1748476800.0,3,Thursday,5,22
29 may 2025,JM,T1 (W) - East West Hwy,18.035062,-77.433835,29 May 2025,2025-05-29,1748476800.0,3,Thursday,5,22
29 may 2025,JM,A2 (E) - Washington Blvd,18.026195,-76.838375,29 May 2025,2025-05-29,1748476800.0,3,Thursday,5,22
29 may 2025,JM,A2 W - Washington Blvd,18.026482,-76.804843,29 May 2025,2025-05-29,1748476800.0,3,Thursday,5,22
29 may 2025,JM,T3 - Edward Seaga Highway,18.33116,-77.140914,29 May 2025,2025-05-29,1748476800.0,3,Thursday,5,22
29 may 2025,JM,A3 - Maxfield Ave,18.007685,-76.799836,29 May 2025,2025-05-29,1748476800.0,3,Thursday,5,22
29 may 2025,JM,Marcus Garvey Dr,17.989844,-76.827857,29 May 2025,2025-05-29,1748476800.0,3,Thursday,5,22
29 may 2025,JM,A3 - Stennett St,18.370741,-76.893349,29 May 2025,2025-05-29,1748476800.0,3,Thursday,5,22
29 may 2025,JM,T3 - Edward Seaga Highway,18.331373,-77.141046,29 May 2025,2025-05-29,1748476800.0,3,Thursday,5,22
29 may 2025,JM,to T3 (S),18.039287,-76.969958,29 May 2025,2025-05-29,1748476800.0,3,Thursday,5,22
29 may 2025,JM,T3 - Edward Seaga Highway,18.215724,-77.073225,29 May 2025,2025-05-29,1748476800.0,3,Thursday,5,22
29 may 2025,JM,Blood Ln,18.48191,-77.906731,29 May 2025,2025-05-29,1748476800.0,3,Thursday,5,22
29 may 2025,JM,A4 - Dover to Agualta Vale Rd,18.272724,-76.746556,29 May 2025,2025-05-29,1748476800.0,3,Thursday,5,22
29 may 2025,JM,A4 - Dover to Agualta Vale Rd,18.261413,-76.706656,29 May 2025,2025-05-29,1748476800.0,3,Thursday,5,22
29 may 2025,JM,Seymour Ave,18.008796,-76.774948,29 May 2025,2025-05-29,1748476800.0,3,Thursday,5,22
29 may 2025,JM,A4 - Hope Bay to Orange Bay Rd,18.227666,-76.614227,29 May 2025,2025-05-29,1748476800.0,3,Thursday,5,22
29 may 2025,JM,A1 - North Coast Highway,18.437872,-77.198299,29 May 2025,2025-05-29,1748476800.0,3,Thursday,5,22
29 may 2025,JM,A4 - Rio Grande to Hope Bay Rd,18.196135,-76.529958,29 May 2025,2025-05-29,1748476800.0,3,Thursday,5,22
29 may 2025,JM,> Freetown,17.920357,-77.140168,29 May 2025,2025-05-29,1748476800.0,3,Thursday,5,22
29 may 2025,JM,A1 - River Rd,18.062917,-76.984162,29 May 2025,2025-05-29,1748476800.0,3,Thursday,5,22
29 may 2025,JM,A1 - Spanish Town Rd,18.012895,-76.841335,29 May 2025,2025-05-29,1748476800.0,3,Thursday,5,22
29 may 2025,JM,A4 - Rio Grande to Hope Bay Rd,18.202685,-76.56382,29 May 2025,2025-05-29,1748476800.0,3,Thursday,5,22
29 may 2025,JM,Municipal Blvd,17.98237,-76.885754,29 May 2025,2025-05-29,1748476800.0,3,Thursday,5,22
29 may 2025,JM,A1 - Alice Eldemire Dr,18.456676,-77.926147,29 May 2025,2025-05-29,1748476800.0,3,Thursday,5,22
29 may 2025,JM,A4 - Rio Grande to Hope Bay Rd,18.203108,-76.567974,29 May 2025,2025-05-29,1748476800.0,3,Thursday,5,22
29 may 2025,JM,T3 - Edward Seaga Highway,18.394232,-77.168433,29 May 2025,2025-05-29,1748476800.0,3,Thursday,5,22
29 may 2025,JM,A1 (W) - Nelson Mandela Highway,17.997156,-76.928835,29 May 2025,2025-05-29,1748476800.0,3,Thursday,5,22
29 may 2025,JM,Chelsea Ave,18.005108,-76.792606,29 May 2025,2025-05-29,1748476800.0,3,Thursday,5,22
29 may 2025,JM,A3 - Long Ln,18.060809,-76.792274,29 May 2025,2025-05-29,1748476800.0,3,Thursday,5,22
29 may 2025,JM,A1 - North Coast Highway,18.476245,-77.663843,29 May 2025,2025-05-29,1748476800.0,3,Thursday,5,22
29 may 2025,JM,Municipal Blvd,18.001684,-76.895033,29 May 2025,2025-05-29,1748476800.0,3,Thursday,5,22
29 may 2025,JM,Hagley Park Rd,18.000396,-76.821696,29 May 2025,2025-05-29,1748476800.0,3,Thursday,5,22
29 may 2025,JM,East St,17.979158,-76.788998,29 May 2025,2025-05-29,1748476800.0,3,Thursday,5,22
29 may 2025,JM,Barnett St,18.470648,-77.922646,29 May 2025,2025-05-29,1748476800.0,3,Thursday,5,22
29 may 2025,JM,Harbour St,17.966055,-76.792,29 May 2025,2025-05-29,1748476800.0,3,Thursday,5,22
29 may 2025,JM,Knutsford Blvd,18.007376,-76.786824,29 May 2025,2025-05-29,1748476800.0,3,Thursday,5,22
29 may 2025,JM,Harbour St,17.966176,-76.793504,29 May 2025,2025-05-29,1748476800.0,3,Thursday,5,22
29 may 2025,JM,Navy Cr,17.957355,-76.93359,29 May 2025,2025-05-29,1748476800.0,3,Thursday,5,22
29 may 2025,JM,Hope Rd,18.017356,-76.784058,29 May 2025,2025-05-29,1748476800.0,3,Thursday,5,22
29 may 2025,JM,Montrose Rd,18.012205,-76.774216,29 May 2025,2025-05-29,1748476800.0,3,Thursday,5,22
29 may 2025,JM,A1 - Spanish Town Rd,18.014911,-76.843303,29 May 2025,2025-05-29,1748476800.0,3,Thursday,5,22
29 may 2025,JM,Seymour Ave,18.01305,-76.773916,29 May 2025,2025-05-29,1748476800.0,3,Thursday,5,22
29 may 2025,JM,Marcus Garvey Dr,17.990936,-76.828323,29 May 2025,2025-05-29,1748476800.0,3,Thursday,5,22
29 may 2025,JM,Michael Manley Blvd,17.968813,-76.756264,29 May 2025,2025-05-29,1748476800.0,3,Thursday,5,22
29 may 2025,JM,A1 - Three Mile Overpass,17.998581,-76.825746,29 May 2025,2025-05-29,1748476800.0,3,Thursday,5,22
29 may 2025,JM,Old Hope Rd,18.017606,-76.754621,29 May 2025,2025-05-29,1748476800.0,3,Thursday,5,22
29 may 2025,JM,Shortwood Rd,18.049645,-76.781178,29 May 2025,2025-05-29,1748476800.0,3,Thursday,5,22
29 may 2025,JM,Old Stoney Hill Rd,18.082142,-76.803233,29 May 2025,2025-05-29,1748476800.0,3,Thursday,5,22
29 may 2025,JM,Bernard Lodge Main Rd,17.990161,-76.946704,29 May 2025,2025-05-29,1748476800.0,3,Thursday,5,22
29 may 2025,JM,A1 - Spanish Town By-pass Rd,17.993962,-76.966442,29 May 2025,2025-05-29,1748476800.0,3,Thursday,5,22
29 may 2025,JM,Shortwood Rd,18.045366,-76.784072,29 May 2025,2025-05-29,1748476800.0,3,Thursday,5,22
29 may 2025,JM,Sligoville Main Rd,18.017903,-76.947111,29 May 2025,2025-05-29,1748476800.0,3,Thursday,5,22
29 may 2025,JM,Olympic Way,18.007577,-76.827815,29 May 2025,2025-05-29,1748476800.0,3,Thursday,5,22
29 may 2025,JM,Sligoville Road,18.093075,-76.971948,29 May 2025,2025-05-29,1748476800.0,3,Thursday,5,22
29 may 2025,JM,T1 (E) - East West Hwy,17.969441,-77.001264,29 May 2025,2025-05-29,1748476800.0,3,Thursday,5,22
29 may 2025,JM,A2 (E) - Washington Blvd,18.026204,-76.840442,29 May 2025,2025-05-29,1748476800.0,3,Thursday,5,22
29 may 2025,JM,A2 (W) - Melrose Hill Byp,18.065589,-77.461415,29 May 2025,2025-05-29,1748476800.0,3,Thursday,5,22
29 may 2025,JM,T1 (E) - East West Hwy,17.994929,-76.897924,29 May 2025,2025-05-29,1748476800.0,3,Thursday,5,22
29 may 2025,JM,T1 (E) - East West Hwy,17.921528,-77.156753,29 May 2025,2025-05-29,1748476800.0,3,Thursday,5,22
29 may 2025,JM,T1 (E) - East West Hwy,18.032707,-77.430612,29 May 2025,2025-05-29,1748476800.0,3,Thursday,5,22
29 may 2025,JM,T1 (E) - East West Hwy,17.936893,-77.230589,29 May 2025,2025-05-29,1748476800.0,3,Thursday,5,22
29 may 2025,JM,T3 - Edward Seaga Highway,18.182979,-77.040825,29 May 2025,2025-05-29,1748476800.0,3,Thursday,5,22
29 may 2025,JM,T1 (E) - East West Hwy,17.953111,-77.046414,29 May 2025,2025-05-29,1748476800.0,3,Thursday,5,22
29 may 2025,JM,Trafalgar Rd,18.007316,-76.779738,29 May 2025,2025-05-29,1748476800.0,3,Thursday,5,22
29 may 2025,JM,T1 (W) - East West Hwy,17.987189,-77.390773,29 May 2025,2025-05-29,1748476800.0,3,Thursday,5,22
29 may 2025,JM,Arcadia Dr,18.035179,-76.784273,29 May 2025,2025-05-29,1748476800.0,3,Thursday,5,22
29 may 2025,JM,T1 (W) - East West Hwy,17.94139,-77.065543,29 May 2025,2025-05-29,1748476800.0,3,Thursday,5,22
29 may 2025,JM,Wickham Ave,18.036254,-76.787654,29 May 2025,2025-05-29,1748476800.0,3,Thursday,5,22
29 may 2025,JM,T1 (W) - East West Hwy,17.924625,-77.167874,29 May 2025,2025-05-29,1748476800.0,3,Thursday,5,22
29 may 2025,JM,Bernard Lodge Main Rd,17.990094,-76.945781,29 May 2025,2025-05-29,1748476800.0,3,Thursday,5,22
29 may 2025,JM,A2 (W) - Melrose Hill Byp,18.060176,-77.449985,29 May 2025,2025-05-29,1748476800.0,3,Thursday,5,22
29 may 2025,JM,Burke Rd,17.994412,-76.946472,29 May 2025,2025-05-29,1748476800.0,3,Thursday,5,22
29 may 2025,JM,St. John's Rd,18.007548,-76.995193,29 May 2025,2025-05-29,1748476800.0,3,Thursday,5,22
29 may 2025,JM,B2 - Bog Walk to Natural Bridge Rd,18.127253,-76.989835,29 May 2025,2025-05-29,1748476800.0,3,Thursday,5,22
29 may 2025,JM,Port Henderson Rd,17.955108,-76.882335,29 May 2025,2025-05-29,1748476800.0,3,Thursday,5,22
29 may 2025,JM,A2 (W) - Melrose Hill Byp,18.057169,-77.447934,29 May 2025,2025-05-29,1748476800.0,3,Thursday,5,22
29 may 2025,JM,Constant Spring Gr,18.041716,-76.795307,29 May 2025,2025-05-29,1748476800.0,3,Thursday,5,22
29 may 2025,JM,T1 (W) - East West Hwy,17.962264,-77.279859,29 May 2025,2025-05-29,1748476800.0,3,Thursday,5,22
29 may 2025,JM,T1 (W) - East West Hwy,18.010882,-77.408886,29 May 2025,2025-05-29,1748476800.0,3,Thursday,5,22
29 may 2025,JM,Old Stony Hill Rd,18.066669,-76.79655,29 May 2025,2025-05-29,1748476800.0,3,Thursday,5,22
29 may 2025,JM,Hagley Park Rd,18.009729,-76.800139,29 May 2025,2025-05-29,1748476800.0,3,Thursday,5,22
29 may 2025,JM,T1 (W) - East West Hwy,17.926131,-77.169572,29 May 2025,2025-05-29,1748476800.0,3,Thursday,5,22
29 may 2025,JM,B8 - Anchovy to Shettlewood Rd,18.391978,-77.937536,29 May 2025,2025-05-29,1748476800.0,3,Thursday,5,22
29 may 2025,JM,A1 - Linstead Bypass,18.139393,-77.022488,29 May 2025,2025-05-29,1748476800.0,3,Thursday,5,22
29 may 2025,JM,T1 (W) - East West Hwy,17.95438,-77.038471,29 May 2025,2025-05-29,1748476800.0,3,Thursday,5,22
29 may 2025,JM,,17.992335,-76.965529,29 May 2025,2025-05-29,1748476800.0,3,Thursday,5,22
29 may 2025,JM,A2 - Winston Jones Highway,18.065667,-77.510173,29 May 2025,2025-05-29,1748476800.0,3,Thursday,5,22
29 may 2025,JM,A2 - Winston Jones Hwy,18.06724,-77.494459,29 May 2025,2025-05-29,1748476800.0,3,Thursday,5,22
29 may 2025,JM,T1 (W) - East West Hwy,17.995615,-77.396806,29 May 2025,2025-05-29,1748476800.0,3,Thursday,5,22
29 may 2025,JM,Waltham Park Rd,18.00125,-76.817192,29 May 2025,2025-05-29,1748476800.0,3,Thursday,5,22
29 may 2025,JM,Shortwood Rd,18.045623,-76.78394,29 May 2025,2025-05-29,1748476800.0,3,Thursday,5,22
29 may 2025,JM,Portmore Toll Plaza,17.968098,-76.852054,29 May 2025,2025-05-29,1748476800.0,3,Thursday,5,22
29 may 2025,JM,T2 Kingston - Portmore Toll Rd,17.970243,-76.848322,29 May 2025,2025-05-29,1748476800.0,3,Thursday,5,22
29 may 2025,JM,,18.226591,-78.225183,29 May 2025,2025-05-29,1748476800.0,3,Thursday,5,22
29 may 2025,JM,A2 W - Washington Blvd,18.027079,-76.808151,29 May 2025,2025-05-29,1748476800.0,3,Thursday,5,22
29 may 2025,JM,T2 Kingston - Portmore Toll Rd,17.97112,-76.846559,29 May 2025,2025-05-29,1748476800.0,3,Thursday,5,22
29 may 2025,JM,A1 - Spanish Town Rd,17.999559,-76.826634,29 May 2025,2025-05-29,1748476800.0,3,Thursday,5,22
29 may 2025,JM,T2 Kingston - Portmore Toll Rd,17.98162,-76.841243,29 May 2025,2025-05-29,1748476800.0,3,Thursday,5,22
29 may 2025,JM,Seymour Ave,18.01,-76.774903,29 May 2025,2025-05-29,1748476800.0,3,Thursday,5,22
29 may 2025,JM,T3 - Edward Seaga Highway,18.061239,-76.989692,29 May 2025,2025-05-29,1748476800.0,3,Thursday,5,22
29 may 2025,JM,A1 - Spanish Town Rd,18.002197,-76.829461,29 May 2025,2025-05-29,1748476800.0,3,Thursday,5,22
29 may 2025,JM,T1 (E) - East West Hwy,17.977063,-77.381266,29 May 2025,2025-05-29,1748476800.0,3,Thursday,5,22
29 may 2025,JM,A3 - Milford Rd,18.400346,-77.102033,29 May 2025,2025-05-29,1748476800.0,3,Thursday,5,22
29 may 2025,JM,T3 - Edward Seaga Highway,18.207277,-77.05344,29 May 2025,2025-05-29,1748476800.0,3,Thursday,5,22
29 may 2025,JM,T3 - Edward Seaga Highway,18.15837,-77.033506,29 May 2025,2025-05-29,1748476800.0,3,Thursday,5,22
29 may 2025,JM,T1 (W) - East West Hwy,17.927967,-77.171726,29 May 2025,2025-05-29,1748476800.0,3,Thursday,5,22
29 may 2025,JM,T3 - Edward Seaga Highway,18.286287,-77.125192,29 May 2025,2025-05-29,1748476800.0,3,Thursday,5,22
29 may 2025,JM,A2 - Old Harbour Rd,17.974432,-77.01458,29 May 2025,2025-05-29,1748476800.0,3,Thursday,5,22
29 may 2025,JM,T3 - Edward Seaga Highway,18.095969,-77.010077,29 May 2025,2025-05-29,1748476800.0,3,Thursday,5,22
29 may 2025,JM,A3 - Oracabessa to White River Rd,18.407699,-77.012754,29 May 2025,2025-05-29,1748476800.0,3,Thursday,5,22
29 may 2025,JM,A1 - Spanish Town By-pass Rd,17.991943,-76.965323,29 May 2025,2025-05-29,1748476800.0,3,Thursday,5,22
29 may 2025,JM,A2 - Old Harbour Rd,17.991099,-76.976109,29 May 2025,2025-05-29,1748476800.0,3,Thursday,5,22
29 may 2025,JM,T3 - Edward Seaga Highway,18.215219,-77.072461,29 May 2025,2025-05-29,1748476800.0,3,Thursday,5,22
29 may 2025,JM,T1 (E) - East West Hwy,17.979837,-77.385137,29 May 2025,2025-05-29,1748476800.0,3,Thursday,5,22
29 may 2025,JM,T3 - Edward Seaga Highway,18.20825,-77.05641,29 May 2025,2025-05-29,1748476800.0,3,Thursday,5,22
29 may 2025,JM,A2 - Old Harbour Rd,17.989448,-76.983224,29 May 2025,2025-05-29,1748476800.0,3,Thursday,5,22
29 may 2025,JM,A3 - Stennett St,18.362308,-76.894058,29 May 2025,2025-05-29,1748476800.0,3,Thursday,5,22
29 may 2025,JM,A2 - Old Harbour Rd,17.9663,-77.030688,29 May 2025,2025-05-29,1748476800.0,3,Thursday,5,22
29 may 2025,JM,T3 - Edward Seaga Highway,18.12676,-77.040975,29 May 2025,2025-05-29,1748476800.0,3,Thursday,5,22
29 may 2025,JM,A2 - Old Harbour Rd,17.991191,-76.975553,29 May 2025,2025-05-29,1748476800.0,3,Thursday,5,22
29 may 2025,JM,T3 - Edward Seaga Highway,18.41139,-77.165363,29 May 2025,2025-05-29,1748476800.0,3,Thursday,5,22
29 may 2025,JM,T3 - Edward Seaga Highway,18.032351,-76.954237,29 May 2025,2025-05-29,1748476800.0,3,Thursday,5,22
29 may 2025,JM,A3 - Banana St,18.379011,-76.893624,29 May 2025,2025-05-29,1748476800.0,3,Thursday,5,22
29 may 2025,JM,T3 - Edward Seaga Highway,18.120048,-77.040649,29 May 2025,2025-05-29,1748476800.0,3,Thursday,5,22
29 may 2025,JM,T3 - Edward Seaga Highway,18.393437,-77.168364,29 May 2025,2025-05-29,1748476800.0,3,Thursday,5,22
29 may 2025,JM,A3 - Ocho Rios Byp,18.412338,-77.076942,29 May 2025,2025-05-29,1748476800.0,3,Thursday,5,22
29 may 2025,JM,T3 - Edward Seaga Highway,18.206808,-77.046695,29 May 2025,2025-05-29,1748476800.0,3,Thursday,5,22
29 may 2025,JM,Braeton Parkway,17.964435,-76.893743,29 May 2025,2025-05-29,1748476800.0,3,Thursday,5,22
29 may 2025,JM,T3 - Edward Seaga Highway,18.21681,-77.074544,29 May 2025,2025-05-29,1748476800.0,3,Thursday,5,22
29 may 2025,JM,A3 - Stony Hill Rd,18.090656,-76.802417,29 May 2025,2025-05-29,1748476800.0,3,Thursday,5,22
29 may 2025,JM,T3 - Edward Seaga Highway,18.034463,-76.957481,29 May 2025,2025-05-29,1748476800.0,3,Thursday,5,22
29 may 2025,JM,A3 - Stennett St,18.358479,-76.89835,29 May 2025,2025-05-29,1748476800.0,3,Thursday,5,22
29 may 2025,JM,Chelsea Ave,18.007901,-76.791371,29 May 2025,2025-05-29,1748476800.0,3,Thursday,5,22
29 may 2025,JM,T1 (W) - East West Hwy,17.998535,-77.399778,29 May 2025,2025-05-29,1748476800.0,3,Thursday,5,22
29 may 2025,JM,A4 - Golden Grove to Belle Castle Rd,17.933207,-76.274046,29 May 2025,2025-05-29,1748476800.0,3,Thursday,5,22
29 may 2025,JM,,17.966447,-76.856517,29 May 2025,2025-05-29,1748476800.0,3,Thursday,5,22
29 may 2025,JM,A1 - Howard Cook Blvd,18.46577,-77.924404,29 May 2025,2025-05-29,1748476800.0,3,Thursday,5,22
29 may 2025,JM,A4 - Hope Bay to Orange Bay Rd,18.203709,-76.576607,29 May 2025,2025-05-29,1748476800.0,3,Thursday,5,22
29 may 2025,JM,T3 - Edward Seaga Highway,18.034921,-76.964245,29 May 2025,2025-05-29,1748476800.0,3,Thursday,5,22
29 may 2025,JM,T3 - Edward Seaga Highway,18.024737,-76.916729,29 May 2025,2025-05-29,1748476800.0,3,Thursday,5,22
29 may 2025,JM,A3 - Stennett St,18.360941,-76.894699,29 May 2025,2025-05-29,1748476800.0,3,Thursday,5,22
29 may 2025,JM,Anderson Dr,17.96206,-77.248436,29 May 2025,2025-05-29,1748476800.0,3,Thursday,5,22
29 may 2025,JM,T3 - Edward Seaga Highway,18.183361,-77.040708,29 May 2025,2025-05-29,1748476800.0,3,Thursday,5,22
29 may 2025,JM,East Bell Rd,17.991633,-76.821988,29 May 2025,2025-05-29,1748476800.0,3,Thursday,5,22
29 may 2025,JM,A1 - North Coast Highway,18.513142,-77.766936,29 May 2025,2025-05-29,1748476800.0,3,Thursday,5,22
29 may 2025,JM,T3 - Edward Seaga Highway,18.421904,-77.158246,29 May 2025,2025-05-29,1748476800.0,3,Thursday,5,22
29 may 2025,JM,Asquith St,17.982665,-76.797514,29 May 2025,2025-05-29,1748476800.0,3,Thursday,5,22
29 may 2025,JM,T3 - Edward Seaga Highway,18.206942,-77.048041,29 May 2025,2025-05-29,1748476800.0,3,Thursday,5,22
29 may 2025,JM,A4 - Boundbrook to Rio Grande Rd,18.20207,-76.501133,29 May 2025,2025-05-29,1748476800.0,3,Thursday,5,22
29 may 2025,JM,T3 - Edward Seaga Highway,18.085975,-77.012136,29 May 2025,2025-05-29,1748476800.0,3,Thursday,5,22
29 may 2025,JM,T3 - Edward Seaga Highway,18.397649,-77.168087,29 May 2025,2025-05-29,1748476800.0,3,Thursday,5,22
29 may 2025,JM,A4 - Grants Pen to Albion Rd,17.903688,-76.620015,29 May 2025,2025-05-29,1748476800.0,3,Thursday,5,22
29 may 2025,JM,T3 - Edward Seaga Highway,18.043977,-76.978202,29 May 2025,2025-05-29,1748476800.0,3,Thursday,5,22
29 may 2025,JM,B6,18.172739,-77.673428,29 May 2025,2025-05-29,1748476800.0,3,Thursday,5,22
29 may 2025,JM,T3 - Edward Seaga Highway,18.026728,-76.93089,29 May 2025,2025-05-29,1748476800.0,3,Thursday,5,22
29 may 2025,JM,to T3 S,18.159703,-77.034013,29 May 2025,2025-05-29,1748476800.0,3,Thursday,5,22
29 may 2025,JM,Braeton Rd,17.952868,-76.905732,29 May 2025,2025-05-29,1748476800.0,3,Thursday,5,22
29 may 2025,JM,T3 - Edward Seaga Highway,18.034919,-76.964337,29 May 2025,2025-05-29,1748476800.0,3,Thursday,5,22
29 may 2025,JM,Fort Augusta Dr,17.952585,-76.8794,29 May 2025,2025-05-29,1748476800.0,3,Thursday,5,22
29 may 2025,JM,T3 - Edward Seaga Highway,18.079328,-76.999971,29 May 2025,2025-05-29,1748476800.0,3,Thursday,5,22
29 may 2025,JM,Caledonia Rd,18.065149,-77.468582,29 May 2025,2025-05-29,1748476800.0,3,Thursday,5,22
29 may 2025,JM,T3 - Edward Seaga Highway,18.120534,-77.040555,29 May 2025,2025-05-29,1748476800.0,3,Thursday,5,22
29 may 2025,JM,A4 - Hope Bay to Orange Bay Rd,18.205443,-76.589211,29 May 2025,2025-05-29,1748476800.0,3,Thursday,5,22
29 may 2025,JM,T1 (W) - East West Hwy,17.979117,-77.384282,29 May 2025,2025-05-29,1748476800.0,3,Thursday,5,22
29 may 2025,JM,Chesterfield Dr,18.006509,-76.836728,29 May 2025,2025-05-29,1748476800.0,3,Thursday,5,22
29 may 2025,JM,T3 - Edward Seaga Highway,18.02735,-76.936225,29 May 2025,2025-05-29,1748476800.0,3,Thursday,5,22
29 may 2025,JM,A1 - Spanish Town Rd,17.975698,-76.800652,29 May 2025,2025-05-29,1748476800.0,3,Thursday,5,22
29 may 2025,JM,Colbeck Junction to Planters Road,17.953681,-77.127635,29 May 2025,2025-05-29,1748476800.0,3,Thursday,5,22
29 may 2025,JM,T3 - Edward Seaga Highway,18.385481,-77.157722,29 May 2025,2025-05-29,1748476800.0,3,Thursday,5,22
29 may 2025,JM,,17.993301,-76.918535,29 May 2025,2025-05-29,1748476800.0,3,Thursday,5,22
29 may 2025,JM,A4 - Hope Bay to Orange Bay Rd,18.207152,-76.581646,29 May 2025,2025-05-29,1748476800.0,3,Thursday,5,22
29 may 2025,JM,Colbeck Junction to Planters Road,17.955682,-77.128543,29 May 2025,2025-05-29,1748476800.0,3,Thursday,5,22
29 may 2025,JM,Gravel Ground to Parnassus Rd,17.901529,-77.277221,29 May 2025,2025-05-29,1748476800.0,3,Thursday,5,22
29 may 2025,JM,Fort Augusta Dr,17.958916,-76.865406,29 May 2025,2025-05-29,1748476800.0,3,Thursday,5,22
29 may 2025,JM,T3 - Edward Seaga Highway,18.084051,-77.009407,29 May 2025,2025-05-29,1748476800.0,3,Thursday,5,22
29 may 2025,JM,Farringdon Cr,18.03332,-76.765815,29 May 2025,2025-05-29,1748476800.0,3,Thursday,5,22
29 may 2025,JM,T3 - Edward Seaga Highway,18.098364,-77.014705,29 May 2025,2025-05-29,1748476800.0,3,Thursday,5,22
29 may 2025,JM,T3 - Edward Seaga Highway,18.095828,-77.009981,29 May 2025,2025-05-29,1748476800.0,3,Thursday,5,22
29 may 2025,JM,Foga Rd,17.964857,-77.275219,29 May 2025,2025-05-29,1748476800.0,3,Thursday,5,22
29 may 2025,JM,T3 - Edward Seaga Highway,18.090146,-77.011146,29 May 2025,2025-05-29,1748476800.0,3,Thursday,5,22
29 may 2025,JM,A2 - Old Harbour Rd,17.99244,-76.971492,29 May 2025,2025-05-29,1748476800.0,3,Thursday,5,22
29 may 2025,JM,Four Path to Toll Gate Rd,17.968769,-77.304622,29 May 2025,2025-05-29,1748476800.0,3,Thursday,5,22
29 may 2025,JM,A1 - Spanish Town By-pass Rd,17.988572,-76.943735,29 May 2025,2025-05-29,1748476800.0,3,Thursday,5,22
29 may 2025,JM,A1 - Spanish Town Rd,18.006837,-76.834747,29 May 2025,2025-05-29,1748476800.0,3,Thursday,5,22
29 may 2025,JM,A2 - Green Park to Freetown Rd,17.917159,-77.145496,29 May 2025,2025-05-29,1748476800.0,3,Thursday,5,22
29 may 2025,JM,Fort Augusta Dr,17.953964,-76.870965,29 May 2025,2025-05-29,1748476800.0,3,Thursday,5,22
29 may 2025,JM,A2 - Porus Main Rd,18.034454,-77.408864,29 May 2025,2025-05-29,1748476800.0,3,Thursday,5,22
29 may 2025,JM,A2 - Old Harbour Rd,17.972444,-77.020266,29 May 2025,2025-05-29,1748476800.0,3,Thursday,5,22
29 may 2025,JM,Hillside,18.044452,-76.83447,29 May 2025,2025-05-29,1748476800.0,3,Thursday,5,22
29 may 2025,JM,A2 - Old Harbour Rd,17.988686,-76.985167,29 May 2025,2025-05-29,1748476800.0,3,Thursday,5,22
29 may 2025,JM,A2 W - Washington Blvd,18.026758,-76.816695,29 May 2025,2025-05-29,1748476800.0,3,Thursday,5,22
29 may 2025,JM,A4 - Rio Grande to Hope Bay Rd,18.202754,-76.565331,29 May 2025,2025-05-29,1748476800.0,3,Thursday,5,22
29 may 2025,JM,Barbican Rd,18.031059,-76.77639,29 May 2025,2025-05-29,1748476800.0,3,Thursday,5,22
29 may 2025,JM,A1 (W) - Nelson Mandela Highway,18.016881,-76.88656,29 May 2025,2025-05-29,1748476800.0,3,Thursday,5,22
29 may 2025,JM,Crane Blvd,18.457875,-77.928092,29 May 2025,2025-05-29,1748476800.0,3,Thursday,5,22
29 may 2025,JM,A3 - Constant Spring Rd,18.014034,-76.797683,29 May 2025,2025-05-29,1748476800.0,3,Thursday,5,22
29 may 2025,JM,A3 - Half Way Tree Rd,18.001866,-76.791882,29 May 2025,2025-05-29,1748476800.0,3,Thursday,5,22
29 may 2025,JM,Dyke Rd,18.00336,-76.886595,29 May 2025,2025-05-29,1748476800.0,3,Thursday,5,22
29 may 2025,JM,A3 - Half Way Tree Rd,18.005058,-76.793431,29 May 2025,2025-05-29,1748476800.0,3,Thursday,5,22
29 may 2025,JM,A3 - Half Way Tree Rd,18.000193,-76.791104,29 May 2025,2025-05-29,1748476800.0,3,Thursday,5,22
29 may 2025,JM,Oakland Rd,17.997352,-76.815561,29 May 2025,2025-05-29,1748476800.0,3,Thursday,5,22
29 may 2025,JM,Dyke Rd,18.003342,-76.886874,29 May 2025,2025-05-29,1748476800.0,3,Thursday,5,22
29 may 2025,JM,Fernleigh Ave,17.966307,-77.245517,29 May 2025,2025-05-29,1748476800.0,3,Thursday,5,22
29 may 2025,JM,,18.466312,-77.895357,29 May 2025,2025-05-29,1748476800.0,3,Thursday,5,22
29 may 2025,JM,Grants Pen Rd,18.030421,-76.788043,29 May 2025,2025-05-29,1748476800.0,3,Thursday,5,22
29 may 2025,JM,West Ave,18.032897,-76.798239,29 May 2025,2025-05-29,1748476800.0,3,Thursday,5,22
29 may 2025,JM,Marcus Garvey Dr,17.987302,-76.826454,29 May 2025,2025-05-29,1748476800.0,3,Thursday,5,22
29 may 2025,JM,,17.992774,-76.965472,29 May 2025,2025-05-29,1748476800.0,3,Thursday,5,22
29 may 2025,JM,Port Henderson Rd,17.958733,-76.888821,29 May 2025,2025-05-29,1748476800.0,3,Thursday,5,22
29 may 2025,JM,Salt Pond Rd,17.976709,-76.942918,29 May 2025,2025-05-29,1748476800.0,3,Thursday,5,22
29 may 2025,JM,A2 - Santa Cruz Main St,18.054327,-77.701385,29 May 2025,2025-05-29,1748476800.0,3,Thursday,5,22
29 may 2025,JM,,17.993038,-76.966447,29 May 2025,2025-05-29,1748476800.0,3,Thursday,5,22
29 may 2025,JM,T1 (E) - East West Hwy,17.97347,-76.956449,29 May 2025,2025-05-29,1748476800.0,3,Thursday,5,22
29 may 2025,JM,Exchange Rd,18.412041,-77.071097,29 May 2025,2025-05-29,1748476800.0,3,Thursday,5,22
29 may 2025,JM,Worthington Ave,18.007335,-76.781544,29 May 2025,2025-05-29,1748476800.0,3,Thursday,5,22
29 may 2025,JM,T1 (E) - East West Hwy,17.97346,-76.978336,29 May 2025,2025-05-29,1748476800.0,3,Thursday,5,22
29 may 2025,JM,,17.939597,-77.119366,29 May 2025,2025-05-29,1748476800.0,3,Thursday,5,22
29 may 2025,JM,T1 (E) - East West Hwy,17.973464,-76.958136,29 May 2025,2025-05-29,1748476800.0,3,Thursday,5,22
29 may 2025,JM,T1 (E) - East West Hwy,17.932076,-77.207667,29 May 2025,2025-05-29,1748476800.0,3,Thursday,5,22
29 may 2025,JM,,17.993288,-76.965288,29 May 2025,2025-05-29,1748476800.0,3,Thursday,5,22
29 may 2025,JM,T1 (E) - East West Hwy,17.925523,-77.133563,29 May 2025,2025-05-29,1748476800.0,3,Thursday,5,22
29 may 2025,JM,,17.993301,-76.918533,29 May 2025,2025-05-29,1748476800.0,3,Thursday,5,22
29 may 2025,JM,T1 (E) - East West Hwy,18.015302,-77.413277,29 May 2025,2025-05-29,1748476800.0,3,Thursday,5,22
29 may 2025,JM,A1 - Howard Cook Blvd,18.466773,-77.923914,29 May 2025,2025-05-29,1748476800.0,3,Thursday,5,22
29 may 2025,JM,T1 (E) - East West Hwy,18.005724,-77.406487,29 May 2025,2025-05-29,1748476800.0,3,Thursday,5,22
29 may 2025,JM,T1 (E) - East West Hwy,17.971892,-76.99625,29 May 2025,2025-05-29,1748476800.0,3,Thursday,5,22
29 may 2025,JM,A1 - Kew Bridge to Great River Rd,18.451002,-78.075369,29 May 2025,2025-05-29,1748476800.0,3,Thursday,5,22
29 may 2025,JM,T1 (E) - East West Hwy,17.962129,-77.015564,29 May 2025,2025-05-29,1748476800.0,3,Thursday,5,22
29 may 2025,JM,Grants Pen Rd,18.030614,-76.788505,29 May 2025,2025-05-29,1748476800.0,3,Thursday,5,22
29 may 2025,JM,A2 - Spur Tree Rd,18.009401,-77.582929,29 May 2025,2025-05-29,1748476800.0,3,Thursday,5,22
29 may 2025,JM,T1 (E) - East West Hwy,17.936296,-77.228124,29 May 2025,2025-05-29,1748476800.0,3,Thursday,5,22
29 may 2025,JM,A1 - Kew Bridge to Great River Rd,18.448052,-78.095433,29 May 2025,2025-05-29,1748476800.0,3,Thursday,5,22
29 may 2025,JM,T1 (E) - East West Hwy,18.029198,-77.425782,29 May 2025,2025-05-29,1748476800.0,3,Thursday,5,22
29 may 2025,JM,T1 (E) - East West Hwy,17.973248,-76.991269,29 May 2025,2025-05-29,1748476800.0,3,Thursday,5,22
29 may 2025,JM,A1 - Kew Bridge to Great River Rd,18.451807,-78.066055,29 May 2025,2025-05-29,1748476800.0,3,Thursday,5,22
29 may 2025,JM,T1 (E) - East West Hwy,17.93431,-77.219807,29 May 2025,2025-05-29,1748476800.0,3,Thursday,5,22
29 may 2025,JM,B3 - Runaway Bay to Orange Valley Rd,18.432282,-77.364337,29 May 2025,2025-05-29,1748476800.0,3,Thursday,5,22
29 may 2025,JM,T1 (E) - East West Hwy,17.980713,-77.386243,29 May 2025,2025-05-29,1748476800.0,3,Thursday,5,22
29 may 2025,JM,A1 - Kew Bridge to Lucea Rd,18.453463,-78.114623,29 May 2025,2025-05-29,1748476800.0,3,Thursday,5,22
29 may 2025,JM,T1 (E) - East West Hwy,17.999233,-77.400346,29 May 2025,2025-05-29,1748476800.0,3,Thursday,5,22
29 may 2025,JM,T1 (E) - East West Hwy,17.973462,-76.958578,29 May 2025,2025-05-29,1748476800.0,3,Thursday,5,22
29 may 2025,JM,A2 - Winston Jones Highway,18.067718,-77.50617,29 May 2025,2025-05-29,1748476800.0,3,Thursday,5,22
29 may 2025,JM,A1 - Kew Bridge to Lucea Rd,18.443099,-78.153304,29 May 2025,2025-05-29,1748476800.0,3,Thursday,5,22
29 may 2025,JM,T1 (W) - East West Hwy,17.97337,-76.965895,29 May 2025,2025-05-29,1748476800.0,3,Thursday,5,22
29 may 2025,JM,Hope Rd,18.013464,-76.790507,29 May 2025,2025-05-29,1748476800.0,3,Thursday,5,22
29 may 2025,JM,Herb McKenly Dr,18.002993,-76.775131,29 May 2025,2025-05-29,1748476800.0,3,Thursday,5,22
29 may 2025,JM,A1 - Howard Cook Blvd,18.467812,-77.923925,29 May 2025,2025-05-29,1748476800.0,3,Thursday,5,22
29 may 2025,JM,T1 (W) - East West Hwy,17.976409,-76.941907,29 May 2025,2025-05-29,1748476800.0,3,Thursday,5,22
29 may 2025,JM,> Three Miles,17.991204,-76.828672,29 May 2025,2025-05-29,1748476800.0,3,Thursday,5,22
29 may 2025,JM,A1 - Spanish Town Rd,18.002117,-76.829375,29 May 2025,2025-05-29,1748476800.0,3,Thursday,5,22
29 may 2025,JM,T1 (W) - East West Hwy,17.929117,-77.178129,29 May 2025,2025-05-29,1748476800.0,3,Thursday,5,22
29 may 2025,JM,T1 (W) - East West Hwy,18.012845,-76.891798,29 May 2025,2025-05-29,1748476800.0,3,Thursday,5,22
29 may 2025,JM,A2 - Old Harbour Rd,17.992145,-76.972371,29 May 2025,2025-05-29,1748476800.0,3,Thursday,5,22
29 may 2025,JM,T1 (W) - East West Hwy,18.033883,-77.432662,29 May 2025,2025-05-29,1748476800.0,3,Thursday,5,22
29 may 2025,JM,A1 - Bog Walk to Ewarton Rd,18.167417,-77.05075,29 May 2025,2025-05-29,1748476800.0,3,Thursday,5,22
29 may 2025,JM,T1 (W) - East West Hwy,17.969734,-77.37105,29 May 2025,2025-05-29,1748476800.0,3,Thursday,5,22
29 may 2025,JM,A2 - Spur Tree Rd,17.995099,-77.562698,29 May 2025,2025-05-29,1748476800.0,3,Thursday,5,22
29 may 2025,JM,T1 (W) East West Hwy,17.964698,-77.360398,29 May 2025,2025-05-29,1748476800.0,3,Thursday,5,22
29 may 2025,JM,T1 - East West Hwy,18.004118,-76.895016,29 May 2025,2025-05-29,1748476800.0,3,Thursday,5,22
29 may 2025,JM,A2 - Spur Tree Rd,18.001808,-77.554825,29 May 2025,2025-05-29,1748476800.0,3,Thursday,5,22
29 may 2025,JM,T2 Kingston - Portmore Toll Rd,17.977814,-76.841365,29 May 2025,2025-05-29,1748476800.0,3,Thursday,5,22
29 may 2025,JM,Job Ln,18.004817,-76.985821,29 May 2025,2025-05-29,1748476800.0,3,Thursday,5,22
29 may 2025,JM,A1 - Moneague to Mount Diablo Rd,18.2369,-77.094788,29 May 2025,2025-05-29,1748476800.0,3,Thursday,5,22
29 may 2025,JM,T3 - Edward Seaga Highway,18.409649,-77.169886,29 May 2025,2025-05-29,1748476800.0,3,Thursday,5,22
29 may 2025,JM,A2 - Spur Tree Rd,18.00657,-77.585496,29 May 2025,2025-05-29,1748476800.0,3,Thursday,5,22
29 may 2025,JM,T3 - Edward Seaga Highway,18.244278,-77.09701,29 May 2025,2025-05-29,1748476800.0,3,Thursday,5,22
29 may 2025,JM,T3 - Edward Seaga Highway,18.079942,-77.004917,29 May 2025,2025-05-29,1748476800.0,3,Thursday,5,22
29 may 2025,JM,A3 - Ballards Valley to Trinity Rd,18.351366,-76.898837,29 May 2025,2025-05-29,1748476800.0,3,Thursday,5,22
29 may 2025,JM,T3 - Edward Seaga Highway,18.028308,-76.945505,29 May 2025,2025-05-29,1748476800.0,3,Thursday,5,22
29 may 2025,JM,A1 - North Coast Highway,18.437711,-77.198016,29 May 2025,2025-05-29,1748476800.0,3,Thursday,5,22
29 may 2025,JM,T3 - Edward Seaga Highway,18.047981,-76.980875,29 May 2025,2025-05-29,1748476800.0,3,Thursday,5,22
29 may 2025,JM,A3 - Junction Main Rd,18.098047,-76.811999,29 May 2025,2025-05-29,1748476800.0,3,Thursday,5,22
29 may 2025,JM,T3 - Edward Seaga Highway,18.033534,-76.955931,29 May 2025,2025-05-29,1748476800.0,3,Thursday,5,22
29 may 2025,JM,T3 - Edward Seaga Highway,18.07751,-76.999197,29 May 2025,2025-05-29,1748476800.0,3,Thursday,5,22
29 may 2025,JM,A4 - Church St,17.880337,-76.412721,29 May 2025,2025-05-29,1748476800.0,3,Thursday,5,22
29 may 2025,JM,A3 - Ocho Rios Byp,18.410046,-77.08572,29 May 2025,2025-05-29,1748476800.0,3,Thursday,5,22
29 may 2025,JM,T3 - Edward Seaga Highway,18.030723,-76.950754,29 May 2025,2025-05-29,1748476800.0,3,Thursday,5,22
29 may 2025,JM,Kerr Cr,18.46678,-77.914702,29 May 2025,2025-05-29,1748476800.0,3,Thursday,5,22
29 may 2025,JM,A2 (W) - Melrose Hill Byp,18.05528,-77.44294,29 May 2025,2025-05-29,1748476800.0,3,Thursday,5,22
29 may 2025,JM,T3 - Edward Seaga Highway,18.039997,-76.970645,29 May 2025,2025-05-29,1748476800.0,3,Thursday,5,22
29 may 2025,JM,A3 - Stony Hill Rd,18.092111,-76.802864,29 May 2025,2025-05-29,1748476800.0,3,Thursday,5,22
29 may 2025,JM,T3 - Edward Seaga Highway,18.049896,-76.981972,29 May 2025,2025-05-29,1748476800.0,3,Thursday,5,22
29 may 2025,JM,T3 - Edward Seaga Highway,18.207913,-77.055259,29 May 2025,2025-05-29,1748476800.0,3,Thursday,5,22
29 may 2025,JM,Aloe Rd,18.014311,-76.820762,29 May 2025,2025-05-29,1748476800.0,3,Thursday,5,22
29 may 2025,JM,T3 - Edward Seaga Highway,18.198673,-77.037304,29 May 2025,2025-05-29,1748476800.0,3,Thursday,5,22
29 may 2025,JM,B3 - Runaway Bay to Orange Valley Rd,18.431896,-77.364818,29 May 2025,2025-05-29,1748476800.0,3,Thursday,5,22
29 may 2025,JM,T3 - Edward Seaga Highway,18.044148,-76.978284,29 May 2025,2025-05-29,1748476800.0,3,Thursday,5,22
29 may 2025,JM,B8 - Anchovy to Shettlewood Rd,18.398883,-77.93908,29 May 2025,2025-05-29,1748476800.0,3,Thursday,5,22
29 may 2025,JM,T3 - Edward Seaga Highway,18.278764,-77.121679,29 May 2025,2025-05-29,1748476800.0,3,Thursday,5,22
29 may 2025,JM,T3 - Edward Seaga Highway,18.178132,-77.042535,29 May 2025,2025-05-29,1748476800.0,3,Thursday,5,22
29 may 2025,JM,B9 - Riley to Glasgow (via Dias) Rd,18.388738,-78.198992,29 May 2025,2025-05-29,1748476800.0,3,Thursday,5,22
29 may 2025,JM,T3 - Edward Seaga Highway,18.042076,-76.973219,29 May 2025,2025-05-29,1748476800.0,3,Thursday,5,22
29 may 2025,JM,Knutsford Blvd,18.003825,-76.788277,29 May 2025,2025-05-29,1748476800.0,3,Thursday,5,22
29 may 2025,JM,B7 - Shettlewood to Chester Castle Rd,18.333681,-77.948765,29 May 2025,2025-05-29,1748476800.0,3,Thursday,5,22
29 may 2025,JM,T3 - Edward Seaga Highway,18.049306,-76.981634,29 May 2025,2025-05-29,1748476800.0,3,Thursday,5,22
29 may 2025,JM,Barbican Rd,18.031041,-76.785125,29 May 2025,2025-05-29,1748476800.0,3,Thursday,5,22
29 may 2025,JM,T3 - Edward Seaga Highway,18.20681,-77.046703,29 May 2025,2025-05-29,1748476800.0,3,Thursday,5,22
29 may 2025,JM,T3 - Edward Seaga Highway,18.212988,-77.069924,29 May 2025,2025-05-29,1748476800.0,3,Thursday,5,22
29 may 2025,JM,Caledonia Rd,18.066439,-77.468596,29 May 2025,2025-05-29,1748476800.0,3,Thursday,5,22
29 may 2025,JM,T3 - Edward Seaga Highway,18.121611,-77.040349,29 May 2025,2025-05-29,1748476800.0,3,Thursday,5,22
29 may 2025,JM,Bay Farm Rd,18.013993,-76.822343,29 May 2025,2025-05-29,1748476800.0,3,Thursday,5,22
29 may 2025,JM,T3 - Edward Seaga Highway,18.292785,-77.131574,29 May 2025,2025-05-29,1748476800.0,3,Thursday,5,22
29 may 2025,JM,Caledonia Rd,18.060633,-77.469818,29 May 2025,2025-05-29,1748476800.0,3,Thursday,5,22
29 may 2025,JM,T3 - Edward Seaga Highway,18.299915,-77.135948,29 May 2025,2025-05-29,1748476800.0,3,Thursday,5,22
29 may 2025,JM,T3 - Edward Seaga Highway,18.188981,-77.038995,29 May 2025,2025-05-29,1748476800.0,3,Thursday,5,22
29 may 2025,JM,A4 - Windward Rd,17.972962,-76.762413,29 May 2025,2025-05-29,1748476800.0,3,Thursday,5,22
29 may 2025,JM,Caledonia Road,18.055932,-77.478164,29 May 2025,2025-05-29,1748476800.0,3,Thursday,5,22
29 may 2025,JM,T3 - Edward Seaga Highway,18.027506,-76.938792,29 May 2025,2025-05-29,1748476800.0,3,Thursday,5,22
29 may 2025,JM,Main St,17.963931,-77.238481,29 May 2025,2025-05-29,1748476800.0,3,Thursday,5,22
29 may 2025,JM,Braemar Ave,18.011368,-76.781286,29 May 2025,2025-05-29,1748476800.0,3,Thursday,5,22
29 may 2025,JM,A1 - Spanish Town By-pass Rd,17.988666,-76.943583,29 May 2025,2025-05-29,1748476800.0,3,Thursday,5,22
29 may 2025,JM,T3 - Edward Seaga Highway,18.22317,-77.082896,29 May 2025,2025-05-29,1748476800.0,3,Thursday,5,22
29 may 2025,JM,Collie Smith Dr,17.982346,-76.804155,29 May 2025,2025-05-29,1748476800.0,3,Thursday,5,22
29 may 2025,JM,T3 - Edward Seaga Highway,18.281204,-77.122439,29 May 2025,2025-05-29,1748476800.0,3,Thursday,5,22
29 may 2025,JM,T3 - Edward Seaga Highway,18.080032,-77.005419,29 May 2025,2025-05-29,1748476800.0,3,Thursday,5,22
29 may 2025,JM,Darliston to Woodstock Rd,18.242892,-77.969226,29 May 2025,2025-05-29,1748476800.0,3,Thursday,5,22
29 may 2025,JM,T3 - Edward Seaga Highway,18.206763,-77.04652,29 May 2025,2025-05-29,1748476800.0,3,Thursday,5,22
29 may 2025,JM,A1 - Spanish Town Rd,18.012655,-76.841081,29 May 2025,2025-05-29,1748476800.0,3,Thursday,5,22
29 may 2025,JM,T3 - Edward Seaga Highway,18.120536,-77.040554,29 May 2025,2025-05-29,1748476800.0,3,Thursday,5,22
29 may 2025,JM,Dyke Rd,18.00368,-76.892937,29 May 2025,2025-05-29,1748476800.0,3,Thursday,5,22
29 may 2025,JM,Dyke Rd,17.988191,-76.866686,29 May 2025,2025-05-29,1748476800.0,3,Thursday,5,22
29 may 2025,JM,T3 - Edward Seaga Highway,18.09945,-77.021793,29 May 2025,2025-05-29,1748476800.0,3,Thursday,5,22
29 may 2025,JM,Fairfield Dr,18.012571,-76.988161,29 May 2025,2025-05-29,1748476800.0,3,Thursday,5,22
29 may 2025,JM,2nd St,17.980386,-76.821262,29 May 2025,2025-05-29,1748476800.0,3,Thursday,5,22
29 may 2025,JM,Molynes Rd,18.024742,-76.821347,29 May 2025,2025-05-29,1748476800.0,3,Thursday,5,22
29 may 2025,JM,Municipal Blvd,17.963945,-76.901676,29 May 2025,2025-05-29,1748476800.0,3,Thursday,5,22
29 may 2025,JM,9th Ave,17.987168,-76.828339,29 May 2025,2025-05-29,1748476800.0,3,Thursday,5,22
29 may 2025,JM,Fort Augusta Dr,17.952533,-76.87934,29 May 2025,2025-05-29,1748476800.0,3,Thursday,5,22
29 may 2025,JM,A1 (W) - Nelson Mandela Highway,18.023575,-76.875982,29 May 2025,2025-05-29,1748476800.0,3,Thursday,5,22
29 may 2025,JM,A1 (W) - Nelson Mandela Highway,18.019473,-76.882741,29 May 2025,2025-05-29,1748476800.0,3,Thursday,5,22
29 may 2025,JM,Gordon Blvd,18.008674,-76.960685,29 May 2025,2025-05-29,1748476800.0,3,Thursday,5,22
29 may 2025,JM,A1 - Jimmy Cliff Blvd,18.482067,-77.929401,29 May 2025,2025-05-29,1748476800.0,3,Thursday,5,22
29 may 2025,JM,Norwood Gardens Blvd,18.498089,-77.88463,29 May 2025,2025-05-29,1748476800.0,3,Thursday,5,22
29 may 2025,JM,A1 - Spanish Town By-pass Rd,17.996221,-76.9676,29 May 2025,2025-05-29,1748476800.0,3,Thursday,5,22
29 may 2025,JM,Gordon Blvd,18.022963,-76.959415,29 May 2025,2025-05-29,1748476800.0,3,Thursday,5,22
29 may 2025,JM,A2 - Old Harbour Rd,17.986564,-76.993355,29 May 2025,2025-05-29,1748476800.0,3,Thursday,5,22
29 may 2025,JM,A2 W,18.027332,-76.814105,29 May 2025,2025-05-29,1748476800.0,3,Thursday,5,22
29 may 2025,JM,B8 - Anchovy to Shettlewood Rd,18.38958,-77.935543,29 May 2025,2025-05-29,1748476800.0,3,Thursday,5,22
29 may 2025,JM,Hopetown to Darliston Rd,18.21869,-77.960217,29 May 2025,2025-05-29,1748476800.0,3,Thursday,5,22
29 may 2025,JM,A3 - Maxfield Ave,18.006418,-76.800234,29 May 2025,2025-05-29,1748476800.0,3,Thursday,5,22
29 may 2025,JM,Mount Salus Rd,18.07766,-76.81786,29 May 2025,2025-05-29,1748476800.0,3,Thursday,5,22
29 may 2025,JM,Port Royal St,17.96563,-76.792636,29 May 2025,2025-05-29,1748476800.0,3,Thursday,5,22
29 may 2025,JM,A3 - Slipe Rd,17.99042,-76.789152,29 May 2025,2025-05-29,1748476800.0,3,Thursday,5,22
29 may 2025,JM,Hopetown to Darliston Rd,18.170023,-77.947214,29 May 2025,2025-05-29,1748476800.0,3,Thursday,5,22
29 may 2025,JM,Arthur Wint Dr,18.002905,-76.775315,29 May 2025,2025-05-29,1748476800.0,3,Thursday,5,22
29 may 2025,JM,Blood Ln,18.481141,-77.90748,29 May 2025,2025-05-29,1748476800.0,3,Thursday,5,22
29 may 2025,JM,Hopetown to Darliston Rd,18.210316,-77.958905,29 May 2025,2025-05-29,1748476800.0,3,Thursday,5,22
29 may 2025,JM,Blood Ln,18.479472,-77.908001,29 May 2025,2025-05-29,1748476800.0,3,Thursday,5,22
29 may 2025,JM,Stoney Hill to Parks Road Rd,18.08876,-76.817814,29 May 2025,2025-05-29,1748476800.0,3,Thursday,5,22
29 may 2025,JM,Fort Augusta Dr,17.951427,-76.87511,29 May 2025,2025-05-29,1748476800.0,3,Thursday,5,22
29 may 2025,JM,Jacks Hill Rd,18.033914,-76.771793,29 May 2025,2025-05-29,1748476800.0,3,Thursday,5,22
29 may 2025,JM,Grenada Cr,18.008339,-76.786871,29 May 2025,2025-05-29,1748476800.0,3,Thursday,5,22
29 may 2025,JM,Keesing Ave,18.00764,-76.814291,29 May 2025,2025-05-29,1748476800.0,3,Thursday,5,22
29 may 2025,JM,Jackson Rd,17.974489,-76.767173,29 May 2025,2025-05-29,1748476800.0,3,Thursday,5,22
29 may 2025,JM,Lady Musgrave Rd,18.004253,-76.78007,29 May 2025,2025-05-29,1748476800.0,3,Thursday,5,22
29 may 2025,JM,Municipal Blvd,18.006515,-76.895288,29 May 2025,2025-05-29,1748476800.0,3,Thursday,5,22
29 may 2025,JM,T1 (E) - East West Hwy,17.955755,-77.322676,29 May 2025,2025-05-29,1748476800.0,3,Thursday,5,22
29 may 2025,JM,Liguanea Ave,18.023813,-76.769781,29 May 2025,2025-05-29,1748476800.0,3,Thursday,5,22
29 may 2025,JM,Kings Ave,18.003025,-76.803958,29 May 2025,2025-05-29,1748476800.0,3,Thursday,5,22
29 may 2025,JM,Liguanea Ave,18.023318,-76.769865,29 May 2025,2025-05-29,1748476800.0,3,Thursday,5,22
29 may 2025,JM,Marcus Garvey Dr,17.970099,-76.806807,29 May 2025,2025-05-29,1748476800.0,3,Thursday,5,22
29 may 2025,JM,Little Kew Rd,17.997174,-76.802287,29 May 2025,2025-05-29,1748476800.0,3,Thursday,5,22
29 may 2025,JM,Old Hope Rd,18.008747,-76.772392,29 May 2025,2025-05-29,1748476800.0,3,Thursday,5,22
29 may 2025,JM,T1 (W) - East West Hwy,17.948894,-77.054321,29 May 2025,2025-05-29,1748476800.0,3,Thursday,5,22
29 may 2025,JM,Portmore Toll Plaza,17.968396,-76.851432,29 May 2025,2025-05-29,1748476800.0,3,Thursday,5,22
29 may 2025,JM,Dawkins Dr,17.973656,-76.868063,29 May 2025,2025-05-29,1748476800.0,3,Thursday,5,22
28 may 2025,JM,T3 - Edward Seaga Highway,18.030426,-76.950444,28 May 2025,2025-05-28,1748390400.0,2,Wednesday,5,22
28 may 2025,JM,Widcombe Dr,18.026139,-76.75747,28 May 2025,2025-05-28,1748390400.0,2,Wednesday,5,22
28 may 2025,JM,Palm Cir,17.979111,-76.984458,28 May 2025,2025-05-28,1748390400.0,2,Wednesday,5,22
28 may 2025,JM,Lorraine Ave,18.019926,-76.819064,28 May 2025,2025-05-28,1748390400.0,2,Wednesday,5,22
28 may 2025,JM,Havendale Dr,18.046146,-76.81286,28 May 2025,2025-05-28,1748390400.0,2,Wednesday,5,22
28 may 2025,JM,Bayswater Avenue,18.416584,-77.026995,28 May 2025,2025-05-28,1748390400.0,2,Wednesday,5,22
28 may 2025,JM,B8 - Anchovy to Shettlewood Rd,18.356912,-77.937918,28 May 2025,2025-05-28,1748390400.0,2,Wednesday,5,22
28 may 2025,JM,A2 - Old Harbour Rd,17.99074,-76.97847,28 May 2025,2025-05-28,1748390400.0,2,Wednesday,5,22
28 may 2025,JM,Gibbs Ave,17.973029,-76.767698,28 May 2025,2025-05-28,1748390400.0,2,Wednesday,5,22
28 may 2025,JM,A1 (W) - Nelson Mandela Highway,18.007487,-76.900459,28 May 2025,2025-05-28,1748390400.0,2,Wednesday,5,22
28 may 2025,JM,A1 (W) - Nelson Mandela Highway,18.010029,-76.896644,28 May 2025,2025-05-28,1748390400.0,2,Wednesday,5,22
28 may 2025,JM,A1 - Kew Bridge to Great River Rd,18.451282,-78.072835,28 May 2025,2025-05-28,1748390400.0,2,Wednesday,5,22
28 may 2025,JM,T3 - Edward Seaga Highway,18.151776,-77.032118,28 May 2025,2025-05-28,1748390400.0,2,Wednesday,5,22
28 may 2025,JM,T1 (W) - East West Hwy,17.934474,-77.220947,28 May 2025,2025-05-28,1748390400.0,2,Wednesday,5,22
28 may 2025,JM,Marcus Garvey Dr,17.981043,-76.819257,28 May 2025,2025-05-28,1748390400.0,2,Wednesday,5,22
28 may 2025,JM,Bernard Lodge Main Rd,17.984292,-76.936691,28 May 2025,2025-05-28,1748390400.0,2,Wednesday,5,22
28 may 2025,JM,A3 - Junction Main Rd,18.140309,-76.830173,28 May 2025,2025-05-28,1748390400.0,2,Wednesday,5,22
28 may 2025,JM,T3 - Edward Seaga Highway,18.00594,-76.903196,28 May 2025,2025-05-28,1748390400.0,2,Wednesday,5,22
28 may 2025,JM,Garden Blvd,18.016229,-76.7514,28 May 2025,2025-05-28,1748390400.0,2,Wednesday,5,22
28 may 2025,JM,Seymour Ave,18.01305,-76.773916,28 May 2025,2025-05-28,1748390400.0,2,Wednesday,5,22
28 may 2025,JM,Molynes Rd,18.012314,-76.800613,28 May 2025,2025-05-28,1748390400.0,2,Wednesday,5,22
28 may 2025,JM,Lyndhurst Rd,17.993701,-76.794274,28 May 2025,2025-05-28,1748390400.0,2,Wednesday,5,22
28 may 2025,JM,Main Rd,17.996274,-76.944502,28 May 2025,2025-05-28,1748390400.0,2,Wednesday,5,22
28 may 2025,JM,Maxfield Ave,18.000557,-76.803468,28 May 2025,2025-05-28,1748390400.0,2,Wednesday,5,22
28 may 2025,JM,McGregor Dr,17.970495,-77.28291,28 May 2025,2025-05-28,1748390400.0,2,Wednesday,5,22
28 may 2025,JM,Ministry of Agriculture Road,18.017305,-76.751233,28 May 2025,2025-05-28,1748390400.0,2,Wednesday,5,22
28 may 2025,JM,Municipal Blvd,17.96298,-76.902132,28 May 2025,2025-05-28,1748390400.0,2,Wednesday,5,22
28 may 2025,JM,North Race Course Rd,18.045374,-77.50732,28 May 2025,2025-05-28,1748390400.0,2,Wednesday,5,22
28 may 2025,JM,Braeton Parkway,17.961753,-76.89861,28 May 2025,2025-05-28,1748390400.0,2,Wednesday,5,22
28 may 2025,JM,Oakshore Rd,18.016646,-76.76825,28 May 2025,2025-05-28,1748390400.0,2,Wednesday,5,22
28 may 2025,JM,Osborne Rd,18.001186,-76.794084,28 May 2025,2025-05-28,1748390400.0,2,Wednesday,5,22
28 may 2025,JM,Passage Fort Dr W,17.982012,-76.873246,28 May 2025,2025-05-28,1748390400.0,2,Wednesday,5,22
28 may 2025,JM,Payne Ave,17.995848,-76.822266,28 May 2025,2025-05-28,1748390400.0,2,Wednesday,5,22
28 may 2025,JM,Payne Ave,17.995732,-76.822387,28 May 2025,2025-05-28,1748390400.0,2,Wednesday,5,22
28 may 2025,JM,Pear Tree Grove to Riversdale Rd,18.176586,-76.96018,28 May 2025,2025-05-28,1748390400.0,2,Wednesday,5,22
28 may 2025,JM,Port Royal St,17.965913,-76.796443,28 May 2025,2025-05-28,1748390400.0,2,Wednesday,5,22
28 may 2025,JM,Queens Dr,18.479706,-77.926747,28 May 2025,2025-05-28,1748390400.0,2,Wednesday,5,22
28 may 2025,JM,Salt Island Rd,17.980994,-76.964018,28 May 2025,2025-05-28,1748390400.0,2,Wednesday,5,22
28 may 2025,JM,Sligoville Main Rd,18.008204,-76.948844,28 May 2025,2025-05-28,1748390400.0,2,Wednesday,5,22
28 may 2025,JM,Slipe Pen Rd,17.986952,-76.791794,28 May 2025,2025-05-28,1748390400.0,2,Wednesday,5,22
28 may 2025,JM,St. Christopher to Glengoffe Rd,18.099841,-76.836656,28 May 2025,2025-05-28,1748390400.0,2,Wednesday,5,22
28 may 2025,JM,Strathbogie Rd,18.238995,-78.117721,28 May 2025,2025-05-28,1748390400.0,2,Wednesday,5,22
28 may 2025,JM,Sundown Cr,18.017108,-76.817198,28 May 2025,2025-05-28,1748390400.0,2,Wednesday,5,22
28 may 2025,JM,Vermont Ave,18.046439,-76.80942,28 May 2025,2025-05-28,1748390400.0,2,Wednesday,5,22
28 may 2025,JM,Ward Ave,18.043536,-77.524743,28 May 2025,2025-05-28,1748390400.0,2,Wednesday,5,22
28 may 2025,JM,A3 (S) - Constant Spring Rd,18.023634,-76.796318,28 May 2025,2025-05-28,1748390400.0,2,Wednesday,5,22
28 may 2025,JM,Ward Ave,18.04197,-77.5233,28 May 2025,2025-05-28,1748390400.0,2,Wednesday,5,22
28 may 2025,JM,Ward Ave,18.039186,-77.514811,28 May 2025,2025-05-28,1748390400.0,2,Wednesday,5,22
28 may 2025,JM,Westminster Dr,17.984615,-76.979857,28 May 2025,2025-05-28,1748390400.0,2,Wednesday,5,22
28 may 2025,JM,Windsor Rd,17.990994,-76.957984,28 May 2025,2025-05-28,1748390400.0,2,Wednesday,5,22
28 may 2025,JM,Worchester Dr,17.988358,-76.976363,28 May 2025,2025-05-28,1748390400.0,2,Wednesday,5,22
28 may 2025,JM,A4 - Harbour View to Bull Bay Rd,17.945398,-76.690049,28 May 2025,2025-05-28,1748390400.0,2,Wednesday,5,22
28 may 2025,JM,A1 (E) - Nelson Mandela Highway,18.022309,-76.878866,28 May 2025,2025-05-28,1748390400.0,2,Wednesday,5,22
28 may 2025,JM,A1 (E) - Nelson Mandela Highway,18.025648,-76.869524,28 May 2025,2025-05-28,1748390400.0,2,Wednesday,5,22
28 may 2025,JM,A1 (E) - Nelson Mandela Highway,18.02589,-76.863941,28 May 2025,2025-05-28,1748390400.0,2,Wednesday,5,22
28 may 2025,JM,A1 (W) - Nelson Mandela Highway,18.005507,-76.902702,28 May 2025,2025-05-28,1748390400.0,2,Wednesday,5,22
28 may 2025,JM,A1 (W) - Nelson Mandela Highway,18.009859,-76.896901,28 May 2025,2025-05-28,1748390400.0,2,Wednesday,5,22
28 may 2025,JM,A1 - A.G.S. Coombs Highway,18.444764,-77.924466,28 May 2025,2025-05-28,1748390400.0,2,Wednesday,5,22
28 may 2025,JM,A1 - Howard Cook Blvd,18.474266,-77.924858,28 May 2025,2025-05-28,1748390400.0,2,Wednesday,5,22
28 may 2025,JM,A1 - North Coast Highway,18.467006,-77.523407,28 May 2025,2025-05-28,1748390400.0,2,Wednesday,5,22
28 may 2025,JM,A1 - North Coast Highway,18.476207,-77.638969,28 May 2025,2025-05-28,1748390400.0,2,Wednesday,5,22
28 may 2025,JM,A1 - North Coast Highway,18.470904,-77.465113,28 May 2025,2025-05-28,1748390400.0,2,Wednesday,5,22
28 may 2025,JM,A1 - Spanish Town Rd,18.018696,-76.847723,28 May 2025,2025-05-28,1748390400.0,2,Wednesday,5,22
28 may 2025,JM,A1 - North Coast Highway,18.430399,-77.189724,28 May 2025,2025-05-28,1748390400.0,2,Wednesday,5,22
28 may 2025,JM,A1 - North Coast Highway,18.46465,-77.508801,28 May 2025,2025-05-28,1748390400.0,2,Wednesday,5,22
28 may 2025,JM,A1 - North Coast Highway,18.439122,-77.204478,28 May 2025,2025-05-28,1748390400.0,2,Wednesday,5,22
28 may 2025,JM,A1 - North Coast Highway,18.469271,-77.461698,28 May 2025,2025-05-28,1748390400.0,2,Wednesday,5,22
28 may 2025,JM,A1 - North Coast Highway,18.510142,-77.893842,28 May 2025,2025-05-28,1748390400.0,2,Wednesday,5,22
28 may 2025,JM,A1 - North Coast Highway,18.521597,-77.840211,28 May 2025,2025-05-28,1748390400.0,2,Wednesday,5,22
28 may 2025,JM,A1 - North Coast Highway,18.476519,-77.486306,28 May 2025,2025-05-28,1748390400.0,2,Wednesday,5,22
28 may 2025,JM,A1 - North Coast Highway,18.464836,-77.512099,28 May 2025,2025-05-28,1748390400.0,2,Wednesday,5,22
28 may 2025,JM,A1 - North Coast Highway,18.429002,-77.186773,28 May 2025,2025-05-28,1748390400.0,2,Wednesday,5,22
28 may 2025,JM,A2 (E) - Washington Blvd,18.026053,-76.853443,28 May 2025,2025-05-28,1748390400.0,2,Wednesday,5,22
28 may 2025,JM,A2 - Melrose Hill Byp,18.069063,-77.467091,28 May 2025,2025-05-28,1748390400.0,2,Wednesday,5,22
28 may 2025,JM,A3 (N) - Constant Spring Rd,18.038024,-76.796562,28 May 2025,2025-05-28,1748390400.0,2,Wednesday,5,22
28 may 2025,JM,A3 - Half Way Tree Rd,18.000915,-76.791467,28 May 2025,2025-05-28,1748390400.0,2,Wednesday,5,22
28 may 2025,JM,A4 - Sir Florizel Glaspole Blvd,17.962058,-76.730755,28 May 2025,2025-05-28,1748390400.0,2,Wednesday,5,22
28 may 2025,JM,A4 - Sir Florizel Glaspole Blvd,17.964966,-76.733872,28 May 2025,2025-05-28,1748390400.0,2,Wednesday,5,22
28 may 2025,JM,A4 - Sir Florizel Glaspole Blvd,17.968177,-76.742983,28 May 2025,2025-05-28,1748390400.0,2,Wednesday,5,22
28 may 2025,JM,B5 - Shooters Hill to Caines Shop Rd,18.107859,-77.481284,28 May 2025,2025-05-28,1748390400.0,2,Wednesday,5,22
28 may 2025,JM,A1 - Howard Cook Blvd,18.461276,-77.926568,28 May 2025,2025-05-28,1748390400.0,2,Wednesday,5,22
28 may 2025,JM,Braeton Rd,17.951068,-76.909793,28 May 2025,2025-05-28,1748390400.0,2,Wednesday,5,22
28 may 2025,JM,Clovelly Rd,17.970763,-76.784245,28 May 2025,2025-05-28,1748390400.0,2,Wednesday,5,22
28 may 2025,JM,Fairway Ave,18.00964,-76.777952,28 May 2025,2025-05-28,1748390400.0,2,Wednesday,5,22
28 may 2025,JM,Main Rd,17.997382,-76.934095,28 May 2025,2025-05-28,1748390400.0,2,Wednesday,5,22
28 may 2025,JM,Marcus Garvey Dr,17.983747,-76.822946,28 May 2025,2025-05-28,1748390400.0,2,Wednesday,5,22
28 may 2025,JM,Michael Manley Blvd,17.966762,-76.772822,28 May 2025,2025-05-28,1748390400.0,2,Wednesday,5,22
28 may 2025,JM,Municipal Blvd,18.005992,-76.895404,28 May 2025,2025-05-28,1748390400.0,2,Wednesday,5,22
28 may 2025,JM,Passage Fort Dr W,17.982343,-76.874825,28 May 2025,2025-05-28,1748390400.0,2,Wednesday,5,22
28 may 2025,JM,,18.016271,-76.772857,28 May 2025,2025-05-28,1748390400.0,2,Wednesday,5,22
28 may 2025,JM,Queens Dr,18.483146,-77.927905,28 May 2025,2025-05-28,1748390400.0,2,Wednesday,5,22
28 may 2025,JM,Queens Dr,18.491107,-77.920668,28 May 2025,2025-05-28,1748390400.0,2,Wednesday,5,22
28 may 2025,JM,T1 (E) - East West Hwy,17.97346,-76.959213,28 May 2025,2025-05-28,1748390400.0,2,Wednesday,5,22
28 may 2025,JM,T1 (E) - East West Hwy,17.971628,-76.996908,28 May 2025,2025-05-28,1748390400.0,2,Wednesday,5,22
28 may 2025,JM,T1 (E) - East West Hwy,18.009328,-77.408134,28 May 2025,2025-05-28,1748390400.0,2,Wednesday,5,22
28 may 2025,JM,T1 (E) - East West Hwy,17.988387,-76.904185,28 May 2025,2025-05-28,1748390400.0,2,Wednesday,5,22
28 may 2025,JM,T1 (E) - East West Hwy,17.963344,-77.013192,28 May 2025,2025-05-28,1748390400.0,2,Wednesday,5,22
28 may 2025,JM,T1 (E) - East West Hwy,17.923489,-77.166296,28 May 2025,2025-05-28,1748390400.0,2,Wednesday,5,22
28 may 2025,JM,Marcus Garvey Dr,17.97707,-76.81498,28 May 2025,2025-05-28,1748390400.0,2,Wednesday,5,22
28 may 2025,JM,T1 (W) - East West Hwy,17.962595,-77.27744,28 May 2025,2025-05-28,1748390400.0,2,Wednesday,5,22
28 may 2025,JM,T1 (W) - East West Hwy,17.960184,-77.019175,28 May 2025,2025-05-28,1748390400.0,2,Wednesday,5,22
28 may 2025,JM,T1 (W) - East West Hwy,17.958292,-77.341315,28 May 2025,2025-05-28,1748390400.0,2,Wednesday,5,22
28 may 2025,JM,T1 (W) - East West Hwy,18.007185,-76.894361,28 May 2025,2025-05-28,1748390400.0,2,Wednesday,5,22
28 may 2025,JM,T1 (W) - East West Hwy,17.929094,-77.178918,28 May 2025,2025-05-28,1748390400.0,2,Wednesday,5,22
28 may 2025,JM,T1 (W) - East West Hwy,18.01294,-76.891709,28 May 2025,2025-05-28,1748390400.0,2,Wednesday,5,22
28 may 2025,JM,T1 (W) - East West Hwy,17.985243,-76.91299,28 May 2025,2025-05-28,1748390400.0,2,Wednesday,5,22
28 may 2025,JM,T1 (W) - East West Hwy,18.033094,-77.431534,28 May 2025,2025-05-28,1748390400.0,2,Wednesday,5,22
28 may 2025,JM,White Church St,17.99567,-76.953627,28 May 2025,2025-05-28,1748390400.0,2,Wednesday,5,22
28 may 2025,JM,T2 Kingston - Portmore Toll Rd,17.97177,-76.844865,28 May 2025,2025-05-28,1748390400.0,2,Wednesday,5,22
28 may 2025,JM,T2 Kingston - Portmore Toll Rd,17.967631,-76.860094,28 May 2025,2025-05-28,1748390400.0,2,Wednesday,5,22
28 may 2025,JM,T2 Kingston - Portmore Toll Rd,17.99376,-76.835487,28 May 2025,2025-05-28,1748390400.0,2,Wednesday,5,22
28 may 2025,JM,T3 - Edward Seaga Highway,18.162882,-77.035496,28 May 2025,2025-05-28,1748390400.0,2,Wednesday,5,22
28 may 2025,JM,T3 - Edward Seaga Highway,18.059303,-76.987789,28 May 2025,2025-05-28,1748390400.0,2,Wednesday,5,22
28 may 2025,JM,T3 - Edward Seaga Highway,18.126793,-77.040982,28 May 2025,2025-05-28,1748390400.0,2,Wednesday,5,22
28 may 2025,JM,T3 - Edward Seaga Highway,18.027033,-76.92841,28 May 2025,2025-05-28,1748390400.0,2,Wednesday,5,22
28 may 2025,JM,T3 - Edward Seaga Highway,18.22428,-77.083517,28 May 2025,2025-05-28,1748390400.0,2,Wednesday,5,22
28 may 2025,JM,Upper Montrose Rd,18.012786,-76.776047,28 May 2025,2025-05-28,1748390400.0,2,Wednesday,5,22
28 may 2025,JM,T3 - Edward Seaga Highway,18.216478,-77.074243,28 May 2025,2025-05-28,1748390400.0,2,Wednesday,5,22
28 may 2025,JM,T3 - Edward Seaga Highway,18.185218,-77.03976,28 May 2025,2025-05-28,1748390400.0,2,Wednesday,5,22
28 may 2025,JM,T3 - Edward Seaga Highway,18.096177,-77.010042,28 May 2025,2025-05-28,1748390400.0,2,Wednesday,5,22
28 may 2025,JM,T3 - Edward Seaga Highway,18.0512,-76.982838,28 May 2025,2025-05-28,1748390400.0,2,Wednesday,5,22
28 may 2025,JM,T3 - Edward Seaga Highway,18.352773,-77.154162,28 May 2025,2025-05-28,1748390400.0,2,Wednesday,5,22
28 may 2025,JM,T3 - Edward Seaga Highway,18.090734,-77.010869,28 May 2025,2025-05-28,1748390400.0,2,Wednesday,5,22
28 may 2025,JM,T3 - Edward Seaga Highway,18.091992,-77.010143,28 May 2025,2025-05-28,1748390400.0,2,Wednesday,5,22
28 may 2025,JM,T3 - Edward Seaga Highway,18.300239,-77.13615,28 May 2025,2025-05-28,1748390400.0,2,Wednesday,5,22
28 may 2025,JM,Queens Dr,18.479291,-77.92614,28 May 2025,2025-05-28,1748390400.0,2,Wednesday,5,22
28 may 2025,JM,T3 - Edward Seaga Highway,18.091614,-77.010454,28 May 2025,2025-05-28,1748390400.0,2,Wednesday,5,22
28 may 2025,JM,T3 - Edward Seaga Highway,18.4161,-77.153028,28 May 2025,2025-05-28,1748390400.0,2,Wednesday,5,22
28 may 2025,JM,T3 - Edward Seaga Highway,18.420797,-77.155724,28 May 2025,2025-05-28,1748390400.0,2,Wednesday,5,22
28 may 2025,JM,T3 - Edward Seaga Highway,18.215962,-77.073585,28 May 2025,2025-05-28,1748390400.0,2,Wednesday,5,22
28 may 2025,JM,T3 - Edward Seaga Highway,18.143003,-77.036104,28 May 2025,2025-05-28,1748390400.0,2,Wednesday,5,22
28 may 2025,JM,T3 - Edward Seaga Highway,18.145692,-77.034466,28 May 2025,2025-05-28,1748390400.0,2,Wednesday,5,22
28 may 2025,JM,T3 - Edward Seaga Highway,18.376332,-77.160749,28 May 2025,2025-05-28,1748390400.0,2,Wednesday,5,22
28 may 2025,JM,T3 - Edward Seaga Highway,18.127625,-77.04102,28 May 2025,2025-05-28,1748390400.0,2,Wednesday,5,22
28 may 2025,JM,Marcus Garvey Dr,17.968404,-76.804456,28 May 2025,2025-05-28,1748390400.0,2,Wednesday,5,22
28 may 2025,JM,T3 - Edward Seaga Highway,18.027248,-76.927614,28 May 2025,2025-05-28,1748390400.0,2,Wednesday,5,22
28 may 2025,JM,T3 - Edward Seaga Highway,18.005865,-76.903267,28 May 2025,2025-05-28,1748390400.0,2,Wednesday,5,22
28 may 2025,JM,T3 - Edward Seaga Highway,18.131054,-77.040937,28 May 2025,2025-05-28,1748390400.0,2,Wednesday,5,22
28 may 2025,JM,T3 - Edward Seaga Highway,18.092951,-77.009724,28 May 2025,2025-05-28,1748390400.0,2,Wednesday,5,22
28 may 2025,JM,T3 - Edward Seaga Highway,18.033413,-76.955782,28 May 2025,2025-05-28,1748390400.0,2,Wednesday,5,22
28 may 2025,JM,T3 - Edward Seaga Highway,18.264557,-77.119383,28 May 2025,2025-05-28,1748390400.0,2,Wednesday,5,22
28 may 2025,JM,T3 - Edward Seaga Highway,18.052611,-76.984096,28 May 2025,2025-05-28,1748390400.0,2,Wednesday,5,22
28 may 2025,JM,T3 - Edward Seaga Highway,18.230804,-77.085965,28 May 2025,2025-05-28,1748390400.0,2,Wednesday,5,22
28 may 2025,JM,Hope Rd,18.017709,-76.78328,28 May 2025,2025-05-28,1748390400.0,2,Wednesday,5,22
28 may 2025,JM,Upper Waterloo Rd,18.023847,-76.791887,28 May 2025,2025-05-28,1748390400.0,2,Wednesday,5,22
28 may 2025,JM,to T3 (S),18.039026,-76.96959,28 May 2025,2025-05-28,1748390400.0,2,Wednesday,5,22
28 may 2025,JM,T3 - Edward Seaga Highway,18.092865,-77.00976,28 May 2025,2025-05-28,1748390400.0,2,Wednesday,5,22
28 may 2025,JM,T3 - Edward Seaga Highway,18.118401,-77.040945,28 May 2025,2025-05-28,1748390400.0,2,Wednesday,5,22
28 may 2025,JM,T3 - Edward Seaga Highway,18.118202,-77.040852,28 May 2025,2025-05-28,1748390400.0,2,Wednesday,5,22
28 may 2025,JM,T3 - Edward Seaga Highway,18.098489,-77.015174,28 May 2025,2025-05-28,1748390400.0,2,Wednesday,5,22
28 may 2025,JM,A1 - River Rd,18.089435,-77.00169,28 May 2025,2025-05-28,1748390400.0,2,Wednesday,5,22
28 may 2025,JM,,18.036218,-77.511438,28 May 2025,2025-05-28,1748390400.0,2,Wednesday,5,22
28 may 2025,JM,Barbican Rd,18.031491,-76.783857,28 May 2025,2025-05-28,1748390400.0,2,Wednesday,5,22
28 may 2025,JM,A1 (W) - Nelson Mandela Highway,18.025838,-76.859408,28 May 2025,2025-05-28,1748390400.0,2,Wednesday,5,22
28 may 2025,JM,A1 - Jimmy Cliff Blvd,18.481934,-77.929398,28 May 2025,2025-05-28,1748390400.0,2,Wednesday,5,22
28 may 2025,JM,A1 - North Coast Highway,18.522007,-77.85643,28 May 2025,2025-05-28,1748390400.0,2,Wednesday,5,22
28 may 2025,JM,A1 - North Coast Highway,18.523608,-77.826366,28 May 2025,2025-05-28,1748390400.0,2,Wednesday,5,22
28 may 2025,JM,A1 - Spanish Town Rd,18.01152,-76.839847,28 May 2025,2025-05-28,1748390400.0,2,Wednesday,5,22
28 may 2025,JM,A1 - Spanish Town Rd,18.013472,-76.841735,28 May 2025,2025-05-28,1748390400.0,2,Wednesday,5,22
28 may 2025,JM,A1 - Spanish Town Rd,18.011101,-76.839383,28 May 2025,2025-05-28,1748390400.0,2,Wednesday,5,22
28 may 2025,JM,A1 - Spanish Town Rd,18.009334,-76.837453,28 May 2025,2025-05-28,1748390400.0,2,Wednesday,5,22
28 may 2025,JM,A2 - Old Harbour Rd,17.990926,-76.977423,28 May 2025,2025-05-28,1748390400.0,2,Wednesday,5,22
28 may 2025,JM,A2 (E) - Washington Blvd,18.025925,-76.835634,28 May 2025,2025-05-28,1748390400.0,2,Wednesday,5,22
28 may 2025,JM,A2 - Old Harbour Rd,17.940396,-77.101441,28 May 2025,2025-05-28,1748390400.0,2,Wednesday,5,22
28 may 2025,JM,A2 W - Washington Blvd,18.02671,-76.816452,28 May 2025,2025-05-28,1748390400.0,2,Wednesday,5,22
28 may 2025,JM,A3 - Eastwood Park Rd,18.019145,-76.797083,28 May 2025,2025-05-28,1748390400.0,2,Wednesday,5,22
28 may 2025,JM,A3 - Half Way Tree Rd,18.008495,-76.796681,28 May 2025,2025-05-28,1748390400.0,2,Wednesday,5,22
28 may 2025,JM,Albert St,17.978367,-76.777035,28 May 2025,2025-05-28,1748390400.0,2,Wednesday,5,22
28 may 2025,JM,Arcadia Dr,18.033244,-76.784206,28 May 2025,2025-05-28,1748390400.0,2,Wednesday,5,22
28 may 2025,JM,Arthur Wint Dr,18.002941,-76.775185,28 May 2025,2025-05-28,1748390400.0,2,Wednesday,5,22
28 may 2025,JM,A1 - Sunset Blvd,18.490178,-77.926142,28 May 2025,2025-05-28,1748390400.0,2,Wednesday,5,22
28 may 2025,JM,Barbican Rd,18.030704,-76.77272,28 May 2025,2025-05-28,1748390400.0,2,Wednesday,5,22
28 may 2025,JM,Barbican Rd,18.03171,-76.783058,28 May 2025,2025-05-28,1748390400.0,2,Wednesday,5,22
28 may 2025,JM,Barnett St,18.465908,-77.916153,28 May 2025,2025-05-28,1748390400.0,2,Wednesday,5,22
28 may 2025,JM,Braemar Ave,18.011955,-76.780624,28 May 2025,2025-05-28,1748390400.0,2,Wednesday,5,22
28 may 2025,JM,Collins Green Ave,17.999669,-76.791085,28 May 2025,2025-05-28,1748390400.0,2,Wednesday,5,22
28 may 2025,JM,Gouldburne Ln,17.936967,-77.109393,28 May 2025,2025-05-28,1748390400.0,2,Wednesday,5,22
28 may 2025,JM,Hanover St,17.969514,-76.7886,28 May 2025,2025-05-28,1748390400.0,2,Wednesday,5,22
28 may 2025,JM,Kingsway,18.018838,-76.789958,28 May 2025,2025-05-28,1748390400.0,2,Wednesday,5,22
28 may 2025,JM,A1 - North Coast Highway,18.521546,-77.841012,28 May 2025,2025-05-28,1748390400.0,2,Wednesday,5,22
28 may 2025,JM,Manchester Rd,18.033249,-77.505814,28 May 2025,2025-05-28,1748390400.0,2,Wednesday,5,22
28 may 2025,JM,Martha Brae to Kinloss Rd,18.471451,-77.658912,28 May 2025,2025-05-28,1748390400.0,2,Wednesday,5,22
28 may 2025,JM,Molynes Rd,18.011728,-76.799902,28 May 2025,2025-05-28,1748390400.0,2,Wednesday,5,22
28 may 2025,JM,Ocean Blvd,17.965253,-76.791049,28 May 2025,2025-05-28,1748390400.0,2,Wednesday,5,22
28 may 2025,JM,Old Hope Rd,18.016359,-76.748689,28 May 2025,2025-05-28,1748390400.0,2,Wednesday,5,22
28 may 2025,JM,Old Hope Rd,18.015302,-76.770907,28 May 2025,2025-05-28,1748390400.0,2,Wednesday,5,22
28 may 2025,JM,Port Royal St,17.966226,-76.800183,28 May 2025,2025-05-28,1748390400.0,2,Wednesday,5,22
28 may 2025,JM,Red Hills Rd,18.04716,-76.823313,28 May 2025,2025-05-28,1748390400.0,2,Wednesday,5,22
28 may 2025,JM,> Downtown Kingston,17.992425,-76.829756,28 May 2025,2025-05-28,1748390400.0,2,Wednesday,5,22
28 may 2025,JM,Seaview Ave,18.011173,-76.777288,28 May 2025,2025-05-28,1748390400.0,2,Wednesday,5,22
28 may 2025,JM,Sligoville Main Rd,17.995984,-76.94808,28 May 2025,2025-05-28,1748390400.0,2,Wednesday,5,22
28 may 2025,JM,T2 Kingston - Portmore Toll Rd,17.99376,-76.835473,28 May 2025,2025-05-28,1748390400.0,2,Wednesday,5,22
28 may 2025,JM,T3 - Edward Seaga Highway,18.205209,-77.044078,28 May 2025,2025-05-28,1748390400.0,2,Wednesday,5,22
28 may 2025,JM,Upper Elleston Rd,17.977943,-76.778361,28 May 2025,2025-05-28,1748390400.0,2,Wednesday,5,22
28 may 2025,JM,Ward Ave,18.03946,-77.516096,28 May 2025,2025-05-28,1748390400.0,2,Wednesday,5,22
28 may 2025,JM,A2 (E) - Washington Blvd,18.02532,-76.830204,28 May 2025,2025-05-28,1748390400.0,2,Wednesday,5,22
28 may 2025,JM,A2 (W) - Washington Blvd,18.025125,-76.829349,28 May 2025,2025-05-28,1748390400.0,2,Wednesday,5,22
28 may 2025,JM,Water Ln,17.967136,-76.801076,28 May 2025,2025-05-28,1748390400.0,2,Wednesday,5,22
28 may 2025,JM,West Green Ave,18.461055,-77.925688,28 May 2025,2025-05-28,1748390400.0,2,Wednesday,5,22
28 may 2025,JM,,18.421829,-77.945854,28 May 2025,2025-05-28,1748390400.0,2,Wednesday,5,22
28 may 2025,JM,A1 (W) - Nelson Mandela Highway,18.025576,-76.86882,28 May 2025,2025-05-28,1748390400.0,2,Wednesday,5,22
28 may 2025,JM,A1 (W) - Nelson Mandela Highway,18.013184,-76.892034,28 May 2025,2025-05-28,1748390400.0,2,Wednesday,5,22
28 may 2025,JM,A2 (W) - Washington Blvd,18.025956,-76.84689,28 May 2025,2025-05-28,1748390400.0,2,Wednesday,5,22
28 may 2025,JM,A3 - Balmoral Ave,18.004551,-76.798174,28 May 2025,2025-05-28,1748390400.0,2,Wednesday,5,22
28 may 2025,JM,B8 - Long Hill Rd,18.424202,-77.947422,28 May 2025,2025-05-28,1748390400.0,2,Wednesday,5,22
28 may 2025,JM,Braemar Ave,18.012282,-76.780218,28 May 2025,2025-05-28,1748390400.0,2,Wednesday,5,22
28 may 2025,JM,Fairway Ave,18.009449,-76.777381,28 May 2025,2025-05-28,1748390400.0,2,Wednesday,5,22
28 may 2025,JM,Upper West Henderson Blvd,17.948964,-76.913595,28 May 2025,2025-05-28,1748390400.0,2,Wednesday,5,22
28 may 2025,JM,Glenmuir Rd,17.960807,-77.254445,28 May 2025,2025-05-28,1748390400.0,2,Wednesday,5,22
28 may 2025,JM,Hagley Park Rd,17.998567,-76.824168,28 May 2025,2025-05-28,1748390400.0,2,Wednesday,5,22
28 may 2025,JM,Hope Rd,18.018001,-76.782659,28 May 2025,2025-05-28,1748390400.0,2,Wednesday,5,22
28 may 2025,JM,Hope Rd,18.0196,-76.779039,28 May 2025,2025-05-28,1748390400.0,2,Wednesday,5,22
28 may 2025,JM,Kingsway,18.016207,-76.78947,28 May 2025,2025-05-28,1748390400.0,2,Wednesday,5,22
28 may 2025,JM,Mountain View Ave,17.993561,-76.766921,28 May 2025,2025-05-28,1748390400.0,2,Wednesday,5,22
28 may 2025,JM,Old Hope Rd,18.018628,-76.762849,28 May 2025,2025-05-28,1748390400.0,2,Wednesday,5,22
28 may 2025,JM,Trafalgar Rd,18.008976,-76.784499,28 May 2025,2025-05-28,1748390400.0,2,Wednesday,5,22
28 may 2025,JM,T3 - Edward Seaga Highway,18.026097,-76.918158,28 May 2025,2025-05-28,1748390400.0,2,Wednesday,5,22
28 may 2025,JM,,18.101814,-77.005639,28 May 2025,2025-05-28,1748390400.0,2,Wednesday,5,22
28 may 2025,JM,A1 (W) - Nelson Mandela Highway,18.01538,-76.888772,28 May 2025,2025-05-28,1748390400.0,2,Wednesday,5,22
28 may 2025,JM,A1 - Bog Walk Gorge,18.048018,-76.981415,28 May 2025,2025-05-28,1748390400.0,2,Wednesday,5,22
28 may 2025,JM,A1 - Kew Bridge to Great River Rd,18.456116,-78.008518,28 May 2025,2025-05-28,1748390400.0,2,Wednesday,5,22
28 may 2025,JM,A1 - North Coast Highway,18.521325,-77.847202,28 May 2025,2025-05-28,1748390400.0,2,Wednesday,5,22
28 may 2025,JM,A1 - North Coast Highway,18.522125,-77.860279,28 May 2025,2025-05-28,1748390400.0,2,Wednesday,5,22
28 may 2025,JM,A1 - North Coast Highway,18.431275,-77.191464,28 May 2025,2025-05-28,1748390400.0,2,Wednesday,5,22
28 may 2025,JM,A1 - North Coast Highway,18.480079,-77.595369,28 May 2025,2025-05-28,1748390400.0,2,Wednesday,5,22
28 may 2025,JM,T3 - Edward Seaga Highway,18.411539,-77.157649,28 May 2025,2025-05-28,1748390400.0,2,Wednesday,5,22
28 may 2025,JM,A1 - North Coast Highway,18.45154,-77.23495,28 May 2025,2025-05-28,1748390400.0,2,Wednesday,5,22
28 may 2025,JM,A1 - North Coast Highway,18.432079,-77.192769,28 May 2025,2025-05-28,1748390400.0,2,Wednesday,5,22
28 may 2025,JM,A1 - Spanish Town By-pass Rd,17.986017,-76.949194,28 May 2025,2025-05-28,1748390400.0,2,Wednesday,5,22
28 may 2025,JM,A1 - Spanish Town Rd,17.994775,-76.821797,28 May 2025,2025-05-28,1748390400.0,2,Wednesday,5,22
28 may 2025,JM,A1 - Spanish Town Rd,18.006044,-76.833864,28 May 2025,2025-05-28,1748390400.0,2,Wednesday,5,22
28 may 2025,JM,A1 - Spanish Town Rd,18.005233,-76.832992,28 May 2025,2025-05-28,1748390400.0,2,Wednesday,5,22
28 may 2025,JM,to A1,18.159965,-77.034072,28 May 2025,2025-05-28,1748390400.0,2,Wednesday,5,22
28 may 2025,JM,A1 - Spanish Town Rd,18.00585,-76.833446,28 May 2025,2025-05-28,1748390400.0,2,Wednesday,5,22
28 may 2025,JM,A1 - Walks Rd,18.024234,-76.976762,28 May 2025,2025-05-28,1748390400.0,2,Wednesday,5,22
28 may 2025,JM,T3 - Edward Seaga Highway,18.292479,-77.131279,28 May 2025,2025-05-28,1748390400.0,2,Wednesday,5,22
28 may 2025,JM,A2 (E) - Washington Blvd,18.025221,-76.82819,28 May 2025,2025-05-28,1748390400.0,2,Wednesday,5,22
28 may 2025,JM,A2 (E) - Washington Blvd,18.025831,-76.834964,28 May 2025,2025-05-28,1748390400.0,2,Wednesday,5,22
28 may 2025,JM,A2 - Spur Tree Rd,18.008585,-77.587334,28 May 2025,2025-05-28,1748390400.0,2,Wednesday,5,22
28 may 2025,JM,A2 W - Washington Blvd,18.026351,-76.817927,28 May 2025,2025-05-28,1748390400.0,2,Wednesday,5,22
28 may 2025,JM,A3 - Constant Spring Rd,18.020612,-76.796364,28 May 2025,2025-05-28,1748390400.0,2,Wednesday,5,22
28 may 2025,JM,A3 - Half Way Tree Rd,18.007192,-76.795788,28 May 2025,2025-05-28,1748390400.0,2,Wednesday,5,22
28 may 2025,JM,A3 - Half Way Tree Rd,17.993894,-76.788047,28 May 2025,2025-05-28,1748390400.0,2,Wednesday,5,22
28 may 2025,JM,A3 - Slipe Rd,17.992465,-76.7884,28 May 2025,2025-05-28,1748390400.0,2,Wednesday,5,22
28 may 2025,JM,T3 - Edward Seaga Highway,18.347825,-77.149329,28 May 2025,2025-05-28,1748390400.0,2,Wednesday,5,22
28 may 2025,JM,B15 - Barnett to Adelphi Rd,18.462455,-77.914013,28 May 2025,2025-05-28,1748390400.0,2,Wednesday,5,22
28 may 2025,JM,B3 - Runaway Bay to Orange Valley Rd,18.453206,-77.338452,28 May 2025,2025-05-28,1748390400.0,2,Wednesday,5,22
28 may 2025,JM,Braeton Parkway,17.964687,-76.89275,28 May 2025,2025-05-28,1748390400.0,2,Wednesday,5,22
28 may 2025,JM,Braeton Rd,17.949315,-76.920176,28 May 2025,2025-05-28,1748390400.0,2,Wednesday,5,22
28 may 2025,JM,Courtney Walsh Dr,18.016108,-76.800691,28 May 2025,2025-05-28,1748390400.0,2,Wednesday,5,22
28 may 2025,JM,East St,17.971479,-76.789528,28 May 2025,2025-05-28,1748390400.0,2,Wednesday,5,22
28 may 2025,JM,Fairfield Ave,18.452857,-77.905571,28 May 2025,2025-05-28,1748390400.0,2,Wednesday,5,22
28 may 2025,JM,Gandhi Rd,18.016237,-76.834149,28 May 2025,2025-05-28,1748390400.0,2,Wednesday,5,22
28 may 2025,JM,Gutters Main Rd,18.016282,-77.592875,28 May 2025,2025-05-28,1748390400.0,2,Wednesday,5,22
28 may 2025,JM,Lyndhurst Rd,18.001259,-76.801448,28 May 2025,2025-05-28,1748390400.0,2,Wednesday,5,22
28 may 2025,JM,Marcus Garvey Dr,17.980303,-76.818586,28 May 2025,2025-05-28,1748390400.0,2,Wednesday,5,22
28 may 2025,JM,Molynes Rd,18.020619,-76.816288,28 May 2025,2025-05-28,1748390400.0,2,Wednesday,5,22
28 may 2025,JM,Municipal Blvd,17.975212,-76.890644,28 May 2025,2025-05-28,1748390400.0,2,Wednesday,5,22
28 may 2025,JM,Old Rd,18.074366,-77.494445,28 May 2025,2025-05-28,1748390400.0,2,Wednesday,5,22
28 may 2025,JM,Orange Blossom Ave,18.004946,-76.954502,28 May 2025,2025-05-28,1748390400.0,2,Wednesday,5,22
28 may 2025,JM,Orange Blossom Ave,18.004947,-76.954532,28 May 2025,2025-05-28,1748390400.0,2,Wednesday,5,22
28 may 2025,JM,Orange Blossom Ave,18.004947,-76.954531,28 May 2025,2025-05-28,1748390400.0,2,Wednesday,5,22
28 may 2025,JM,Penwood Rd,18.016446,-76.833862,28 May 2025,2025-05-28,1748390400.0,2,Wednesday,5,22
28 may 2025,JM,Queens Dr,18.49028,-77.921597,28 May 2025,2025-05-28,1748390400.0,2,Wednesday,5,22
28 may 2025,JM,Red Hills Rd,18.032922,-76.80808,28 May 2025,2025-05-28,1748390400.0,2,Wednesday,5,22
28 may 2025,JM,Red Hills Rd,18.037614,-76.81243,28 May 2025,2025-05-28,1748390400.0,2,Wednesday,5,22
28 may 2025,JM,Seaforth Main St,17.938535,-76.457615,28 May 2025,2025-05-28,1748390400.0,2,Wednesday,5,22
28 may 2025,JM,T3 - Edward Seaga Highway,18.205863,-77.044734,28 May 2025,2025-05-28,1748390400.0,2,Wednesday,5,22
28 may 2025,JM,St. John's Rd,18.004937,-76.987412,28 May 2025,2025-05-28,1748390400.0,2,Wednesday,5,22
28 may 2025,JM,T1 (E) - East West Hwy,17.977161,-76.936164,28 May 2025,2025-05-28,1748390400.0,2,Wednesday,5,22
28 may 2025,JM,T1 (W) - East West Hwy,18.011543,-76.892819,28 May 2025,2025-05-28,1748390400.0,2,Wednesday,5,22
28 may 2025,JM,T3 - Edward Seaga Highway,18.061974,-76.990292,28 May 2025,2025-05-28,1748390400.0,2,Wednesday,5,22
28 may 2025,JM,Wellington Dr,18.014948,-76.76219,28 May 2025,2025-05-28,1748390400.0,2,Wednesday,5,22
28 may 2025,JM,Wellington Dr,18.01532,-76.763036,28 May 2025,2025-05-28,1748390400.0,2,Wednesday,5,22
28 may 2025,JM,A1 - North Coast Highway,18.521297,-77.848476,28 May 2025,2025-05-28,1748390400.0,2,Wednesday,5,22
28 may 2025,JM,A1 - North Coast Highway,18.48409,-77.599918,28 May 2025,2025-05-28,1748390400.0,2,Wednesday,5,22
28 may 2025,JM,A1 - North Coast Highway,18.484024,-77.599122,28 May 2025,2025-05-28,1748390400.0,2,Wednesday,5,22
28 may 2025,JM,A1 - North Coast Hwy,18.463253,-77.334602,28 May 2025,2025-05-28,1748390400.0,2,Wednesday,5,22
28 may 2025,JM,A1 - River Rd,18.070992,-76.986338,28 May 2025,2025-05-28,1748390400.0,2,Wednesday,5,22
28 may 2025,JM,T1 (W) - East West Hwy,17.97337,-76.965619,28 May 2025,2025-05-28,1748390400.0,2,Wednesday,5,22
28 may 2025,JM,A1 - Spanish Town Rd,18.004106,-76.831549,28 May 2025,2025-05-28,1748390400.0,2,Wednesday,5,22
28 may 2025,JM,A2 (E) - Washington Blvd,18.026189,-76.841066,28 May 2025,2025-05-28,1748390400.0,2,Wednesday,5,22
28 may 2025,JM,A3 - Agualta to Broadgate Rd,18.231726,-76.813188,28 May 2025,2025-05-28,1748390400.0,2,Wednesday,5,22
28 may 2025,JM,A3 - Eastwood Park Rd,18.011348,-76.799347,28 May 2025,2025-05-28,1748390400.0,2,Wednesday,5,22
28 may 2025,JM,A3 - Half Way Tree Rd,17.994641,-76.788432,28 May 2025,2025-05-28,1748390400.0,2,Wednesday,5,22
28 may 2025,JM,A3 - Junction Main Rd,18.126132,-76.830601,28 May 2025,2025-05-28,1748390400.0,2,Wednesday,5,22
28 may 2025,JM,A4 - Harbour View to Bull Bay Rd,17.940973,-76.664182,28 May 2025,2025-05-28,1748390400.0,2,Wednesday,5,22
28 may 2025,JM,A4 - Muirton to Fair Prospect Rd,18.117042,-76.321098,28 May 2025,2025-05-28,1748390400.0,2,Wednesday,5,22
28 may 2025,JM,T1 (E) - East West Hwy,17.976436,-76.942201,28 May 2025,2025-05-28,1748390400.0,2,Wednesday,5,22
28 may 2025,JM,A4 - Southern Coastal Highway,17.94139,-76.662034,28 May 2025,2025-05-28,1748390400.0,2,Wednesday,5,22
28 may 2025,JM,Bernard Lodge Main Rd,17.979805,-76.934331,28 May 2025,2025-05-28,1748390400.0,2,Wednesday,5,22
28 may 2025,JM,Dyke Rd,17.980564,-76.862292,28 May 2025,2025-05-28,1748390400.0,2,Wednesday,5,22
28 may 2025,JM,Emerald Cl,18.023981,-76.963558,28 May 2025,2025-05-28,1748390400.0,2,Wednesday,5,22
28 may 2025,JM,Hope Rd,18.020912,-76.770538,28 May 2025,2025-05-28,1748390400.0,2,Wednesday,5,22
28 may 2025,JM,Main Rd,17.997295,-76.935448,28 May 2025,2025-05-28,1748390400.0,2,Wednesday,5,22
28 may 2025,JM,Marcus Garvey Dr,17.984772,-76.82418,28 May 2025,2025-05-28,1748390400.0,2,Wednesday,5,22
28 may 2025,JM,T1 (E) - East West Hwy,17.973648,-76.951908,28 May 2025,2025-05-28,1748390400.0,2,Wednesday,5,22
28 may 2025,JM,Michael Manley Blvd,17.964893,-76.783163,28 May 2025,2025-05-28,1748390400.0,2,Wednesday,5,22
28 may 2025,JM,T1 (E) - East West Hwy,17.932685,-77.212821,28 May 2025,2025-05-28,1748390400.0,2,Wednesday,5,22
28 may 2025,JM,T3 - Edward Seaga Highway,18.15573,-77.032685,28 May 2025,2025-05-28,1748390400.0,2,Wednesday,5,22
28 may 2025,JM,T3 - Edward Seaga Highway,18.091591,-77.010465,28 May 2025,2025-05-28,1748390400.0,2,Wednesday,5,22
28 may 2025,JM,T3 - Edward Seaga Highway,18.157964,-77.033385,28 May 2025,2025-05-28,1748390400.0,2,Wednesday,5,22
28 may 2025,JM,T3 - Edward Seaga Highway,18.20616,-77.044901,28 May 2025,2025-05-28,1748390400.0,2,Wednesday,5,22
28 may 2025,JM,T3 - Edward Seaga Highway,18.076653,-76.999049,28 May 2025,2025-05-28,1748390400.0,2,Wednesday,5,22
28 may 2025,JM,Westminster Rd,18.021529,-76.80003,28 May 2025,2025-05-28,1748390400.0,2,Wednesday,5,22
28 may 2025,JM,White Church St,17.994352,-76.953084,28 May 2025,2025-05-28,1748390400.0,2,Wednesday,5,22
28 may 2025,JM,Grange Ln,17.986567,-76.895957,28 May 2025,2025-05-28,1748390400.0,2,Wednesday,5,22
28 may 2025,JM,White Water Blvd,17.977874,-76.995251,28 May 2025,2025-05-28,1748390400.0,2,Wednesday,5,22
28 may 2025,JM,A1 (E) - Nelson Mandela Highway,18.021757,-76.87969,28 May 2025,2025-05-28,1748390400.0,2,Wednesday,5,22
28 may 2025,JM,T3 - Edward Seaga Highway,18.157995,-77.033276,28 May 2025,2025-05-28,1748390400.0,2,Wednesday,5,22
28 may 2025,JM,A1 - Kew Bridge to Great River Rd,18.448905,-78.080394,28 May 2025,2025-05-28,1748390400.0,2,Wednesday,5,22
28 may 2025,JM,A1 - North Coast Highway,18.446792,-77.224315,28 May 2025,2025-05-28,1748390400.0,2,Wednesday,5,22
28 may 2025,JM,Braeton Rd,17.951526,-76.90876,28 May 2025,2025-05-28,1748390400.0,2,Wednesday,5,22
28 may 2025,JM,Camp Rd,17.988169,-76.779781,28 May 2025,2025-05-28,1748390400.0,2,Wednesday,5,22
28 may 2025,JM,Marcus Garvey Dr,17.986562,-76.825993,28 May 2025,2025-05-28,1748390400.0,2,Wednesday,5,22
28 may 2025,JM,Braeton Parkway,17.95408,-76.911777,28 May 2025,2025-05-28,1748390400.0,2,Wednesday,5,22
28 may 2025,JM,Marcus Garvey Dr,17.986043,-76.8255,28 May 2025,2025-05-28,1748390400.0,2,Wednesday,5,22
28 may 2025,JM,Munroe Rd,18.017621,-76.767204,28 May 2025,2025-05-28,1748390400.0,2,Wednesday,5,22
28 may 2025,JM,Passage Fort Dr W,17.981931,-76.872887,28 May 2025,2025-05-28,1748390400.0,2,Wednesday,5,22
28 may 2025,JM,Seaview Ave,18.010403,-76.774518,28 May 2025,2025-05-28,1748390400.0,2,Wednesday,5,22
28 may 2025,JM,Seymour Ave,18.012956,-76.773945,28 May 2025,2025-05-28,1748390400.0,2,Wednesday,5,22
28 may 2025,JM,Seymour Ave,18.014987,-76.773737,28 May 2025,2025-05-28,1748390400.0,2,Wednesday,5,22
28 may 2025,JM,T2 Kingston - Portmore Toll Rd,17.993348,-76.838976,28 May 2025,2025-05-28,1748390400.0,2,Wednesday,5,22
28 may 2025,JM,T3 - Edward Seaga Highway,18.328523,-77.136318,28 May 2025,2025-05-28,1748390400.0,2,Wednesday,5,22
28 may 2025,JM,T3 - Edward Seaga Highway,18.159969,-77.034088,28 May 2025,2025-05-28,1748390400.0,2,Wednesday,5,22
28 may 2025,JM,Vineyard Rd,17.986181,-76.774087,28 May 2025,2025-05-28,1748390400.0,2,Wednesday,5,22
28 may 2025,JM,Waltham Park Rd,18.00112,-76.817026,28 May 2025,2025-05-28,1748390400.0,2,Wednesday,5,22
28 may 2025,JM,West Green Ave,18.461046,-77.925665,28 May 2025,2025-05-28,1748390400.0,2,Wednesday,5,22
28 may 2025,JM,A1 (W) - Nelson Mandela Highway,18.010111,-76.896519,28 May 2025,2025-05-28,1748390400.0,2,Wednesday,5,22
28 may 2025,JM,A1 - Linstead Bypass,18.117464,-77.010951,28 May 2025,2025-05-28,1748390400.0,2,Wednesday,5,22
28 may 2025,JM,A1 - River Rd,18.082912,-76.993538,28 May 2025,2025-05-28,1748390400.0,2,Wednesday,5,22
28 may 2025,JM,A4 - South Coast Hwy,17.914576,-76.62457,28 May 2025,2025-05-28,1748390400.0,2,Wednesday,5,22
28 may 2025,JM,A2 (E) - Washington Blvd,18.025193,-76.82713,28 May 2025,2025-05-28,1748390400.0,2,Wednesday,5,22
28 may 2025,JM,Arthur Wint Dr,18.001597,-76.777655,28 May 2025,2025-05-28,1748390400.0,2,Wednesday,5,22
28 may 2025,JM,T3 - Edward Seaga Highway,18.317491,-77.138285,28 May 2025,2025-05-28,1748390400.0,2,Wednesday,5,22
28 may 2025,JM,T3 - Edward Seaga Highway,18.284225,-77.123722,28 May 2025,2025-05-28,1748390400.0,2,Wednesday,5,22
28 may 2025,JM,,17.961581,-76.894739,28 May 2025,2025-05-28,1748390400.0,2,Wednesday,5,22
28 may 2025,JM,,17.991364,-76.798832,28 May 2025,2025-05-28,1748390400.0,2,Wednesday,5,22
28 may 2025,JM,,18.192661,-77.047373,28 May 2025,2025-05-28,1748390400.0,2,Wednesday,5,22
28 may 2025,JM,T3 - Edward Seaga Highway,18.101873,-77.03213,28 May 2025,2025-05-28,1748390400.0,2,Wednesday,5,22
28 may 2025,JM,Deanery Rd,17.983022,-76.779534,28 May 2025,2025-05-28,1748390400.0,2,Wednesday,5,22
28 may 2025,JM,A1 (E) - Nelson Mandela Highway,18.013848,-76.891253,28 May 2025,2025-05-28,1748390400.0,2,Wednesday,5,22
28 may 2025,JM,A1 (W) - Nelson Mandela Highway,18.003877,-76.904341,28 May 2025,2025-05-28,1748390400.0,2,Wednesday,5,22
28 may 2025,JM,A1 - Dr. Aston King Highway,18.451556,-77.979962,28 May 2025,2025-05-28,1748390400.0,2,Wednesday,5,22
28 may 2025,JM,A1 - Golden Grove to Davis Town Rd,18.365582,-77.165131,28 May 2025,2025-05-28,1748390400.0,2,Wednesday,5,22
28 may 2025,JM,A1 - Green Island to Negril Rd,18.368478,-78.334687,28 May 2025,2025-05-28,1748390400.0,2,Wednesday,5,22
28 may 2025,JM,A1 - Kew Bridge to Great River Rd,18.455096,-77.996389,28 May 2025,2025-05-28,1748390400.0,2,Wednesday,5,22
28 may 2025,JM,A1 - Kew Bridge to Great River Rd,18.454385,-78.021351,28 May 2025,2025-05-28,1748390400.0,2,Wednesday,5,22
28 may 2025,JM,A1 - Kew Bridge to Great River Rd,18.452758,-78.041298,28 May 2025,2025-05-28,1748390400.0,2,Wednesday,5,22
28 may 2025,JM,A1 - Kew Bridge to Great River Rd,18.449714,-78.089794,28 May 2025,2025-05-28,1748390400.0,2,Wednesday,5,22
28 may 2025,JM,A1 - Kew Bridge to Great River Rd,18.453699,-78.036481,28 May 2025,2025-05-28,1748390400.0,2,Wednesday,5,22
28 may 2025,JM,A1 - North Coast Highway,18.51515,-77.88152,28 May 2025,2025-05-28,1748390400.0,2,Wednesday,5,22
28 may 2025,JM,A2 - Bartletts River to Sheffield-Negril,18.251387,-78.266917,28 May 2025,2025-05-28,1748390400.0,2,Wednesday,5,22
28 may 2025,JM,A2 - Dalling St,18.230011,-78.176802,28 May 2025,2025-05-28,1748390400.0,2,Wednesday,5,22
28 may 2025,JM,A2 - Old Harbour Rd,17.947628,-77.059641,28 May 2025,2025-05-28,1748390400.0,2,Wednesday,5,22
28 may 2025,JM,A2 - Old Harbour Rd,17.987592,-76.988958,28 May 2025,2025-05-28,1748390400.0,2,Wednesday,5,22
28 may 2025,JM,A2 - Old Harbour Rd,17.992167,-76.972203,28 May 2025,2025-05-28,1748390400.0,2,Wednesday,5,22
28 may 2025,JM,A2 - Old Harbour Rd,17.991205,-76.975336,28 May 2025,2025-05-28,1748390400.0,2,Wednesday,5,22
28 may 2025,JM,A2 - Scotts Cove to Black River-Luana Rd,18.044203,-77.924142,28 May 2025,2025-05-28,1748390400.0,2,Wednesday,5,22
28 may 2025,JM,A3 - Junction Main Rd,18.09698,-76.809761,28 May 2025,2025-05-28,1748390400.0,2,Wednesday,5,22
28 may 2025,JM,A1 - North Coast Highway,18.456476,-77.256821,28 May 2025,2025-05-28,1748390400.0,2,Wednesday,5,22
28 may 2025,JM,A4 - Muirton to Fair Prospect Rd,18.120484,-76.325168,28 May 2025,2025-05-28,1748390400.0,2,Wednesday,5,22
28 may 2025,JM,A4 - Windward Rd,17.971466,-76.771771,28 May 2025,2025-05-28,1748390400.0,2,Wednesday,5,22
28 may 2025,JM,B11 - Stewart Town to Rock Rd,18.453344,-77.61249,28 May 2025,2025-05-28,1748390400.0,2,Wednesday,5,22
28 may 2025,JM,B8 - Anchovy to Shettlewood Rd,18.363585,-77.933553,28 May 2025,2025-05-28,1748390400.0,2,Wednesday,5,22
28 may 2025,JM,T1 (E) - East West Hwy,17.942848,-77.063543,28 May 2025,2025-05-28,1748390400.0,2,Wednesday,5,22
28 may 2025,JM,B8 - Shettlewood to Mackfield Rd,18.345559,-77.946396,28 May 2025,2025-05-28,1748390400.0,2,Wednesday,5,22
28 may 2025,JM,Bernard Lodge Main Rd,17.970252,-76.921047,28 May 2025,2025-05-28,1748390400.0,2,Wednesday,5,22
28 may 2025,JM,A1 - Walks Rd,18.018419,-76.974918,28 May 2025,2025-05-28,1748390400.0,2,Wednesday,5,22
28 may 2025,JM,Bernard Lodge Main Rd,17.963493,-76.904656,28 May 2025,2025-05-28,1748390400.0,2,Wednesday,5,22
28 may 2025,JM,Caledonia Road,18.056218,-77.477687,28 May 2025,2025-05-28,1748390400.0,2,Wednesday,5,22
28 may 2025,JM,Cassia Park Ave,18.021389,-76.806568,28 May 2025,2025-05-28,1748390400.0,2,Wednesday,5,22
28 may 2025,JM,Charlton Ave,18.037829,-76.792866,28 May 2025,2025-05-28,1748390400.0,2,Wednesday,5,22
28 may 2025,JM,Stillwell Rd,18.057544,-76.796942,28 May 2025,2025-05-28,1748390400.0,2,Wednesday,5,22
28 may 2025,JM,A2 (W) - Washington Blvd,18.025871,-76.819506,28 May 2025,2025-05-28,1748390400.0,2,Wednesday,5,22
28 may 2025,JM,Christopher Blvd,18.040282,-76.808966,28 May 2025,2025-05-28,1748390400.0,2,Wednesday,5,22
28 may 2025,JM,Church St,17.970116,-76.791796,28 May 2025,2025-05-28,1748390400.0,2,Wednesday,5,22
28 may 2025,JM,Eltham Parkway Rd,18.016162,-76.968184,28 May 2025,2025-05-28,1748390400.0,2,Wednesday,5,22
28 may 2025,JM,Fairfield Dr,18.012286,-76.986969,28 May 2025,2025-05-28,1748390400.0,2,Wednesday,5,22
28 may 2025,JM,Woodhaven Rd,18.033785,-76.814518,28 May 2025,2025-05-28,1748390400.0,2,Wednesday,5,22
28 may 2025,JM,Fort Augusta Dr,17.951412,-76.877208,28 May 2025,2025-05-28,1748390400.0,2,Wednesday,5,22
28 may 2025,JM,Gordon Blvd,18.006443,-76.959843,28 May 2025,2025-05-28,1748390400.0,2,Wednesday,5,22
28 may 2025,JM,A1 - North Coast Highway,18.472348,-77.554955,28 May 2025,2025-05-28,1748390400.0,2,Wednesday,5,22
28 may 2025,JM,Gordon Blvd,18.012279,-76.960064,28 May 2025,2025-05-28,1748390400.0,2,Wednesday,5,22
28 may 2025,JM,Greenwich Park Rd,17.987214,-76.79583,28 May 2025,2025-05-28,1748390400.0,2,Wednesday,5,22
28 may 2025,JM,A1 - North Coast Highway,18.47343,-77.583696,28 May 2025,2025-05-28,1748390400.0,2,Wednesday,5,22
28 may 2025,JM,Windsor Rd,17.991589,-76.957429,28 May 2025,2025-05-28,1748390400.0,2,Wednesday,5,22
28 may 2025,JM,Gregory Park Main Road,17.986321,-76.881779,28 May 2025,2025-05-28,1748390400.0,2,Wednesday,5,22
28 may 2025,JM,Havendale Dr,18.045865,-76.815036,28 May 2025,2025-05-28,1748390400.0,2,Wednesday,5,22
28 may 2025,JM,Worchester Dr,17.983239,-76.98263,28 May 2025,2025-05-28,1748390400.0,2,Wednesday,5,22
28 may 2025,JM,Kings Ave,18.003433,-76.803575,28 May 2025,2025-05-28,1748390400.0,2,Wednesday,5,22
28 may 2025,JM,Kingsland Main Rd,18.01009,-77.547062,28 May 2025,2025-05-28,1748390400.0,2,Wednesday,5,22
28 may 2025,JM,Worchester Dr,17.981401,-76.983335,28 May 2025,2025-05-28,1748390400.0,2,Wednesday,5,22
28 may 2025,JM,Kingswood Dr,18.071945,-76.805453,28 May 2025,2025-05-28,1748390400.0,2,Wednesday,5,22
28 may 2025,JM,A2 E - Washington Blvd,18.027467,-76.813891,28 May 2025,2025-05-28,1748390400.0,2,Wednesday,5,22
28 may 2025,JM,A2 E - Washington Blvd,18.026522,-76.817904,28 May 2025,2025-05-28,1748390400.0,2,Wednesday,5,22
28 may 2025,JM,A4 - Harbour View to Bull Bay Rd,17.945016,-76.690231,28 May 2025,2025-05-28,1748390400.0,2,Wednesday,5,22
28 may 2025,JM,Beechwood Ave,18.000406,-76.791912,28 May 2025,2025-05-28,1748390400.0,2,Wednesday,5,22
28 may 2025,JM,Hagley Park Rd,18.00674,-76.813465,28 May 2025,2025-05-28,1748390400.0,2,Wednesday,5,22
28 may 2025,JM,A1 (E) - Nelson Mandela Highway,18.0235,-76.876583,28 May 2025,2025-05-28,1748390400.0,2,Wednesday,5,22
28 may 2025,JM,A1 (E) - Nelson Mandela Highway,18.018362,-76.88468,28 May 2025,2025-05-28,1748390400.0,2,Wednesday,5,22
28 may 2025,JM,A1 (W) - Nelson Mandela Highway,18.02563,-76.868085,28 May 2025,2025-05-28,1748390400.0,2,Wednesday,5,22
28 may 2025,JM,A1 (W) - Nelson Mandela Highway,18.015478,-76.888628,28 May 2025,2025-05-28,1748390400.0,2,Wednesday,5,22
28 may 2025,JM,A1 (W) - Nelson Mandela Highway,18.025601,-76.868538,28 May 2025,2025-05-28,1748390400.0,2,Wednesday,5,22
28 may 2025,JM,A1 - Kew Bridge to Great River Rd,18.449762,-78.07823,28 May 2025,2025-05-28,1748390400.0,2,Wednesday,5,22
28 may 2025,JM,A1 - Lucea to Green Island Rd,18.389898,-78.268825,28 May 2025,2025-05-28,1748390400.0,2,Wednesday,5,22
28 may 2025,JM,A1 - Moneague to Golden Grove Rd,18.280193,-77.122639,28 May 2025,2025-05-28,1748390400.0,2,Wednesday,5,22
28 may 2025,JM,A1 - North Coast Highway,18.483888,-77.598584,28 May 2025,2025-05-28,1748390400.0,2,Wednesday,5,22
28 may 2025,JM,A1 - North Coast Highway,18.449,-77.228795,28 May 2025,2025-05-28,1748390400.0,2,Wednesday,5,22
28 may 2025,JM,A1 - North Coast Highway,18.484096,-77.599642,28 May 2025,2025-05-28,1748390400.0,2,Wednesday,5,22
28 may 2025,JM,A1 - North Coast Highway,18.496747,-77.912885,28 May 2025,2025-05-28,1748390400.0,2,Wednesday,5,22
28 may 2025,JM,A1 - North Coast Highway,18.521767,-77.839333,28 May 2025,2025-05-28,1748390400.0,2,Wednesday,5,22
28 may 2025,JM,A1 - North Coast Highway,18.445993,-77.223283,28 May 2025,2025-05-28,1748390400.0,2,Wednesday,5,22
28 may 2025,JM,A1 - North Coast Highway,18.472631,-77.645965,28 May 2025,2025-05-28,1748390400.0,2,Wednesday,5,22
28 may 2025,JM,A1 - North Coast Highway,18.519779,-77.8132,28 May 2025,2025-05-28,1748390400.0,2,Wednesday,5,22
28 may 2025,JM,A1 - North Coast Hwy,18.462242,-77.385601,28 May 2025,2025-05-28,1748390400.0,2,Wednesday,5,22
28 may 2025,JM,A2 - Old Harbour Rd,17.981964,-77.003027,28 May 2025,2025-05-28,1748390400.0,2,Wednesday,5,22
28 may 2025,JM,A2 - Winston Jones Hwy,18.068891,-77.474171,28 May 2025,2025-05-28,1748390400.0,2,Wednesday,5,22
28 may 2025,JM,A2 W - Washington Blvd,18.026373,-76.817859,28 May 2025,2025-05-28,1748390400.0,2,Wednesday,5,22
28 may 2025,JM,A3 (N) - Constant Spring Rd,18.023452,-76.796363,28 May 2025,2025-05-28,1748390400.0,2,Wednesday,5,22
28 may 2025,JM,A3 - Half Way Tree Rd,17.994548,-76.788385,28 May 2025,2025-05-28,1748390400.0,2,Wednesday,5,22
28 may 2025,JM,A4 - Sir Florizel Glaspole Blvd,17.958499,-76.727624,28 May 2025,2025-05-28,1748390400.0,2,Wednesday,5,22
28 may 2025,JM,A4 - South Coast Hwy,17.910397,-76.625333,28 May 2025,2025-05-28,1748390400.0,2,Wednesday,5,22
28 may 2025,JM,Brumalia Rd,18.046372,-77.513316,28 May 2025,2025-05-28,1748390400.0,2,Wednesday,5,22
28 may 2025,JM,Dyke Rd,17.984257,-76.864408,28 May 2025,2025-05-28,1748390400.0,2,Wednesday,5,22
28 may 2025,JM,Grange Ln,17.983325,-76.921699,28 May 2025,2025-05-28,1748390400.0,2,Wednesday,5,22
28 may 2025,JM,Gutters Main Rd,18.016268,-77.592808,28 May 2025,2025-05-28,1748390400.0,2,Wednesday,5,22
28 may 2025,JM,Hagley Park Rd,18.009588,-76.800241,28 May 2025,2025-05-28,1748390400.0,2,Wednesday,5,22
28 may 2025,JM,Hatfield Main Rd,18.030507,-77.536517,28 May 2025,2025-05-28,1748390400.0,2,Wednesday,5,22
28 may 2025,JM,Lakes Pen Rd,18.004878,-76.895427,28 May 2025,2025-05-28,1748390400.0,2,Wednesday,5,22
28 may 2025,JM,Marcus Garvey Dr,17.968077,-76.803988,28 May 2025,2025-05-28,1748390400.0,2,Wednesday,5,22
28 may 2025,JM,A1 - North Coast Highway,18.443595,-77.220243,28 May 2025,2025-05-28,1748390400.0,2,Wednesday,5,22
28 may 2025,JM,Michael Manley Blvd,17.966967,-76.769575,28 May 2025,2025-05-28,1748390400.0,2,Wednesday,5,22
28 may 2025,JM,Municipal Blvd,18.008618,-76.894917,28 May 2025,2025-05-28,1748390400.0,2,Wednesday,5,22
28 may 2025,JM,Ocean Blvd,17.963757,-76.792265,28 May 2025,2025-05-28,1748390400.0,2,Wednesday,5,22
28 may 2025,JM,Olivier Rd,18.043132,-76.786023,28 May 2025,2025-05-28,1748390400.0,2,Wednesday,5,22
28 may 2025,JM,Port Royal St,17.966179,-76.799548,28 May 2025,2025-05-28,1748390400.0,2,Wednesday,5,22
28 may 2025,JM,St. John's Rd,18.003459,-76.982999,28 May 2025,2025-05-28,1748390400.0,2,Wednesday,5,22
28 may 2025,JM,T1 (E) - East West Hwy,17.935716,-77.225697,28 May 2025,2025-05-28,1748390400.0,2,Wednesday,5,22
28 may 2025,JM,T1 (E) - East West Hwy,17.939796,-77.073784,28 May 2025,2025-05-28,1748390400.0,2,Wednesday,5,22
28 may 2025,JM,T1 (E) - East West Hwy,17.961321,-77.017142,28 May 2025,2025-05-28,1748390400.0,2,Wednesday,5,22
28 may 2025,JM,T1 (E) - East West Hwy,17.964771,-77.360196,28 May 2025,2025-05-28,1748390400.0,2,Wednesday,5,22
28 may 2025,JM,T1 (E) - East West Hwy,17.973463,-76.958468,28 May 2025,2025-05-28,1748390400.0,2,Wednesday,5,22
28 may 2025,JM,T1 (E) - East West Hwy,17.997947,-76.896591,28 May 2025,2025-05-28,1748390400.0,2,Wednesday,5,22
28 may 2025,JM,T1 (W) - East West Hwy,18.034737,-77.433566,28 May 2025,2025-05-28,1748390400.0,2,Wednesday,5,22
28 may 2025,JM,T1 (W) - East West Hwy,18.009977,-76.893631,28 May 2025,2025-05-28,1748390400.0,2,Wednesday,5,22
28 may 2025,JM,T1 (W) - East West Hwy,17.995161,-76.897675,28 May 2025,2025-05-28,1748390400.0,2,Wednesday,5,22
28 may 2025,JM,T1 (W) - East West Hwy,17.958579,-77.022321,28 May 2025,2025-05-28,1748390400.0,2,Wednesday,5,22
28 may 2025,JM,T1 (W) - East West Hwy,17.964263,-77.011212,28 May 2025,2025-05-28,1748390400.0,2,Wednesday,5,22
28 may 2025,JM,T1 (W) - East West Hwy,17.979529,-76.928144,28 May 2025,2025-05-28,1748390400.0,2,Wednesday,5,22
28 may 2025,JM,T1 (W) - East West Hwy,17.962594,-77.277482,28 May 2025,2025-05-28,1748390400.0,2,Wednesday,5,22
28 may 2025,JM,T1 (W) - East West Hwy,17.989151,-76.902404,28 May 2025,2025-05-28,1748390400.0,2,Wednesday,5,22
28 may 2025,JM,T1 (W) - East West Hwy,18.005991,-77.406775,28 May 2025,2025-05-28,1748390400.0,2,Wednesday,5,22
28 may 2025,JM,T1 (W) - East West Hwy,17.998557,-76.896267,28 May 2025,2025-05-28,1748390400.0,2,Wednesday,5,22
28 may 2025,JM,T2 Kingston - Portmore Toll Rd,17.975637,-76.841901,28 May 2025,2025-05-28,1748390400.0,2,Wednesday,5,22
28 may 2025,JM,T2 Kingston - Portmore Toll Rd,17.98452,-76.841916,28 May 2025,2025-05-28,1748390400.0,2,Wednesday,5,22
28 may 2025,JM,T2 Kingston - Portmore Toll Rd,17.987678,-76.842484,28 May 2025,2025-05-28,1748390400.0,2,Wednesday,5,22
28 may 2025,JM,T3 - Edward Seaga Highway,18.157249,-77.033038,28 May 2025,2025-05-28,1748390400.0,2,Wednesday,5,22
28 may 2025,JM,T3 - Edward Seaga Highway,18.155,-77.032526,28 May 2025,2025-05-28,1748390400.0,2,Wednesday,5,22
28 may 2025,JM,T3 - Edward Seaga Highway,18.42142,-77.157363,28 May 2025,2025-05-28,1748390400.0,2,Wednesday,5,22
28 may 2025,JM,T3 - Edward Seaga Highway,18.165515,-77.036772,28 May 2025,2025-05-28,1748390400.0,2,Wednesday,5,22
28 may 2025,JM,T3 - Edward Seaga Highway,18.329435,-77.138521,28 May 2025,2025-05-28,1748390400.0,2,Wednesday,5,22
28 may 2025,JM,T3 - Edward Seaga Highway,18.153265,-77.032299,28 May 2025,2025-05-28,1748390400.0,2,Wednesday,5,22
28 may 2025,JM,T3 - Edward Seaga Highway,18.015803,-76.912622,28 May 2025,2025-05-28,1748390400.0,2,Wednesday,5,22
28 may 2025,JM,Stoney Hill to Parks Road Rd,18.090079,-76.822953,28 May 2025,2025-05-28,1748390400.0,2,Wednesday,5,22
28 may 2025,JM,T3 - Edward Seaga Highway,18.132536,-77.040684,28 May 2025,2025-05-28,1748390400.0,2,Wednesday,5,22
28 may 2025,JM,T3 - Edward Seaga Highway,18.156291,-77.032806,28 May 2025,2025-05-28,1748390400.0,2,Wednesday,5,22
28 may 2025,JM,T3 - Edward Seaga Highway,18.145063,-77.035002,28 May 2025,2025-05-28,1748390400.0,2,Wednesday,5,22
28 may 2025,JM,T3 - Edward Seaga Highway,18.23124,-77.086269,28 May 2025,2025-05-28,1748390400.0,2,Wednesday,5,22
28 may 2025,JM,T3 - Edward Seaga Highway,18.099418,-77.019096,28 May 2025,2025-05-28,1748390400.0,2,Wednesday,5,22
28 may 2025,JM,T3 - Edward Seaga Highway,18.098859,-77.016562,28 May 2025,2025-05-28,1748390400.0,2,Wednesday,5,22
28 may 2025,JM,T3 - Edward Seaga Highway,18.189235,-77.038996,28 May 2025,2025-05-28,1748390400.0,2,Wednesday,5,22
28 may 2025,JM,T3 - Edward Seaga Highway,18.096901,-77.010669,28 May 2025,2025-05-28,1748390400.0,2,Wednesday,5,22
28 may 2025,JM,T3 - Edward Seaga Highway,18.155779,-77.032695,28 May 2025,2025-05-28,1748390400.0,2,Wednesday,5,22
28 may 2025,JM,T3 - Edward Seaga Highway,18.18852,-77.039003,28 May 2025,2025-05-28,1748390400.0,2,Wednesday,5,22
28 may 2025,JM,T3 - Edward Seaga Highway,18.027243,-76.93519,28 May 2025,2025-05-28,1748390400.0,2,Wednesday,5,22
28 may 2025,JM,T3 - Edward Seaga Highway,18.061195,-76.989646,28 May 2025,2025-05-28,1748390400.0,2,Wednesday,5,22
28 may 2025,JM,T3 - Edward Seaga Highway,18.386587,-77.15861,28 May 2025,2025-05-28,1748390400.0,2,Wednesday,5,22
28 may 2025,JM,T3 - Edward Seaga Highway,18.062297,-76.99063,28 May 2025,2025-05-28,1748390400.0,2,Wednesday,5,22
28 may 2025,JM,T3 - Edward Seaga Highway,18.052165,-76.983697,28 May 2025,2025-05-28,1748390400.0,2,Wednesday,5,22
28 may 2025,JM,T3 - Edward Seaga Highway,18.079872,-77.004611,28 May 2025,2025-05-28,1748390400.0,2,Wednesday,5,22
28 may 2025,JM,T3 - Edward Seaga Highway,18.144896,-77.035105,28 May 2025,2025-05-28,1748390400.0,2,Wednesday,5,22
28 may 2025,JM,T3 - Edward Seaga Highway,18.080051,-77.001122,28 May 2025,2025-05-28,1748390400.0,2,Wednesday,5,22
28 may 2025,JM,T3 - Edward Seaga Highway,18.098966,-77.016964,28 May 2025,2025-05-28,1748390400.0,2,Wednesday,5,22
28 may 2025,JM,T3 - Edward Seaga Highway,18.411354,-77.158752,28 May 2025,2025-05-28,1748390400.0,2,Wednesday,5,22
28 may 2025,JM,T3 - Edward Seaga Highway,18.096898,-77.010846,28 May 2025,2025-05-28,1748390400.0,2,Wednesday,5,22
28 may 2025,JM,T3 - Edward Seaga Highway,18.205327,-77.044195,28 May 2025,2025-05-28,1748390400.0,2,Wednesday,5,22
28 may 2025,JM,T3 - Edward Seaga Highway,18.230828,-77.085981,28 May 2025,2025-05-28,1748390400.0,2,Wednesday,5,22
28 may 2025,JM,to T3 (S),18.038708,-76.969987,28 May 2025,2025-05-28,1748390400.0,2,Wednesday,5,22
28 may 2025,JM,A1 - Jimmy Cliff Blvd,18.487044,-77.928468,28 May 2025,2025-05-28,1748390400.0,2,Wednesday,5,22
28 may 2025,JM,A1 - Spanish Town Rd,18.015672,-76.844296,28 May 2025,2025-05-28,1748390400.0,2,Wednesday,5,22
28 may 2025,JM,A2 (W) - Melrose Hill Byp,18.051695,-77.441431,28 May 2025,2025-05-28,1748390400.0,2,Wednesday,5,22
28 may 2025,JM,A2 - Winston Jones Hwy,18.068576,-77.472637,28 May 2025,2025-05-28,1748390400.0,2,Wednesday,5,22
28 may 2025,JM,T3 - Edward Seaga Highway,18.064105,-76.992227,28 May 2025,2025-05-28,1748390400.0,2,Wednesday,5,22
28 may 2025,JM,Grange Ln,17.986702,-76.906035,28 May 2025,2025-05-28,1748390400.0,2,Wednesday,5,22
28 may 2025,JM,T3 - Edward Seaga Highway,18.099516,-77.023107,28 May 2025,2025-05-28,1748390400.0,2,Wednesday,5,22
28 may 2025,JM,T3 - Edward Seaga Highway,18.123614,-77.040255,28 May 2025,2025-05-28,1748390400.0,2,Wednesday,5,22
28 may 2025,JM,A1 (W) - Nelson Mandela Highway,18.022714,-76.877712,28 May 2025,2025-05-28,1748390400.0,2,Wednesday,5,22
28 may 2025,JM,A1 (W) - Nelson Mandela Highway,18.025832,-76.859807,28 May 2025,2025-05-28,1748390400.0,2,Wednesday,5,22
28 may 2025,JM,A1 - Kew Bridge to Great River Rd,18.45642,-78.011578,28 May 2025,2025-05-28,1748390400.0,2,Wednesday,5,22
28 may 2025,JM,A1 - North Coast Highway,18.516239,-77.878146,28 May 2025,2025-05-28,1748390400.0,2,Wednesday,5,22
28 may 2025,JM,A1 - Spanish Town Rd > Three Miles,18.019628,-76.848598,28 May 2025,2025-05-28,1748390400.0,2,Wednesday,5,22
28 may 2025,JM,A1 - Sunset Blvd,18.492031,-77.922327,28 May 2025,2025-05-28,1748390400.0,2,Wednesday,5,22
28 may 2025,JM,A2 - Greenvale Rd,18.039107,-77.53036,28 May 2025,2025-05-28,1748390400.0,2,Wednesday,5,22
28 may 2025,JM,A2 - Old Harbour Rd,17.940432,-77.100733,28 May 2025,2025-05-28,1748390400.0,2,Wednesday,5,22
28 may 2025,JM,A3 - Constant Spring Rd,18.014177,-76.797569,28 May 2025,2025-05-28,1748390400.0,2,Wednesday,5,22
28 may 2025,JM,Barnett St,18.465385,-77.915472,28 May 2025,2025-05-28,1748390400.0,2,Wednesday,5,22
28 may 2025,JM,Cassava Piece Rd,18.045557,-76.797348,28 May 2025,2025-05-28,1748390400.0,2,Wednesday,5,22
28 may 2025,JM,Dillsbury Ave,18.031716,-76.771637,28 May 2025,2025-05-28,1748390400.0,2,Wednesday,5,22
28 may 2025,JM,Dillsbury Ave,18.031712,-76.771758,28 May 2025,2025-05-28,1748390400.0,2,Wednesday,5,22
28 may 2025,JM,Innswood Dr,18.066589,-76.796763,28 May 2025,2025-05-28,1748390400.0,2,Wednesday,5,22
28 may 2025,JM,Lady Musgrave Rd,18.004521,-76.779909,28 May 2025,2025-05-28,1748390400.0,2,Wednesday,5,22
28 may 2025,JM,Lady Musgrave Rd,18.004945,-76.779659,28 May 2025,2025-05-28,1748390400.0,2,Wednesday,5,22
28 may 2025,JM,Lady Musgrave Rd,18.005587,-76.779303,28 May 2025,2025-05-28,1748390400.0,2,Wednesday,5,22
28 may 2025,JM,Latham Ave,18.005779,-76.774907,28 May 2025,2025-05-28,1748390400.0,2,Wednesday,5,22
28 may 2025,JM,Maffessanti Drive,18.45033,-77.920778,28 May 2025,2025-05-28,1748390400.0,2,Wednesday,5,22
28 may 2025,JM,Marcus Garvey Dr,17.988254,-76.826821,28 May 2025,2025-05-28,1748390400.0,2,Wednesday,5,22
28 may 2025,JM,Marcus Garvey Dr,17.984667,-76.824054,28 May 2025,2025-05-28,1748390400.0,2,Wednesday,5,22
28 may 2025,JM,Market St,18.483356,-77.656583,28 May 2025,2025-05-28,1748390400.0,2,Wednesday,5,22
28 may 2025,JM,Molynes Rd,18.017167,-76.809051,28 May 2025,2025-05-28,1748390400.0,2,Wednesday,5,22
28 may 2025,JM,Molynes Rd,18.012777,-76.801794,28 May 2025,2025-05-28,1748390400.0,2,Wednesday,5,22
28 may 2025,JM,Montrose Rd,18.012691,-76.776145,28 May 2025,2025-05-28,1748390400.0,2,Wednesday,5,22
28 may 2025,JM,Mount Salem Rd,18.467675,-77.914004,28 May 2025,2025-05-28,1748390400.0,2,Wednesday,5,22
28 may 2025,JM,Mountain View Ave,17.990896,-76.765821,28 May 2025,2025-05-28,1748390400.0,2,Wednesday,5,22
28 may 2025,JM,Municipal Blvd,18.001406,-76.895097,28 May 2025,2025-05-28,1748390400.0,2,Wednesday,5,22
28 may 2025,JM,Musgrave Ave,18.010312,-76.780331,28 May 2025,2025-05-28,1748390400.0,2,Wednesday,5,22
28 may 2025,JM,Queens Dr,18.490153,-77.922404,28 May 2025,2025-05-28,1748390400.0,2,Wednesday,5,22
28 may 2025,JM,Seaward Dr,18.019814,-76.821551,28 May 2025,2025-05-28,1748390400.0,2,Wednesday,5,22
28 may 2025,JM,South Odeon Ave,18.011446,-76.799208,28 May 2025,2025-05-28,1748390400.0,2,Wednesday,5,22
28 may 2025,JM,St. John's Rd,18.006444,-76.998963,28 May 2025,2025-05-28,1748390400.0,2,Wednesday,5,22
28 may 2025,JM,Tucker Main Rd,18.451889,-77.899922,28 May 2025,2025-05-28,1748390400.0,2,Wednesday,5,22
28 may 2025,JM,Upper Elleston Rd,17.973518,-76.778816,28 May 2025,2025-05-28,1748390400.0,2,Wednesday,5,22
28 may 2025,JM,Ward Ave,18.039417,-77.5158,28 May 2025,2025-05-28,1748390400.0,2,Wednesday,5,22
28 may 2025,JM,Waterloo Rd,18.01911,-76.79181,28 May 2025,2025-05-28,1748390400.0,2,Wednesday,5,22
28 may 2025,JM,Worthington Ave,18.00606,-76.782218,28 May 2025,2025-05-28,1748390400.0,2,Wednesday,5,22
28 may 2025,JM,A1 - Spanish Town Rd,18.016909,-76.845732,28 May 2025,2025-05-28,1748390400.0,2,Wednesday,5,22
28 may 2025,JM,A3 (S) - Constant Spring Rd,18.023661,-76.796322,28 May 2025,2025-05-28,1748390400.0,2,Wednesday,5,22
28 may 2025,JM,Barbican Rd,18.032144,-76.78012,28 May 2025,2025-05-28,1748390400.0,2,Wednesday,5,22
28 may 2025,JM,Emmanuelle Rd,18.008264,-76.782819,28 May 2025,2025-05-28,1748390400.0,2,Wednesday,5,22
28 may 2025,JM,Fairfield Rd,18.006632,-76.986609,28 May 2025,2025-05-28,1748390400.0,2,Wednesday,5,22
28 may 2025,JM,Fairway Ave,18.00883,-76.775085,28 May 2025,2025-05-28,1748390400.0,2,Wednesday,5,22
28 may 2025,JM,Kingsway,18.021068,-76.789948,28 May 2025,2025-05-28,1748390400.0,2,Wednesday,5,22
28 may 2025,JM,Kingsway,18.017882,-76.789844,28 May 2025,2025-05-28,1748390400.0,2,Wednesday,5,22
28 may 2025,JM,Kingsway,18.019362,-76.789973,28 May 2025,2025-05-28,1748390400.0,2,Wednesday,5,22
28 may 2025,JM,Marcus Garvey Dr,17.994184,-76.828478,28 May 2025,2025-05-28,1748390400.0,2,Wednesday,5,22
28 may 2025,JM,Old Hope Rd,18.003234,-76.779455,28 May 2025,2025-05-28,1748390400.0,2,Wednesday,5,22
28 may 2025,JM,Old Hope Rd,18.016984,-76.770887,28 May 2025,2025-05-28,1748390400.0,2,Wednesday,5,22
28 may 2025,JM,Red Hills Rd,18.025666,-76.805073,28 May 2025,2025-05-28,1748390400.0,2,Wednesday,5,22
28 may 2025,JM,Roehampton Cl,18.042176,-76.805455,28 May 2025,2025-05-28,1748390400.0,2,Wednesday,5,22
28 may 2025,JM,Salt Pond Rd,17.980862,-76.945318,28 May 2025,2025-05-28,1748390400.0,2,Wednesday,5,22
28 may 2025,JM,> Three Miles,17.990901,-76.828441,28 May 2025,2025-05-28,1748390400.0,2,Wednesday,5,22
28 may 2025,JM,A1 (W) - Nelson Mandela Highway,18.017856,-76.885123,28 May 2025,2025-05-28,1748390400.0,2,Wednesday,5,22
28 may 2025,JM,A1 (W) - Nelson Mandela Highway,18.023342,-76.876493,28 May 2025,2025-05-28,1748390400.0,2,Wednesday,5,22
28 may 2025,JM,A1 (W) - Nelson Mandela Highway,18.012636,-76.892848,28 May 2025,2025-05-28,1748390400.0,2,Wednesday,5,22
28 may 2025,JM,A1 - Dr. Aston King Highway,18.445079,-77.950449,28 May 2025,2025-05-28,1748390400.0,2,Wednesday,5,22
28 may 2025,JM,A1 - Kew Bridge to Great River Rd,18.452928,-78.040406,28 May 2025,2025-05-28,1748390400.0,2,Wednesday,5,22
28 may 2025,JM,A1 - North Coast Highway,18.521508,-77.841605,28 May 2025,2025-05-28,1748390400.0,2,Wednesday,5,22
28 may 2025,JM,A1 - North Coast Highway,18.516094,-77.777526,28 May 2025,2025-05-28,1748390400.0,2,Wednesday,5,22
28 may 2025,JM,A1 - Spanish Town By-pass Rd,17.995571,-76.967265,28 May 2025,2025-05-28,1748390400.0,2,Wednesday,5,22
28 may 2025,JM,A1 - Spanish Town Rd,18.001288,-76.828471,28 May 2025,2025-05-28,1748390400.0,2,Wednesday,5,22
28 may 2025,JM,A1 - Spanish Town Rd,18.025182,-76.854786,28 May 2025,2025-05-28,1748390400.0,2,Wednesday,5,22
28 may 2025,JM,A1 - Spanish Town Rd,18.01829,-76.847276,28 May 2025,2025-05-28,1748390400.0,2,Wednesday,5,22
28 may 2025,JM,A1 - Spanish Town Rd,18.023435,-76.852774,28 May 2025,2025-05-28,1748390400.0,2,Wednesday,5,22
28 may 2025,JM,A1 - Spanish Town Rd,18.01262,-76.841044,28 May 2025,2025-05-28,1748390400.0,2,Wednesday,5,22
28 may 2025,JM,A2 - Winston Jones Hwy,18.068838,-77.468932,28 May 2025,2025-05-28,1748390400.0,2,Wednesday,5,22
28 may 2025,JM,A3 - Constant Spring Rd,18.016653,-76.796562,28 May 2025,2025-05-28,1748390400.0,2,Wednesday,5,22
28 may 2025,JM,A3 - Maxfield Ave,18.006084,-76.800353,28 May 2025,2025-05-28,1748390400.0,2,Wednesday,5,22
28 may 2025,JM,Braeton Rd,17.957269,-76.893484,28 May 2025,2025-05-28,1748390400.0,2,Wednesday,5,22
28 may 2025,JM,Caledonia Rd,18.067887,-77.468347,28 May 2025,2025-05-28,1748390400.0,2,Wednesday,5,22
28 may 2025,JM,Courtney Walsh Dr,18.015706,-76.800932,28 May 2025,2025-05-28,1748390400.0,2,Wednesday,5,22
28 may 2025,JM,Dawkins Dr,17.970156,-76.869433,28 May 2025,2025-05-28,1748390400.0,2,Wednesday,5,22
28 may 2025,JM,Dukharan Ave,18.028322,-76.801901,28 May 2025,2025-05-28,1748390400.0,2,Wednesday,5,22
28 may 2025,JM,Grants Pen Rd,18.033178,-76.794462,28 May 2025,2025-05-28,1748390400.0,2,Wednesday,5,22
28 may 2025,JM,Hagley Park Rd,18.001682,-76.81996,28 May 2025,2025-05-28,1748390400.0,2,Wednesday,5,22
28 may 2025,JM,Hagley Park Rd,18.009446,-76.803076,28 May 2025,2025-05-28,1748390400.0,2,Wednesday,5,22
28 may 2025,JM,Hagley Park Rd,18.002081,-76.819423,28 May 2025,2025-05-28,1748390400.0,2,Wednesday,5,22
28 may 2025,JM,Harbour St,17.966262,-76.794535,28 May 2025,2025-05-28,1748390400.0,2,Wednesday,5,22
28 may 2025,JM,Lady Musgrave Rd,18.006884,-76.778974,28 May 2025,2025-05-28,1748390400.0,2,Wednesday,5,22
28 may 2025,JM,Lyndhurst Rd,18.000555,-76.800951,28 May 2025,2025-05-28,1748390400.0,2,Wednesday,5,22
28 may 2025,JM,March Pen Rd,17.987454,-76.954742,28 May 2025,2025-05-28,1748390400.0,2,Wednesday,5,22
28 may 2025,JM,Marcus Garvey Dr,17.982085,-76.820937,28 May 2025,2025-05-28,1748390400.0,2,Wednesday,5,22
28 may 2025,JM,Marcus Garvey Dr,17.986173,-76.825854,28 May 2025,2025-05-28,1748390400.0,2,Wednesday,5,22
28 may 2025,JM,Michael Manley Blvd,17.969253,-76.752522,28 May 2025,2025-05-28,1748390400.0,2,Wednesday,5,22
28 may 2025,JM,Montrose Rd,18.01293,-76.77731,28 May 2025,2025-05-28,1748390400.0,2,Wednesday,5,22
28 may 2025,JM,Musgrave Ave,18.00859,-76.781021,28 May 2025,2025-05-28,1748390400.0,2,Wednesday,5,22
28 may 2025,JM,Old Hope Rd,17.998669,-76.784059,28 May 2025,2025-05-28,1748390400.0,2,Wednesday,5,22
28 may 2025,JM,Oval Rd,18.00632,-76.783189,28 May 2025,2025-05-28,1748390400.0,2,Wednesday,5,22
28 may 2025,JM,Oxford Rd,18.001852,-76.789141,28 May 2025,2025-05-28,1748390400.0,2,Wednesday,5,22
28 may 2025,JM,Patrick Dr,18.026647,-76.837456,28 May 2025,2025-05-28,1748390400.0,2,Wednesday,5,22
28 may 2025,JM,Red Hills Blvd,18.03391,-76.812264,28 May 2025,2025-05-28,1748390400.0,2,Wednesday,5,22
28 may 2025,JM,Red Hills Rd,18.025398,-76.804949,28 May 2025,2025-05-28,1748390400.0,2,Wednesday,5,22
28 may 2025,JM,Red Hills Rd,18.029843,-76.805998,28 May 2025,2025-05-28,1748390400.0,2,Wednesday,5,22
28 may 2025,JM,Roehampton Cl,18.044141,-76.803122,28 May 2025,2025-05-28,1748390400.0,2,Wednesday,5,22
28 may 2025,JM,Seaton Blvd,17.985235,-76.992088,28 May 2025,2025-05-28,1748390400.0,2,Wednesday,5,22
28 may 2025,JM,South Odeon Ave,18.011958,-76.798523,28 May 2025,2025-05-28,1748390400.0,2,Wednesday,5,22
28 may 2025,JM,St. John's Rd,18.005515,-76.989262,28 May 2025,2025-05-28,1748390400.0,2,Wednesday,5,22
28 may 2025,JM,T3 - Edward Seaga Highway,18.026649,-76.930231,28 May 2025,2025-05-28,1748390400.0,2,Wednesday,5,22
28 may 2025,JM,Municipal Blvd,18.008835,-76.894913,28 May 2025,2025-05-28,1748390400.0,2,Wednesday,5,22
28 may 2025,JM,,17.905429,-77.608824,28 May 2025,2025-05-28,1748390400.0,2,Wednesday,5,22
28 may 2025,JM,2nd St,17.984922,-76.826718,28 May 2025,2025-05-28,1748390400.0,2,Wednesday,5,22
28 may 2025,JM,A1 - North Coast Highway,18.47606,-77.487543,28 May 2025,2025-05-28,1748390400.0,2,Wednesday,5,22
28 may 2025,JM,A1 - North Coast Highway,18.484031,-77.600362,28 May 2025,2025-05-28,1748390400.0,2,Wednesday,5,22
28 may 2025,JM,A1 - River Rd,18.071144,-76.986432,28 May 2025,2025-05-28,1748390400.0,2,Wednesday,5,22
28 may 2025,JM,A4 - Southern Coastal Highway,17.935719,-76.654802,28 May 2025,2025-05-28,1748390400.0,2,Wednesday,5,22
28 may 2025,JM,Windsor Rd,17.99195,-76.957252,28 May 2025,2025-05-28,1748390400.0,2,Wednesday,5,22
28 may 2025,JM,Bernard Lodge Main Rd,17.983298,-76.936033,28 May 2025,2025-05-28,1748390400.0,2,Wednesday,5,22
28 may 2025,JM,Job Ln,18.00975,-76.977182,28 May 2025,2025-05-28,1748390400.0,2,Wednesday,5,22
28 may 2025,JM,Knutsford Blvd,18.009241,-76.785441,28 May 2025,2025-05-28,1748390400.0,2,Wednesday,5,22
28 may 2025,JM,Mount Salus Rd,18.063455,-76.826771,28 May 2025,2025-05-28,1748390400.0,2,Wednesday,5,22
28 may 2025,JM,T1 (W) - East West Hwy,17.97894,-76.929233,28 May 2025,2025-05-28,1748390400.0,2,Wednesday,5,22
28 may 2025,JM,T3 - Edward Seaga Highway,18.137905,-77.039314,28 May 2025,2025-05-28,1748390400.0,2,Wednesday,5,22
28 may 2025,JM,T3 - Edward Seaga Highway,18.411334,-77.159076,28 May 2025,2025-05-28,1748390400.0,2,Wednesday,5,22
28 may 2025,JM,T3 - Edward Seaga Highway,18.244234,-77.097309,28 May 2025,2025-05-28,1748390400.0,2,Wednesday,5,22
28 may 2025,JM,T3 - Edward Seaga Highway,18.062652,-76.99112,28 May 2025,2025-05-28,1748390400.0,2,Wednesday,5,22
28 may 2025,JM,T3 - Edward Seaga Highway,18.060647,-76.989075,28 May 2025,2025-05-28,1748390400.0,2,Wednesday,5,22
28 may 2025,JM,A2 - Spur Tree Rd,18.003693,-77.573723,28 May 2025,2025-05-28,1748390400.0,2,Wednesday,5,22
28 may 2025,JM,A3 - Oracabessa to White River Rd,18.420957,-77.041496,28 May 2025,2025-05-28,1748390400.0,2,Wednesday,5,22
28 may 2025,JM,B8 - Anchovy to Shettlewood Rd,18.38749,-77.934153,28 May 2025,2025-05-28,1748390400.0,2,Wednesday,5,22
28 may 2025,JM,A4 - White Horses to Rozelle Rd,17.872551,-76.465113,28 May 2025,2025-05-28,1748390400.0,2,Wednesday,5,22
28 may 2025,JM,B8 - Anchovy to Shettlewood Rd,18.386264,-77.934157,28 May 2025,2025-05-28,1748390400.0,2,Wednesday,5,22
28 may 2025,JM,Munroe Rd,18.019524,-76.765509,28 May 2025,2025-05-28,1748390400.0,2,Wednesday,5,22
28 may 2025,JM,Pear Tree Grove to Riversdale Rd,18.207663,-76.968547,28 May 2025,2025-05-28,1748390400.0,2,Wednesday,5,22
28 may 2025,JM,A1 - North Coast Highway,18.503024,-77.903208,28 May 2025,2025-05-28,1748390400.0,2,Wednesday,5,22
28 may 2025,JM,Harbour St,17.965587,-76.785929,28 May 2025,2025-05-28,1748390400.0,2,Wednesday,5,22
28 may 2025,JM,T1 (W) - East West Hwy,17.958169,-77.340959,28 May 2025,2025-05-28,1748390400.0,2,Wednesday,5,22
28 may 2025,JM,,17.987246,-76.97655,28 May 2025,2025-05-28,1748390400.0,2,Wednesday,5,22
28 may 2025,JM,,18.10868,-76.850458,28 May 2025,2025-05-28,1748390400.0,2,Wednesday,5,22
28 may 2025,JM,A1 (W) - Nelson Mandela Highway,17.997078,-76.923757,28 May 2025,2025-05-28,1748390400.0,2,Wednesday,5,22
28 may 2025,JM,A1 - Dr. Aston King Highway,18.451651,-77.978767,28 May 2025,2025-05-28,1748390400.0,2,Wednesday,5,22
28 may 2025,JM,A1 (W) - Nelson Mandela Highway,17.996509,-76.914081,28 May 2025,2025-05-28,1748390400.0,2,Wednesday,5,22
28 may 2025,JM,A1 - Kew Bridge to Great River Rd,18.454615,-78.020775,28 May 2025,2025-05-28,1748390400.0,2,Wednesday,5,22
28 may 2025,JM,A1 - Kew Bridge to Great River Rd,18.451378,-78.071617,28 May 2025,2025-05-28,1748390400.0,2,Wednesday,5,22
28 may 2025,JM,A1 - Kew Bridge to Great River Rd,18.458549,-78.130056,28 May 2025,2025-05-28,1748390400.0,2,Wednesday,5,22
28 may 2025,JM,A1 - Kew Bridge to Great River Rd,18.449297,-78.10475,28 May 2025,2025-05-28,1748390400.0,2,Wednesday,5,22
28 may 2025,JM,A1 - Moneague to Mount Diablo Rd,18.257533,-77.118071,28 May 2025,2025-05-28,1748390400.0,2,Wednesday,5,22
28 may 2025,JM,Hope Rd,18.020887,-76.77039,28 May 2025,2025-05-28,1748390400.0,2,Wednesday,5,22
28 may 2025,JM,A1 - North Coast Highway,18.489447,-77.690633,28 May 2025,2025-05-28,1748390400.0,2,Wednesday,5,22
28 may 2025,JM,Deanery Rd,17.984882,-76.771675,28 May 2025,2025-05-28,1748390400.0,2,Wednesday,5,22
28 may 2025,JM,,18.192432,-77.050475,28 May 2025,2025-05-28,1748390400.0,2,Wednesday,5,22
28 may 2025,JM,A1 - Spanish Town Rd,18.002209,-76.829473,28 May 2025,2025-05-28,1748390400.0,2,Wednesday,5,22
28 may 2025,JM,A1 - Spanish Town Rd,17.995731,-76.822733,28 May 2025,2025-05-28,1748390400.0,2,Wednesday,5,22
28 may 2025,JM,T2 Kingston - Portmore Toll Rd,17.988389,-76.842506,28 May 2025,2025-05-28,1748390400.0,2,Wednesday,5,22
28 may 2025,JM,A1 - Spanish Town Rd,17.986051,-76.811616,28 May 2025,2025-05-28,1748390400.0,2,Wednesday,5,22
28 may 2025,JM,A2 - Bartletts River to Sheffield-Negril,18.275734,-78.304799,28 May 2025,2025-05-28,1748390400.0,2,Wednesday,5,22
28 may 2025,JM,Seymour Ave,18.01228,-76.774151,28 May 2025,2025-05-28,1748390400.0,2,Wednesday,5,22
28 may 2025,JM,A2 - Dalling St,18.22899,-78.172646,28 May 2025,2025-05-28,1748390400.0,2,Wednesday,5,22
28 may 2025,JM,A2 - Bartletts River to Sheffield-Negril Rd,18.271904,-78.32015,28 May 2025,2025-05-28,1748390400.0,2,Wednesday,5,22
28 may 2025,JM,Markland Dr,18.034968,-76.787168,28 May 2025,2025-05-28,1748390400.0,2,Wednesday,5,22
28 may 2025,JM,Marcus Garvey Dr,17.985978,-76.825422,28 May 2025,2025-05-28,1748390400.0,2,Wednesday,5,22
28 may 2025,JM,A2 - Old Harbour Rd,17.960462,-77.03763,28 May 2025,2025-05-28,1748390400.0,2,Wednesday,5,22
28 may 2025,JM,A2 - Luana to Tombstone Rd,18.105301,-77.82551,28 May 2025,2025-05-28,1748390400.0,2,Wednesday,5,22
28 may 2025,JM,A2 - Old Harbour Rd,17.978493,-77.007422,28 May 2025,2025-05-28,1748390400.0,2,Wednesday,5,22
28 may 2025,JM,A2 - Old Harbour Rd,17.955728,-77.047035,28 May 2025,2025-05-28,1748390400.0,2,Wednesday,5,22
28 may 2025,JM,A4 - Grants Pen to Albion Rd,17.900824,-76.617125,28 May 2025,2025-05-28,1748390400.0,2,Wednesday,5,22
28 may 2025,JM,A2 - Old Harbour Rd,17.993177,-76.968437,28 May 2025,2025-05-28,1748390400.0,2,Wednesday,5,22
28 may 2025,JM,A2 - Old Harbour Rd,17.962137,-77.035379,28 May 2025,2025-05-28,1748390400.0,2,Wednesday,5,22
28 may 2025,JM,A2 (W) - Washington Blvd,18.025078,-76.824392,28 May 2025,2025-05-28,1748390400.0,2,Wednesday,5,22
28 may 2025,JM,A2 - Old Harbour Rd,17.991018,-76.976726,28 May 2025,2025-05-28,1748390400.0,2,Wednesday,5,22
28 may 2025,JM,A2 - Old Harbour Rd,17.987996,-76.98716,28 May 2025,2025-05-28,1748390400.0,2,Wednesday,5,22
28 may 2025,JM,Westmoreland Ave,18.020966,-76.85044,28 May 2025,2025-05-28,1748390400.0,2,Wednesday,5,22
28 may 2025,JM,A2 - Old Harbour Rd,17.992562,-76.970906,28 May 2025,2025-05-28,1748390400.0,2,Wednesday,5,22
28 may 2025,JM,A2 - Santa Cruz Main St,18.054564,-77.702704,28 May 2025,2025-05-28,1748390400.0,2,Wednesday,5,22
28 may 2025,JM,T3 - Edward Seaga Highway,18.206993,-77.047257,28 May 2025,2025-05-28,1748390400.0,2,Wednesday,5,22
28 may 2025,JM,A3 - Junction Main Rd,18.101245,-76.816189,28 May 2025,2025-05-28,1748390400.0,2,Wednesday,5,22
28 may 2025,JM,A4 - Harbour View to Bull Bay Rd,17.946632,-76.695145,28 May 2025,2025-05-28,1748390400.0,2,Wednesday,5,22
28 may 2025,JM,Aloe Rd,18.013629,-76.821316,28 May 2025,2025-05-28,1748390400.0,2,Wednesday,5,22
28 may 2025,JM,T3 - Edward Seaga Highway,18.02711,-76.933905,28 May 2025,2025-05-28,1748390400.0,2,Wednesday,5,22
28 may 2025,JM,B2 - Bog Walk to Natural Bridge Rd,18.132535,-76.984533,28 May 2025,2025-05-28,1748390400.0,2,Wednesday,5,22
28 may 2025,JM,T1 (E) - East West Hwy,17.971004,-76.998162,28 May 2025,2025-05-28,1748390400.0,2,Wednesday,5,22
28 may 2025,JM,B8 - Anchovy to Shettlewood Rd,18.349904,-77.941112,28 May 2025,2025-05-28,1748390400.0,2,Wednesday,5,22
28 may 2025,JM,B7,18.343468,-77.945276,28 May 2025,2025-05-28,1748390400.0,2,Wednesday,5,22
28 may 2025,JM,B8 - Anchovy to Shettlewood Rd,18.378618,-77.93341,28 May 2025,2025-05-28,1748390400.0,2,Wednesday,5,22
28 may 2025,JM,T3 - Edward Seaga Highway,18.314468,-77.137957,28 May 2025,2025-05-28,1748390400.0,2,Wednesday,5,22
28 may 2025,JM,Mannings Hill Rd,18.041178,-76.799412,28 May 2025,2025-05-28,1748390400.0,2,Wednesday,5,22
28 may 2025,JM,B8 - Anchovy to Shettlewood Rd,18.4048,-77.937502,28 May 2025,2025-05-28,1748390400.0,2,Wednesday,5,22
28 may 2025,JM,B8 - Anchovy to Shettlewood Rd,18.409388,-77.934005,28 May 2025,2025-05-28,1748390400.0,2,Wednesday,5,22
28 may 2025,JM,B8 - Shettlewood to Mackfield Rd,18.327382,-78.002597,28 May 2025,2025-05-28,1748390400.0,2,Wednesday,5,22
28 may 2025,JM,Windsor Rd,17.98909,-76.959498,28 May 2025,2025-05-28,1748390400.0,2,Wednesday,5,22
28 may 2025,JM,Barbican Rd,18.03045,-76.786044,28 May 2025,2025-05-28,1748390400.0,2,Wednesday,5,22
28 may 2025,JM,Mahoe Dr,17.999894,-76.822678,28 May 2025,2025-05-28,1748390400.0,2,Wednesday,5,22
28 may 2025,JM,Lakes Pen Main Rd,17.984397,-76.924869,28 May 2025,2025-05-28,1748390400.0,2,Wednesday,5,22
28 may 2025,JM,A4 - Southern Coastal Highway,17.941174,-76.663082,28 May 2025,2025-05-28,1748390400.0,2,Wednesday,5,22
28 may 2025,JM,Bernard Lodge Main Rd,17.963582,-76.907211,28 May 2025,2025-05-28,1748390400.0,2,Wednesday,5,22
28 may 2025,JM,Lorraine Ave,18.019673,-76.819201,28 May 2025,2025-05-28,1748390400.0,2,Wednesday,5,22
28 may 2025,JM,Bernard Lodge Main Rd,17.972578,-76.924548,28 May 2025,2025-05-28,1748390400.0,2,Wednesday,5,22
28 may 2025,JM,> Spanish Town,17.974498,-76.964123,28 May 2025,2025-05-28,1748390400.0,2,Wednesday,5,22
28 may 2025,JM,Braeton Rd,17.951547,-76.908711,28 May 2025,2025-05-28,1748390400.0,2,Wednesday,5,22
28 may 2025,JM,A1 - North Coast Highway,18.48297,-77.619046,28 May 2025,2025-05-28,1748390400.0,2,Wednesday,5,22
28 may 2025,JM,A1 - North Coast Highway,18.506515,-77.718088,28 May 2025,2025-05-28,1748390400.0,2,Wednesday,5,22
28 may 2025,JM,A1 - North Coast Highway,18.475393,-77.640124,28 May 2025,2025-05-28,1748390400.0,2,Wednesday,5,22
28 may 2025,JM,Edgecombe Ave,18.026186,-76.761942,28 May 2025,2025-05-28,1748390400.0,2,Wednesday,5,22
28 may 2025,JM,A1 - North Coast Highway,18.465658,-77.292254,28 May 2025,2025-05-28,1748390400.0,2,Wednesday,5,22
28 may 2025,JM,A1 - North Coast Highway,18.431875,-77.192509,28 May 2025,2025-05-28,1748390400.0,2,Wednesday,5,22
28 may 2025,JM,Catherine Dr,18.040954,-76.826784,28 May 2025,2025-05-28,1748390400.0,2,Wednesday,5,22
28 may 2025,JM,A1 - North Coast Highway,18.464415,-77.505229,28 May 2025,2025-05-28,1748390400.0,2,Wednesday,5,22
28 may 2025,JM,A1 - North Coast Hwy,18.46142,-77.363685,28 May 2025,2025-05-28,1748390400.0,2,Wednesday,5,22
28 may 2025,JM,A1 - Three Mile Overpass,17.998151,-76.825304,28 May 2025,2025-05-28,1748390400.0,2,Wednesday,5,22
28 may 2025,JM,Christopher Blvd,18.040441,-76.808992,28 May 2025,2025-05-28,1748390400.0,2,Wednesday,5,22
28 may 2025,JM,A2 (W) - Melrose Hill Byp,18.058168,-77.448854,28 May 2025,2025-05-28,1748390400.0,2,Wednesday,5,22
28 may 2025,JM,A2 - Old Harbour Rd,17.957091,-77.044536,28 May 2025,2025-05-28,1748390400.0,2,Wednesday,5,22
28 may 2025,JM,A2 - Old Harbour Rd,17.973422,-77.017057,28 May 2025,2025-05-28,1748390400.0,2,Wednesday,5,22
28 may 2025,JM,A2 - Winston Jones Hwy,18.06876,-77.473534,28 May 2025,2025-05-28,1748390400.0,2,Wednesday,5,22
28 may 2025,JM,A2 - Winston Jones Hwy,18.069077,-77.475077,28 May 2025,2025-05-28,1748390400.0,2,Wednesday,5,22
28 may 2025,JM,A4 - Sir Florizel Glaspole Blvd,17.969275,-76.75079,28 May 2025,2025-05-28,1748390400.0,2,Wednesday,5,22
28 may 2025,JM,Airport Rd,17.939031,-76.772752,28 May 2025,2025-05-28,1748390400.0,2,Wednesday,5,22
28 may 2025,JM,Cockburn Ave,18.000781,-76.826183,28 May 2025,2025-05-28,1748390400.0,2,Wednesday,5,22
28 may 2025,JM,Camp Rd,17.991085,-76.782195,28 May 2025,2025-05-28,1748390400.0,2,Wednesday,5,22
28 may 2025,JM,Dyke Rd,17.985554,-76.865155,28 May 2025,2025-05-28,1748390400.0,2,Wednesday,5,22
28 may 2025,JM,Gordon Blvd,18.023001,-76.959445,28 May 2025,2025-05-28,1748390400.0,2,Wednesday,5,22
28 may 2025,JM,Grange Ln,17.983373,-76.922578,28 May 2025,2025-05-28,1748390400.0,2,Wednesday,5,22
28 may 2025,JM,Jarrett Terr,18.467332,-77.913531,28 May 2025,2025-05-28,1748390400.0,2,Wednesday,5,22
28 may 2025,JM,Marcus Garvey Dr,17.986461,-76.826122,28 May 2025,2025-05-28,1748390400.0,2,Wednesday,5,22
28 may 2025,JM,Grange Ln,17.98391,-76.923487,28 May 2025,2025-05-28,1748390400.0,2,Wednesday,5,22
28 may 2025,JM,Michael Manley Blvd,17.967402,-76.765993,28 May 2025,2025-05-28,1748390400.0,2,Wednesday,5,22
28 may 2025,JM,NW 6th St,17.946796,-76.914869,28 May 2025,2025-05-28,1748390400.0,2,Wednesday,5,22
28 may 2025,JM,Port Royal St,17.964748,-76.787455,28 May 2025,2025-05-28,1748390400.0,2,Wednesday,5,22
28 may 2025,JM,T1 (E) - East West Hwy,17.982391,-76.925253,28 May 2025,2025-05-28,1748390400.0,2,Wednesday,5,22
28 may 2025,JM,T1 (E) - East West Hwy,18.033221,-77.431414,28 May 2025,2025-05-28,1748390400.0,2,Wednesday,5,22
28 may 2025,JM,T1 (E) - East West Hwy,17.973462,-76.98304,28 May 2025,2025-05-28,1748390400.0,2,Wednesday,5,22
28 may 2025,JM,Gutters Main Rd,18.012621,-77.589269,28 May 2025,2025-05-28,1748390400.0,2,Wednesday,5,22
28 may 2025,JM,T1 (W) - East West Hwy,18.032717,-77.430923,28 May 2025,2025-05-28,1748390400.0,2,Wednesday,5,22
28 may 2025,JM,T1 (W) - East West Hwy,17.976906,-76.937976,28 May 2025,2025-05-28,1748390400.0,2,Wednesday,5,22
28 may 2025,JM,T1 (W) - East West Hwy,17.974614,-77.377983,28 May 2025,2025-05-28,1748390400.0,2,Wednesday,5,22
28 may 2025,JM,T1 - East West Hwy,17.938813,-77.079127,28 May 2025,2025-05-28,1748390400.0,2,Wednesday,5,22
28 may 2025,JM,T2 Kingston - Portmore Toll Rd,17.969951,-76.848906,28 May 2025,2025-05-28,1748390400.0,2,Wednesday,5,22
28 may 2025,JM,T2 Kingston - Portmore Toll Rd,17.971476,-76.845844,28 May 2025,2025-05-28,1748390400.0,2,Wednesday,5,22
28 may 2025,JM,T2 Kingston - Portmore Toll Rd,17.988898,-76.842454,28 May 2025,2025-05-28,1748390400.0,2,Wednesday,5,22
28 may 2025,JM,T3 - Edward Seaga Highway,18.149727,-77.032382,28 May 2025,2025-05-28,1748390400.0,2,Wednesday,5,22
28 may 2025,JM,T3 - Edward Seaga Highway,18.084039,-77.00938,28 May 2025,2025-05-28,1748390400.0,2,Wednesday,5,22
28 may 2025,JM,T3 - Edward Seaga Highway,18.154003,-77.032461,28 May 2025,2025-05-28,1748390400.0,2,Wednesday,5,22
28 may 2025,JM,T3 - Edward Seaga Highway,18.035179,-76.966445,28 May 2025,2025-05-28,1748390400.0,2,Wednesday,5,22
28 may 2025,JM,T3 - Edward Seaga Highway,18.08438,-77.01018,28 May 2025,2025-05-28,1748390400.0,2,Wednesday,5,22
28 may 2025,JM,T3 - Edward Seaga Highway,18.100053,-77.024668,28 May 2025,2025-05-28,1748390400.0,2,Wednesday,5,22
28 may 2025,JM,T3 - Edward Seaga Highway,18.053046,-76.984484,28 May 2025,2025-05-28,1748390400.0,2,Wednesday,5,22
28 may 2025,JM,Hope Rd,18.020898,-76.770457,28 May 2025,2025-05-28,1748390400.0,2,Wednesday,5,22
28 may 2025,JM,T3 - Edward Seaga Highway,18.337428,-77.145015,28 May 2025,2025-05-28,1748390400.0,2,Wednesday,5,22
28 may 2025,JM,T3 - Edward Seaga Highway,18.313895,-77.137887,28 May 2025,2025-05-28,1748390400.0,2,Wednesday,5,22
28 may 2025,JM,Marcus Garvey Dr,17.986328,-76.825808,28 May 2025,2025-05-28,1748390400.0,2,Wednesday,5,22
28 may 2025,JM,T3 - Edward Seaga Highway,18.204951,-77.043821,28 May 2025,2025-05-28,1748390400.0,2,Wednesday,5,22
28 may 2025,JM,T3 - Edward Seaga Highway,18.141898,-77.036955,28 May 2025,2025-05-28,1748390400.0,2,Wednesday,5,22
28 may 2025,JM,T3 - Edward Seaga Highway,18.136619,-77.039988,28 May 2025,2025-05-28,1748390400.0,2,Wednesday,5,22
28 may 2025,JM,Maxfield Ave,18.000829,-76.803267,28 May 2025,2025-05-28,1748390400.0,2,Wednesday,5,22
28 may 2025,JM,T3 - Edward Seaga Highway,18.100642,-77.026967,28 May 2025,2025-05-28,1748390400.0,2,Wednesday,5,22
28 may 2025,JM,T3 - Edward Seaga Highway,18.158292,-77.033482,28 May 2025,2025-05-28,1748390400.0,2,Wednesday,5,22
28 may 2025,JM,T3 - Edward Seaga Highway,18.310989,-77.138495,28 May 2025,2025-05-28,1748390400.0,2,Wednesday,5,22
28 may 2025,JM,T3 - Edward Seaga Highway,18.257567,-77.116148,28 May 2025,2025-05-28,1748390400.0,2,Wednesday,5,22
28 may 2025,JM,Three Mile Overpass,17.996647,-76.826484,28 May 2025,2025-05-28,1748390400.0,2,Wednesday,5,22
28 may 2025,JM,Upper Waterloo Rd,18.024211,-76.791822,28 May 2025,2025-05-28,1748390400.0,2,Wednesday,5,22
28 may 2025,JM,Municipal Blvd,17.962887,-76.902126,28 May 2025,2025-05-28,1748390400.0,2,Wednesday,5,22
28 may 2025,JM,Municipal Blvd,17.962818,-76.902107,28 May 2025,2025-05-28,1748390400.0,2,Wednesday,5,22
28 may 2025,JM,Worchester Dr,17.991007,-76.974155,28 May 2025,2025-05-28,1748390400.0,2,Wednesday,5,22
28 may 2025,JM,T3 - Edward Seaga Highway,18.108221,-77.038086,28 May 2025,2025-05-28,1748390400.0,2,Wednesday,5,22
28 may 2025,JM,NW 2nd Avenue,17.946427,-76.914918,28 May 2025,2025-05-28,1748390400.0,2,Wednesday,5,22
28 may 2025,JM,Strathbogie Rd,18.241633,-78.115897,28 May 2025,2025-05-28,1748390400.0,2,Wednesday,5,22
28 may 2025,JM,T3 - Edward Seaga Highway,18.3042,-77.140193,28 May 2025,2025-05-28,1748390400.0,2,Wednesday,5,22
28 may 2025,JM,T3 - Edward Seaga Highway,18.097976,-77.013738,28 May 2025,2025-05-28,1748390400.0,2,Wednesday,5,22
28 may 2025,JM,Oregon Dr,18.04722,-76.812873,28 May 2025,2025-05-28,1748390400.0,2,Wednesday,5,22
28 may 2025,JM,A1 - Alice Eldemire Dr,18.454235,-77.922486,28 May 2025,2025-05-28,1748390400.0,2,Wednesday,5,22
28 may 2025,JM,A1 - Jimmy Cliff Blvd,18.478531,-77.926986,28 May 2025,2025-05-28,1748390400.0,2,Wednesday,5,22
28 may 2025,JM,A1 - Jimmy Cliff Blvd,18.479143,-77.928067,28 May 2025,2025-05-28,1748390400.0,2,Wednesday,5,22
28 may 2025,JM,A1 - North Coast Highway,18.515144,-77.77414,28 May 2025,2025-05-28,1748390400.0,2,Wednesday,5,22
28 may 2025,JM,A1 - Spanish Town Rd,18.010137,-76.838317,28 May 2025,2025-05-28,1748390400.0,2,Wednesday,5,22
28 may 2025,JM,A1 - Spanish Town Rd,18.011269,-76.839355,28 May 2025,2025-05-28,1748390400.0,2,Wednesday,5,22
28 may 2025,JM,Pear Tree Grove to Riversdale Rd,18.173993,-76.962956,28 May 2025,2025-05-28,1748390400.0,2,Wednesday,5,22
28 may 2025,JM,Port Royal St,17.965639,-76.792747,28 May 2025,2025-05-28,1748390400.0,2,Wednesday,5,22
28 may 2025,JM,A2 (W) - Washington Blvd,18.026064,-76.84066,28 May 2025,2025-05-28,1748390400.0,2,Wednesday,5,22
28 may 2025,JM,A2 - Greenvale Rd,18.038658,-77.530855,28 May 2025,2025-05-28,1748390400.0,2,Wednesday,5,22
28 may 2025,JM,Queens Ave,17.987453,-76.976842,28 May 2025,2025-05-28,1748390400.0,2,Wednesday,5,22
28 may 2025,JM,A2 - Old Harbour Rd,17.990446,-76.980058,28 May 2025,2025-05-28,1748390400.0,2,Wednesday,5,22
28 may 2025,JM,A2 E - Washington Blvd,18.026626,-76.804799,28 May 2025,2025-05-28,1748390400.0,2,Wednesday,5,22
28 may 2025,JM,A3 - Half Way Tree Rd,18.007731,-76.79619,28 May 2025,2025-05-28,1748390400.0,2,Wednesday,5,22
28 may 2025,JM,Race Course to Parnassus Rd,17.884147,-77.282294,28 May 2025,2025-05-28,1748390400.0,2,Wednesday,5,22
28 may 2025,JM,Barbican Road,18.031909,-76.781857,28 May 2025,2025-05-28,1748390400.0,2,Wednesday,5,22
28 may 2025,JM,Bridgeport Rd,17.962761,-76.878571,28 May 2025,2025-05-28,1748390400.0,2,Wednesday,5,22
28 may 2025,JM,Greenvale Rd,18.036269,-77.512169,28 May 2025,2025-05-28,1748390400.0,2,Wednesday,5,22
28 may 2025,JM,Lady Musgrave Rd,18.005853,-76.77919,28 May 2025,2025-05-28,1748390400.0,2,Wednesday,5,22
28 may 2025,JM,Lady Musgrave Rd,18.003931,-76.780262,28 May 2025,2025-05-28,1748390400.0,2,Wednesday,5,22
28 may 2025,JM,Main Rd,17.997554,-76.931221,28 May 2025,2025-05-28,1748390400.0,2,Wednesday,5,22
28 may 2025,JM,Salt Pond Rd,17.981835,-76.945816,28 May 2025,2025-05-28,1748390400.0,2,Wednesday,5,22
28 may 2025,JM,Salt Pond Rd,17.978479,-76.944071,28 May 2025,2025-05-28,1748390400.0,2,Wednesday,5,22
28 may 2025,JM,Marcus Garvey Dr,17.990224,-76.827902,28 May 2025,2025-05-28,1748390400.0,2,Wednesday,5,22
28 may 2025,JM,Old Hope Rd,18.019317,-76.764329,28 May 2025,2025-05-28,1748390400.0,2,Wednesday,5,22
28 may 2025,JM,Oval Rd,18.00625,-76.783019,28 May 2025,2025-05-28,1748390400.0,2,Wednesday,5,22
28 may 2025,JM,Richmond Park Ave,18.00668,-76.804659,28 May 2025,2025-05-28,1748390400.0,2,Wednesday,5,22
28 may 2025,JM,Seaton Blvd,17.984606,-76.99195,28 May 2025,2025-05-28,1748390400.0,2,Wednesday,5,22
28 may 2025,JM,Seymour Ave,18.010203,-76.774847,28 May 2025,2025-05-28,1748390400.0,2,Wednesday,5,22
28 may 2025,JM,Salt Pond Rd,17.97897,-76.94432,28 May 2025,2025-05-28,1748390400.0,2,Wednesday,5,22
28 may 2025,JM,Upper Musgrave Ave,18.010691,-76.779717,28 May 2025,2025-05-28,1748390400.0,2,Wednesday,5,22
28 may 2025,JM,Waltham Park Rd,18.01705,-76.810607,28 May 2025,2025-05-28,1748390400.0,2,Wednesday,5,22
28 may 2025,JM,Waterloo Rd,18.018834,-76.791849,28 May 2025,2025-05-28,1748390400.0,2,Wednesday,5,22
28 may 2025,JM,,18.023676,-76.875502,28 May 2025,2025-05-28,1748390400.0,2,Wednesday,5,22
28 may 2025,JM,,17.976136,-76.964122,28 May 2025,2025-05-28,1748390400.0,2,Wednesday,5,22
28 may 2025,JM,Kingsway,18.015714,-76.789324,28 May 2025,2025-05-28,1748390400.0,2,Wednesday,5,22
28 may 2025,JM,St. Christopher to Glengoffe Rd,18.095358,-76.835585,28 May 2025,2025-05-28,1748390400.0,2,Wednesday,5,22
28 may 2025,JM,St. Christopher to Glengoffe Rd,18.105479,-76.840591,28 May 2025,2025-05-28,1748390400.0,2,Wednesday,5,22
28 may 2025,JM,Stoney Hill to Parks Road Rd,18.088643,-76.807265,28 May 2025,2025-05-28,1748390400.0,2,Wednesday,5,22
28 may 2025,JM,Old Hope Rd,18.004079,-76.778238,28 May 2025,2025-05-28,1748390400.0,2,Wednesday,5,22
28 may 2025,JM,Waterloo Rd,18.020664,-76.791804,28 May 2025,2025-05-28,1748390400.0,2,Wednesday,5,22
28 may 2025,JM,West Kings House Rd,18.021447,-76.791144,28 May 2025,2025-05-28,1748390400.0,2,Wednesday,5,22
28 may 2025,JM,> Downtown Kingston,17.992807,-76.830251,28 May 2025,2025-05-28,1748390400.0,2,Wednesday,5,22
28 may 2025,JM,A1 (W) - Nelson Mandela Highway,18.023139,-76.87692,28 May 2025,2025-05-28,1748390400.0,2,Wednesday,5,22
28 may 2025,JM,A1 - Bog Walk Gorge,18.056035,-76.98373,28 May 2025,2025-05-28,1748390400.0,2,Wednesday,5,22
28 may 2025,JM,Stoney Hill to Parks Road Rd,18.088537,-76.80488,28 May 2025,2025-05-28,1748390400.0,2,Wednesday,5,22
28 may 2025,JM,A1 - North Coast Highway,18.459105,-77.27277,28 May 2025,2025-05-28,1748390400.0,2,Wednesday,5,22
28 may 2025,JM,A1 - North Coast Highway,18.457193,-77.265772,28 May 2025,2025-05-28,1748390400.0,2,Wednesday,5,22
28 may 2025,JM,A1 - North Coast Highway,18.5213,-77.848363,28 May 2025,2025-05-28,1748390400.0,2,Wednesday,5,22
28 may 2025,JM,A1 - Spanish Town By-pass Rd,17.992567,-76.937298,28 May 2025,2025-05-28,1748390400.0,2,Wednesday,5,22
28 may 2025,JM,A1 - Spanish Town By-pass Rd,17.987715,-76.956864,28 May 2025,2025-05-28,1748390400.0,2,Wednesday,5,22
28 may 2025,JM,A1 - Spanish Town Rd,18.024868,-76.854448,28 May 2025,2025-05-28,1748390400.0,2,Wednesday,5,22
28 may 2025,JM,Studley Park Rd,17.981258,-76.794037,28 May 2025,2025-05-28,1748390400.0,2,Wednesday,5,22
28 may 2025,JM,A1 - Spanish Town Rd,18.015591,-76.844209,28 May 2025,2025-05-28,1748390400.0,2,Wednesday,5,22
28 may 2025,JM,A1 - Spanish Town Rd,18.002951,-76.830283,28 May 2025,2025-05-28,1748390400.0,2,Wednesday,5,22
28 may 2025,JM,A1 - Spanish Town Rd,18.016473,-76.845045,28 May 2025,2025-05-28,1748390400.0,2,Wednesday,5,22
28 may 2025,JM,A2 (W) - Washington Blvd,18.026068,-76.840363,28 May 2025,2025-05-28,1748390400.0,2,Wednesday,5,22
28 may 2025,JM,A2 - Spur Tree Rd,18.009679,-77.583082,28 May 2025,2025-05-28,1748390400.0,2,Wednesday,5,22
28 may 2025,JM,A3 (N) - Constant Spring Rd,18.030767,-76.795951,28 May 2025,2025-05-28,1748390400.0,2,Wednesday,5,22
28 may 2025,JM,A3 - Eastwood Park Rd,18.0122,-76.799172,28 May 2025,2025-05-28,1748390400.0,2,Wednesday,5,22
28 may 2025,JM,A3 - Half Way Tree Rd,17.994332,-76.788274,28 May 2025,2025-05-28,1748390400.0,2,Wednesday,5,22
28 may 2025,JM,A3 - Slipe Rd,17.99236,-76.788439,28 May 2025,2025-05-28,1748390400.0,2,Wednesday,5,22
28 may 2025,JM,A3 - Stony Hill Rd,18.075337,-76.791645,28 May 2025,2025-05-28,1748390400.0,2,Wednesday,5,22
28 may 2025,JM,A4 - Rozelle to Morant Bay Rd,17.876275,-76.434688,28 May 2025,2025-05-28,1748390400.0,2,Wednesday,5,22
28 may 2025,JM,B3 - Runaway Bay to Orange Valley Rd,18.456322,-77.336536,28 May 2025,2025-05-28,1748390400.0,2,Wednesday,5,22
28 may 2025,JM,Barbican Rd,18.029878,-76.771722,28 May 2025,2025-05-28,1748390400.0,2,Wednesday,5,22
28 may 2025,JM,Vermont Ave,18.047015,-76.809984,28 May 2025,2025-05-28,1748390400.0,2,Wednesday,5,22
28 may 2025,JM,Caledonia Cr,17.992673,-76.786592,28 May 2025,2025-05-28,1748390400.0,2,Wednesday,5,22
28 may 2025,JM,Exit to Red Hills Rd,18.026972,-76.806241,28 May 2025,2025-05-28,1748390400.0,2,Wednesday,5,22
28 may 2025,JM,Knutsford Blvd,18.008826,-76.785796,28 May 2025,2025-05-28,1748390400.0,2,Wednesday,5,22
28 may 2025,JM,Lyndhurst Rd,17.998483,-76.799364,28 May 2025,2025-05-28,1748390400.0,2,Wednesday,5,22
28 may 2025,JM,Main St,17.964649,-77.238519,28 May 2025,2025-05-28,1748390400.0,2,Wednesday,5,22
28 may 2025,JM,Mannings Hill Rd,18.046032,-76.801766,28 May 2025,2025-05-28,1748390400.0,2,Wednesday,5,22
28 may 2025,JM,Mount Salem Rd,18.467696,-77.91116,28 May 2025,2025-05-28,1748390400.0,2,Wednesday,5,22
28 may 2025,JM,Old Hope Rd,18.001931,-76.781667,28 May 2025,2025-05-28,1748390400.0,2,Wednesday,5,22
28 may 2025,JM,Port Royal St,17.965547,-76.791441,28 May 2025,2025-05-28,1748390400.0,2,Wednesday,5,22
28 may 2025,JM,Queens Dr,18.486174,-77.926223,28 May 2025,2025-05-28,1748390400.0,2,Wednesday,5,22
28 may 2025,JM,Roehampton Cl,18.043355,-76.804248,28 May 2025,2025-05-28,1748390400.0,2,Wednesday,5,22
28 may 2025,JM,Seymour Ave,18.010471,-76.774773,28 May 2025,2025-05-28,1748390400.0,2,Wednesday,5,22
28 may 2025,JM,Seymour Ave,18.012168,-76.774184,28 May 2025,2025-05-28,1748390400.0,2,Wednesday,5,22
28 may 2025,JM,Sydenham Villa Dr,17.985565,-76.991983,28 May 2025,2025-05-28,1748390400.0,2,Wednesday,5,22
28 may 2025,JM,T3 - Edward Seaga Highway,18.161823,-77.034983,28 May 2025,2025-05-28,1748390400.0,2,Wednesday,5,22
28 may 2025,JM,T3 - Edward Seaga Highway,18.128765,-77.041133,28 May 2025,2025-05-28,1748390400.0,2,Wednesday,5,22
28 may 2025,JM,Tucker Main Rd,18.450879,-77.894807,28 May 2025,2025-05-28,1748390400.0,2,Wednesday,5,22
28 may 2025,JM,B3 - Runaway Bay to Orange Valley Rd,18.45061,-77.339087,28 May 2025,2025-05-28,1748390400.0,2,Wednesday,5,22
28 may 2025,JM,Fairfield to Point Rd,18.446115,-77.892571,28 May 2025,2025-05-28,1748390400.0,2,Wednesday,5,22
28 may 2025,JM,,18.311004,-78.050508,28 May 2025,2025-05-28,1748390400.0,2,Wednesday,5,22
28 may 2025,JM,> Portia Miller Simpson Sq,17.999523,-76.826589,28 May 2025,2025-05-28,1748390400.0,2,Wednesday,5,22
28 may 2025,JM,A1 (E) - Nelson Mandela Highway,18.025933,-76.861521,28 May 2025,2025-05-28,1748390400.0,2,Wednesday,5,22
28 may 2025,JM,A1 (W) - Nelson Mandela Highway,18.02368,-76.875749,28 May 2025,2025-05-28,1748390400.0,2,Wednesday,5,22
28 may 2025,JM,A2 - Bartletts River to Sheffield-Negril,18.273602,-78.297552,28 May 2025,2025-05-28,1748390400.0,2,Wednesday,5,22
28 may 2025,JM,A2 - Luana to Tombstone Rd,18.105253,-77.825572,28 May 2025,2025-05-28,1748390400.0,2,Wednesday,5,22
28 may 2025,JM,A3 - Half Way Tree Rd,17.995482,-76.788817,28 May 2025,2025-05-28,1748390400.0,2,Wednesday,5,22
28 may 2025,JM,Ward Ave,18.040271,-77.522663,28 May 2025,2025-05-28,1748390400.0,2,Wednesday,5,22
28 may 2025,JM,West Rd,18.045323,-77.523991,28 May 2025,2025-05-28,1748390400.0,2,Wednesday,5,22
28 may 2025,JM,A3 - Oracabessa to White River Rd,18.420103,-77.040431,28 May 2025,2025-05-28,1748390400.0,2,Wednesday,5,22
28 may 2025,JM,A4 - Harbour View to Bull Bay Rd,17.941665,-76.685915,28 May 2025,2025-05-28,1748390400.0,2,Wednesday,5,22
28 may 2025,JM,Beeston St,17.973922,-76.790892,28 May 2025,2025-05-28,1748390400.0,2,Wednesday,5,22
28 may 2025,JM,Cumberland Blvd,17.980048,-76.883338,28 May 2025,2025-05-28,1748390400.0,2,Wednesday,5,22
28 may 2025,JM,Gladioli Dr,18.068807,-77.459198,28 May 2025,2025-05-28,1748390400.0,2,Wednesday,5,22
28 may 2025,JM,Kingsland Main Rd,18.009581,-77.547478,28 May 2025,2025-05-28,1748390400.0,2,Wednesday,5,22
28 may 2025,JM,Marcus Garvey Dr,17.985919,-76.825352,28 May 2025,2025-05-28,1748390400.0,2,Wednesday,5,22
28 may 2025,JM,Michael Manley Blvd,17.969079,-76.754579,28 May 2025,2025-05-28,1748390400.0,2,Wednesday,5,22
28 may 2025,JM,Michael Manley Blvd,17.966886,-76.77195,28 May 2025,2025-05-28,1748390400.0,2,Wednesday,5,22
28 may 2025,JM,Michael Manley Blvd,17.967092,-76.768773,28 May 2025,2025-05-28,1748390400.0,2,Wednesday,5,22
28 may 2025,JM,Municipal Blvd,18.009231,-76.894987,28 May 2025,2025-05-28,1748390400.0,2,Wednesday,5,22
28 may 2025,JM,Retreat Ave,18.012512,-76.77195,28 May 2025,2025-05-28,1748390400.0,2,Wednesday,5,22
28 may 2025,JM,Salt Pond Rd,17.979574,-76.944645,28 May 2025,2025-05-28,1748390400.0,2,Wednesday,5,22
28 may 2025,JM,T1 (W) - East West Hwy,17.962866,-77.269837,28 May 2025,2025-05-28,1748390400.0,2,Wednesday,5,22
28 may 2025,JM,T2 Kingston - Portmore Toll Rd,17.985899,-76.842098,28 May 2025,2025-05-28,1748390400.0,2,Wednesday,5,22
28 may 2025,JM,T3 - Edward Seaga Highway,18.188664,-77.038995,28 May 2025,2025-05-28,1748390400.0,2,Wednesday,5,22
28 may 2025,JM,T3 - Edward Seaga Highway,18.276951,-77.121445,28 May 2025,2025-05-28,1748390400.0,2,Wednesday,5,22
28 may 2025,JM,T3 - Edward Seaga Highway,18.124175,-77.04035,28 May 2025,2025-05-28,1748390400.0,2,Wednesday,5,22
28 may 2025,JM,T3 - Edward Seaga Highway,18.292847,-77.131461,28 May 2025,2025-05-28,1748390400.0,2,Wednesday,5,22
28 may 2025,JM,A3 - Oracabessa to White River Rd,18.420306,-77.040846,28 May 2025,2025-05-28,1748390400.0,2,Wednesday,5,22
28 may 2025,JM,A4 - Eleven Miles to Grants Pen Rd,17.915782,-76.629147,28 May 2025,2025-05-28,1748390400.0,2,Wednesday,5,22
28 may 2025,JM,A4 - Harbour View to Bull Bay Rd,17.940587,-76.665996,28 May 2025,2025-05-28,1748390400.0,2,Wednesday,5,22
28 may 2025,JM,A4 - Southern Coastal Highway,17.940871,-76.660183,28 May 2025,2025-05-28,1748390400.0,2,Wednesday,5,22
28 may 2025,JM,A4 - White Horses to Rozelle Rd,17.872298,-76.458034,28 May 2025,2025-05-28,1748390400.0,2,Wednesday,5,22
28 may 2025,JM,Braeton Rd,17.951676,-76.90842,28 May 2025,2025-05-28,1748390400.0,2,Wednesday,5,22
28 may 2025,JM,Marcus Garvey Dr,17.986106,-76.825575,28 May 2025,2025-05-28,1748390400.0,2,Wednesday,5,22
28 may 2025,JM,A1 - Dr. Aston King Highway,18.451489,-77.980346,28 May 2025,2025-05-28,1748390400.0,2,Wednesday,5,22
28 may 2025,JM,A4 - Eleven Miles to Grants Pen Rd,17.914825,-76.624621,28 May 2025,2025-05-28,1748390400.0,2,Wednesday,5,22
28 may 2025,JM,Camp Rd,17.987104,-76.779385,28 May 2025,2025-05-28,1748390400.0,2,Wednesday,5,22
28 may 2025,JM,T1 (W) - East West Hwy,17.962917,-77.268072,28 May 2025,2025-05-28,1748390400.0,2,Wednesday,5,22
28 may 2025,JM,,18.463626,-77.900729,28 May 2025,2025-05-28,1748390400.0,2,Wednesday,5,22
28 may 2025,JM,,18.192724,-77.048879,28 May 2025,2025-05-28,1748390400.0,2,Wednesday,5,22
28 may 2025,JM,A1 - Kew Bridge to Great River Rd,18.454356,-78.021427,28 May 2025,2025-05-28,1748390400.0,2,Wednesday,5,22
28 may 2025,JM,A1 - Kew Bridge to Great River Rd,18.450488,-78.10297,28 May 2025,2025-05-28,1748390400.0,2,Wednesday,5,22
28 may 2025,JM,A1 - Kew Bridge to Lucea Rd,18.442967,-78.153305,28 May 2025,2025-05-28,1748390400.0,2,Wednesday,5,22
28 may 2025,JM,A1 - Lucea to Green Island Rd,18.41108,-78.248651,28 May 2025,2025-05-28,1748390400.0,2,Wednesday,5,22
28 may 2025,JM,A1 - Spanish Town Rd,18.017145,-76.845865,28 May 2025,2025-05-28,1748390400.0,2,Wednesday,5,22
28 may 2025,JM,A2 - Dalling St,18.234638,-78.197499,28 May 2025,2025-05-28,1748390400.0,2,Wednesday,5,22
28 may 2025,JM,A2 - East St,18.22307,-78.128929,28 May 2025,2025-05-28,1748390400.0,2,Wednesday,5,22
28 may 2025,JM,A2 - Old Harbour Rd,17.988928,-76.984556,28 May 2025,2025-05-28,1748390400.0,2,Wednesday,5,22
28 may 2025,JM,Salt Pond Rd,17.984976,-76.94726,28 May 2025,2025-05-28,1748390400.0,2,Wednesday,5,22
28 may 2025,JM,A3 - Stony Hill Rd,18.094111,-76.80288,28 May 2025,2025-05-28,1748390400.0,2,Wednesday,5,22
28 may 2025,JM,B8 - Anchovy to Shettlewood Rd,18.406328,-77.935661,28 May 2025,2025-05-28,1748390400.0,2,Wednesday,5,22
28 may 2025,JM,B8 - Anchovy to Shettlewood Rd,18.393171,-77.937201,28 May 2025,2025-05-28,1748390400.0,2,Wednesday,5,22
28 may 2025,JM,Barry St,17.968513,-76.793788,28 May 2025,2025-05-28,1748390400.0,2,Wednesday,5,22
28 may 2025,JM,Bernard Lodge Main Rd,17.973967,-76.926366,28 May 2025,2025-05-28,1748390400.0,2,Wednesday,5,22
28 may 2025,JM,Broad Leaf Rd,18.005118,-76.821543,28 May 2025,2025-05-28,1748390400.0,2,Wednesday,5,22
28 may 2025,JM,Collie Smith Dr,17.982132,-76.804204,28 May 2025,2025-05-28,1748390400.0,2,Wednesday,5,22
28 may 2025,JM,East St,17.979043,-76.789003,28 May 2025,2025-05-28,1748390400.0,2,Wednesday,5,22
28 may 2025,JM,Ensom Ave,18.003007,-76.963438,28 May 2025,2025-05-28,1748390400.0,2,Wednesday,5,22
28 may 2025,JM,Gordon Blvd,18.016761,-76.959358,28 May 2025,2025-05-28,1748390400.0,2,Wednesday,5,22
28 may 2025,JM,Harbour St,17.965616,-76.786239,28 May 2025,2025-05-28,1748390400.0,2,Wednesday,5,22
28 may 2025,JM,Kings Cr,18.003199,-76.803533,28 May 2025,2025-05-28,1748390400.0,2,Wednesday,5,22
28 may 2025,JM,Lakes Pen Main Rd,17.984571,-76.933216,28 May 2025,2025-05-28,1748390400.0,2,Wednesday,5,22
28 may 2025,JM,Lakes Pen Main Rd,17.984527,-76.932897,28 May 2025,2025-05-28,1748390400.0,2,Wednesday,5,22
28 may 2025,JM,Marcus Garvey Dr,17.969046,-76.805368,28 May 2025,2025-05-28,1748390400.0,2,Wednesday,5,22
28 may 2025,JM,Montgomery Ave,18.006628,-76.805762,28 May 2025,2025-05-28,1748390400.0,2,Wednesday,5,22
28 may 2025,JM,Olympic Way,18.000844,-76.826139,28 May 2025,2025-05-28,1748390400.0,2,Wednesday,5,22
28 may 2025,JM,Pear Tree Grove to Riversdale Rd,18.170297,-76.962866,28 May 2025,2025-05-28,1748390400.0,2,Wednesday,5,22
28 may 2025,JM,Port Royal St,17.965619,-76.792455,28 May 2025,2025-05-28,1748390400.0,2,Wednesday,5,22
28 may 2025,JM,Queens Ave,18.003972,-76.805019,28 May 2025,2025-05-28,1748390400.0,2,Wednesday,5,22
28 may 2025,JM,Queens Dr,18.479462,-77.9265,28 May 2025,2025-05-28,1748390400.0,2,Wednesday,5,22
28 may 2025,JM,Red Hills Rd,18.047086,-76.831629,28 May 2025,2025-05-28,1748390400.0,2,Wednesday,5,22
28 may 2025,JM,Red Hills Rd,18.051974,-76.829865,28 May 2025,2025-05-28,1748390400.0,2,Wednesday,5,22
28 may 2025,JM,Salt Pond Rd,17.974555,-76.942189,28 May 2025,2025-05-28,1748390400.0,2,Wednesday,5,22
28 may 2025,JM,Seaward Dr,18.022186,-76.820406,28 May 2025,2025-05-28,1748390400.0,2,Wednesday,5,22
28 may 2025,JM,Skibo Ave,18.006321,-76.797203,28 May 2025,2025-05-28,1748390400.0,2,Wednesday,5,22
28 may 2025,JM,St. John's Rd,18.004908,-76.98732,28 May 2025,2025-05-28,1748390400.0,2,Wednesday,5,22
28 may 2025,JM,Stoney Hill to Parks Road Rd,18.092114,-76.832051,28 May 2025,2025-05-28,1748390400.0,2,Wednesday,5,22
28 may 2025,JM,Stoney Hill to Parks Road Rd,18.100778,-76.855752,28 May 2025,2025-05-28,1748390400.0,2,Wednesday,5,22
28 may 2025,JM,Strathbogie Rd,18.241488,-78.116026,28 May 2025,2025-05-28,1748390400.0,2,Wednesday,5,22
28 may 2025,JM,A1 - Green Island to Negril Rd,18.368683,-78.320709,28 May 2025,2025-05-28,1748390400.0,2,Wednesday,5,22
28 may 2025,JM,Torrington Rd,17.98516,-76.790716,28 May 2025,2025-05-28,1748390400.0,2,Wednesday,5,22
28 may 2025,JM,Torrington to Galloway Rd,18.246506,-78.111462,28 May 2025,2025-05-28,1748390400.0,2,Wednesday,5,22
28 may 2025,JM,Westminster Dr,17.985676,-76.978467,28 May 2025,2025-05-28,1748390400.0,2,Wednesday,5,22
28 may 2025,JM,A2 (E) - Washington Blvd,18.025178,-76.826532,28 May 2025,2025-05-28,1748390400.0,2,Wednesday,5,22
28 may 2025,JM,Duke St,17.971127,-76.790624,28 May 2025,2025-05-28,1748390400.0,2,Wednesday,5,22
28 may 2025,JM,> Downtown Kingston,17.989971,-76.827716,28 May 2025,2025-05-28,1748390400.0,2,Wednesday,5,22
28 may 2025,JM,White Church St,17.994559,-76.953199,28 May 2025,2025-05-28,1748390400.0,2,Wednesday,5,22
28 may 2025,JM,A3 - Eastwood Park Rd,18.01131,-76.799361,28 May 2025,2025-05-28,1748390400.0,2,Wednesday,5,22
27 may 2025,JM,Wellington St,17.994188,-76.957715,27 May 2025,2025-05-27,1748304000.0,1,Tuesday,5,22
27 may 2025,JM,,17.989465,-76.94838,27 May 2025,2025-05-27,1748304000.0,1,Tuesday,5,22
27 may 2025,JM,> Spanish Town,18.025042,-76.871815,27 May 2025,2025-05-27,1748304000.0,1,Tuesday,5,22
27 may 2025,JM,A1 (E) - Nelson Mandela Highway,18.001146,-76.906965,27 May 2025,2025-05-27,1748304000.0,1,Tuesday,5,22
27 may 2025,JM,A1 (E) - Nelson Mandela Highway,18.012631,-76.893087,27 May 2025,2025-05-27,1748304000.0,1,Tuesday,5,22
27 may 2025,JM,A1 (W) - Nelson Mandela Highway,18.017181,-76.886118,27 May 2025,2025-05-27,1748304000.0,1,Tuesday,5,22
27 may 2025,JM,A1 (W) - Nelson Mandela Highway,18.011209,-76.894967,27 May 2025,2025-05-27,1748304000.0,1,Tuesday,5,22
27 may 2025,JM,A1 (W) - Nelson Mandela Highway,18.017535,-76.885596,27 May 2025,2025-05-27,1748304000.0,1,Tuesday,5,22
27 may 2025,JM,A1 (W) - Nelson Mandela Highway,18.022936,-76.877337,27 May 2025,2025-05-27,1748304000.0,1,Tuesday,5,22
27 may 2025,JM,A1 - Kew Bridge to Great River Rd,18.454563,-78.02869,27 May 2025,2025-05-27,1748304000.0,1,Tuesday,5,22
27 may 2025,JM,A1 - North Coast Highway,18.481095,-77.630922,27 May 2025,2025-05-27,1748304000.0,1,Tuesday,5,22
27 may 2025,JM,A1 - North Coast Highway,18.523277,-77.823094,27 May 2025,2025-05-27,1748304000.0,1,Tuesday,5,22
27 may 2025,JM,A1 - North Coast Highway,18.522471,-77.821443,27 May 2025,2025-05-27,1748304000.0,1,Tuesday,5,22
27 may 2025,JM,A1 - North Coast Highway,18.472458,-77.573393,27 May 2025,2025-05-27,1748304000.0,1,Tuesday,5,22
27 may 2025,JM,A1 - North Coast Highway,18.472688,-77.570726,27 May 2025,2025-05-27,1748304000.0,1,Tuesday,5,22
27 may 2025,JM,A1 - North Coast Highway,18.451933,-77.23586,27 May 2025,2025-05-27,1748304000.0,1,Tuesday,5,22
27 may 2025,JM,A1 - Spanish Town By-pass Rd,17.986849,-76.946544,27 May 2025,2025-05-27,1748304000.0,1,Tuesday,5,22
27 may 2025,JM,A1 - Spanish Town Rd,18.01074,-76.838778,27 May 2025,2025-05-27,1748304000.0,1,Tuesday,5,22
27 may 2025,JM,A1 - Three Mile Overpass,17.997905,-76.824908,27 May 2025,2025-05-27,1748304000.0,1,Tuesday,5,22
27 may 2025,JM,A2 (W) - Washington Blvd,18.026064,-76.839577,27 May 2025,2025-05-27,1748304000.0,1,Tuesday,5,22
27 may 2025,JM,A2 (W) - Washington Blvd,18.025912,-76.85045,27 May 2025,2025-05-27,1748304000.0,1,Tuesday,5,22
27 may 2025,JM,A2 (W) - Washington Blvd,18.025943,-76.848,27 May 2025,2025-05-27,1748304000.0,1,Tuesday,5,22
27 may 2025,JM,A2 - Old Harbour Rd,17.9857,-76.995459,27 May 2025,2025-05-27,1748304000.0,1,Tuesday,5,22
27 may 2025,JM,A2 - Tombstone to Gutters Rd,18.058128,-77.716959,27 May 2025,2025-05-27,1748304000.0,1,Tuesday,5,22
27 may 2025,JM,A2 - Winston Jones Hwy,18.06773,-77.506035,27 May 2025,2025-05-27,1748304000.0,1,Tuesday,5,22
27 may 2025,JM,A4 - Dover to Agualta Vale Rd,18.261438,-76.708099,27 May 2025,2025-05-27,1748304000.0,1,Tuesday,5,22
27 may 2025,JM,A4 - South Coast Hwy,17.910872,-76.625473,27 May 2025,2025-05-27,1748304000.0,1,Tuesday,5,22
27 may 2025,JM,Anderson Dr,17.962456,-77.247223,27 May 2025,2025-05-27,1748304000.0,1,Tuesday,5,22
27 may 2025,JM,B15 - Barnett to Adelphi Rd,18.460062,-77.90902,27 May 2025,2025-05-27,1748304000.0,1,Tuesday,5,22
27 may 2025,JM,Barbican Road,18.031926,-76.781811,27 May 2025,2025-05-27,1748304000.0,1,Tuesday,5,22
27 may 2025,JM,Cargill Ave,18.006785,-76.7958,27 May 2025,2025-05-27,1748304000.0,1,Tuesday,5,22
27 may 2025,JM,Dyke Rd,18.003306,-76.877263,27 May 2025,2025-05-27,1748304000.0,1,Tuesday,5,22
27 may 2025,JM,Dyke Rd,18.003549,-76.890236,27 May 2025,2025-05-27,1748304000.0,1,Tuesday,5,22
27 may 2025,JM,,18.016826,-76.745865,27 May 2025,2025-05-27,1748304000.0,1,Tuesday,5,22
27 may 2025,JM,,17.996574,-76.929485,27 May 2025,2025-05-27,1748304000.0,1,Tuesday,5,22
27 may 2025,JM,Dyke Rd,18.003622,-76.891412,27 May 2025,2025-05-27,1748304000.0,1,Tuesday,5,22
27 may 2025,JM,East St,17.971257,-76.789545,27 May 2025,2025-05-27,1748304000.0,1,Tuesday,5,22
27 may 2025,JM,A1 - A.G.S. Coombs Highway,18.444512,-77.946274,27 May 2025,2025-05-27,1748304000.0,1,Tuesday,5,22
27 may 2025,JM,Heywood St,17.97232,-76.79393,27 May 2025,2025-05-27,1748304000.0,1,Tuesday,5,22
27 may 2025,JM,Hope Rd,18.014308,-76.78934,27 May 2025,2025-05-27,1748304000.0,1,Tuesday,5,22
27 may 2025,JM,A1 - Bogue Main Rd,18.452887,-77.920654,27 May 2025,2025-05-27,1748304000.0,1,Tuesday,5,22
27 may 2025,JM,Kew Rd,18.002865,-76.797936,27 May 2025,2025-05-27,1748304000.0,1,Tuesday,5,22
27 may 2025,JM,Liguanea Ave,18.023244,-76.76988,27 May 2025,2025-05-27,1748304000.0,1,Tuesday,5,22
27 may 2025,JM,Main Rd,18.08432,-77.487803,27 May 2025,2025-05-27,1748304000.0,1,Tuesday,5,22
27 may 2025,JM,Marcus Garvey Dr,17.978627,-76.816758,27 May 2025,2025-05-27,1748304000.0,1,Tuesday,5,22
27 may 2025,JM,A1 - North Coast Highway,18.447288,-77.224919,27 May 2025,2025-05-27,1748304000.0,1,Tuesday,5,22
27 may 2025,JM,A1 - North Coast Highway,18.472565,-77.569652,27 May 2025,2025-05-27,1748304000.0,1,Tuesday,5,22
27 may 2025,JM,Marcus Garvey Dr,17.984122,-76.823183,27 May 2025,2025-05-27,1748304000.0,1,Tuesday,5,22
27 may 2025,JM,Maxfield Ave,18.000191,-76.803721,27 May 2025,2025-05-27,1748304000.0,1,Tuesday,5,22
27 may 2025,JM,McVickers Ln,17.988888,-76.97268,27 May 2025,2025-05-27,1748304000.0,1,Tuesday,5,22
27 may 2025,JM,Montgomery Ave,18.005477,-76.806323,27 May 2025,2025-05-27,1748304000.0,1,Tuesday,5,22
27 may 2025,JM,Mount Salem Rd,18.467593,-77.913791,27 May 2025,2025-05-27,1748304000.0,1,Tuesday,5,22
27 may 2025,JM,Mount Salem Rd,18.467515,-77.91071,27 May 2025,2025-05-27,1748304000.0,1,Tuesday,5,22
27 may 2025,JM,Municipal Blvd,18.006667,-76.895254,27 May 2025,2025-05-27,1748304000.0,1,Tuesday,5,22
27 may 2025,JM,Old Church Rd,18.026611,-76.790739,27 May 2025,2025-05-27,1748304000.0,1,Tuesday,5,22
27 may 2025,JM,A1 - North Coast Highway,18.507484,-77.899567,27 May 2025,2025-05-27,1748304000.0,1,Tuesday,5,22
27 may 2025,JM,A1 - Spanish Town By-pass Rd,17.988095,-76.957923,27 May 2025,2025-05-27,1748304000.0,1,Tuesday,5,22
27 may 2025,JM,A1 - Spanish Town Rd,18.023441,-76.85278,27 May 2025,2025-05-27,1748304000.0,1,Tuesday,5,22
27 may 2025,JM,A2 (W) - Washington Blvd,18.025965,-76.846154,27 May 2025,2025-05-27,1748304000.0,1,Tuesday,5,22
27 may 2025,JM,Old Hope Rd,18.020086,-76.767434,27 May 2025,2025-05-27,1748304000.0,1,Tuesday,5,22
27 may 2025,JM,Pamela Ave,18.03189,-76.810492,27 May 2025,2025-05-27,1748304000.0,1,Tuesday,5,22
27 may 2025,JM,A2 - East St,17.938769,-77.10525,27 May 2025,2025-05-27,1748304000.0,1,Tuesday,5,22
27 may 2025,JM,Port Royal St,17.965955,-76.796989,27 May 2025,2025-05-27,1748304000.0,1,Tuesday,5,22
27 may 2025,JM,Red Hills Rd,18.031251,-76.806064,27 May 2025,2025-05-27,1748304000.0,1,Tuesday,5,22
27 may 2025,JM,A2 - Old Harbour Rd,17.955138,-77.048122,27 May 2025,2025-05-27,1748304000.0,1,Tuesday,5,22
27 may 2025,JM,Sewell Ave,18.482105,-77.924782,27 May 2025,2025-05-27,1748304000.0,1,Tuesday,5,22
27 may 2025,JM,T2 Kingston - Portmore Toll Rd,17.971523,-76.845375,27 May 2025,2025-05-27,1748304000.0,1,Tuesday,5,22
27 may 2025,JM,T3 - Edward Seaga Highway,18.027316,-76.920482,27 May 2025,2025-05-27,1748304000.0,1,Tuesday,5,22
27 may 2025,JM,Trafalgar Rd,18.007762,-76.781171,27 May 2025,2025-05-27,1748304000.0,1,Tuesday,5,22
27 may 2025,JM,A2 - Old Harbour Rd,17.958594,-77.040619,27 May 2025,2025-05-27,1748304000.0,1,Tuesday,5,22
27 may 2025,JM,A2 - Old Harbour Rd,17.991693,-76.973364,27 May 2025,2025-05-27,1748304000.0,1,Tuesday,5,22
27 may 2025,JM,Trafalgar Rd,18.01193,-76.790345,27 May 2025,2025-05-27,1748304000.0,1,Tuesday,5,22
27 may 2025,JM,Ward Ave,18.039028,-77.513758,27 May 2025,2025-05-27,1748304000.0,1,Tuesday,5,22
27 may 2025,JM,A2 E - Dunrobin Ave,18.026468,-76.803993,27 May 2025,2025-05-27,1748304000.0,1,Tuesday,5,22
27 may 2025,JM,A1 - Kew Bridge to Lucea Rd,18.44284,-78.110688,27 May 2025,2025-05-27,1748304000.0,1,Tuesday,5,22
27 may 2025,JM,A1 - North Coast Highway,18.495728,-77.701556,27 May 2025,2025-05-27,1748304000.0,1,Tuesday,5,22
27 may 2025,JM,A3 (N) - Constant Spring Rd,18.022738,-76.796391,27 May 2025,2025-05-27,1748304000.0,1,Tuesday,5,22
27 may 2025,JM,A1 E - Nelson Mandela Hwy,18.025961,-76.859521,27 May 2025,2025-05-27,1748304000.0,1,Tuesday,5,22
27 may 2025,JM,A3 (N) - Constant Spring Rd,18.05071,-76.793411,27 May 2025,2025-05-27,1748304000.0,1,Tuesday,5,22
27 may 2025,JM,A4 - Harbour View to Bull Bay Rd,17.940589,-76.665642,27 May 2025,2025-05-27,1748304000.0,1,Tuesday,5,22
27 may 2025,JM,A4 - Harbour View to Bull Bay Rd,17.949701,-76.71023,27 May 2025,2025-05-27,1748304000.0,1,Tuesday,5,22
27 may 2025,JM,A3 (S) - Constant Spring Rd,18.02172,-76.796273,27 May 2025,2025-05-27,1748304000.0,1,Tuesday,5,22
27 may 2025,JM,A3 - Maxfield Ave,18.00768,-76.799837,27 May 2025,2025-05-27,1748304000.0,1,Tuesday,5,22
27 may 2025,JM,Alpart Road,17.979667,-77.593703,27 May 2025,2025-05-27,1748304000.0,1,Tuesday,5,22
27 may 2025,JM,Angels Toll Plaza,18.038362,-76.972939,27 May 2025,2025-05-27,1748304000.0,1,Tuesday,5,22
27 may 2025,JM,A4 - Thompson Ave,18.234195,-76.659516,27 May 2025,2025-05-27,1748304000.0,1,Tuesday,5,22
27 may 2025,JM,East Bell Rd,17.991241,-76.821526,27 May 2025,2025-05-27,1748304000.0,1,Tuesday,5,22
27 may 2025,JM,Hagley Park Rd,18.005977,-76.814397,27 May 2025,2025-05-27,1748304000.0,1,Tuesday,5,22
27 may 2025,JM,Alice Eldemire Dr,18.458132,-77.929719,27 May 2025,2025-05-27,1748304000.0,1,Tuesday,5,22
27 may 2025,JM,T1 (E) - East West Hwy,17.957688,-77.024283,27 May 2025,2025-05-27,1748304000.0,1,Tuesday,5,22
27 may 2025,JM,T1 (W) - East West Hwy,18.000508,-77.401726,27 May 2025,2025-05-27,1748304000.0,1,Tuesday,5,22
27 may 2025,JM,T2 > Spanish Town Portmore,17.967269,-76.853808,27 May 2025,2025-05-27,1748304000.0,1,Tuesday,5,22
27 may 2025,JM,Tharpe St,18.491328,-77.651375,27 May 2025,2025-05-27,1748304000.0,1,Tuesday,5,22
27 may 2025,JM,Barbican Rd,18.031623,-76.778903,27 May 2025,2025-05-27,1748304000.0,1,Tuesday,5,22
27 may 2025,JM,Corinaldi Ave,18.469745,-77.915924,27 May 2025,2025-05-27,1748304000.0,1,Tuesday,5,22
27 may 2025,JM,Three Mile Overpass,17.996368,-76.826722,27 May 2025,2025-05-27,1748304000.0,1,Tuesday,5,22
27 may 2025,JM,A2 (W) - Washington Blvd,18.025897,-76.852443,27 May 2025,2025-05-27,1748304000.0,1,Tuesday,5,22
27 may 2025,JM,A2 - Spur Tree Rd,18.002387,-77.572674,27 May 2025,2025-05-27,1748304000.0,1,Tuesday,5,22
27 may 2025,JM,A2 - Tombstone to Gutters Rd,18.077043,-77.751326,27 May 2025,2025-05-27,1748304000.0,1,Tuesday,5,22
27 may 2025,JM,Dyke Rd,18.003056,-76.876832,27 May 2025,2025-05-27,1748304000.0,1,Tuesday,5,22
27 may 2025,JM,A2 W,18.027332,-76.814105,27 May 2025,2025-05-27,1748304000.0,1,Tuesday,5,22
27 may 2025,JM,A2 W - Washington Blvd,18.026881,-76.816232,27 May 2025,2025-05-27,1748304000.0,1,Tuesday,5,22
27 may 2025,JM,A4 - Morant Bay to Lyssons Rd,17.88213,-76.400946,27 May 2025,2025-05-27,1748304000.0,1,Tuesday,5,22
27 may 2025,JM,A4 - Port Morant to Stokes Hall Rd,17.890527,-76.321556,27 May 2025,2025-05-27,1748304000.0,1,Tuesday,5,22
27 may 2025,JM,Dyke Rd,18.00361,-76.877959,27 May 2025,2025-05-27,1748304000.0,1,Tuesday,5,22
27 may 2025,JM,E Kings House Rd,18.029919,-76.776462,27 May 2025,2025-05-27,1748304000.0,1,Tuesday,5,22
27 may 2025,JM,Exit to Red Hills Rd,18.026999,-76.806126,27 May 2025,2025-05-27,1748304000.0,1,Tuesday,5,22
27 may 2025,JM,A4 - Prospect to Port Morant Rd,17.87505,-76.341191,27 May 2025,2025-05-27,1748304000.0,1,Tuesday,5,22
27 may 2025,JM,A4 - Southern Coastal Highway,17.936028,-76.655027,27 May 2025,2025-05-27,1748304000.0,1,Tuesday,5,22
27 may 2025,JM,Harbour St,17.965593,-76.785988,27 May 2025,2025-05-27,1748304000.0,1,Tuesday,5,22
27 may 2025,JM,A4 - White Horses to Rozelle Rd,17.872342,-76.464152,27 May 2025,2025-05-27,1748304000.0,1,Tuesday,5,22
27 may 2025,JM,Braeton Rd,17.951674,-76.908426,27 May 2025,2025-05-27,1748304000.0,1,Tuesday,5,22
27 may 2025,JM,Hope Rd,18.01582,-76.787232,27 May 2025,2025-05-27,1748304000.0,1,Tuesday,5,22
27 may 2025,JM,Hope Rd,18.020916,-76.770561,27 May 2025,2025-05-27,1748304000.0,1,Tuesday,5,22
27 may 2025,JM,Marcus Garvey Dr,17.986666,-76.826073,27 May 2025,2025-05-27,1748304000.0,1,Tuesday,5,22
27 may 2025,JM,Marcus Garvey Dr,17.986281,-76.825768,27 May 2025,2025-05-27,1748304000.0,1,Tuesday,5,22
27 may 2025,JM,T1 (E) - East West Hwy,17.966024,-77.007951,27 May 2025,2025-05-27,1748304000.0,1,Tuesday,5,22
27 may 2025,JM,Hopewell Ln,17.98885,-76.818454,27 May 2025,2025-05-27,1748304000.0,1,Tuesday,5,22
27 may 2025,JM,Kings Ave,18.004814,-76.801715,27 May 2025,2025-05-27,1748304000.0,1,Tuesday,5,22
27 may 2025,JM,T1 (W) - East West Hwy,17.920962,-77.139161,27 May 2025,2025-05-27,1748304000.0,1,Tuesday,5,22
27 may 2025,JM,T3 - Edward Seaga Highway,18.411357,-77.166987,27 May 2025,2025-05-27,1748304000.0,1,Tuesday,5,22
27 may 2025,JM,Lady Musgrave Rd,18.012487,-76.77859,27 May 2025,2025-05-27,1748304000.0,1,Tuesday,5,22
27 may 2025,JM,T3 - Edward Seaga Highway,18.159718,-77.034103,27 May 2025,2025-05-27,1748304000.0,1,Tuesday,5,22
27 may 2025,JM,A1 - North Coast Highway,18.507842,-77.898785,27 May 2025,2025-05-27,1748304000.0,1,Tuesday,5,22
27 may 2025,JM,Little Bell Rd,17.996238,-76.823682,27 May 2025,2025-05-27,1748304000.0,1,Tuesday,5,22
27 may 2025,JM,A1 - Spanish Town Rd,17.987088,-76.812806,27 May 2025,2025-05-27,1748304000.0,1,Tuesday,5,22
27 may 2025,JM,A3 (S) - Constant Spring Rd,18.031786,-76.795621,27 May 2025,2025-05-27,1748304000.0,1,Tuesday,5,22
27 may 2025,JM,A4 - Harbour View to Bull Bay Rd,17.940783,-76.664984,27 May 2025,2025-05-27,1748304000.0,1,Tuesday,5,22
27 may 2025,JM,A4 - Southern Coastal Highway,17.941172,-76.663093,27 May 2025,2025-05-27,1748304000.0,1,Tuesday,5,22
27 may 2025,JM,Marescaux Rd,17.988501,-76.7862,27 May 2025,2025-05-27,1748304000.0,1,Tuesday,5,22
27 may 2025,JM,Molynes Rd,18.012764,-76.801766,27 May 2025,2025-05-27,1748304000.0,1,Tuesday,5,22
27 may 2025,JM,,18.012225,-77.528756,27 May 2025,2025-05-27,1748304000.0,1,Tuesday,5,22
27 may 2025,JM,,18.05345,-77.486128,27 May 2025,2025-05-27,1748304000.0,1,Tuesday,5,22
27 may 2025,JM,Mountain View Ave,17.982668,-76.76212,27 May 2025,2025-05-27,1748304000.0,1,Tuesday,5,22
27 may 2025,JM,,17.960565,-76.898955,27 May 2025,2025-05-27,1748304000.0,1,Tuesday,5,22
27 may 2025,JM,A1 - Alice Eldemire Dr,18.454483,-77.923143,27 May 2025,2025-05-27,1748304000.0,1,Tuesday,5,22
27 may 2025,JM,Oakland Rd,17.995555,-76.817514,27 May 2025,2025-05-27,1748304000.0,1,Tuesday,5,22
27 may 2025,JM,A1 - Kew Bridge to Great River Rd,18.454364,-78.021405,27 May 2025,2025-05-27,1748304000.0,1,Tuesday,5,22
27 may 2025,JM,A1 - Kew Bridge to Great River Rd,18.454718,-78.020528,27 May 2025,2025-05-27,1748304000.0,1,Tuesday,5,22
27 may 2025,JM,A1 - Kew Bridge to Lucea Rd,18.450133,-78.111073,27 May 2025,2025-05-27,1748304000.0,1,Tuesday,5,22
27 may 2025,JM,A1 - Lucea to Green Island Rd,18.453361,-78.211678,27 May 2025,2025-05-27,1748304000.0,1,Tuesday,5,22
27 may 2025,JM,Ocean Blvd,17.965878,-76.797098,27 May 2025,2025-05-27,1748304000.0,1,Tuesday,5,22
27 may 2025,JM,Old Hope Rd,18.003532,-76.778926,27 May 2025,2025-05-27,1748304000.0,1,Tuesday,5,22
27 may 2025,JM,A2 - Greenvale Rd,18.009291,-77.547729,27 May 2025,2025-05-27,1748304000.0,1,Tuesday,5,22
27 may 2025,JM,A2 - Old Harbour Rd,17.991117,-76.975975,27 May 2025,2025-05-27,1748304000.0,1,Tuesday,5,22
27 may 2025,JM,A2 - Old Harbour Rd,17.988884,-76.984669,27 May 2025,2025-05-27,1748304000.0,1,Tuesday,5,22
27 may 2025,JM,A2 - Old Harbour Rd,17.991147,-76.975755,27 May 2025,2025-05-27,1748304000.0,1,Tuesday,5,22
27 may 2025,JM,A2 - Winston Jones Hwy,18.040581,-77.53023,27 May 2025,2025-05-27,1748304000.0,1,Tuesday,5,22
27 may 2025,JM,A4 - Golden Grove to Belle Castle Rd,17.933605,-76.272928,27 May 2025,2025-05-27,1748304000.0,1,Tuesday,5,22
27 may 2025,JM,A4 - Harbour View to Bull Bay Rd,17.948786,-76.703564,27 May 2025,2025-05-27,1748304000.0,1,Tuesday,5,22
27 may 2025,JM,A4 - Port Morant to Stokes Hall Rd,17.892293,-76.317714,27 May 2025,2025-05-27,1748304000.0,1,Tuesday,5,22
27 may 2025,JM,Old Hope Rd,18.012508,-76.771073,27 May 2025,2025-05-27,1748304000.0,1,Tuesday,5,22
27 may 2025,JM,Old Hope Rd,18.019473,-76.764835,27 May 2025,2025-05-27,1748304000.0,1,Tuesday,5,22
27 may 2025,JM,Pechon St,17.966085,-76.79703,27 May 2025,2025-05-27,1748304000.0,1,Tuesday,5,22
27 may 2025,JM,Port Royal St,17.966215,-76.800033,27 May 2025,2025-05-27,1748304000.0,1,Tuesday,5,22
27 may 2025,JM,A4 - Prospect to Port Morant Rd,17.882119,-76.335319,27 May 2025,2025-05-27,1748304000.0,1,Tuesday,5,22
27 may 2025,JM,A4 - Prospect to Port Morant Rd,17.884689,-76.33374,27 May 2025,2025-05-27,1748304000.0,1,Tuesday,5,22
27 may 2025,JM,SE 4th Street,17.939003,-76.897352,27 May 2025,2025-05-27,1748304000.0,1,Tuesday,5,22
27 may 2025,JM,Alpart Road,17.979296,-77.594154,27 May 2025,2025-05-27,1748304000.0,1,Tuesday,5,22
27 may 2025,JM,Alpart Sports Club Rd,17.985512,-77.591944,27 May 2025,2025-05-27,1748304000.0,1,Tuesday,5,22
27 may 2025,JM,St. John's Rd,18.006538,-76.992097,27 May 2025,2025-05-27,1748304000.0,1,Tuesday,5,22
27 may 2025,JM,B5 - Main Rd,18.199985,-77.50189,27 May 2025,2025-05-27,1748304000.0,1,Tuesday,5,22
27 may 2025,JM,B7,18.228769,-77.947894,27 May 2025,2025-05-27,1748304000.0,1,Tuesday,5,22
27 may 2025,JM,B7,18.21255,-77.936338,27 May 2025,2025-05-27,1748304000.0,1,Tuesday,5,22
27 may 2025,JM,B7 - Shettlewood to Chester Castle Rd,18.331602,-77.951213,27 May 2025,2025-05-27,1748304000.0,1,Tuesday,5,22
27 may 2025,JM,Surbiton Rd,18.013744,-76.794426,27 May 2025,2025-05-27,1748304000.0,1,Tuesday,5,22
27 may 2025,JM,T1 (E) - East West Hwy,17.95591,-77.330668,27 May 2025,2025-05-27,1748304000.0,1,Tuesday,5,22
27 may 2025,JM,B7 - Shettlewood to Chester Castle Rd,18.317384,-77.951122,27 May 2025,2025-05-27,1748304000.0,1,Tuesday,5,22
27 may 2025,JM,B8 - Anchovy to Shettlewood Rd,18.35708,-77.937804,27 May 2025,2025-05-27,1748304000.0,1,Tuesday,5,22
27 may 2025,JM,T1 (W) - East West Hwy,17.944106,-77.251303,27 May 2025,2025-05-27,1748304000.0,1,Tuesday,5,22
27 may 2025,JM,Blissett Ave,18.03164,-76.81142,27 May 2025,2025-05-27,1748304000.0,1,Tuesday,5,22
27 may 2025,JM,Braeton Rd,17.953876,-76.903423,27 May 2025,2025-05-27,1748304000.0,1,Tuesday,5,22
27 may 2025,JM,Trafalgar Rd,18.010778,-76.788316,27 May 2025,2025-05-27,1748304000.0,1,Tuesday,5,22
27 may 2025,JM,Campbell Blvd,18.012233,-76.817994,27 May 2025,2025-05-27,1748304000.0,1,Tuesday,5,22
27 may 2025,JM,Campbell Blvd,18.012076,-76.817538,27 May 2025,2025-05-27,1748304000.0,1,Tuesday,5,22
27 may 2025,JM,Camperdown Rd,17.97577,-76.771051,27 May 2025,2025-05-27,1748304000.0,1,Tuesday,5,22
27 may 2025,JM,Charlton Ave,18.037792,-76.792833,27 May 2025,2025-05-27,1748304000.0,1,Tuesday,5,22
27 may 2025,JM,Waterloo Rd,18.021194,-76.791831,27 May 2025,2025-05-27,1748304000.0,1,Tuesday,5,22
27 may 2025,JM,Waterloo Rd,18.01329,-76.791092,27 May 2025,2025-05-27,1748304000.0,1,Tuesday,5,22
27 may 2025,JM,Coleyville Ave,18.019479,-76.845015,27 May 2025,2025-05-27,1748304000.0,1,Tuesday,5,22
27 may 2025,JM,Conway Dr,18.036684,-76.837657,27 May 2025,2025-05-27,1748304000.0,1,Tuesday,5,22
27 may 2025,JM,West Kings House Rd,18.02145,-76.791303,27 May 2025,2025-05-27,1748304000.0,1,Tuesday,5,22
27 may 2025,JM,Denver Cr,18.025604,-76.826243,27 May 2025,2025-05-27,1748304000.0,1,Tuesday,5,22
27 may 2025,JM,Dyke Rd,18.003643,-76.878048,27 May 2025,2025-05-27,1748304000.0,1,Tuesday,5,22
27 may 2025,JM,A1 - Spanish Town Rd,18.025849,-76.856257,27 May 2025,2025-05-27,1748304000.0,1,Tuesday,5,22
27 may 2025,JM,E Mid St,17.946251,-76.902606,27 May 2025,2025-05-27,1748304000.0,1,Tuesday,5,22
27 may 2025,JM,Entry to A2 - Dunrobin Ave,18.026984,-76.805353,27 May 2025,2025-05-27,1748304000.0,1,Tuesday,5,22
27 may 2025,JM,Fairdene Ave,18.043356,-76.81767,27 May 2025,2025-05-27,1748304000.0,1,Tuesday,5,22
27 may 2025,JM,Fairfield Rd,18.007204,-76.986719,27 May 2025,2025-05-27,1748304000.0,1,Tuesday,5,22
27 may 2025,JM,A1 - Green Island to Negril Rd,18.368374,-78.334803,27 May 2025,2025-05-27,1748304000.0,1,Tuesday,5,22
27 may 2025,JM,A1 - North Coast Highway,18.476438,-77.469981,27 May 2025,2025-05-27,1748304000.0,1,Tuesday,5,22
27 may 2025,JM,Gordon Blvd,18.002203,-76.95771,27 May 2025,2025-05-27,1748304000.0,1,Tuesday,5,22
27 may 2025,JM,Gordon Blvd,18.000131,-76.957316,27 May 2025,2025-05-27,1748304000.0,1,Tuesday,5,22
27 may 2025,JM,Gutters to Downs Rd,17.991992,-77.588107,27 May 2025,2025-05-27,1748304000.0,1,Tuesday,5,22
27 may 2025,JM,Hagley Park Rd,18.006214,-76.814132,27 May 2025,2025-05-27,1748304000.0,1,Tuesday,5,22
27 may 2025,JM,A1 - Spanish Town Rd,18.006955,-76.834878,27 May 2025,2025-05-27,1748304000.0,1,Tuesday,5,22
27 may 2025,JM,Havendale Dr,18.046325,-76.812408,27 May 2025,2025-05-27,1748304000.0,1,Tuesday,5,22
27 may 2025,JM,Holborn Rd,18.010264,-76.789784,27 May 2025,2025-05-27,1748304000.0,1,Tuesday,5,22
27 may 2025,JM,Kingsland Main Rd,18.008152,-77.549809,27 May 2025,2025-05-27,1748304000.0,1,Tuesday,5,22
27 may 2025,JM,Kingsland Main Rd,18.009703,-77.547373,27 May 2025,2025-05-27,1748304000.0,1,Tuesday,5,22
27 may 2025,JM,A4 - Harbour View to Bull Bay Rd,17.940944,-76.664376,27 May 2025,2025-05-27,1748304000.0,1,Tuesday,5,22
27 may 2025,JM,A4 - Prospect to Port Morant Rd,17.878007,-76.337777,27 May 2025,2025-05-27,1748304000.0,1,Tuesday,5,22
27 may 2025,JM,A4 - Southern Coastal Highway,17.941373,-76.662148,27 May 2025,2025-05-27,1748304000.0,1,Tuesday,5,22
27 may 2025,JM,Kingsland Main Rd,18.006664,-77.55128,27 May 2025,2025-05-27,1748304000.0,1,Tuesday,5,22
27 may 2025,JM,Linstead Main Rd,18.126095,-77.023633,27 May 2025,2025-05-27,1748304000.0,1,Tuesday,5,22
27 may 2025,JM,Dukharan Ave,18.028099,-76.802023,27 May 2025,2025-05-27,1748304000.0,1,Tuesday,5,22
27 may 2025,JM,Linstead Main Rd,18.125174,-77.022823,27 May 2025,2025-05-27,1748304000.0,1,Tuesday,5,22
27 may 2025,JM,Lower Bevin Ave,18.465944,-77.921202,27 May 2025,2025-05-27,1748304000.0,1,Tuesday,5,22
27 may 2025,JM,Industrial Ter,17.97721,-76.803018,27 May 2025,2025-05-27,1748304000.0,1,Tuesday,5,22
27 may 2025,JM,Old Hope Rd,18.019626,-76.765551,27 May 2025,2025-05-27,1748304000.0,1,Tuesday,5,22
27 may 2025,JM,Pedro Cross to Junction Rd,17.884278,-77.705624,27 May 2025,2025-05-27,1748304000.0,1,Tuesday,5,22
27 may 2025,JM,Perth Rd,18.026078,-77.521409,27 May 2025,2025-05-27,1748304000.0,1,Tuesday,5,22
27 may 2025,JM,Port Royal St,17.965844,-76.795595,27 May 2025,2025-05-27,1748304000.0,1,Tuesday,5,22
27 may 2025,JM,Mahoe Dr,18.011888,-76.763636,27 May 2025,2025-05-27,1748304000.0,1,Tuesday,5,22
27 may 2025,JM,T1 (E) - East West Hwy,17.973477,-76.954898,27 May 2025,2025-05-27,1748304000.0,1,Tuesday,5,22
27 may 2025,JM,Port Royal St,17.965884,-76.796071,27 May 2025,2025-05-27,1748304000.0,1,Tuesday,5,22
27 may 2025,JM,Port Royal St,17.965616,-76.7924,27 May 2025,2025-05-27,1748304000.0,1,Tuesday,5,22
27 may 2025,JM,T1 (W) - East West Hwy,17.984706,-76.919299,27 May 2025,2025-05-27,1748304000.0,1,Tuesday,5,22
27 may 2025,JM,Seymour Ave,18.015844,-76.773721,27 May 2025,2025-05-27,1748304000.0,1,Tuesday,5,22
27 may 2025,JM,St. James Ave,17.998595,-76.802697,27 May 2025,2025-05-27,1748304000.0,1,Tuesday,5,22
27 may 2025,JM,Twickenham Dr,17.997985,-76.943234,27 May 2025,2025-05-27,1748304000.0,1,Tuesday,5,22
27 may 2025,JM,Sundown Cr,18.020434,-76.815853,27 May 2025,2025-05-27,1748304000.0,1,Tuesday,5,22
27 may 2025,JM,Surbiton Rd,18.015222,-76.794796,27 May 2025,2025-05-27,1748304000.0,1,Tuesday,5,22
27 may 2025,JM,Whitehall Ave,18.040558,-76.802913,27 May 2025,2025-05-27,1748304000.0,1,Tuesday,5,22
27 may 2025,JM,Wind Hill to Patrick Town Rd,17.986121,-77.466341,27 May 2025,2025-05-27,1748304000.0,1,Tuesday,5,22
27 may 2025,JM,T3 - Edward Seaga Highway,18.202355,-77.038604,27 May 2025,2025-05-27,1748304000.0,1,Tuesday,5,22
27 may 2025,JM,A1 (W) - Nelson Mandela Highway,18.024785,-76.872747,27 May 2025,2025-05-27,1748304000.0,1,Tuesday,5,22
27 may 2025,JM,A4 - East Queen St,17.9711,-76.790974,27 May 2025,2025-05-27,1748304000.0,1,Tuesday,5,22
27 may 2025,JM,A4 - East Queen St,17.971137,-76.791099,27 May 2025,2025-05-27,1748304000.0,1,Tuesday,5,22
27 may 2025,JM,A2 E - Washington Blvd,18.026869,-76.816775,27 May 2025,2025-05-27,1748304000.0,1,Tuesday,5,22
27 may 2025,JM,A4 - East Queen St,17.97109,-76.790728,27 May 2025,2025-05-27,1748304000.0,1,Tuesday,5,22
27 may 2025,JM,Duke St,17.970879,-76.790644,27 May 2025,2025-05-27,1748304000.0,1,Tuesday,5,22
27 may 2025,JM,A2 W - Washington Blvd,18.027218,-76.814761,27 May 2025,2025-05-27,1748304000.0,1,Tuesday,5,22
27 may 2025,JM,Ferdie Nieta Blvd,17.995898,-76.945428,27 May 2025,2025-05-27,1748304000.0,1,Tuesday,5,22
27 may 2025,JM,> Portia Miller Simpson Sq,17.999477,-76.82653,27 May 2025,2025-05-27,1748304000.0,1,Tuesday,5,22
27 may 2025,JM,A1 (W) - Nelson Mandela Highway,18.01578,-76.888182,27 May 2025,2025-05-27,1748304000.0,1,Tuesday,5,22
27 may 2025,JM,A1 (W) - Nelson Mandela Highway,18.017029,-76.886342,27 May 2025,2025-05-27,1748304000.0,1,Tuesday,5,22
27 may 2025,JM,A2 W - Washington Blvd,18.027426,-76.812827,27 May 2025,2025-05-27,1748304000.0,1,Tuesday,5,22
27 may 2025,JM,A1 (W) - Nelson Mandela Highway,18.01478,-76.889663,27 May 2025,2025-05-27,1748304000.0,1,Tuesday,5,22
27 may 2025,JM,A1 (W) - Nelson Mandela Highway,18.022733,-76.877681,27 May 2025,2025-05-27,1748304000.0,1,Tuesday,5,22
27 may 2025,JM,A1 (W) - Nelson Mandela Highway,18.025861,-76.857312,27 May 2025,2025-05-27,1748304000.0,1,Tuesday,5,22
27 may 2025,JM,A1 (W) - Nelson Mandela Highway,18.024265,-76.874327,27 May 2025,2025-05-27,1748304000.0,1,Tuesday,5,22
27 may 2025,JM,A1 - North Coast Highway,18.472558,-77.567439,27 May 2025,2025-05-27,1748304000.0,1,Tuesday,5,22
27 may 2025,JM,A1 - North Coast Highway,18.475309,-77.590774,27 May 2025,2025-05-27,1748304000.0,1,Tuesday,5,22
27 may 2025,JM,A1 - North Coast Highway,18.519923,-77.813397,27 May 2025,2025-05-27,1748304000.0,1,Tuesday,5,22
27 may 2025,JM,A1 - Spanish Town Rd,18.006398,-76.834257,27 May 2025,2025-05-27,1748304000.0,1,Tuesday,5,22
27 may 2025,JM,A4 - Golden Grove to Belle Castle Rd,17.924878,-76.285816,27 May 2025,2025-05-27,1748304000.0,1,Tuesday,5,22
27 may 2025,JM,A4 - Golden Grove to Belle Castle Rd,17.925175,-76.284056,27 May 2025,2025-05-27,1748304000.0,1,Tuesday,5,22
27 may 2025,JM,A4 - Golden Grove to Belle Castle Rd,17.927989,-76.280975,27 May 2025,2025-05-27,1748304000.0,1,Tuesday,5,22
27 may 2025,JM,A4 - Harbour View to Bull Bay Rd,17.940591,-76.666107,27 May 2025,2025-05-27,1748304000.0,1,Tuesday,5,22
27 may 2025,JM,A4 - Morant Bay to Lyssons Rd,17.881436,-76.40292,27 May 2025,2025-05-27,1748304000.0,1,Tuesday,5,22
27 may 2025,JM,A2 (E) - Washington Blvd,18.026018,-76.853105,27 May 2025,2025-05-27,1748304000.0,1,Tuesday,5,22
27 may 2025,JM,A2 (W) - Melrose Hill Byp,18.056422,-77.446336,27 May 2025,2025-05-27,1748304000.0,1,Tuesday,5,22
27 may 2025,JM,A4 - White Horses to Rozelle Rd,17.872568,-76.465193,27 May 2025,2025-05-27,1748304000.0,1,Tuesday,5,22
27 may 2025,JM,A2 (W) - Washington Blvd,18.025896,-76.852599,27 May 2025,2025-05-27,1748304000.0,1,Tuesday,5,22
27 may 2025,JM,A2 (W) - Washington Blvd,18.025924,-76.849367,27 May 2025,2025-05-27,1748304000.0,1,Tuesday,5,22
27 may 2025,JM,B7 - Shettlewood to Chester Castle Rd,18.338631,-77.946477,27 May 2025,2025-05-27,1748304000.0,1,Tuesday,5,22
27 may 2025,JM,A2 - Melrose Hill Byp,18.067366,-77.463421,27 May 2025,2025-05-27,1748304000.0,1,Tuesday,5,22
27 may 2025,JM,A2 - Melrose Hill Byp,18.067778,-77.463912,27 May 2025,2025-05-27,1748304000.0,1,Tuesday,5,22
27 may 2025,JM,A2 - Spur Tree Rd,18.013073,-77.583549,27 May 2025,2025-05-27,1748304000.0,1,Tuesday,5,22
27 may 2025,JM,A2 E - Dunrobin Ave,18.025078,-76.798003,27 May 2025,2025-05-27,1748304000.0,1,Tuesday,5,22
27 may 2025,JM,B8 - Shettlewood to Mackfield Rd,18.345,-77.948957,27 May 2025,2025-05-27,1748304000.0,1,Tuesday,5,22
27 may 2025,JM,Munroe Rd,18.017684,-76.767156,27 May 2025,2025-05-27,1748304000.0,1,Tuesday,5,22
27 may 2025,JM,A3 - North Coast Highway,18.416279,-77.129003,27 May 2025,2025-05-27,1748304000.0,1,Tuesday,5,22
27 may 2025,JM,A4 - Grants Pen to Albion Rd,17.895353,-76.610036,27 May 2025,2025-05-27,1748304000.0,1,Tuesday,5,22
27 may 2025,JM,Seaview Ave,18.01047,-76.77477,27 May 2025,2025-05-27,1748304000.0,1,Tuesday,5,22
27 may 2025,JM,B8 - Long Hill Rd,18.435511,-77.947598,27 May 2025,2025-05-27,1748304000.0,1,Tuesday,5,22
27 may 2025,JM,Braeton Rd,17.949902,-76.912457,27 May 2025,2025-05-27,1748304000.0,1,Tuesday,5,22
27 may 2025,JM,T1 (W) - East West Hwy,17.973369,-76.964686,27 May 2025,2025-05-27,1748304000.0,1,Tuesday,5,22
27 may 2025,JM,Charlton Ave,18.037688,-76.791019,27 May 2025,2025-05-27,1748304000.0,1,Tuesday,5,22
27 may 2025,JM,Hope Rd,18.013257,-76.79089,27 May 2025,2025-05-27,1748304000.0,1,Tuesday,5,22
27 may 2025,JM,Hope Rd,18.017427,-76.783895,27 May 2025,2025-05-27,1748304000.0,1,Tuesday,5,22
27 may 2025,JM,T1 (E) - East West Hwy,17.932276,-77.202033,27 May 2025,2025-05-27,1748304000.0,1,Tuesday,5,22
27 may 2025,JM,T2 Kingston - Portmore Toll Rd,17.966847,-76.858976,27 May 2025,2025-05-27,1748304000.0,1,Tuesday,5,22
27 may 2025,JM,T3 - Edward Seaga Highway,18.349055,-77.150145,27 May 2025,2025-05-27,1748304000.0,1,Tuesday,5,22
27 may 2025,JM,T1 (E) - East West Hwy,18.007089,-77.407347,27 May 2025,2025-05-27,1748304000.0,1,Tuesday,5,22
27 may 2025,JM,T1 (W) - East West Hwy,17.956186,-77.318622,27 May 2025,2025-05-27,1748304000.0,1,Tuesday,5,22
27 may 2025,JM,T3 - Edward Seaga Highway,18.0273,-76.934831,27 May 2025,2025-05-27,1748304000.0,1,Tuesday,5,22
27 may 2025,JM,T1 (W) - East West Hwy,17.936065,-77.227793,27 May 2025,2025-05-27,1748304000.0,1,Tuesday,5,22
27 may 2025,JM,T1 (W) - East West Hwy,17.99826,-77.399476,27 May 2025,2025-05-27,1748304000.0,1,Tuesday,5,22
27 may 2025,JM,T3 - Edward Seaga Highway,18.127374,-77.041097,27 May 2025,2025-05-27,1748304000.0,1,Tuesday,5,22
27 may 2025,JM,T2 Kingston - Portmore Toll Rd,17.990941,-76.828606,27 May 2025,2025-05-27,1748304000.0,1,Tuesday,5,22
27 may 2025,JM,T3 - Edward Seaga Highway,18.028327,-76.945291,27 May 2025,2025-05-27,1748304000.0,1,Tuesday,5,22
27 may 2025,JM,T3 - Edward Seaga Highway,18.200648,-77.037511,27 May 2025,2025-05-27,1748304000.0,1,Tuesday,5,22
27 may 2025,JM,T3 - Edward Seaga Highway,18.027873,-76.940802,27 May 2025,2025-05-27,1748304000.0,1,Tuesday,5,22
27 may 2025,JM,T3 - Edward Seaga Highway,18.138044,-77.039228,27 May 2025,2025-05-27,1748304000.0,1,Tuesday,5,22
27 may 2025,JM,T3 - Edward Seaga Highway,18.159011,-77.033781,27 May 2025,2025-05-27,1748304000.0,1,Tuesday,5,22
27 may 2025,JM,T3 - Edward Seaga Highway,18.220935,-77.08134,27 May 2025,2025-05-27,1748304000.0,1,Tuesday,5,22
27 may 2025,JM,T3 - Edward Seaga Highway,18.027495,-76.938229,27 May 2025,2025-05-27,1748304000.0,1,Tuesday,5,22
27 may 2025,JM,T3 - Edward Seaga Highway,18.100234,-77.025182,27 May 2025,2025-05-27,1748304000.0,1,Tuesday,5,22
27 may 2025,JM,T3 - Edward Seaga Highway,18.036719,-76.968589,27 May 2025,2025-05-27,1748304000.0,1,Tuesday,5,22
27 may 2025,JM,T3 - Edward Seaga Highway,18.158534,-77.033567,27 May 2025,2025-05-27,1748304000.0,1,Tuesday,5,22
27 may 2025,JM,T3 - Edward Seaga Highway,18.034888,-76.959769,27 May 2025,2025-05-27,1748304000.0,1,Tuesday,5,22
27 may 2025,JM,T3 - Edward Seaga Highway,18.090747,-77.010741,27 May 2025,2025-05-27,1748304000.0,1,Tuesday,5,22
27 may 2025,JM,T3 - Edward Seaga Highway,18.16968,-77.03966,27 May 2025,2025-05-27,1748304000.0,1,Tuesday,5,22
27 may 2025,JM,T3 - Edward Seaga Highway,18.283614,-77.123559,27 May 2025,2025-05-27,1748304000.0,1,Tuesday,5,22
27 may 2025,JM,T3 - Edward Seaga Highway,18.191024,-77.03893,27 May 2025,2025-05-27,1748304000.0,1,Tuesday,5,22
27 may 2025,JM,,18.007431,-76.779283,27 May 2025,2025-05-27,1748304000.0,1,Tuesday,5,22
27 may 2025,JM,A2 - Luana to Tombstone Rd,18.108126,-77.797756,27 May 2025,2025-05-27,1748304000.0,1,Tuesday,5,22
27 may 2025,JM,Waterloo Rd,18.015317,-76.791839,27 May 2025,2025-05-27,1748304000.0,1,Tuesday,5,22
27 may 2025,JM,A1 - North Coast Highway,18.471656,-77.558257,27 May 2025,2025-05-27,1748304000.0,1,Tuesday,5,22
27 may 2025,JM,Maxfield Ave,17.986846,-76.810552,27 May 2025,2025-05-27,1748304000.0,1,Tuesday,5,22
27 may 2025,JM,A1 - North Coast Highway,18.472542,-77.568664,27 May 2025,2025-05-27,1748304000.0,1,Tuesday,5,22
27 may 2025,JM,A1 - North Coast Highway,18.480915,-77.595829,27 May 2025,2025-05-27,1748304000.0,1,Tuesday,5,22
27 may 2025,JM,A1 - Kew Bridge to Great River Rd,18.450202,-78.103602,27 May 2025,2025-05-27,1748304000.0,1,Tuesday,5,22
27 may 2025,JM,Falmouth St,18.491816,-77.652118,27 May 2025,2025-05-27,1748304000.0,1,Tuesday,5,22
27 may 2025,JM,Queens Dr,18.480643,-77.927184,27 May 2025,2025-05-27,1748304000.0,1,Tuesday,5,22
27 may 2025,JM,T3 - Edward Seaga Highway,18.20532,-77.044187,27 May 2025,2025-05-27,1748304000.0,1,Tuesday,5,22
27 may 2025,JM,T3 - Edward Seaga Highway,18.341786,-77.14632,27 May 2025,2025-05-27,1748304000.0,1,Tuesday,5,22
27 may 2025,JM,A1 - Kew Bridge to Great River Rd,18.449784,-78.086468,27 May 2025,2025-05-27,1748304000.0,1,Tuesday,5,22
27 may 2025,JM,A1 - Kew Bridge to Great River Rd,18.459465,-78.142887,27 May 2025,2025-05-27,1748304000.0,1,Tuesday,5,22
27 may 2025,JM,T3 - Edward Seaga Highway,18.349863,-77.150907,27 May 2025,2025-05-27,1748304000.0,1,Tuesday,5,22
27 may 2025,JM,T3 - Edward Seaga Highway,18.141126,-77.037431,27 May 2025,2025-05-27,1748304000.0,1,Tuesday,5,22
27 may 2025,JM,A1 - Kew Bridge to Great River Rd,18.453911,-78.035628,27 May 2025,2025-05-27,1748304000.0,1,Tuesday,5,22
27 may 2025,JM,A1 - Howard Cook Blvd,18.470073,-77.924309,27 May 2025,2025-05-27,1748304000.0,1,Tuesday,5,22
27 may 2025,JM,Barnett St,18.463954,-77.914881,27 May 2025,2025-05-27,1748304000.0,1,Tuesday,5,22
27 may 2025,JM,A1 - North Coast Highway,18.489865,-77.691399,27 May 2025,2025-05-27,1748304000.0,1,Tuesday,5,22
27 may 2025,JM,Montego Bay Sport Complex,18.458822,-77.920957,27 May 2025,2025-05-27,1748304000.0,1,Tuesday,5,22
27 may 2025,JM,T3 - Edward Seaga Highway,18.078567,-76.999562,27 May 2025,2025-05-27,1748304000.0,1,Tuesday,5,22
27 may 2025,JM,T3 - Edward Seaga Highway,18.251574,-77.110794,27 May 2025,2025-05-27,1748304000.0,1,Tuesday,5,22
27 may 2025,JM,T3 - Edward Seaga Highway,18.121872,-77.040305,27 May 2025,2025-05-27,1748304000.0,1,Tuesday,5,22
27 may 2025,JM,A1 - Spanish Town Rd,18.003409,-76.830983,27 May 2025,2025-05-27,1748304000.0,1,Tuesday,5,22
27 may 2025,JM,A2 - Luana to Tombstone Rd,18.096275,-77.774452,27 May 2025,2025-05-27,1748304000.0,1,Tuesday,5,22
27 may 2025,JM,A1 (W) - Nelson Mandela Highway,18.012354,-76.893267,27 May 2025,2025-05-27,1748304000.0,1,Tuesday,5,22
27 may 2025,JM,A1 (W) - Nelson Mandela Highway,18.025622,-76.868224,27 May 2025,2025-05-27,1748304000.0,1,Tuesday,5,22
27 may 2025,JM,A4 - Golden Grove to Belle Castle Rd,17.931608,-76.276471,27 May 2025,2025-05-27,1748304000.0,1,Tuesday,5,22
27 may 2025,JM,A1 (W) - Nelson Mandela Highway,18.025733,-76.865606,27 May 2025,2025-05-27,1748304000.0,1,Tuesday,5,22
27 may 2025,JM,A1 (W) - Nelson Mandela Highway,18.022171,-76.878622,27 May 2025,2025-05-27,1748304000.0,1,Tuesday,5,22
27 may 2025,JM,A4 - Harbour View to Bull Bay Rd,17.940651,-76.666742,27 May 2025,2025-05-27,1748304000.0,1,Tuesday,5,22
27 may 2025,JM,A1 (W) - Nelson Mandela Highway,18.024938,-76.872268,27 May 2025,2025-05-27,1748304000.0,1,Tuesday,5,22
27 may 2025,JM,A1 - North Coast Highway,18.516204,-77.777949,27 May 2025,2025-05-27,1748304000.0,1,Tuesday,5,22
27 may 2025,JM,A1 - Spanish Town Rd,17.984875,-76.810336,27 May 2025,2025-05-27,1748304000.0,1,Tuesday,5,22
27 may 2025,JM,A1 - Spanish Town Rd,18.018872,-76.847904,27 May 2025,2025-05-27,1748304000.0,1,Tuesday,5,22
27 may 2025,JM,A4 - Port Morant to Stokes Hall Rd,17.897979,-76.308862,27 May 2025,2025-05-27,1748304000.0,1,Tuesday,5,22
27 may 2025,JM,A4 - Port Morant to Stokes Hall Rd,17.897163,-76.311525,27 May 2025,2025-05-27,1748304000.0,1,Tuesday,5,22
27 may 2025,JM,A1 - Spanish Town Rd > Six Miles,18.023236,-76.852751,27 May 2025,2025-05-27,1748304000.0,1,Tuesday,5,22
27 may 2025,JM,A2 (W) - Washington Blvd,18.026022,-76.842967,27 May 2025,2025-05-27,1748304000.0,1,Tuesday,5,22
27 may 2025,JM,A2 (W) - Washington Blvd,18.026026,-76.842743,27 May 2025,2025-05-27,1748304000.0,1,Tuesday,5,22
27 may 2025,JM,A2 (W) - Washington Blvd,18.025868,-76.856066,27 May 2025,2025-05-27,1748304000.0,1,Tuesday,5,22
27 may 2025,JM,A3 (S) - Constant Spring Rd,18.033239,-76.795443,27 May 2025,2025-05-27,1748304000.0,1,Tuesday,5,22
27 may 2025,JM,A3 - Eastwood Park Rd,18.018083,-76.797492,27 May 2025,2025-05-27,1748304000.0,1,Tuesday,5,22
27 may 2025,JM,A3 - Half Way Tree Rd,17.99442,-76.788319,27 May 2025,2025-05-27,1748304000.0,1,Tuesday,5,22
27 may 2025,JM,Barbican Rd,18.030731,-76.772754,27 May 2025,2025-05-27,1748304000.0,1,Tuesday,5,22
27 may 2025,JM,A4 - Prospect to Port Morant Rd,17.876286,-76.338941,27 May 2025,2025-05-27,1748304000.0,1,Tuesday,5,22
27 may 2025,JM,A4 - Sir Florizel Glaspole Blvd,17.969234,-76.750351,27 May 2025,2025-05-27,1748304000.0,1,Tuesday,5,22
27 may 2025,JM,Alpart Road,17.986802,-77.591022,27 May 2025,2025-05-27,1748304000.0,1,Tuesday,5,22
27 may 2025,JM,Alpart Road,17.976359,-77.598498,27 May 2025,2025-05-27,1748304000.0,1,Tuesday,5,22
27 may 2025,JM,Barbican Rd,18.031782,-76.779669,27 May 2025,2025-05-27,1748304000.0,1,Tuesday,5,22
27 may 2025,JM,Barbican Rd,18.030783,-76.78559,27 May 2025,2025-05-27,1748304000.0,1,Tuesday,5,22
27 may 2025,JM,B5 - Main Rd,18.185937,-77.500115,27 May 2025,2025-05-27,1748304000.0,1,Tuesday,5,22
27 may 2025,JM,Barbican Rd,18.028319,-76.767408,27 May 2025,2025-05-27,1748304000.0,1,Tuesday,5,22
27 may 2025,JM,Brunswick Ave,18.002874,-76.963407,27 May 2025,2025-05-27,1748304000.0,1,Tuesday,5,22
27 may 2025,JM,B5 - Main Rd,18.194051,-77.500167,27 May 2025,2025-05-27,1748304000.0,1,Tuesday,5,22
27 may 2025,JM,Chesterfield Dr,18.006927,-76.836481,27 May 2025,2025-05-27,1748304000.0,1,Tuesday,5,22
27 may 2025,JM,Chisholm Ave,18.002102,-76.804591,27 May 2025,2025-05-27,1748304000.0,1,Tuesday,5,22
27 may 2025,JM,Dudley Kassin Dr,18.465205,-77.91475,27 May 2025,2025-05-27,1748304000.0,1,Tuesday,5,22
27 may 2025,JM,E Kings House Rd,18.024375,-76.779681,27 May 2025,2025-05-27,1748304000.0,1,Tuesday,5,22
27 may 2025,JM,B7,18.271763,-77.956621,27 May 2025,2025-05-27,1748304000.0,1,Tuesday,5,22
27 may 2025,JM,B7 - Darliston to Woodstock Rd,18.252917,-77.957465,27 May 2025,2025-05-27,1748304000.0,1,Tuesday,5,22
27 may 2025,JM,Exchange Rd,18.407898,-77.069808,27 May 2025,2025-05-27,1748304000.0,1,Tuesday,5,22
27 may 2025,JM,Exchange Rd,18.411614,-77.071931,27 May 2025,2025-05-27,1748304000.0,1,Tuesday,5,22
27 may 2025,JM,B8 - Anchovy to Shettlewood Rd,18.376528,-77.933228,27 May 2025,2025-05-27,1748304000.0,1,Tuesday,5,22
27 may 2025,JM,Fort Augusta Dr,17.95165,-76.874341,27 May 2025,2025-05-27,1748304000.0,1,Tuesday,5,22
27 may 2025,JM,Lady Musgrave Rd,18.014355,-76.780008,27 May 2025,2025-05-27,1748304000.0,1,Tuesday,5,22
27 may 2025,JM,B8 - Shettlewood to Mackfield Rd,18.347208,-77.95859,27 May 2025,2025-05-27,1748304000.0,1,Tuesday,5,22
27 may 2025,JM,Marcus Garvey Dr,17.982101,-76.820957,27 May 2025,2025-05-27,1748304000.0,1,Tuesday,5,22
27 may 2025,JM,Marcus Garvey Dr,17.989569,-76.827536,27 May 2025,2025-05-27,1748304000.0,1,Tuesday,5,22
27 may 2025,JM,Ocean Blvd,17.965179,-76.797137,27 May 2025,2025-05-27,1748304000.0,1,Tuesday,5,22
27 may 2025,JM,Oxford Rd,18.001926,-76.789445,27 May 2025,2025-05-27,1748304000.0,1,Tuesday,5,22
27 may 2025,JM,Braeton Rd,17.952868,-76.905732,27 May 2025,2025-05-27,1748304000.0,1,Tuesday,5,22
27 may 2025,JM,Carifta Avenue,18.013366,-76.841444,27 May 2025,2025-05-27,1748304000.0,1,Tuesday,5,22
27 may 2025,JM,Red Hills Rd,18.030058,-76.805997,27 May 2025,2025-05-27,1748304000.0,1,Tuesday,5,22
27 may 2025,JM,Red Hills Rd,18.04141,-76.814423,27 May 2025,2025-05-27,1748304000.0,1,Tuesday,5,22
27 may 2025,JM,Chelsea Ave,18.007565,-76.791883,27 May 2025,2025-05-27,1748304000.0,1,Tuesday,5,22
27 may 2025,JM,T2 Kingston - Portmore Toll Rd,17.993567,-76.838442,27 May 2025,2025-05-27,1748304000.0,1,Tuesday,5,22
27 may 2025,JM,Trafalgar Rd,18.010018,-76.786693,27 May 2025,2025-05-27,1748304000.0,1,Tuesday,5,22
27 may 2025,JM,Chisholm Ave,18.001343,-76.803657,27 May 2025,2025-05-27,1748304000.0,1,Tuesday,5,22
27 may 2025,JM,,18.007321,-76.78892,27 May 2025,2025-05-27,1748304000.0,1,Tuesday,5,22
27 may 2025,JM,A1 (W) - Nelson Mandela Highway,18.020483,-76.881261,27 May 2025,2025-05-27,1748304000.0,1,Tuesday,5,22
27 may 2025,JM,A1 - North Coast Highway,18.513285,-77.767577,27 May 2025,2025-05-27,1748304000.0,1,Tuesday,5,22
27 may 2025,JM,A2 E - Washington Blvd,18.027086,-76.807442,27 May 2025,2025-05-27,1748304000.0,1,Tuesday,5,22
27 may 2025,JM,Claremont Dr,17.947019,-77.113849,27 May 2025,2025-05-27,1748304000.0,1,Tuesday,5,22
27 may 2025,JM,Conway Dr,18.035702,-76.837513,27 May 2025,2025-05-27,1748304000.0,1,Tuesday,5,22
27 may 2025,JM,A4 - Port Antonia to Boundbrook Rd,18.185235,-76.466437,27 May 2025,2025-05-27,1748304000.0,1,Tuesday,5,22
27 may 2025,JM,Arcadia Dr,18.037063,-76.783641,27 May 2025,2025-05-27,1748304000.0,1,Tuesday,5,22
27 may 2025,JM,Braeton Parkway,17.964751,-76.891299,27 May 2025,2025-05-27,1748304000.0,1,Tuesday,5,22
27 may 2025,JM,Brunswick Ave,18.001733,-76.961931,27 May 2025,2025-05-27,1748304000.0,1,Tuesday,5,22
27 may 2025,JM,Crescent Road,18.002923,-76.799204,27 May 2025,2025-05-27,1748304000.0,1,Tuesday,5,22
27 may 2025,JM,Brunswick St,18.000401,-76.959809,27 May 2025,2025-05-27,1748304000.0,1,Tuesday,5,22
27 may 2025,JM,E Kings House Rd,18.030241,-76.775992,27 May 2025,2025-05-27,1748304000.0,1,Tuesday,5,22
27 may 2025,JM,Grants Pen Rd,18.032189,-76.792172,27 May 2025,2025-05-27,1748304000.0,1,Tuesday,5,22
27 may 2025,JM,White Church St,17.994371,-76.953114,27 May 2025,2025-05-27,1748304000.0,1,Tuesday,5,22
27 may 2025,JM,Ferdie Nieta Blvd,17.996677,-76.942081,27 May 2025,2025-05-27,1748304000.0,1,Tuesday,5,22
27 may 2025,JM,Gordon Blvd,18.022998,-76.959442,27 May 2025,2025-05-27,1748304000.0,1,Tuesday,5,22
27 may 2025,JM,Grove Rd,18.004155,-76.796447,27 May 2025,2025-05-27,1748304000.0,1,Tuesday,5,22
27 may 2025,JM,Hughenden Ave,18.026673,-76.821816,27 May 2025,2025-05-27,1748304000.0,1,Tuesday,5,22
27 may 2025,JM,Ivy Green Cr,17.998278,-76.792389,27 May 2025,2025-05-27,1748304000.0,1,Tuesday,5,22
27 may 2025,JM,King St,18.135006,-77.031301,27 May 2025,2025-05-27,1748304000.0,1,Tuesday,5,22
27 may 2025,JM,Kingsland Main Rd,18.008099,-77.549958,27 May 2025,2025-05-27,1748304000.0,1,Tuesday,5,22
27 may 2025,JM,Linstead Main Rd,18.12266,-77.021248,27 May 2025,2025-05-27,1748304000.0,1,Tuesday,5,22
27 may 2025,JM,Michael Manley Blvd,17.966992,-76.770359,27 May 2025,2025-05-27,1748304000.0,1,Tuesday,5,22
27 may 2025,JM,Municipal Blvd,18.006932,-76.895195,27 May 2025,2025-05-27,1748304000.0,1,Tuesday,5,22
27 may 2025,JM,Oakland Rd,17.997421,-76.815485,27 May 2025,2025-05-27,1748304000.0,1,Tuesday,5,22
27 may 2025,JM,Oakland Rd,17.997185,-76.81571,27 May 2025,2025-05-27,1748304000.0,1,Tuesday,5,22
27 may 2025,JM,Old Stony Hill Rd,18.067622,-76.79807,27 May 2025,2025-05-27,1748304000.0,1,Tuesday,5,22
27 may 2025,JM,Oxford Rd.,17.993926,-76.956816,27 May 2025,2025-05-27,1748304000.0,1,Tuesday,5,22
27 may 2025,JM,Padmore Ave,18.016626,-76.81341,27 May 2025,2025-05-27,1748304000.0,1,Tuesday,5,22
27 may 2025,JM,Padmore Ave,18.016172,-76.813431,27 May 2025,2025-05-27,1748304000.0,1,Tuesday,5,22
27 may 2025,JM,Pamela Ave,18.031721,-76.810545,27 May 2025,2025-05-27,1748304000.0,1,Tuesday,5,22
27 may 2025,JM,Park Ave,18.048019,-76.807455,27 May 2025,2025-05-27,1748304000.0,1,Tuesday,5,22
27 may 2025,JM,Passage Fort Dr W,17.982274,-76.874464,27 May 2025,2025-05-27,1748304000.0,1,Tuesday,5,22
27 may 2025,JM,Pedro Cross to Junction Rd,17.885219,-77.707604,27 May 2025,2025-05-27,1748304000.0,1,Tuesday,5,22
27 may 2025,JM,Pedro Cross to Junction Rd,17.884228,-77.705473,27 May 2025,2025-05-27,1748304000.0,1,Tuesday,5,22
27 may 2025,JM,Pepper Main Rd,18.030848,-77.614217,27 May 2025,2025-05-27,1748304000.0,1,Tuesday,5,22
27 may 2025,JM,Perth Rd,18.02545,-77.515335,27 May 2025,2025-05-27,1748304000.0,1,Tuesday,5,22
27 may 2025,JM,Port Royal St,17.965451,-76.790465,27 May 2025,2025-05-27,1748304000.0,1,Tuesday,5,22
27 may 2025,JM,Port Royal St,17.965886,-76.796092,27 May 2025,2025-05-27,1748304000.0,1,Tuesday,5,22
27 may 2025,JM,Rashford Ave,17.978341,-76.769789,27 May 2025,2025-05-27,1748304000.0,1,Tuesday,5,22
27 may 2025,JM,Red Hills Rd,18.027491,-76.805676,27 May 2025,2025-05-27,1748304000.0,1,Tuesday,5,22
27 may 2025,JM,Retreat Ave,18.012478,-76.771722,27 May 2025,2025-05-27,1748304000.0,1,Tuesday,5,22
27 may 2025,JM,Salt Pond Rd,17.977738,-76.943697,27 May 2025,2025-05-27,1748304000.0,1,Tuesday,5,22
27 may 2025,JM,Seymour Ave,18.014325,-76.77378,27 May 2025,2025-05-27,1748304000.0,1,Tuesday,5,22
27 may 2025,JM,Seymour Ave,18.012525,-76.774076,27 May 2025,2025-05-27,1748304000.0,1,Tuesday,5,22
27 may 2025,JM,St. Josephs Ave,17.981258,-76.771992,27 May 2025,2025-05-27,1748304000.0,1,Tuesday,5,22
27 may 2025,JM,Stoney Hill to Parks Road Rd,18.089217,-76.81839,27 May 2025,2025-05-27,1748304000.0,1,Tuesday,5,22
27 may 2025,JM,Water Ln,17.966989,-76.799156,27 May 2025,2025-05-27,1748304000.0,1,Tuesday,5,22
27 may 2025,JM,,18.461988,-77.311076,27 May 2025,2025-05-27,1748304000.0,1,Tuesday,5,22
27 may 2025,JM,West Main Dr,18.026392,-76.825734,27 May 2025,2025-05-27,1748304000.0,1,Tuesday,5,22
27 may 2025,JM,West Rd,18.045374,-77.523991,27 May 2025,2025-05-27,1748304000.0,1,Tuesday,5,22
27 may 2025,JM,Woodlawn Ave,18.037051,-76.820444,27 May 2025,2025-05-27,1748304000.0,1,Tuesday,5,22
27 may 2025,JM,King St,18.132147,-77.029623,27 May 2025,2025-05-27,1748304000.0,1,Tuesday,5,22
27 may 2025,JM,T3 - Edward Seaga Highway,18.147866,-77.033275,27 May 2025,2025-05-27,1748304000.0,1,Tuesday,5,22
27 may 2025,JM,,18.010572,-76.895506,27 May 2025,2025-05-27,1748304000.0,1,Tuesday,5,22
27 may 2025,JM,> Old Harbour,17.932835,-77.10796,27 May 2025,2025-05-27,1748304000.0,1,Tuesday,5,22
27 may 2025,JM,A1 (E) - Nelson Mandela Highway,18.025897,-76.863569,27 May 2025,2025-05-27,1748304000.0,1,Tuesday,5,22
27 may 2025,JM,A1 (E) - Nelson Mandela Highway,18.023888,-76.875722,27 May 2025,2025-05-27,1748304000.0,1,Tuesday,5,22
27 may 2025,JM,A1 (E) - Nelson Mandela Highway,18.017451,-76.886022,27 May 2025,2025-05-27,1748304000.0,1,Tuesday,5,22
27 may 2025,JM,A1 (W) - Nelson Mandela Highway,18.025839,-76.859376,27 May 2025,2025-05-27,1748304000.0,1,Tuesday,5,22
27 may 2025,JM,A1 (W) - Nelson Mandela Highway,18.01549,-76.88861,27 May 2025,2025-05-27,1748304000.0,1,Tuesday,5,22
27 may 2025,JM,A1 (W) - Nelson Mandela Highway,18.016991,-76.886397,27 May 2025,2025-05-27,1748304000.0,1,Tuesday,5,22
27 may 2025,JM,A1 (W) - Nelson Mandela Highway,18.014803,-76.889629,27 May 2025,2025-05-27,1748304000.0,1,Tuesday,5,22
27 may 2025,JM,A1 (W) - Nelson Mandela Highway,18.014488,-76.890096,27 May 2025,2025-05-27,1748304000.0,1,Tuesday,5,22
27 may 2025,JM,A1 - Alice Eldemire Dr,18.454005,-77.9216,27 May 2025,2025-05-27,1748304000.0,1,Tuesday,5,22
27 may 2025,JM,A1 - North Coast Highway,18.490673,-77.6952,27 May 2025,2025-05-27,1748304000.0,1,Tuesday,5,22
27 may 2025,JM,A1 - North Coast Highway,18.473014,-77.649108,27 May 2025,2025-05-27,1748304000.0,1,Tuesday,5,22
27 may 2025,JM,A1 - North Coast Highway,18.472545,-77.569252,27 May 2025,2025-05-27,1748304000.0,1,Tuesday,5,22
27 may 2025,JM,A1 - North Coast Highway,18.465564,-77.516031,27 May 2025,2025-05-27,1748304000.0,1,Tuesday,5,22
27 may 2025,JM,A1 - North Coast Highway,18.475575,-77.591483,27 May 2025,2025-05-27,1748304000.0,1,Tuesday,5,22
27 may 2025,JM,A1 - Spanish Town Rd,18.010591,-76.838818,27 May 2025,2025-05-27,1748304000.0,1,Tuesday,5,22
27 may 2025,JM,A1 E - Nelson Mandela Hwy,18.026043,-76.857435,27 May 2025,2025-05-27,1748304000.0,1,Tuesday,5,22
27 may 2025,JM,A2 - Melrose Hill Byp,18.068595,-77.465293,27 May 2025,2025-05-27,1748304000.0,1,Tuesday,5,22
27 may 2025,JM,A2 - Winston Jones Hwy,18.042871,-77.531295,27 May 2025,2025-05-27,1748304000.0,1,Tuesday,5,22
27 may 2025,JM,A2 E - Washington Blvd,18.027468,-76.813875,27 May 2025,2025-05-27,1748304000.0,1,Tuesday,5,22
27 may 2025,JM,A2 E - Washington Blvd,18.027121,-76.815774,27 May 2025,2025-05-27,1748304000.0,1,Tuesday,5,22
27 may 2025,JM,A2 E - Washington Blvd,18.027538,-76.811706,27 May 2025,2025-05-27,1748304000.0,1,Tuesday,5,22
27 may 2025,JM,A2 E - Washington Blvd,18.02749,-76.810697,27 May 2025,2025-05-27,1748304000.0,1,Tuesday,5,22
27 may 2025,JM,A3 - Stony Hill Rd,18.055723,-76.793675,27 May 2025,2025-05-27,1748304000.0,1,Tuesday,5,22
27 may 2025,JM,Goshen Main Rd,18.043994,-77.631862,27 May 2025,2025-05-27,1748304000.0,1,Tuesday,5,22
27 may 2025,JM,Gutters Main Rd,18.015864,-77.591583,27 May 2025,2025-05-27,1748304000.0,1,Tuesday,5,22
27 may 2025,JM,Hope Rd,18.017194,-76.784428,27 May 2025,2025-05-27,1748304000.0,1,Tuesday,5,22
27 may 2025,JM,Lady Musgrave Rd,18.008797,-76.77883,27 May 2025,2025-05-27,1748304000.0,1,Tuesday,5,22
27 may 2025,JM,Marcus Garvey Dr,17.995594,-76.827137,27 May 2025,2025-05-27,1748304000.0,1,Tuesday,5,22
27 may 2025,JM,Marcus Garvey Dr,17.9871,-76.826375,27 May 2025,2025-05-27,1748304000.0,1,Tuesday,5,22
27 may 2025,JM,Oxford Rd,18.002095,-76.790169,27 May 2025,2025-05-27,1748304000.0,1,Tuesday,5,22
27 may 2025,JM,Pedro Cross to Junction Rd,17.882754,-77.693534,27 May 2025,2025-05-27,1748304000.0,1,Tuesday,5,22
27 may 2025,JM,Port Royal St,17.966122,-76.798784,27 May 2025,2025-05-27,1748304000.0,1,Tuesday,5,22
27 may 2025,JM,South Camp Rd,17.982695,-76.779853,27 May 2025,2025-05-27,1748304000.0,1,Tuesday,5,22
27 may 2025,JM,T1 (E) - East West Hwy,17.973808,-76.951065,27 May 2025,2025-05-27,1748304000.0,1,Tuesday,5,22
27 may 2025,JM,T1 (E) - East West Hwy,17.956129,-77.027655,27 May 2025,2025-05-27,1748304000.0,1,Tuesday,5,22
27 may 2025,JM,T1 (E) - East West Hwy,17.974324,-76.949058,27 May 2025,2025-05-27,1748304000.0,1,Tuesday,5,22
27 may 2025,JM,T1 (E) - East West Hwy,17.965186,-77.009592,27 May 2025,2025-05-27,1748304000.0,1,Tuesday,5,22
27 may 2025,JM,T1 (E) - East West Hwy,17.949821,-77.053064,27 May 2025,2025-05-27,1748304000.0,1,Tuesday,5,22
27 may 2025,JM,T1 (E) - East West Hwy,17.977864,-76.931987,27 May 2025,2025-05-27,1748304000.0,1,Tuesday,5,22
27 may 2025,JM,T1 (E) - East West Hwy,17.92932,-77.180934,27 May 2025,2025-05-27,1748304000.0,1,Tuesday,5,22
27 may 2025,JM,T1 (E) - East West Hwy,17.973552,-76.952621,27 May 2025,2025-05-27,1748304000.0,1,Tuesday,5,22
27 may 2025,JM,T1 (E) - East West Hwy,17.962567,-77.279027,27 May 2025,2025-05-27,1748304000.0,1,Tuesday,5,22
27 may 2025,JM,T1 (E) - East West Hwy,18.03911,-77.435299,27 May 2025,2025-05-27,1748304000.0,1,Tuesday,5,22
27 may 2025,JM,T1 (E) - East West Hwy,18.020784,-77.416954,27 May 2025,2025-05-27,1748304000.0,1,Tuesday,5,22
27 may 2025,JM,T1 (W) - East West Hwy,17.954974,-77.034005,27 May 2025,2025-05-27,1748304000.0,1,Tuesday,5,22
27 may 2025,JM,T1 (W) - East West Hwy,17.968297,-77.00329,27 May 2025,2025-05-27,1748304000.0,1,Tuesday,5,22
27 may 2025,JM,T1 (W) - East West Hwy,18.029158,-77.425876,27 May 2025,2025-05-27,1748304000.0,1,Tuesday,5,22
27 may 2025,JM,T1 (W) - East West Hwy,17.966568,-77.006689,27 May 2025,2025-05-27,1748304000.0,1,Tuesday,5,22
27 may 2025,JM,T1 (W) - East West Hwy,17.95938,-77.289926,27 May 2025,2025-05-27,1748304000.0,1,Tuesday,5,22
27 may 2025,JM,T1 (W) - East West Hwy,17.984642,-76.920307,27 May 2025,2025-05-27,1748304000.0,1,Tuesday,5,22
27 may 2025,JM,T1 (W) - East West Hwy,17.973159,-77.375937,27 May 2025,2025-05-27,1748304000.0,1,Tuesday,5,22
27 may 2025,JM,T1 (W) - East West Hwy,17.926923,-77.131487,27 May 2025,2025-05-27,1748304000.0,1,Tuesday,5,22
27 may 2025,JM,T1 - East West Hwy,17.933527,-77.106995,27 May 2025,2025-05-27,1748304000.0,1,Tuesday,5,22
27 may 2025,JM,T3 - Edward Seaga Highway,18.215864,-77.073436,27 May 2025,2025-05-27,1748304000.0,1,Tuesday,5,22
27 may 2025,JM,T3 - Edward Seaga Highway,18.252598,-77.111942,27 May 2025,2025-05-27,1748304000.0,1,Tuesday,5,22
27 may 2025,JM,T3 - Edward Seaga Highway,18.315089,-77.137965,27 May 2025,2025-05-27,1748304000.0,1,Tuesday,5,22
27 may 2025,JM,T3 - Edward Seaga Highway,18.255835,-77.114858,27 May 2025,2025-05-27,1748304000.0,1,Tuesday,5,22
27 may 2025,JM,T3 - Edward Seaga Highway,18.082634,-77.00784,27 May 2025,2025-05-27,1748304000.0,1,Tuesday,5,22
27 may 2025,JM,T3 - Edward Seaga Highway,18.215528,-77.072928,27 May 2025,2025-05-27,1748304000.0,1,Tuesday,5,22
27 may 2025,JM,Trafalgar Rd,18.012929,-76.790941,27 May 2025,2025-05-27,1748304000.0,1,Tuesday,5,22
27 may 2025,JM,A1 - Kew Bridge to Great River Rd,18.449846,-78.054561,27 May 2025,2025-05-27,1748304000.0,1,Tuesday,5,22
27 may 2025,JM,A1 - North Coast Highway,18.483474,-77.623698,27 May 2025,2025-05-27,1748304000.0,1,Tuesday,5,22
27 may 2025,JM,A1 - North Coast Highway,18.471981,-77.580495,27 May 2025,2025-05-27,1748304000.0,1,Tuesday,5,22
27 may 2025,JM,Mannings Hill Rd,18.047541,-76.802327,27 May 2025,2025-05-27,1748304000.0,1,Tuesday,5,22
27 may 2025,JM,T3 - Edward Seaga Highway,18.073859,-76.996803,27 May 2025,2025-05-27,1748304000.0,1,Tuesday,5,22
27 may 2025,JM,T3 - Edward Seaga Highway,18.07982,-77.003673,27 May 2025,2025-05-27,1748304000.0,1,Tuesday,5,22
27 may 2025,JM,T3 - Edward Seaga Highway,18.073006,-76.996065,27 May 2025,2025-05-27,1748304000.0,1,Tuesday,5,22
27 may 2025,JM,T3 - Edward Seaga Highway,18.16255,-77.035444,27 May 2025,2025-05-27,1748304000.0,1,Tuesday,5,22
27 may 2025,JM,T3 - Edward Seaga Highway,18.149262,-77.03254,27 May 2025,2025-05-27,1748304000.0,1,Tuesday,5,22
27 may 2025,JM,T3 - Edward Seaga Highway,18.123368,-77.040227,27 May 2025,2025-05-27,1748304000.0,1,Tuesday,5,22
27 may 2025,JM,A1 (W) - Nelson Mandela Highway,18.02586,-76.857434,27 May 2025,2025-05-27,1748304000.0,1,Tuesday,5,22
27 may 2025,JM,A1 (W) - Nelson Mandela Highway,18.023453,-76.876253,27 May 2025,2025-05-27,1748304000.0,1,Tuesday,5,22
27 may 2025,JM,A1 - North Coast Highway,18.514029,-77.770101,27 May 2025,2025-05-27,1748304000.0,1,Tuesday,5,22
27 may 2025,JM,A1 - Spanish Town Rd,18.003979,-76.831598,27 May 2025,2025-05-27,1748304000.0,1,Tuesday,5,22
27 may 2025,JM,A1 - Spanish Town Rd,18.006913,-76.834605,27 May 2025,2025-05-27,1748304000.0,1,Tuesday,5,22
27 may 2025,JM,A1 - Spanish Town Rd,17.986571,-76.812192,27 May 2025,2025-05-27,1748304000.0,1,Tuesday,5,22
27 may 2025,JM,A1 - Sunset Blvd,18.49166,-77.922897,27 May 2025,2025-05-27,1748304000.0,1,Tuesday,5,22
27 may 2025,JM,A2 (W) - Washington Blvd,18.025551,-76.833843,27 May 2025,2025-05-27,1748304000.0,1,Tuesday,5,22
27 may 2025,JM,A2 (W) - Washington Blvd,18.025059,-76.827352,27 May 2025,2025-05-27,1748304000.0,1,Tuesday,5,22
27 may 2025,JM,A2 E - Dunrobin Ave,18.025965,-76.802518,27 May 2025,2025-05-27,1748304000.0,1,Tuesday,5,22
27 may 2025,JM,A2 E - Dunrobin Ave,18.025778,-76.801858,27 May 2025,2025-05-27,1748304000.0,1,Tuesday,5,22
27 may 2025,JM,A3 - Half Way Tree Rd,17.998415,-76.790072,27 May 2025,2025-05-27,1748304000.0,1,Tuesday,5,22
27 may 2025,JM,A3 - Milford Rd,18.398217,-77.100818,27 May 2025,2025-05-27,1748304000.0,1,Tuesday,5,22
27 may 2025,JM,Ardenne Rd,18.015399,-76.784022,27 May 2025,2025-05-27,1748304000.0,1,Tuesday,5,22
27 may 2025,JM,Ashenheim Rd,17.992647,-76.825824,27 May 2025,2025-05-27,1748304000.0,1,Tuesday,5,22
27 may 2025,JM,Barbican Rd,18.030746,-76.772778,27 May 2025,2025-05-27,1748304000.0,1,Tuesday,5,22
27 may 2025,JM,Beechwood Ave,17.99973,-76.79509,27 May 2025,2025-05-27,1748304000.0,1,Tuesday,5,22
27 may 2025,JM,Belmont Rd,18.003436,-76.783502,27 May 2025,2025-05-27,1748304000.0,1,Tuesday,5,22
27 may 2025,JM,Cargill Ave,18.006123,-76.797305,27 May 2025,2025-05-27,1748304000.0,1,Tuesday,5,22
27 may 2025,JM,Duhaney Dr,18.030298,-76.84655,27 May 2025,2025-05-27,1748304000.0,1,Tuesday,5,22
27 may 2025,JM,Dyke Rd,18.004035,-76.880117,27 May 2025,2025-05-27,1748304000.0,1,Tuesday,5,22
27 may 2025,JM,Hart St,18.469369,-77.919148,27 May 2025,2025-05-27,1748304000.0,1,Tuesday,5,22
27 may 2025,JM,Hope Rd,18.017016,-76.784834,27 May 2025,2025-05-27,1748304000.0,1,Tuesday,5,22
27 may 2025,JM,Marcus Garvey Dr,17.978893,-76.81704,27 May 2025,2025-05-27,1748304000.0,1,Tuesday,5,22
27 may 2025,JM,Marescaux Rd,17.987915,-76.786272,27 May 2025,2025-05-27,1748304000.0,1,Tuesday,5,22
27 may 2025,JM,Montego Bay Sport Complex,18.458948,-77.923566,27 May 2025,2025-05-27,1748304000.0,1,Tuesday,5,22
27 may 2025,JM,Old Hope Rd,17.994849,-76.787249,27 May 2025,2025-05-27,1748304000.0,1,Tuesday,5,22
27 may 2025,JM,Red Hills Rd,18.021128,-76.798345,27 May 2025,2025-05-27,1748304000.0,1,Tuesday,5,22
27 may 2025,JM,Red Hills Rd,18.041702,-76.814557,27 May 2025,2025-05-27,1748304000.0,1,Tuesday,5,22
27 may 2025,JM,Salt Spring Rd,18.479118,-77.906808,27 May 2025,2025-05-27,1748304000.0,1,Tuesday,5,22
27 may 2025,JM,Seaward Dr,18.021344,-76.820828,27 May 2025,2025-05-27,1748304000.0,1,Tuesday,5,22
27 may 2025,JM,Sligoville Main Rd,17.997128,-76.948368,27 May 2025,2025-05-27,1748304000.0,1,Tuesday,5,22
27 may 2025,JM,South Camp Rd,17.980134,-76.78079,27 May 2025,2025-05-27,1748304000.0,1,Tuesday,5,22
27 may 2025,JM,Trenton Rd,17.943042,-77.240053,27 May 2025,2025-05-27,1748304000.0,1,Tuesday,5,22
27 may 2025,JM,West Ave,18.030781,-76.800416,27 May 2025,2025-05-27,1748304000.0,1,Tuesday,5,22
27 may 2025,JM,Westgate Hills Blvd,18.461825,-77.912066,27 May 2025,2025-05-27,1748304000.0,1,Tuesday,5,22
27 may 2025,JM,A1 (W) - Nelson Mandela Highway,18.02322,-76.87675,27 May 2025,2025-05-27,1748304000.0,1,Tuesday,5,22
27 may 2025,JM,A1 (W) - Nelson Mandela Highway,18.025806,-76.861318,27 May 2025,2025-05-27,1748304000.0,1,Tuesday,5,22
27 may 2025,JM,A1 - Spanish Town Rd,17.992,-76.818742,27 May 2025,2025-05-27,1748304000.0,1,Tuesday,5,22
27 may 2025,JM,A1 - Spanish Town Rd,18.012709,-76.841138,27 May 2025,2025-05-27,1748304000.0,1,Tuesday,5,22
27 may 2025,JM,A1 - Spanish Town Rd,18.012631,-76.841056,27 May 2025,2025-05-27,1748304000.0,1,Tuesday,5,22
27 may 2025,JM,B8 - Long Hill Rd,18.435496,-77.947003,27 May 2025,2025-05-27,1748304000.0,1,Tuesday,5,22
27 may 2025,JM,Dyke Rd,18.00358,-76.890743,27 May 2025,2025-05-27,1748304000.0,1,Tuesday,5,22
27 may 2025,JM,East Bell Rd,17.990945,-76.821177,27 May 2025,2025-05-27,1748304000.0,1,Tuesday,5,22
27 may 2025,JM,Grants Pen Rd,18.031722,-76.791068,27 May 2025,2025-05-27,1748304000.0,1,Tuesday,5,22
27 may 2025,JM,Greenwich Rd,17.991478,-76.796332,27 May 2025,2025-05-27,1748304000.0,1,Tuesday,5,22
27 may 2025,JM,Lady Musgrave Rd,18.002563,-76.781091,27 May 2025,2025-05-27,1748304000.0,1,Tuesday,5,22
27 may 2025,JM,Marcus Garvey Dr,17.996891,-76.826039,27 May 2025,2025-05-27,1748304000.0,1,Tuesday,5,22
27 may 2025,JM,Marcus Garvey Dr,17.997441,-76.825599,27 May 2025,2025-05-27,1748304000.0,1,Tuesday,5,22
27 may 2025,JM,A1 - North Coast Highway,18.453856,-77.23982,27 May 2025,2025-05-27,1748304000.0,1,Tuesday,5,22
27 may 2025,JM,A1 - North Coast Highway,18.520824,-77.81877,27 May 2025,2025-05-27,1748304000.0,1,Tuesday,5,22
27 may 2025,JM,A1 - Spanish Town Rd,17.995504,-76.822519,27 May 2025,2025-05-27,1748304000.0,1,Tuesday,5,22
27 may 2025,JM,A1 - Spanish Town Rd,17.992556,-76.819408,27 May 2025,2025-05-27,1748304000.0,1,Tuesday,5,22
27 may 2025,JM,A1 - Sunset Blvd,18.490623,-77.924515,27 May 2025,2025-05-27,1748304000.0,1,Tuesday,5,22
27 may 2025,JM,A1 - Sunset Blvd,18.49137,-77.923336,27 May 2025,2025-05-27,1748304000.0,1,Tuesday,5,22
27 may 2025,JM,A1 - Three Mile Overpass,17.997959,-76.825106,27 May 2025,2025-05-27,1748304000.0,1,Tuesday,5,22
27 may 2025,JM,A2 - Old Harbour Rd,17.97512,-77.013689,27 May 2025,2025-05-27,1748304000.0,1,Tuesday,5,22
27 may 2025,JM,A2 E - Dunrobin Ave,18.025041,-76.797167,27 May 2025,2025-05-27,1748304000.0,1,Tuesday,5,22
27 may 2025,JM,A3 (N) - Constant Spring Rd,18.021366,-76.79641,27 May 2025,2025-05-27,1748304000.0,1,Tuesday,5,22
27 may 2025,JM,A3 - Stennett St,18.360141,-76.896017,27 May 2025,2025-05-27,1748304000.0,1,Tuesday,5,22
27 may 2025,JM,A4 - Harbour View to Bull Bay Rd,17.947659,-76.699957,27 May 2025,2025-05-27,1748304000.0,1,Tuesday,5,22
27 may 2025,JM,Austin Ave,18.468083,-77.905483,27 May 2025,2025-05-27,1748304000.0,1,Tuesday,5,22
27 may 2025,JM,Braeton Rd,17.948178,-76.919255,27 May 2025,2025-05-27,1748304000.0,1,Tuesday,5,22
27 may 2025,JM,Burke Rd,17.991557,-76.951502,27 May 2025,2025-05-27,1748304000.0,1,Tuesday,5,22
27 may 2025,JM,Daytona Dr,18.035389,-76.840128,27 May 2025,2025-05-27,1748304000.0,1,Tuesday,5,22
27 may 2025,JM,Dyke Rd,18.003574,-76.877865,27 May 2025,2025-05-27,1748304000.0,1,Tuesday,5,22
27 may 2025,JM,Dyke Rd,18.003682,-76.892387,27 May 2025,2025-05-27,1748304000.0,1,Tuesday,5,22
27 may 2025,JM,Factory Rd,17.88421,-76.586007,27 May 2025,2025-05-27,1748304000.0,1,Tuesday,5,22
27 may 2025,JM,Fairlane Dr,18.024816,-76.80551,27 May 2025,2025-05-27,1748304000.0,1,Tuesday,5,22
27 may 2025,JM,Gregory Park Main Rd,18.002925,-76.892544,27 May 2025,2025-05-27,1748304000.0,1,Tuesday,5,22
27 may 2025,JM,Hagley Park Rd,18.008769,-76.806946,27 May 2025,2025-05-27,1748304000.0,1,Tuesday,5,22
27 may 2025,JM,Harbour St,17.965561,-76.785603,27 May 2025,2025-05-27,1748304000.0,1,Tuesday,5,22
27 may 2025,JM,Hellshire Main Rd,17.953878,-76.89803,27 May 2025,2025-05-27,1748304000.0,1,Tuesday,5,22
27 may 2025,JM,Hellshire Main Rd,17.952216,-76.897713,27 May 2025,2025-05-27,1748304000.0,1,Tuesday,5,22
27 may 2025,JM,Junction to Downs Rd,17.926756,-77.602337,27 May 2025,2025-05-27,1748304000.0,1,Tuesday,5,22
27 may 2025,JM,Knutsford Blvd,18.004984,-76.78748,27 May 2025,2025-05-27,1748304000.0,1,Tuesday,5,22
27 may 2025,JM,Liguanea Ave,18.024098,-76.769782,27 May 2025,2025-05-27,1748304000.0,1,Tuesday,5,22
27 may 2025,JM,Mannings Hill Rd,18.046453,-76.801903,27 May 2025,2025-05-27,1748304000.0,1,Tuesday,5,22
27 may 2025,JM,Old Hope Road,18.015945,-76.746271,27 May 2025,2025-05-27,1748304000.0,1,Tuesday,5,22
27 may 2025,JM,Olivier Rd,18.045179,-76.788504,27 May 2025,2025-05-27,1748304000.0,1,Tuesday,5,22
27 may 2025,JM,Seymour Ave,18.010471,-76.774773,27 May 2025,2025-05-27,1748304000.0,1,Tuesday,5,22
27 may 2025,JM,T3 - Edward Seaga Highway,18.038903,-76.969969,27 May 2025,2025-05-27,1748304000.0,1,Tuesday,5,22
27 may 2025,JM,Tharpe St,18.491326,-77.651381,27 May 2025,2025-05-27,1748304000.0,1,Tuesday,5,22
27 may 2025,JM,Three Mile Overpass,17.996438,-76.826663,27 May 2025,2025-05-27,1748304000.0,1,Tuesday,5,22
27 may 2025,JM,Waterloo Rd,18.016276,-76.791939,27 May 2025,2025-05-27,1748304000.0,1,Tuesday,5,22
27 may 2025,JM,West Kings House Rd,18.021052,-76.796185,27 May 2025,2025-05-27,1748304000.0,1,Tuesday,5,22
27 may 2025,JM,White Church St,17.987001,-76.948055,27 May 2025,2025-05-27,1748304000.0,1,Tuesday,5,22
27 may 2025,JM,T2 Kingston - Portmore Toll Rd,17.971338,-76.845758,27 May 2025,2025-05-27,1748304000.0,1,Tuesday,5,22
27 may 2025,JM,A1 (W) - Nelson Mandela Highway,18.011126,-76.895092,27 May 2025,2025-05-27,1748304000.0,1,Tuesday,5,22
27 may 2025,JM,A1 - Golden Grove to Davis Town Rd,18.366682,-77.165451,27 May 2025,2025-05-27,1748304000.0,1,Tuesday,5,22
27 may 2025,JM,A1 - North Coast Highway,18.483332,-77.62451,27 May 2025,2025-05-27,1748304000.0,1,Tuesday,5,22
27 may 2025,JM,A4 - Harbour View to Bull Bay Rd,17.940813,-76.664886,27 May 2025,2025-05-27,1748304000.0,1,Tuesday,5,22
27 may 2025,JM,A4 - Southern Coastal Highway,17.941094,-76.663447,27 May 2025,2025-05-27,1748304000.0,1,Tuesday,5,22
27 may 2025,JM,Antrim Cres,17.990639,-76.774868,27 May 2025,2025-05-27,1748304000.0,1,Tuesday,5,22
27 may 2025,JM,Hope Rd,18.020927,-76.770623,27 May 2025,2025-05-27,1748304000.0,1,Tuesday,5,22
27 may 2025,JM,Kew to Mosquito Cove Rd,18.426417,-78.137009,27 May 2025,2025-05-27,1748304000.0,1,Tuesday,5,22
27 may 2025,JM,Locksley Hemmings Way,18.017608,-76.821562,27 May 2025,2025-05-27,1748304000.0,1,Tuesday,5,22
27 may 2025,JM,St. John's Rd,18.006392,-76.991726,27 May 2025,2025-05-27,1748304000.0,1,Tuesday,5,22
27 may 2025,JM,Sundown Cr,18.020408,-76.815864,27 May 2025,2025-05-27,1748304000.0,1,Tuesday,5,22
27 may 2025,JM,T1 (E) - East West Hwy,17.959144,-77.299889,27 May 2025,2025-05-27,1748304000.0,1,Tuesday,5,22
27 may 2025,JM,T1 (E) - East West Hwy,17.949685,-77.053278,27 May 2025,2025-05-27,1748304000.0,1,Tuesday,5,22
27 may 2025,JM,T3 - Edward Seaga Highway,18.391194,-77.166265,27 May 2025,2025-05-27,1748304000.0,1,Tuesday,5,22
27 may 2025,JM,A2 E - Washington Blvd,18.027538,-76.812315,27 May 2025,2025-05-27,1748304000.0,1,Tuesday,5,22
27 may 2025,JM,A2 E - Washington Blvd,18.027341,-76.814604,27 May 2025,2025-05-27,1748304000.0,1,Tuesday,5,22
27 may 2025,JM,A4 - Golden Grove to Belle Castle Rd,17.924853,-76.284862,27 May 2025,2025-05-27,1748304000.0,1,Tuesday,5,22
27 may 2025,JM,A4 - Grants Pen to Albion Rd,17.895317,-76.610011,27 May 2025,2025-05-27,1748304000.0,1,Tuesday,5,22
27 may 2025,JM,A4 - Morant Bay to Lyssons Rd,17.882278,-76.40054,27 May 2025,2025-05-27,1748304000.0,1,Tuesday,5,22
27 may 2025,JM,A4 - Yallahs to Pomfret Rd,17.872842,-76.562497,27 May 2025,2025-05-27,1748304000.0,1,Tuesday,5,22
27 may 2025,JM,B8 - Anchovy to Shettlewood Rd,18.37568,-77.933154,27 May 2025,2025-05-27,1748304000.0,1,Tuesday,5,22
27 may 2025,JM,B8 - Anchovy to Shettlewood Rd,18.384022,-77.934006,27 May 2025,2025-05-27,1748304000.0,1,Tuesday,5,22
27 may 2025,JM,Braeton Rd,17.951874,-76.907974,27 May 2025,2025-05-27,1748304000.0,1,Tuesday,5,22
27 may 2025,JM,New Land Rd,17.971584,-76.887636,27 May 2025,2025-05-27,1748304000.0,1,Tuesday,5,22
27 may 2025,JM,Payne Ave,17.997082,-76.820954,27 May 2025,2025-05-27,1748304000.0,1,Tuesday,5,22
27 may 2025,JM,Seymour Ave,18.010117,-76.774871,27 May 2025,2025-05-27,1748304000.0,1,Tuesday,5,22
27 may 2025,JM,South Camp Rd,17.977403,-76.781723,27 May 2025,2025-05-27,1748304000.0,1,Tuesday,5,22
27 may 2025,JM,T3 - Edward Seaga Highway,18.067606,-76.99389,27 May 2025,2025-05-27,1748304000.0,1,Tuesday,5,22
27 may 2025,JM,T3 - Edward Seaga Highway,18.367832,-77.161424,27 May 2025,2025-05-27,1748304000.0,1,Tuesday,5,22
27 may 2025,JM,T3 - Edward Seaga Highway,18.165577,-77.036801,27 May 2025,2025-05-27,1748304000.0,1,Tuesday,5,22
27 may 2025,JM,T3 - Edward Seaga Highway,18.261978,-77.118314,27 May 2025,2025-05-27,1748304000.0,1,Tuesday,5,22
27 may 2025,JM,,17.892772,-77.722442,27 May 2025,2025-05-27,1748304000.0,1,Tuesday,5,22
27 may 2025,JM,A1 - Green Island to Negril Rd,18.375983,-78.302208,27 May 2025,2025-05-27,1748304000.0,1,Tuesday,5,22
27 may 2025,JM,A1 - Spanish Town Rd,18.017621,-76.846428,27 May 2025,2025-05-27,1748304000.0,1,Tuesday,5,22
27 may 2025,JM,A1 - Spanish Town Rd,17.994489,-76.821585,27 May 2025,2025-05-27,1748304000.0,1,Tuesday,5,22
27 may 2025,JM,A1 - Watson Taylor Dr,18.451816,-78.172085,27 May 2025,2025-05-27,1748304000.0,1,Tuesday,5,22
27 may 2025,JM,A2 (E) - Washington Blvd,18.025293,-76.822911,27 May 2025,2025-05-27,1748304000.0,1,Tuesday,5,22
27 may 2025,JM,A3 - Balmoral Ave,18.005103,-76.800066,27 May 2025,2025-05-27,1748304000.0,1,Tuesday,5,22
27 may 2025,JM,A3 - Hopewell to Colegate Rd,18.348958,-77.087359,27 May 2025,2025-05-27,1748304000.0,1,Tuesday,5,22
27 may 2025,JM,A3 - Main Rd,18.100489,-76.815494,27 May 2025,2025-05-27,1748304000.0,1,Tuesday,5,22
27 may 2025,JM,A4 - Golden Grove to Belle Castle Rd,17.926985,-76.282184,27 May 2025,2025-05-27,1748304000.0,1,Tuesday,5,22
27 may 2025,JM,A4 - Port Morant to Stokes Hall Rd,17.895287,-76.313819,27 May 2025,2025-05-27,1748304000.0,1,Tuesday,5,22
27 may 2025,JM,A4 - Prospect to Port Morant Rd,17.873458,-76.341916,27 May 2025,2025-05-27,1748304000.0,1,Tuesday,5,22
27 may 2025,JM,Alpart Road,17.979308,-77.59412,27 May 2025,2025-05-27,1748304000.0,1,Tuesday,5,22
27 may 2025,JM,Alpart Road,17.981512,-77.593369,27 May 2025,2025-05-27,1748304000.0,1,Tuesday,5,22
27 may 2025,JM,Alpart Road,17.978955,-77.59554,27 May 2025,2025-05-27,1748304000.0,1,Tuesday,5,22
27 may 2025,JM,B7,18.340806,-77.945838,27 May 2025,2025-05-27,1748304000.0,1,Tuesday,5,22
27 may 2025,JM,B7,18.268097,-77.957159,27 May 2025,2025-05-27,1748304000.0,1,Tuesday,5,22
27 may 2025,JM,B7,18.241984,-77.95652,27 May 2025,2025-05-27,1748304000.0,1,Tuesday,5,22
27 may 2025,JM,B8 - Anchovy to Shettlewood Rd,18.380329,-77.933657,27 May 2025,2025-05-27,1748304000.0,1,Tuesday,5,22
27 may 2025,JM,B8 - Long Hill Rd,18.438036,-77.94824,27 May 2025,2025-05-27,1748304000.0,1,Tuesday,5,22
27 may 2025,JM,B8 - Shettlewood to Mackfield Rd,18.345692,-77.966902,27 May 2025,2025-05-27,1748304000.0,1,Tuesday,5,22
27 may 2025,JM,Brettford Ave,18.018347,-76.821067,27 May 2025,2025-05-27,1748304000.0,1,Tuesday,5,22
27 may 2025,JM,Campbell Blvd,18.01264,-76.819179,27 May 2025,2025-05-27,1748304000.0,1,Tuesday,5,22
27 may 2025,JM,Campbell Blvd,18.012259,-76.81807,27 May 2025,2025-05-27,1748304000.0,1,Tuesday,5,22
27 may 2025,JM,Camperdown Rd,17.974598,-76.771223,27 May 2025,2025-05-27,1748304000.0,1,Tuesday,5,22
27 may 2025,JM,Deanery Rd,17.981357,-76.772323,27 May 2025,2025-05-27,1748304000.0,1,Tuesday,5,22
27 may 2025,JM,Dump to Craig Head Rd,18.224408,-77.525558,27 May 2025,2025-05-27,1748304000.0,1,Tuesday,5,22
27 may 2025,JM,Emerald Dr,18.038956,-76.819084,27 May 2025,2025-05-27,1748304000.0,1,Tuesday,5,22
27 may 2025,JM,Gutters to Downs Rd,17.995831,-77.589549,27 May 2025,2025-05-27,1748304000.0,1,Tuesday,5,22
27 may 2025,JM,Havendale Dr,18.046136,-76.812939,27 May 2025,2025-05-27,1748304000.0,1,Tuesday,5,22
27 may 2025,JM,King St,17.997511,-76.95529,27 May 2025,2025-05-27,1748304000.0,1,Tuesday,5,22
27 may 2025,JM,King St,18.133684,-77.030818,27 May 2025,2025-05-27,1748304000.0,1,Tuesday,5,22
27 may 2025,JM,Kings Cr,18.003004,-76.803263,27 May 2025,2025-05-27,1748304000.0,1,Tuesday,5,22
27 may 2025,JM,Kingsland Main Rd,18.010101,-77.547054,27 May 2025,2025-05-27,1748304000.0,1,Tuesday,5,22
27 may 2025,JM,Linstead Main Rd,18.12383,-77.021967,27 May 2025,2025-05-27,1748304000.0,1,Tuesday,5,22
27 may 2025,JM,Maxfield Ave,18.000606,-76.803434,27 May 2025,2025-05-27,1748304000.0,1,Tuesday,5,22
27 may 2025,JM,Mimosa Ave,18.016427,-76.82059,27 May 2025,2025-05-27,1748304000.0,1,Tuesday,5,22
27 may 2025,JM,Molynes Rd,18.04257,-76.821444,27 May 2025,2025-05-27,1748304000.0,1,Tuesday,5,22
27 may 2025,JM,Municipal Blvd,17.961459,-76.901307,27 May 2025,2025-05-27,1748304000.0,1,Tuesday,5,22
27 may 2025,JM,N View Dr,18.501685,-77.7999,27 May 2025,2025-05-27,1748304000.0,1,Tuesday,5,22
27 may 2025,JM,NW 6th St,17.947667,-76.91368,27 May 2025,2025-05-27,1748304000.0,1,Tuesday,5,22
27 may 2025,JM,Old Harbour Rd,17.993298,-76.964813,27 May 2025,2025-05-27,1748304000.0,1,Tuesday,5,22
27 may 2025,JM,Padmore Ave,18.016857,-76.813398,27 May 2025,2025-05-27,1748304000.0,1,Tuesday,5,22
27 may 2025,JM,Pedro Cross to Junction Rd,17.877158,-77.684936,27 May 2025,2025-05-27,1748304000.0,1,Tuesday,5,22
27 may 2025,JM,Perth Rd,18.026306,-77.522885,27 May 2025,2025-05-27,1748304000.0,1,Tuesday,5,22
27 may 2025,JM,Port Royal St,17.965622,-76.792516,27 May 2025,2025-05-27,1748304000.0,1,Tuesday,5,22
27 may 2025,JM,Red Hills Rd,18.043429,-76.816643,27 May 2025,2025-05-27,1748304000.0,1,Tuesday,5,22
27 may 2025,JM,Salt Pond Rd,17.985953,-76.947648,27 May 2025,2025-05-27,1748304000.0,1,Tuesday,5,22
27 may 2025,JM,Seaward Dr,18.021688,-76.820656,27 May 2025,2025-05-27,1748304000.0,1,Tuesday,5,22
27 may 2025,JM,Sligoville Main Rd,18.01034,-76.951234,27 May 2025,2025-05-27,1748304000.0,1,Tuesday,5,22
27 may 2025,JM,Stoney Hill to Parks Road Rd,18.086165,-76.815364,27 May 2025,2025-05-27,1748304000.0,1,Tuesday,5,22
27 may 2025,JM,T3 - Edward Seaga Highway,18.031781,-76.952561,27 May 2025,2025-05-27,1748304000.0,1,Tuesday,5,22
27 may 2025,JM,Wentworth Ave,18.031357,-76.800461,27 May 2025,2025-05-27,1748304000.0,1,Tuesday,5,22
27 may 2025,JM,West Kings House Rd,18.021381,-76.793771,27 May 2025,2025-05-27,1748304000.0,1,Tuesday,5,22
27 may 2025,JM,William St,17.997987,-76.964284,27 May 2025,2025-05-27,1748304000.0,1,Tuesday,5,22
27 may 2025,JM,Woodhaven Rd,18.033924,-76.81464,27 May 2025,2025-05-27,1748304000.0,1,Tuesday,5,22
27 may 2025,JM,A1 - Kew Bridge to Great River Rd,18.450017,-78.087854,27 May 2025,2025-05-27,1748304000.0,1,Tuesday,5,22
27 may 2025,JM,A1 - Spanish Town By-pass Rd,17.988588,-76.959298,27 May 2025,2025-05-27,1748304000.0,1,Tuesday,5,22
27 may 2025,JM,Dyke Rd,18.003503,-76.877673,27 May 2025,2025-05-27,1748304000.0,1,Tuesday,5,22
27 may 2025,JM,Main Rd,17.996068,-76.945222,27 May 2025,2025-05-27,1748304000.0,1,Tuesday,5,22
27 may 2025,JM,,18.003437,-76.894245,27 May 2025,2025-05-27,1748304000.0,1,Tuesday,5,22
27 may 2025,JM,,18.259646,-77.115716,27 May 2025,2025-05-27,1748304000.0,1,Tuesday,5,22
27 may 2025,JM,A1 (E) - Nelson Mandela Highway,18.023218,-76.877209,27 May 2025,2025-05-27,1748304000.0,1,Tuesday,5,22
27 may 2025,JM,A1 (E) - Nelson Mandela Highway,18.013273,-76.892119,27 May 2025,2025-05-27,1748304000.0,1,Tuesday,5,22
27 may 2025,JM,A1 (W) - Nelson Mandela Highway,18.018174,-76.884655,27 May 2025,2025-05-27,1748304000.0,1,Tuesday,5,22
27 may 2025,JM,Whitehall Ave,18.040463,-76.803021,27 May 2025,2025-05-27,1748304000.0,1,Tuesday,5,22
27 may 2025,JM,A1 (W) - Nelson Mandela Highway,18.025857,-76.857853,27 May 2025,2025-05-27,1748304000.0,1,Tuesday,5,22
27 may 2025,JM,A1 (W) - Nelson Mandela Highway,18.01127,-76.894878,27 May 2025,2025-05-27,1748304000.0,1,Tuesday,5,22
27 may 2025,JM,A1 (W) - Nelson Mandela Highway,18.025725,-76.866091,27 May 2025,2025-05-27,1748304000.0,1,Tuesday,5,22
27 may 2025,JM,A1 (W) - Nelson Mandela Highway,18.013724,-76.891232,27 May 2025,2025-05-27,1748304000.0,1,Tuesday,5,22
27 may 2025,JM,Stoney Hill to Parks Road Rd,18.089503,-76.82084,27 May 2025,2025-05-27,1748304000.0,1,Tuesday,5,22
27 may 2025,JM,Salt Pond Rd,17.972135,-76.940847,27 May 2025,2025-05-27,1748304000.0,1,Tuesday,5,22
27 may 2025,JM,A1 (W) - Nelson Mandela Highway,18.025769,-76.863512,27 May 2025,2025-05-27,1748304000.0,1,Tuesday,5,22
27 may 2025,JM,A1 (W) - Nelson Mandela Highway,18.017027,-76.886346,27 May 2025,2025-05-27,1748304000.0,1,Tuesday,5,22
27 may 2025,JM,A1 - North Coast Highway,18.508452,-77.724985,27 May 2025,2025-05-27,1748304000.0,1,Tuesday,5,22
27 may 2025,JM,A1 - North Coast Highway,18.465425,-77.515331,27 May 2025,2025-05-27,1748304000.0,1,Tuesday,5,22
27 may 2025,JM,A1 - River Rd,18.087875,-76.993637,27 May 2025,2025-05-27,1748304000.0,1,Tuesday,5,22
27 may 2025,JM,A1 - River Rd,18.089742,-76.997538,27 May 2025,2025-05-27,1748304000.0,1,Tuesday,5,22
27 may 2025,JM,A1 - Spanish Town Rd,18.000553,-76.827848,27 May 2025,2025-05-27,1748304000.0,1,Tuesday,5,22
27 may 2025,JM,A2 (W) - Washington Blvd,18.025873,-76.836331,27 May 2025,2025-05-27,1748304000.0,1,Tuesday,5,22
27 may 2025,JM,Oakland Rd,17.997317,-76.815593,27 May 2025,2025-05-27,1748304000.0,1,Tuesday,5,22
27 may 2025,JM,A2 E - Dunrobin Ave,18.025754,-76.801758,27 May 2025,2025-05-27,1748304000.0,1,Tuesday,5,22
27 may 2025,JM,A2 W - Washington Blvd,18.027127,-76.815161,27 May 2025,2025-05-27,1748304000.0,1,Tuesday,5,22
27 may 2025,JM,A3 (S) - Constant Spring Rd,18.025175,-76.796442,27 May 2025,2025-05-27,1748304000.0,1,Tuesday,5,22
27 may 2025,JM,A3 - Stony Hill Rd,18.055401,-76.793657,27 May 2025,2025-05-27,1748304000.0,1,Tuesday,5,22
27 may 2025,JM,Molynes Rd,18.024204,-76.82078,27 May 2025,2025-05-27,1748304000.0,1,Tuesday,5,22
27 may 2025,JM,A4 - Sir Florizel Glaspole Blvd,17.966141,-76.735423,27 May 2025,2025-05-27,1748304000.0,1,Tuesday,5,22
27 may 2025,JM,B8 - Anchovy to Shettlewood Rd,18.393311,-77.937172,27 May 2025,2025-05-27,1748304000.0,1,Tuesday,5,22
27 may 2025,JM,B8 - Long Hill Rd,18.437733,-77.947921,27 May 2025,2025-05-27,1748304000.0,1,Tuesday,5,22
27 may 2025,JM,B8 - Long Hill Rd,18.435291,-77.946792,27 May 2025,2025-05-27,1748304000.0,1,Tuesday,5,22
27 may 2025,JM,Linstead Main Rd,18.126773,-77.024274,27 May 2025,2025-05-27,1748304000.0,1,Tuesday,5,22
27 may 2025,JM,Dyke Rd,18.003568,-76.890551,27 May 2025,2025-05-27,1748304000.0,1,Tuesday,5,22
27 may 2025,JM,Hope Rd,18.017234,-76.784341,27 May 2025,2025-05-27,1748304000.0,1,Tuesday,5,22
27 may 2025,JM,Lakes Pen Rd,18.003995,-76.895663,27 May 2025,2025-05-27,1748304000.0,1,Tuesday,5,22
27 may 2025,JM,Marcus Garvey Dr,17.972391,-76.809602,27 May 2025,2025-05-27,1748304000.0,1,Tuesday,5,22
27 may 2025,JM,Municipal Blvd,17.964685,-76.900748,27 May 2025,2025-05-27,1748304000.0,1,Tuesday,5,22
27 may 2025,JM,Munroe Rd,18.01637,-76.770634,27 May 2025,2025-05-27,1748304000.0,1,Tuesday,5,22
27 may 2025,JM,Port Royal St,17.965988,-76.797364,27 May 2025,2025-05-27,1748304000.0,1,Tuesday,5,22
27 may 2025,JM,T1 (E) - East West Hwy,17.971551,-76.997065,27 May 2025,2025-05-27,1748304000.0,1,Tuesday,5,22
27 may 2025,JM,Gordon Blvd,18.016259,-76.959705,27 May 2025,2025-05-27,1748304000.0,1,Tuesday,5,22
27 may 2025,JM,Colbeck Ave,18.018518,-76.813994,27 May 2025,2025-05-27,1748304000.0,1,Tuesday,5,22
27 may 2025,JM,T1 (E) - East West Hwy,17.950094,-77.052625,27 May 2025,2025-05-27,1748304000.0,1,Tuesday,5,22
27 may 2025,JM,T1 (E) - East West Hwy,17.932075,-77.207647,27 May 2025,2025-05-27,1748304000.0,1,Tuesday,5,22
27 may 2025,JM,T1 (E) - East West Hwy,17.967189,-77.005668,27 May 2025,2025-05-27,1748304000.0,1,Tuesday,5,22
27 may 2025,JM,T1 (E) - East West Hwy,17.95674,-77.026156,27 May 2025,2025-05-27,1748304000.0,1,Tuesday,5,22
27 may 2025,JM,Campbell Blvd,18.011542,-76.816072,27 May 2025,2025-05-27,1748304000.0,1,Tuesday,5,22
27 may 2025,JM,T1 (E) - East West Hwy,17.968137,-77.00381,27 May 2025,2025-05-27,1748304000.0,1,Tuesday,5,22
27 may 2025,JM,T1 (W) - East West Hwy,17.962884,-77.269219,27 May 2025,2025-05-27,1748304000.0,1,Tuesday,5,22
27 may 2025,JM,T1 (W) - East West Hwy,18.007836,-77.407783,27 May 2025,2025-05-27,1748304000.0,1,Tuesday,5,22
27 may 2025,JM,T1 (W) - East West Hwy,17.970792,-76.998369,27 May 2025,2025-05-27,1748304000.0,1,Tuesday,5,22
27 may 2025,JM,T1 (W) - East West Hwy,17.956573,-77.31627,27 May 2025,2025-05-27,1748304000.0,1,Tuesday,5,22
27 may 2025,JM,T1 (W) - East West Hwy,17.984778,-76.916241,27 May 2025,2025-05-27,1748304000.0,1,Tuesday,5,22
27 may 2025,JM,B7,18.203545,-77.937041,27 May 2025,2025-05-27,1748304000.0,1,Tuesday,5,22
27 may 2025,JM,T1 (W) - East West Hwy,17.957404,-77.311207,27 May 2025,2025-05-27,1748304000.0,1,Tuesday,5,22
27 may 2025,JM,T1 (W) - East West Hwy,17.984772,-76.916473,27 May 2025,2025-05-27,1748304000.0,1,Tuesday,5,22
27 may 2025,JM,T1 (W) - East West Hwy,17.975438,-76.945334,27 May 2025,2025-05-27,1748304000.0,1,Tuesday,5,22
27 may 2025,JM,T1 (W) - East West Hwy,17.988389,-77.393082,27 May 2025,2025-05-27,1748304000.0,1,Tuesday,5,22
27 may 2025,JM,T1 (W) - East West Hwy,17.932483,-77.199586,27 May 2025,2025-05-27,1748304000.0,1,Tuesday,5,22
27 may 2025,JM,T1 (W) - East West Hwy,17.973373,-76.955672,27 May 2025,2025-05-27,1748304000.0,1,Tuesday,5,22
27 may 2025,JM,A4 - Prospect to Port Morant Rd,17.878342,-76.336616,27 May 2025,2025-05-27,1748304000.0,1,Tuesday,5,22
27 may 2025,JM,A4 - Golden Grove to Belle Castle Rd,17.955221,-76.249363,27 May 2025,2025-05-27,1748304000.0,1,Tuesday,5,22
27 may 2025,JM,T1 (W) - East West Hwy,18.035209,-77.433951,27 May 2025,2025-05-27,1748304000.0,1,Tuesday,5,22
27 may 2025,JM,T1 (W) - East West Hwy,17.992286,-76.899306,27 May 2025,2025-05-27,1748304000.0,1,Tuesday,5,22
27 may 2025,JM,T1 (W) - East West Hwy,17.962764,-77.014139,27 May 2025,2025-05-27,1748304000.0,1,Tuesday,5,22
27 may 2025,JM,T1 - East West Hwy,17.973462,-76.964474,27 May 2025,2025-05-27,1748304000.0,1,Tuesday,5,22
27 may 2025,JM,T1 - May Pen Toll Plaza,17.938834,-77.237804,27 May 2025,2025-05-27,1748304000.0,1,Tuesday,5,22
27 may 2025,JM,T2 Kingston - Portmore Toll Rd,17.97274,-76.843112,27 May 2025,2025-05-27,1748304000.0,1,Tuesday,5,22
27 may 2025,JM,T2 Kingston - Portmore Toll Rd,17.981676,-76.841256,27 May 2025,2025-05-27,1748304000.0,1,Tuesday,5,22
27 may 2025,JM,T2 Kingston - Portmore Toll Rd,17.970967,-76.846866,27 May 2025,2025-05-27,1748304000.0,1,Tuesday,5,22
27 may 2025,JM,T3 - Edward Seaga Highway,18.236868,-77.088055,27 May 2025,2025-05-27,1748304000.0,1,Tuesday,5,22
27 may 2025,JM,T3 - Edward Seaga Highway,18.039908,-76.970418,27 May 2025,2025-05-27,1748304000.0,1,Tuesday,5,22
27 may 2025,JM,T3 - Edward Seaga Highway,18.285293,-77.124455,27 May 2025,2025-05-27,1748304000.0,1,Tuesday,5,22
27 may 2025,JM,T3 - Edward Seaga Highway,18.079475,-77.000094,27 May 2025,2025-05-27,1748304000.0,1,Tuesday,5,22
27 may 2025,JM,T3 - Edward Seaga Highway,18.121523,-77.040365,27 May 2025,2025-05-27,1748304000.0,1,Tuesday,5,22
27 may 2025,JM,T3 - Edward Seaga Highway,18.024114,-76.916132,27 May 2025,2025-05-27,1748304000.0,1,Tuesday,5,22
27 may 2025,JM,T3 - Edward Seaga Highway,18.03555,-76.967263,27 May 2025,2025-05-27,1748304000.0,1,Tuesday,5,22
27 may 2025,JM,T3 - Edward Seaga Highway,18.097436,-77.011626,27 May 2025,2025-05-27,1748304000.0,1,Tuesday,5,22
27 may 2025,JM,T3 - Edward Seaga Highway,18.125133,-77.040541,27 May 2025,2025-05-27,1748304000.0,1,Tuesday,5,22
27 may 2025,JM,Seymour Ave,18.013585,-76.773859,27 May 2025,2025-05-27,1748304000.0,1,Tuesday,5,22
27 may 2025,JM,T3 - Edward Seaga Highway,18.21545,-77.072812,27 May 2025,2025-05-27,1748304000.0,1,Tuesday,5,22
27 may 2025,JM,T3 - Edward Seaga Highway,18.201077,-77.037666,27 May 2025,2025-05-27,1748304000.0,1,Tuesday,5,22
27 may 2025,JM,T3 - Edward Seaga Highway,18.027481,-76.926337,27 May 2025,2025-05-27,1748304000.0,1,Tuesday,5,22
27 may 2025,JM,T3 - Edward Seaga Highway,18.285757,-77.124747,27 May 2025,2025-05-27,1748304000.0,1,Tuesday,5,22
27 may 2025,JM,A4 - Prospect to Port Morant Rd,17.885337,-76.333189,27 May 2025,2025-05-27,1748304000.0,1,Tuesday,5,22
27 may 2025,JM,T3 - Edward Seaga Highway,18.110942,-77.039055,27 May 2025,2025-05-27,1748304000.0,1,Tuesday,5,22
27 may 2025,JM,T3 - Edward Seaga Highway,18.315226,-77.138094,27 May 2025,2025-05-27,1748304000.0,1,Tuesday,5,22
27 may 2025,JM,T3 - Edward Seaga Highway,18.204354,-77.043144,27 May 2025,2025-05-27,1748304000.0,1,Tuesday,5,22
27 may 2025,JM,Waltham Park Rd,18.008675,-76.817425,27 May 2025,2025-05-27,1748304000.0,1,Tuesday,5,22
27 may 2025,JM,A4 - Eleven Miles to Grants Pen Rd,17.91827,-76.632421,27 May 2025,2025-05-27,1748304000.0,1,Tuesday,5,22
27 may 2025,JM,T3 - Edward Seaga Highway,18.116428,-77.040848,27 May 2025,2025-05-27,1748304000.0,1,Tuesday,5,22
27 may 2025,JM,Young St,17.993338,-76.955397,27 May 2025,2025-05-27,1748304000.0,1,Tuesday,5,22
27 may 2025,JM,T3 - Edward Seaga Highway,18.279281,-77.121839,27 May 2025,2025-05-27,1748304000.0,1,Tuesday,5,22
27 may 2025,JM,T3 - Edward Seaga Highway,18.106816,-77.037505,27 May 2025,2025-05-27,1748304000.0,1,Tuesday,5,22
27 may 2025,JM,T3 - Edward Seaga Highway,18.244999,-77.10205,27 May 2025,2025-05-27,1748304000.0,1,Tuesday,5,22
27 may 2025,JM,T3 - Edward Seaga Highway,18.100605,-77.027927,27 May 2025,2025-05-27,1748304000.0,1,Tuesday,5,22
27 may 2025,JM,T3 - Edward Seaga Highway,18.266422,-77.120598,27 May 2025,2025-05-27,1748304000.0,1,Tuesday,5,22
27 may 2025,JM,T3 - Edward Seaga Highway,18.137567,-77.039664,27 May 2025,2025-05-27,1748304000.0,1,Tuesday,5,22
27 may 2025,JM,,17.992475,-76.965552,27 May 2025,2025-05-27,1748304000.0,1,Tuesday,5,22
27 may 2025,JM,,17.992815,-76.965455,27 May 2025,2025-05-27,1748304000.0,1,Tuesday,5,22
27 may 2025,JM,A1 (W) - Nelson Mandela Highway,18.017719,-76.885326,27 May 2025,2025-05-27,1748304000.0,1,Tuesday,5,22
27 may 2025,JM,Elmwood Ter,18.047436,-76.824741,27 May 2025,2025-05-27,1748304000.0,1,Tuesday,5,22
27 may 2025,JM,A1 (W) - Nelson Mandela Highway,18.025724,-76.866191,27 May 2025,2025-05-27,1748304000.0,1,Tuesday,5,22
27 may 2025,JM,A1 (W) - Nelson Mandela Highway,18.012398,-76.893202,27 May 2025,2025-05-27,1748304000.0,1,Tuesday,5,22
27 may 2025,JM,A1 - Spanish Town Rd,18.008232,-76.836278,27 May 2025,2025-05-27,1748304000.0,1,Tuesday,5,22
27 may 2025,JM,A1 - Kew Bridge to Great River Rd,18.456111,-78.008559,27 May 2025,2025-05-27,1748304000.0,1,Tuesday,5,22
27 may 2025,JM,A1 - Spanish Town Rd,17.992326,-76.819137,27 May 2025,2025-05-27,1748304000.0,1,Tuesday,5,22
27 may 2025,JM,A1 - Spanish Town Rd,18.021704,-76.850881,27 May 2025,2025-05-27,1748304000.0,1,Tuesday,5,22
27 may 2025,JM,A1 - Spanish Town Rd,18.014871,-76.843432,27 May 2025,2025-05-27,1748304000.0,1,Tuesday,5,22
27 may 2025,JM,,18.495016,-77.917646,27 May 2025,2025-05-27,1748304000.0,1,Tuesday,5,22
27 may 2025,JM,A1 - Spanish Town Rd,17.994326,-76.821352,27 May 2025,2025-05-27,1748304000.0,1,Tuesday,5,22
27 may 2025,JM,A1 - Spanish Town Rd,18.018699,-76.847601,27 May 2025,2025-05-27,1748304000.0,1,Tuesday,5,22
27 may 2025,JM,A1 - Spanish Town Rd,17.996342,-76.823299,27 May 2025,2025-05-27,1748304000.0,1,Tuesday,5,22
27 may 2025,JM,A1 - Spanish Town Rd,18.008322,-76.83614,27 May 2025,2025-05-27,1748304000.0,1,Tuesday,5,22
27 may 2025,JM,A1 - Spanish Town Rd,18.007977,-76.836006,27 May 2025,2025-05-27,1748304000.0,1,Tuesday,5,22
27 may 2025,JM,A1 - Spanish Town Rd,17.999649,-76.826836,27 May 2025,2025-05-27,1748304000.0,1,Tuesday,5,22
27 may 2025,JM,A1 - Walks Rd,18.028213,-76.977807,27 May 2025,2025-05-27,1748304000.0,1,Tuesday,5,22
27 may 2025,JM,A1 - Walks Rd,18.027518,-76.977691,27 May 2025,2025-05-27,1748304000.0,1,Tuesday,5,22
27 may 2025,JM,St. John's Rd,18.006658,-76.9924,27 May 2025,2025-05-27,1748304000.0,1,Tuesday,5,22
27 may 2025,JM,A2 - Old Harbour Rd,17.992878,-76.969762,27 May 2025,2025-05-27,1748304000.0,1,Tuesday,5,22
27 may 2025,JM,A3 - Slipe Rd,17.993412,-76.788063,27 May 2025,2025-05-27,1748304000.0,1,Tuesday,5,22
27 may 2025,JM,Mount Salem Rd,18.466795,-77.905,27 May 2025,2025-05-27,1748304000.0,1,Tuesday,5,22
27 may 2025,JM,Barbican Rd,18.028762,-76.768772,27 May 2025,2025-05-27,1748304000.0,1,Tuesday,5,22
27 may 2025,JM,Barbican Rd,18.030807,-76.774469,27 May 2025,2025-05-27,1748304000.0,1,Tuesday,5,22
27 may 2025,JM,Kingsway,18.015167,-76.789137,27 May 2025,2025-05-27,1748304000.0,1,Tuesday,5,22
27 may 2025,JM,Braeton Rd,17.953486,-76.904317,27 May 2025,2025-05-27,1748304000.0,1,Tuesday,5,22
27 may 2025,JM,Dyke Rd,18.003852,-76.882247,27 May 2025,2025-05-27,1748304000.0,1,Tuesday,5,22
27 may 2025,JM,Dyke Rd,18.003957,-76.879428,27 May 2025,2025-05-27,1748304000.0,1,Tuesday,5,22
27 may 2025,JM,Exchange Rd,18.405165,-77.069215,27 May 2025,2025-05-27,1748304000.0,1,Tuesday,5,22
27 may 2025,JM,Fairfield Ave,18.453224,-77.911769,27 May 2025,2025-05-27,1748304000.0,1,Tuesday,5,22
27 may 2025,JM,Hope Rd,18.017492,-76.783748,27 May 2025,2025-05-27,1748304000.0,1,Tuesday,5,22
27 may 2025,JM,Kingsland Main Rd,18.013158,-77.541265,27 May 2025,2025-05-27,1748304000.0,1,Tuesday,5,22
27 may 2025,JM,Mannings Hill Rd,18.039997,-76.798765,27 May 2025,2025-05-27,1748304000.0,1,Tuesday,5,22
27 may 2025,JM,Fairfield Ave,18.452763,-77.905966,27 May 2025,2025-05-27,1748304000.0,1,Tuesday,5,22
27 may 2025,JM,Marcus Garvey Dr,17.993266,-76.829102,27 May 2025,2025-05-27,1748304000.0,1,Tuesday,5,22
27 may 2025,JM,Marcus Garvey Dr,17.994315,-76.828359,27 May 2025,2025-05-27,1748304000.0,1,Tuesday,5,22
27 may 2025,JM,Melrose Ave,18.00038,-76.802898,27 May 2025,2025-05-27,1748304000.0,1,Tuesday,5,22
27 may 2025,JM,New Land Rd,17.967483,-76.8879,27 May 2025,2025-05-27,1748304000.0,1,Tuesday,5,22
27 may 2025,JM,Dudley Kassin Dr,18.465602,-77.914595,27 May 2025,2025-05-27,1748304000.0,1,Tuesday,5,22
27 may 2025,JM,Old Hope Rd,18.003505,-76.778963,27 May 2025,2025-05-27,1748304000.0,1,Tuesday,5,22
27 may 2025,JM,Pechon St,17.966215,-76.797019,27 May 2025,2025-05-27,1748304000.0,1,Tuesday,5,22
27 may 2025,JM,Barbican Rd,18.031719,-76.779084,27 May 2025,2025-05-27,1748304000.0,1,Tuesday,5,22
27 may 2025,JM,Queens Dr,18.479491,-77.926559,27 May 2025,2025-05-27,1748304000.0,1,Tuesday,5,22
27 may 2025,JM,Red Hills Rd,18.041922,-76.81459,27 May 2025,2025-05-27,1748304000.0,1,Tuesday,5,22
27 may 2025,JM,Seaward Dr,18.020003,-76.821487,27 May 2025,2025-05-27,1748304000.0,1,Tuesday,5,22
27 may 2025,JM,South Ave,18.017974,-76.796237,27 May 2025,2025-05-27,1748304000.0,1,Tuesday,5,22
27 may 2025,JM,St. John's Rd,18.006745,-76.998445,27 May 2025,2025-05-27,1748304000.0,1,Tuesday,5,22
27 may 2025,JM,Three Mile Overpass,17.997296,-76.825812,27 May 2025,2025-05-27,1748304000.0,1,Tuesday,5,22
27 may 2025,JM,A1 - Three Mile Overpass,17.99861,-76.825776,27 May 2025,2025-05-27,1748304000.0,1,Tuesday,5,22
27 may 2025,JM,Upper Waterloo Road,18.021713,-76.791825,27 May 2025,2025-05-27,1748304000.0,1,Tuesday,5,22
27 may 2025,JM,Waterloo Rd,18.020573,-76.791791,27 May 2025,2025-05-27,1748304000.0,1,Tuesday,5,22
27 may 2025,JM,Waterloo Rd,18.014448,-76.791581,27 May 2025,2025-05-27,1748304000.0,1,Tuesday,5,22
27 may 2025,JM,West Kings House Rd,18.021436,-76.790497,27 May 2025,2025-05-27,1748304000.0,1,Tuesday,5,22
27 may 2025,JM,,17.992382,-76.834572,27 May 2025,2025-05-27,1748304000.0,1,Tuesday,5,22
27 may 2025,JM,A1 (W) - Nelson Mandela Highway,18.024613,-76.873286,27 May 2025,2025-05-27,1748304000.0,1,Tuesday,5,22
27 may 2025,JM,A1 - Howard Cook Blvd,18.469695,-77.924147,27 May 2025,2025-05-27,1748304000.0,1,Tuesday,5,22
27 may 2025,JM,A1 - Jimmy Cliff Blvd,18.48098,-77.929376,27 May 2025,2025-05-27,1748304000.0,1,Tuesday,5,22
27 may 2025,JM,A1 - Spanish Town Rd,18.025757,-76.855783,27 May 2025,2025-05-27,1748304000.0,1,Tuesday,5,22
27 may 2025,JM,A1 - North Coast Highway,18.507127,-77.900121,27 May 2025,2025-05-27,1748304000.0,1,Tuesday,5,22
27 may 2025,JM,A1 - Spanish Town Rd,18.001907,-76.829357,27 May 2025,2025-05-27,1748304000.0,1,Tuesday,5,22
27 may 2025,JM,A1 - Spanish Town Rd,17.995772,-76.822871,27 May 2025,2025-05-27,1748304000.0,1,Tuesday,5,22
27 may 2025,JM,A1 - Walks Rd,18.028057,-76.977787,27 May 2025,2025-05-27,1748304000.0,1,Tuesday,5,22
27 may 2025,JM,Barbican Rd,18.031242,-76.784716,27 May 2025,2025-05-27,1748304000.0,1,Tuesday,5,22
27 may 2025,JM,Bell Rd,17.995014,-76.824991,27 May 2025,2025-05-27,1748304000.0,1,Tuesday,5,22
27 may 2025,JM,Blood Ln,18.482615,-77.905745,27 May 2025,2025-05-27,1748304000.0,1,Tuesday,5,22
27 may 2025,JM,Braeton Parkway,17.964651,-76.892949,27 May 2025,2025-05-27,1748304000.0,1,Tuesday,5,22
27 may 2025,JM,Dyke Rd,18.003687,-76.892726,27 May 2025,2025-05-27,1748304000.0,1,Tuesday,5,22
27 may 2025,JM,Dyke Rd,18.003656,-76.891961,27 May 2025,2025-05-27,1748304000.0,1,Tuesday,5,22
27 may 2025,JM,Port Royal St,17.965859,-76.795767,27 May 2025,2025-05-27,1748304000.0,1,Tuesday,5,22
27 may 2025,JM,Shortwood Rd,18.031797,-76.793591,27 May 2025,2025-05-27,1748304000.0,1,Tuesday,5,22
