Date,Country,City,Street,Location,Avg Reliability
2 jun 2025,JM,null,Tucker Main Rd,Point(-77.902602 18.452924),5
2 jun 2025,JM,Kingston 10,Omara Rd,Point(-76.80889 18.00602),6
2 jun 2025,JM,null,A1 (W) - Nelson Mandela Highway,Point(-76.892716 18.012725),7
2 jun 2025,JM,Mandeville,Wint Rd,Point(-77.515192 18.041606),9
2 jun 2025,JM,null,Chesterfield Dr,Point(-76.837874 18.000956),6
2 jun 2025,JM,Kingston 6,Seymour Ave,Point(-76.773916 18.01305),5
2 jun 2025,JM,Liguanea,Munroe Rd,Point(-76.767536 18.017203),6
2 jun 2025,JM,null,T3 - Edward Seaga Highway,Point(-77.157057 18.356355),6
2 jun 2025,JM,Mandeville,Main St,Point(-77.50666 18.041556),5
2 jun 2025,JM,Kingston 10,Waterloo Rd,Point(-76.791914 18.015862),5
2 jun 2025,JM,null,T1 (W) - East West Hwy,Point(-77.192819 17.932264),9
2 jun 2025,JM,null,A1 (W) - Nelson Mandela Highway,Point(-76.858712 18.02585),6
2 jun 2025,JM,Santa Cruz,A2 - Santa Cruz Main St,Point(-77.696658 18.054377),5
2 jun 2025,JM,null,A1 (W) - Nelson Mandela Highway,Point(-76.881362 18.020414),5
2 jun 2025,JM,New Kingston,Dominica Dr,Point(-76.790252 18.006925),5
2 jun 2025,JM,Olympic Gardens,Brettford Ave,Point(-76.820927 18.018617),7
2 jun 2025,JM,null,Torrington Rd,Point(-76.791575 17.985204),5
2 jun 2025,JM,Cumberland (Portmore),Cumberland Blvd,Point(-76.884415 17.978831),10
2 jun 2025,JM,null,T2 Kingston - Portmore Toll Rd,Point(-76.833975 17.993826),9
2 jun 2025,JM,Albion,A4 - Grants Pen to Yallahs Rd,Point(-76.599743 17.88614),6
2 jun 2025,JM,Negril,A1 - Norman Manley Blvd,Point(-78.337058 18.34047),5
2 jun 2025,JM,null,Wellington Dr,Point(-76.759301 18.015439),5
2 jun 2025,JM,null,T1 (E) - East West Hwy,Point(-76.933603 17.977449),6
2 jun 2025,JM,Heartease (Manchester),Caledonia Road,Point(-77.476211 18.056303),9
2 jun 2025,JM,Spanish Town,Sligoville Main Rd,Point(-76.948718 18.008095),6
2 jun 2025,JM,null,A1 (W) - Nelson Mandela Highway,Point(-76.867363 18.025675),8
2 jun 2025,JM,Sandy Bay (Hanover),A1 - Kew Bridge to Great River Rd,Point(-78.091136 18.448902),6
2 jun 2025,JM,null,T3 - Edward Seaga Highway,Point(-77.040366 18.124256),7
2 jun 2025,JM,null,A1 - North Coast Highway,Point(-77.402102 18.459709),9
2 jun 2025,JM,null,Russell Heights,Point(-76.779194 18.032993),5
2 jun 2025,JM,Temple Hall,A3 - Junction Main Rd,Point(-76.822423 18.115048),7
2 jun 2025,JM,null,Spanish Town Link Rd,Point(-76.966826 17.979639),5
2 jun 2025,JM,Kingston 10,Lady Musgrave Rd,Point(-76.778878 18.006528),7
2 jun 2025,JM,null,T1 (W) - East West Hwy,Point(-77.143189 17.920321),9
2 jun 2025,JM,Half Way Tree,A3 - Eastwood Park Rd,Point(-76.799379 18.010389),6
2 jun 2025,JM,null,A4 - South Coast Hwy,Point(-76.625243 17.90965),7
2 jun 2025,JM,Kingston 10,Lady Musgrave Rd,Point(-76.778876 18.006459),5
2 jun 2025,JM,Kingston 10,A3 (S) - Constant Spring Rd,Point(-76.796342 18.026138),7
2 jun 2025,JM,null,A1 - Kew Bridge to Lucea Rd,Point(-78.111868 18.452078),7
2 jun 2025,JM,Independence City,Portmore Dr,Point(-76.876635 17.978214),7
2 jun 2025,JM,null,A1 - Green Island to Negril Rd,Point(-78.306689 18.369525),7
2 jun 2025,JM,Downtown Kingston,Port Royal St,Point(-76.796037 17.965881),10
2 jun 2025,JM,Kingston 6,Seymour Ave,Point(-76.773742 18.014672),5
2 jun 2025,JM,Lucea,A1 - Willie Delisser Blvd,Point(-78.172007 18.446442),5
2 jun 2025,JM,Browns Town,B3 - Huntley Rd,Point(-77.366314 18.398333),5
2 jun 2025,JM,Ocho Rios,Dacosta Dr,Point(-77.104052 18.406907),9
2 jun 2025,JM,Spur Tree,A2 - Spur Tree Rd,Point(-77.582765 18.009012),7
2 jun 2025,JM,Barbican,Barbican Rd,Point(-76.767049 18.02793),5
2 jun 2025,JM,Montego Bay,Humber Rd,Point(-77.915553 18.470993),6
2 jun 2025,JM,null,Municipal Blvd,Point(-76.895257 18.006651),5
2 jun 2025,JM,Caines Shop,B5 - Shooters Hill to Caines Shop Rd,Point(-77.501676 18.1524),6
2 jun 2025,JM,null,A2 - Tombstone to Gutters Rd,Point(-77.730429 18.066024),5
2 jun 2025,JM,null,T3 - Edward Seaga Highway,Point(-76.944252 18.028422),6
2 jun 2025,JM,Montego Bay,Dome St,Point(-77.918283 18.472696),5
2 jun 2025,JM,Kingston 10,A3 (S) - Constant Spring Rd,Point(-76.796387 18.025704),5
2 jun 2025,JM,null,T1 (W) - East West Hwy,Point(-77.191125 17.93196),8
2 jun 2025,JM,null,A2 E - Dunrobin Ave,Point(-76.800311 18.0254),5
2 jun 2025,JM,Eltham,Exchange Rd,Point(-77.069823 18.410022),5
2 jun 2025,JM,null,A1 - North Coast Highway,Point(-77.226059 18.447925),5
2 jun 2025,JM,Spanish Town,Salt Island Rd,Point(-76.960775 17.986728),10
2 jun 2025,JM,null,A3 - Stony Hill Rd,Point(-76.786807 18.063765),5
2 jun 2025,JM,Franklyn Town,Camperdown Rd,Point(-76.771081 17.975562),5
2 jun 2025,JM,null,T1 (W) - East West Hwy,Point(-76.899921 17.991317),6
2 jun 2025,JM,Spanish Town,Bernard Lodge Main Rd,Point(-76.948121 17.990655),5
2 jun 2025,JM,null,Municipal Blvd,Point(-76.894927 18.008276),5
2 jun 2025,JM,null,A2 - Old Harbour Rd,Point(-76.99209 17.986964),5
2 jun 2025,JM,null,A4 - White Horses to Rozelle Rd,Point(-76.467352 17.872237),6
2 jun 2025,JM,null,A1 - Spanish Town Rd,Point(-76.842382 18.013884),10
2 jun 2025,JM,null,T1 (W) - East West Hwy,Point(-77.027707 17.955989),5
2 jun 2025,JM,null,Slipe Pen Rd,Point(-76.792104 17.985533),5
2 jun 2025,JM,Barbican,Barbican Rd,Point(-76.773534 18.030714),5
2 jun 2025,JM,null,A3 - Ocho Rios Byp,Point(-77.103709 18.406928),5
2 jun 2025,JM,null,T1 (W) - East West Hwy,Point(-77.166219 17.92326),6
2 jun 2025,JM,null,A1 - Ewarton to Mount Diablo Rd,Point(-77.092088 18.200506),10
2 jun 2025,JM,Morant Bay,Miramar Dr,Point(-76.405918 17.881315),5
2 jun 2025,JM,null,T3 - Edward Seaga Highway,Point(-76.991412 18.06311),5
2 jun 2025,JM,Meadowbrook,Fairdene Ave,Point(-76.818873 18.043013),6
2 jun 2025,JM,null,B8 - Anchovy to Shettlewood Rd,Point(-77.932569 18.369766),6
2 jun 2025,JM,Green Island,A1 - Lucea to Green Island Rd,Point(-78.27403 18.389244),10
2 jun 2025,JM,null,A2 (W) - Melrose Hill Byp,Point(-77.446767 18.056568),9
2 jun 2025,JM,Kingston,King St,Point(-76.791247 17.981508),5
2 jun 2025,JM,Salem (St. Mary),A1 - North Coast Hwy,Point(-77.310657 18.466509),5
2 jun 2025,JM,null,T1 (E) - East West Hwy,Point(-76.946472 17.975178),5
2 jun 2025,JM,null,T3 - Edward Seaga Highway,Point(-77.159454 18.379178),5
2 jun 2025,JM,null,A2 - Tombstone to Gutters Rd,Point(-77.707241 18.055406),5
2 jun 2025,JM,null,A1 (W) - Nelson Mandela Highway,Point(-76.890806 18.01401),10
2 jun 2025,JM,Chudleigh,B5 - Shooters Hill to Caines Shop Rd,Point(-77.493522 18.142294),5
2 jun 2025,JM,null,A1 - North Coast Highway,Point(-77.405645 18.459712),5
2 jun 2025,JM,null,T1 (E) - East West Hwy,Point(-76.957667 17.973466),5
2 jun 2025,JM,null,T1 (W) - East West Hwy,Point(-77.241287 17.939769),5
2 jun 2025,JM,null,T3 - Edward Seaga Highway,Point(-76.979929 18.046326),5
2 jun 2025,JM,null,A2 (W) - Melrose Hill Byp,Point(-77.452014 18.062841),6
2 jun 2025,JM,null,T3 - Edward Seaga Highway,Point(-76.93162 18.026735),6
2 jun 2025,JM,null,A4 - Fair Prospect to Folly Rd,Point(-76.333961 18.127665),5
2 jun 2025,JM,null,T1 (W) - East West Hwy,Point(-77.044506 17.953471),6
2 jun 2025,JM,null,Passage Fort Dr W,Point(-76.874039 17.982183),10
2 jun 2025,JM,Hopewell,A1 - Kew Bridge to Great River Rd,Point(-78.036657 18.453663),10
2 jun 2025,JM,Catherine Hall,Montego Bay Sport Complex,Point(-77.924019 18.459942),5
2 jun 2025,JM,null,Marcus Garvey Dr,Point(-76.826788 17.987788),5
2 jun 2025,JM,null,A3 - Ocho Rios Byp,Point(-77.084061 18.410146),10
2 jun 2025,JM,null,A1 - North Coast Highway,Point(-77.204343 18.439098),6
2 jun 2025,JM,null,Grants Pen Rd,Point(-76.791212 18.031783),5
2 jun 2025,JM,null,Waltham Park Rd,Point(-76.811039 17.994604),10
2 jun 2025,JM,Montego Bay,Blood Ln,Point(-77.907903 18.479987),5
2 jun 2025,JM,null,A1 - Spanish Town Rd,Point(-76.848517 18.019422),5
2 jun 2025,JM,Half Way Tree,A3 - Constant Spring Rd,Point(-76.797865 18.012736),5
2 jun 2025,JM,Montego Bay,Queens Dr,Point(-77.926593 18.47951),8
2 jun 2025,JM,null,T1 (E) - East West Hwy,Point(-77.212553 17.932638),5
2 jun 2025,JM,Temple Hall,A3 - Junction Main Rd,Point(-76.809857 18.096968),5
2 jun 2025,JM,null,T3 - Edward Seaga Highway,Point(-77.137693 18.312861),7
2 jun 2025,JM,Washington Gardens,Coleyville Ave,Point(-76.845325 18.022971),5
2 jun 2025,JM,May Pen,Glenmuir Rd,Point(-77.256181 17.960268),5
2 jun 2025,JM,Kingston 10,Lady Musgrave Rd,Point(-76.779051 18.006031),6
2 jun 2025,JM,null,T1 (E) - East West Hwy,Point(-77.173553 17.928952),6
2 jun 2025,JM,Fairfield,Fairfield Ave,Point(-77.909505 18.452751),6
2 jun 2025,JM,Montego Bay,A1 - Howard Cook Blvd,Point(-77.924783 18.475099),5
2 jun 2025,JM,null,Bernard Lodge Main Rd,Point(-76.936131 17.983479),7
2 jun 2025,JM,Chudleigh,B5 - Shooters Hill to Caines Shop Rd,Point(-77.492864 18.138342),5
2 jun 2025,JM,Middle Quarters,A2 - Luana to Tombstone Rd,Point(-77.82549 18.105314),5
2 jun 2025,JM,Half Way Tree,A3 - Constant Spring Rd,Point(-76.796483 18.017731),5
2 jun 2025,JM,Delacree Pen,Brotherton Ave,Point(-76.817029 17.993162),5
2 jun 2025,JM,Portmore,Municipal Blvd,Point(-76.902131 17.962931),10
2 jun 2025,JM,Hatfield (Manchester),Hatfield Main Rd,Point(-77.534151 18.031447),5
2 jun 2025,JM,null,T3 - Edward Seaga Highway,Point(-77.117351 18.259529),10
2 jun 2025,JM,Kingston 10,Omara Rd,Point(-76.809623 18.007561),5
2 jun 2025,JM,null,> Spanish Town,Point(-76.964089 17.973526),5
2 jun 2025,JM,null,A1 - River Rd,Point(-76.993536 18.083682),7
2 jun 2025,JM,null,T3 - Edward Seaga Highway,Point(-76.985231 18.054004),6
2 jun 2025,JM,null,T1 (E) - East West Hwy,Point(-77.1839 17.929785),6
2 jun 2025,JM,Haddo,B8 - Ferris Cross to Mackfield Rd,Point(-78.023673 18.290936),5
2 jun 2025,JM,null,Downer Ave,Point(-76.777966 18.004805),5
2 jun 2025,JM,null,A1 - Spanish Town By-pass Rd,Point(-76.966433 17.993935),5
2 jun 2025,JM,New Kingston,Trafalgar Rd,Point(-76.785219 18.009412),6
2 jun 2025,JM,Spur Tree,A2 - Spur Tree Rd,Point(-77.586668 18.009161),10
2 jun 2025,JM,Dunbar's River,A2 - Smithfield Rd,Point(-78.121415 18.224361),5
2 jun 2025,JM,null,T1 (W) - East West Hwy,Point(-77.148051 17.92083),10
2 jun 2025,JM,null,A1 (W) - Nelson Mandela Highway,Point(-76.885825 18.01738),5
2 jun 2025,JM,Lucea,A1 - Seaview Dr,Point(-78.171465 18.444406),5
2 jun 2025,JM,null,T1 (W) - East West Hwy,Point(-77.291897 17.959342),6
2 jun 2025,JM,null,A3 (S) - Constant Spring Rd,Point(-76.796892 18.035054),5
2 jun 2025,JM,null,Featherbed Ln,Point(-76.986483 18.00413),10
2 jun 2025,JM,Downtown Kingston,Port Royal St,Point(-76.795873 17.965868),10
2 jun 2025,JM,null,T1 (E) - East West Hwy,Point(-77.139932 17.920754),5
2 jun 2025,JM,Old Harbour,South St,Point(-77.111007 17.93542),5
2 jun 2025,JM,Spur Tree,A2 - Spur Tree Rd,Point(-77.578467 18.010866),7
2 jun 2025,JM,null,T1 (E) - East West Hwy,Point(-77.416631 18.020083),9
2 jun 2025,JM,null,Old Hope Rd,Point(-76.757561 18.018178),10
2 jun 2025,JM,null,James Hill to Mason River Rd,Point(-77.27811 18.177528),5
2 jun 2025,JM,Stony Hill (St. Andrew),A3 - Stony Hill Rd,Point(-76.793363 18.076317),5
2 jun 2025,JM,Kingston 19,null,Point(-76.823942 18.037983),5
2 jun 2025,JM,Nain,Alpart Road,Point(-77.596244 17.9785),5
2 jun 2025,JM,null,A1 (E) - Nelson Mandela Highway,Point(-76.898191 18.009198),10
2 jun 2025,JM,Mount Salem,Mount Salem Rd,Point(-77.914045 18.467697),6
2 jun 2025,JM,Kingston 8,Olivier Rd,Point(-76.791262 18.047622),10
2 jun 2025,JM,null,A2 - Sir Alexander Bustamante Hwy,Point(-77.25814 17.960907),6
2 jun 2025,JM,null,Hope Rd,Point(-76.790193 18.013635),5
2 jun 2025,JM,Wharton,A2 - Tombstone to Gutters Rd,Point(-77.74262 18.078388),5
2 jun 2025,JM,null,T3 - Edward Seaga Highway,Point(-77.090341 18.240629),10
2 jun 2025,JM,Barbican,Barbican Road,Point(-76.781175 18.032238),5
2 jun 2025,JM,null,T1 (E) - East West Hwy,Point(-77.234178 17.937878),6
2 jun 2025,JM,Smithfield,A2 - Smithfield Rd,Point(-78.119511 18.223701),5
2 jun 2025,JM,null,Braeton Rd,Point(-76.912164 17.950031),6
2 jun 2025,JM,Jones Town,Studley Park Rd,Point(-76.795826 17.981821),10
2 jun 2025,JM,null,T1 (E) - East West Hwy,Point(-77.045924 17.953234),5
2 jun 2025,JM,null,Marcus Garvey Dr,Point(-76.821519 17.982565),5
2 jun 2025,JM,Spanish Town,Salt Pond Rd,Point(-76.94713 17.984682),10
2 jun 2025,JM,Lucea,A1 - Church St,Point(-78.171215 18.447423),5
2 jun 2025,JM,null,A1 (W) - Nelson Mandela Highway,Point(-76.883827 18.018736),10
2 jun 2025,JM,null,T1 (W) - East West Hwy,Point(-77.153127 17.921339),10
2 jun 2025,JM,null,A3 - North Coast Highway,Point(-77.149882 18.420927),5
2 jun 2025,JM,null,A2 - Scotts Cove to Black River-Luana Rd,Point(-77.923979 18.044174),6
2 jun 2025,JM,Montego Bay,B15 - Barnett to Adelphi Rd,Point(-77.914311 18.462561),6
2 jun 2025,JM,Six Miles,A2 (E) - Washington Blvd,Point(-76.848838 18.026044),6
2 jun 2025,JM,Kingston 8,Old Stony Hill Rd,Point(-76.798629 18.070484),5
2 jun 2025,JM,null,A1 (W) - Nelson Mandela Highway,Point(-76.87008 18.02541),6
2 jun 2025,JM,Greenwich Town,East Ave,Point(-76.813756 17.981953),5
2 jun 2025,JM,Portmore,Portmore Pkwy,Point(-76.873523 17.962926),6
2 jun 2025,JM,Montego Bay,Sun Valley Rd,Point(-77.906709 18.480238),5
2 jun 2025,JM,Kingston 10,Elm Cr,Point(-76.815491 18.007637),6
2 jun 2025,JM,New Kingston,Knutsford Blvd,Point(-76.788559 18.003437),5
2 jun 2025,JM,Rollington Town,Langston Rd,Point(-76.765871 17.981141),10
2 jun 2025,JM,null,T1 (W) - East West Hwy,Point(-77.143005 17.920303),10
2 jun 2025,JM,null,Portmore Pkwy,Point(-76.870401 17.970008),6
2 jun 2025,JM,null,T1 (W) - East West Hwy,Point(-76.956471 17.97337),6
2 jun 2025,JM,null,Marcus Garvey Dr,Point(-76.804758 17.9688),6
2 jun 2025,JM,null,A4 - Golden Grove to Belle Castle Rd,Point(-76.259315 17.997613),5
2 jun 2025,JM,null,T3 - Edward Seaga Highway,Point(-77.040801 18.203496),10
2 jun 2025,JM,null,A1 - Green Island to Negril Rd,Point(-78.33822 18.365183),10
2 jun 2025,JM,Bull Bay,A4 - Southern Coastal Highway,Point(-76.66228 17.941347),5
2 jun 2025,JM,null,T3 - Edward Seaga Highway,Point(-76.931592 18.026641),7
2 jun 2025,JM,Half Way Tree,A3 - Constant Spring Rd,Point(-76.796453 18.018611),5
2 jun 2025,JM,Baptist,A2 - Luana to Tombstone Rd,Point(-77.847731 18.091178),5
2 jun 2025,JM,null,T3 - Edward Seaga Highway,Point(-77.039225 18.138048),9
2 jun 2025,JM,Hopewell,A1 - Kew Bridge to Great River Rd,Point(-78.020415 18.454763),10
2 jun 2025,JM,null,null,Point(-76.784053 17.993581),6
2 jun 2025,JM,null,Camp Rd,Point(-76.780533 17.989607),5
2 jun 2025,JM,Rollington Town,Langston Rd,Point(-76.762627 17.980612),5
2 jun 2025,JM,null,A1 - North Coast Highway,Point(-77.50613 18.464475),5
2 jun 2025,JM,null,Main St,Point(-77.236565 17.960807),5
2 jun 2025,JM,Kingston 5,Ivy Green Cr,Point(-76.792388 17.998278),7
2 jun 2025,JM,null,T1 (E) - East West Hwy,Point(-77.041463 17.954063),6
2 jun 2025,JM,Delacree Pen,Oakland Rd,Point(-76.815632 17.997273),5
2 jun 2025,JM,null,T1 - East West Hwy,Point(-76.961181 17.973459),6
2 jun 2025,JM,Mandeville,De Carteret Rd,Point(-77.498542 18.023231),5
2 jun 2025,JM,null,A1 - North Coast Highway,Point(-77.698381 18.492175),5
2 jun 2025,JM,Eastwood Park,Cassiadene Ave,Point(-76.802767 18.020924),5
2 jun 2025,JM,null,A1 - North Coast Highway,Point(-77.639818 18.475609),5
2 jun 2025,JM,Kingston 9,Old Stony Hill Rd,Point(-76.799475 18.07445),5
2 jun 2025,JM,Rothesay Cove,A1 - Lucea to Green Island Rd,Point(-78.258925 18.410655),6
2 jun 2025,JM,Kingston 6,Upper Montrose Rd,Point(-76.776004 18.01288),6
2 jun 2025,JM,Six Miles,A2 (E) - Washington Blvd,Point(-76.84841 18.026054),5
2 jun 2025,JM,Kingston 10,Lady Musgrave Rd,Point(-76.777881 18.011301),7
2 jun 2025,JM,Kingsland (Manchester),Kingsland Main Rd,Point(-77.548505 18.008627),10
2 jun 2025,JM,Montego Bay,A1 - Howard Cook Blvd,Point(-77.92434 18.465636),5
2 jun 2025,JM,Kingston 6,Seymour Ave,Point(-76.774184 18.012168),5.333333333333333
2 jun 2025,JM,null,A3,Point(-76.891848 18.401339),5
2 jun 2025,JM,null,Old Hope Rd,Point(-76.757535 18.018173),10
2 jun 2025,JM,null,A1 (E) - Nelson Mandela Highway,Point(-76.898901 18.008733),5
2 jun 2025,JM,Half Way Tree,A3 - Constant Spring Rd,Point(-76.796443 18.018891),5
2 jun 2025,JM,null,A3 - North Coast Highway,Point(-77.160556 18.423608),5
2 jun 2025,JM,Fairfield,Fairfield Ave,Point(-77.907117 18.452322),5
2 jun 2025,JM,null,T3 - Edward Seaga Highway,Point(-77.01665 18.098883),5
2 jun 2025,JM,Half Way Tree,A3 - Eastwood Park Rd,Point(-76.798993 18.01298),5
2 jun 2025,JM,null,T1 (E) - East West Hwy,Point(-77.252738 17.94751),5
2 jun 2025,JM,Kingston 5,Rousseau Rd,Point(-76.80105 17.994673),5
2 jun 2025,JM,null,A1 (E) - Nelson Mandela Highway,Point(-76.877534 18.023062),7
2 jun 2025,JM,Eastwood Park,Westminster Rd,Point(-76.801739 18.019609),5
2 jun 2025,JM,Gazeland,Gazeland to Nain Road,Point(-77.60192 17.943778),6
2 jun 2025,JM,null,A1 (W) - Nelson Mandela Highway,Point(-76.870983 18.025229),6
2 jun 2025,JM,null,null,Point(-76.828627 17.990768),5
2 jun 2025,JM,null,A1 - North Coast Highway,Point(-77.233435 18.450906),6
2 jun 2025,JM,null,Bernard Lodge Main Rd,Point(-76.935706 17.9825),6
2 jun 2025,JM,Kingston 6,Seymour Ave,Point(-76.774206 18.012063),8
2 jun 2025,JM,Delacree Pen,Brotherton Ave,Point(-76.813307 17.996382),5
2 jun 2025,JM,Temple Hall,A3 - Junction Main Rd,Point(-76.822043 18.114329),5
2 jun 2025,JM,Harbour View,A4 - Harbour View to Bull Bay Rd,Point(-76.717781 17.948314),5
2 jun 2025,JM,null,A2 (W) - Melrose Hill Byp,Point(-77.441608 18.052625),6
2 jun 2025,JM,Smithfield,A2 - Smithfield Rd,Point(-78.11478 18.222109),10
2 jun 2025,JM,Kingston 10,Dukharan Ave,Point(-76.800783 18.030305),6
2 jun 2025,JM,Liguanea,Old Hope Rd,Point(-76.769862 18.018697),5
2 jun 2025,JM,null,A1 (W) - Nelson Mandela Highway,Point(-76.876473 18.023351),6
2 jun 2025,JM,null,T3 - Edward Seaga Highway,Point(-77.121746 18.274997),5
2 jun 2025,JM,null,A1 - North Coast Highway,Point(-77.405369 18.459691),10
2 jun 2025,JM,Catherine Hall,Montego Bay Sport Complex,Point(-77.924225 18.459458),5
2 jun 2025,JM,null,T1 (E) - East West Hwy,Point(-76.99726 17.971454),6
2 jun 2025,JM,null,A1 (W) - Nelson Mandela Highway,Point(-76.875406 18.023833),10
2 jun 2025,JM,Kingston 10,Lady Musgrave Rd,Point(-76.778464 18.012296),5
2 jun 2025,JM,null,T1 (E) - East West Hwy,Point(-77.382231 17.977752),7
2 jun 2025,JM,null,Torrington Rd,Point(-76.789931 17.984942),5
2 jun 2025,JM,null,null,Point(-76.930902 17.997401),5
2 jun 2025,JM,Lucea,A1 - Church St,Point(-78.171997 18.446731),5
2 jun 2025,JM,Mineral Heights,null,Point(-77.239939 17.947815),5
2 jun 2025,JM,null,B8 - Long Hill Rd,Point(-77.94927 18.429363),5
2 jun 2025,JM,Goshen (St. Elizabeth),Goshen Main Rd,Point(-77.639143 18.051805),5
2 jun 2025,JM,Spur Tree,A2 - Spur Tree Rd,Point(-77.582743 18.007668),9
2 jun 2025,JM,null,T1 (E) - East West Hwy,Point(-77.027909 17.95605),9
2 jun 2025,JM,Montego Bay,Sewell Ave,Point(-77.925691 18.48103),5
2 jun 2025,JM,null,A1 - Kew Bridge to Great River Rd,Point(-78.104051 18.449944),10
2 jun 2025,JM,null,A1 (W) - Nelson Mandela Highway,Point(-76.864966 18.025744),5
2 jun 2025,JM,Hatfield (Manchester),Hatfield Main Rd,Point(-77.536789 18.030336),5
2 jun 2025,JM,null,Chesterfield Dr,Point(-76.829158 17.993957),5
2 jun 2025,JM,null,A4 - Southern Coastal Highway,Point(-76.655355 17.936486),7
2 jun 2025,JM,Greater Portmore,E Mid St,Point(-76.901912 17.946572),10
2 jun 2025,JM,null,A4 - Southern Coastal Highway,Point(-76.65488 17.935823),5
2 jun 2025,JM,null,A1 - North Coast Highway,Point(-77.638013 18.47688),8
2 jun 2025,JM,Ramble (Hanover),B8 - Shettlewood to Mackfield Rd,Point(-78.003378 18.32737),7
2 jun 2025,JM,null,T1 (W) - East West Hwy,Point(-76.923774 17.983466),6
2 jun 2025,JM,Kingston 5,Beechwood Ave,Point(-76.791585 18.000529),5
2 jun 2025,JM,Spanish Town,Windsor Rd,Point(-76.957132 17.992264),5
2 jun 2025,JM,Spur Tree,A2 - Spur Tree Rd,Point(-77.582734 18.007171),9
2 jun 2025,JM,Holland Mountain,A2 - Luana to Tombstone Rd,Point(-77.789346 18.104687),5
2 jun 2025,JM,null,T1 (W) - East West Hwy,Point(-77.244236 17.940098),7
2 jun 2025,JM,Kingston 10,Hagley Park Rd,Point(-76.811564 18.008159),10
2 jun 2025,JM,null,A1 - Spanish Town By-pass Rd,Point(-76.94454 17.988042),5
2 jun 2025,JM,null,Georges Plain to Ferris Rd,Point(-78.117873 18.268656),6
2 jun 2025,JM,Portmore,Mercantile Ave,Point(-76.866896 17.976187),6
2 jun 2025,JM,Kingston 10,Fairway Ave,Point(-76.77528 18.008879),5
2 jun 2025,JM,null,Upper Montrose Rd,Point(-76.775672 18.01508),5
2 jun 2025,JM,Mandeville,Knowles Rd,Point(-77.522657 18.054592),5
2 jun 2025,JM,null,T2 Kingston - Portmore Toll Rd,Point(-76.841117 17.992032),7
2 jun 2025,JM,null,A1 - Spanish Town By-pass Rd,Point(-76.974932 18.016663),10
2 jun 2025,JM,null,A3 - Ocho Rios Byp,Point(-77.08291 18.410525),6
2 jun 2025,JM,Spanish Town,Sligoville Main Rd,Point(-76.948601 18.007206),5
2 jun 2025,JM,Fairfield,Fairfield Ave,Point(-77.90374 18.453219),5
2 jun 2025,JM,null,T1 (W) - East West Hwy,Point(-77.432511 18.033756),5
2 jun 2025,JM,null,A1 - North Coast Highway,Point(-77.799352 18.517792),5
2 jun 2025,JM,Prospect (St. Thomas),A4 - Prospect to Port Morant Rd,Point(-76.343068 17.870524),5
2 jun 2025,JM,Kingston 5,Studio One Blvd,Point(-76.791522 17.988331),5
2 jun 2025,JM,New Kingston,Trafalgar Rd,Point(-76.783101 18.008536),7
2 jun 2025,JM,null,A2 - Winston Jones Highway,Point(-77.495879 18.067146),5
2 jun 2025,JM,null,> Spanish Town,Point(-76.96087 17.973269),5
2 jun 2025,JM,Kingston 5,North Ave,Point(-76.78065 18.002023),5
2 jun 2025,JM,Montego Bay,A1 - Howard Cook Blvd,Point(-77.924692 18.472402),5
2 jun 2025,JM,null,A2 - Tombstone to Gutters Rd,Point(-77.734135 18.069769),8
2 jun 2025,JM,Downtown Kingston,A4 - East Queen St,Point(-76.78803 17.970935),5
2 jun 2025,JM,null,A1 - Spanish Town Rd,Point(-76.830815 18.003435),10
2 jun 2025,JM,null,A1 - North Coast Highway,Point(-77.202643 18.438792),5
2 jun 2025,JM,Port Henderson,Fort Augusta Dr,Point(-76.861012 17.961959),5
2 jun 2025,JM,Montego Bay,Queens Dr,Point(-77.926424 18.479426),5
2 jun 2025,JM,Prospect (St. Thomas),A4 - Prospect to Port Morant Rd,Point(-76.357597 17.868928),5
2 jun 2025,JM,null,Slipe Pen Rd,Point(-76.79188 17.986636),5
2 jun 2025,JM,Gutters (St. Elizabeth),Gutters to Downs Rd,Point(-77.59113 18.00328),6
2 jun 2025,JM,Hatfield (Manchester),Hatfield Main Rd,Point(-77.535687 18.030755),5
2 jun 2025,JM,Montego Bay,null,Point(-77.917333 18.494253),8
2 jun 2025,JM,null,T3 - Edward Seaga Highway,Point(-77.056314 18.20811),10
2 jun 2025,JM,Half Way Tree,A3 - Constant Spring Rd,Point(-76.796344 18.020922),5
2 jun 2025,JM,null,A1 - Spanish Town Rd,Point(-76.811662 17.986093),10
2 jun 2025,JM,Leith Hall,A4 - Prospect to Port Morant Rd,Point(-76.341927 17.87335),5
2 jun 2025,JM,null,T1 (E) - East West Hwy,Point(-77.261111 17.961579),6
2 jun 2025,JM,Half Way Tree,A3 - Eastwood Park Rd,Point(-76.796542 18.020886),7
2 jun 2025,JM,null,T1 - East West Hwy,Point(-77.102662 17.934835),5
2 jun 2025,JM,Montego Bay,B15 - Barnett to Adelphi Rd,Point(-77.900512 18.458044),6
2 jun 2025,JM,Colegate,A3 - Hopewell to Colegate Rd,Point(-77.087386 18.346788),8
2 jun 2025,JM,May Pen,> A2 May Pen,Point(-77.265449 17.963093),6
2 jun 2025,JM,Montego Bay,Queens Dr,Point(-77.9258 18.478992),5
2 jun 2025,JM,null,A4 - Grants Pen to Yallahs Rd,Point(-76.599146 17.885683),6
2 jun 2025,JM,"Cromarty Grove, Spanish Town",Windsor Rd,Point(-76.967341 17.981803),10
2 jun 2025,JM,null,A3 - Oracabessa to White River Rd,Point(-77.058019 18.417555),5
2 jun 2025,JM,null,A1 - Spanish Town Rd,Point(-76.800581 17.975639),5
2 jun 2025,JM,Chudleigh,B5 - Shooters Hill to Caines Shop Rd,Point(-77.500314 18.149116),5
2 jun 2025,JM,Rollington Town,Langston Rd,Point(-76.764646 17.980952),5
2 jun 2025,JM,Green Island,A1 - Lucea to Green Island Rd,Point(-78.272757 18.389465),5
2 jun 2025,JM,Meadowbrook,Fairdene Ave,Point(-76.817997 18.043242),10
2 jun 2025,JM,Hopewell,A1 - Kew Bridge to Great River Rd,Point(-78.034581 18.454178),6
2 jun 2025,JM,Waltham,Horizon Cl,Point(-77.510589 18.017079),5
2 jun 2025,JM,null,> Hellshire Fort Augusta,Point(-76.857092 17.965051),5
2 jun 2025,JM,null,A1 (W) - Nelson Mandela Highway,Point(-76.883484 18.018969),10
2 jun 2025,JM,Sandy Bay (Hanover),A1 - Kew Bridge to Great River Rd,Point(-78.083977 18.449305),5
2 jun 2025,JM,Liguanea,Old Hope Rd,Point(-76.768376 18.02001),5
2 jun 2025,JM,Montego Bay,A1 - Howard Cook Blvd,Point(-77.92413 18.469653),5
2 jun 2025,JM,Waltham Gardens,Campbell Blvd,Point(-76.816545 18.011731),6
2 jun 2025,JM,null,A1 - North Coast Highway,Point(-77.591575 18.47561),6
2 jun 2025,JM,null,Braeton Rd,Point(-76.896715 17.955914),6
2 jun 2025,JM,Mandeville,Knowles Rd,Point(-77.523644 18.05523),5
2 jun 2025,JM,null,T1 (E) - East West Hwy,Point(-76.915881 17.98487),10
2 jun 2025,JM,null,Red Hills Rd,Point(-76.809252 18.033091),5
2 jun 2025,JM,Eltham,Exchange Rd,Point(-77.071245 18.412101),5
2 jun 2025,JM,null,A1 - North Coast Highway,Point(-77.405569 18.459708),5
2 jun 2025,JM,null,A2 - Tombstone to Gutters Rd,Point(-77.73507 18.070982),5
2 jun 2025,JM,null,Vineyards Toll Plaza,Point(-77.072289 17.940042),6
2 jun 2025,JM,Montego Bay,Dudley Kassin Dr,Point(-77.914785 18.465154),5
2 jun 2025,JM,null,Molynes Rd,Point(-76.825009 18.037199),8
2 jun 2025,JM,null,A1 - Spanish Town Rd,Point(-76.829588 18.002315),6
2 jun 2025,JM,New Kingston,Belmont Rd,Point(-76.783665 18.003195),5
2 jun 2025,JM,Sandy Bay (Hanover),A1 - Kew Bridge to Great River Rd,Point(-78.0859 18.449675),5
2 jun 2025,JM,Barbican,Liguanea Ave,Point(-76.769833 18.027282),9
2 jun 2025,JM,null,Bernard Lodge Main Rd,Point(-76.93113 17.97767),6
2 jun 2025,JM,null,A1 - Spanish Town Rd,Point(-76.829484 18.002219),10
2 jun 2025,JM,null,St. John's Rd,Point(-77.02448 18.008549),5
2 jun 2025,JM,null,T1 (E) - East West Hwy,Point(-77.077559 17.939203),5
2 jun 2025,JM,null,A2 - Tombstone to Gutters Rd,Point(-77.726426 18.063084),5
2 jun 2025,JM,null,A1 - Green Island to Negril Rd,Point(-78.321704 18.369978),9
2 jun 2025,JM,Kingston 5,Lyndhurst Rd,Point(-76.793304 17.989447),5
2 jun 2025,JM,St. Ann's Bay,Bravo St,Point(-77.199652 18.437943),6
2 jun 2025,JM,Kingston 10,Hagley Park Rd,Point(-76.803639 18.009407),9
2 jun 2025,JM,Albion,A4 - Grants Pen to Yallahs Rd,Point(-76.599846 17.886215),6
2 jun 2025,JM,Kingston 10,West Kings House Rd,Point(-76.790129 18.021429),5
2 jun 2025,JM,null,T1 (E) - East West Hwy,Point(-77.297342 17.959296),5
2 jun 2025,JM,Twickenham Park,Main Rd,Point(-76.931293 17.997561),5
2 jun 2025,JM,null,T1 (E) - East West Hwy,Point(-77.168973 17.92578),5
2 jun 2025,JM,Montego Bay,Albion Rd,Point(-77.908608 18.480194),5
2 jun 2025,JM,Kingston 5,Lyndhurst Rd,Point(-76.791608 17.989044),6
2 jun 2025,JM,null,A1 - North Coast Highway,Point(-77.695553 18.490831),5
2 jun 2025,JM,Downtown Kingston,Water Ln,Point(-76.799025 17.966979),9
2 jun 2025,JM,null,T3 - Edward Seaga Highway,Point(-76.968872 18.036765),5
2 jun 2025,JM,null,A4 - White Horses to Rozelle Rd,Point(-76.464216 17.872356),5
2 jun 2025,JM,null,T1 (E) - East West Hwy,Point(-76.931191 17.978154),10
2 jun 2025,JM,null,A2 - Tombstone to Gutters Rd,Point(-77.733366 18.068812),5
2 jun 2025,JM,null,T1 (W) - East West Hwy,Point(-77.387121 17.981406),10
2 jun 2025,JM,Bull Bay,A4 - Southern Coastal Highway,Point(-76.662215 17.94136),5
2 jun 2025,JM,Three Miles,> Portia Miller Simpson Sq,Point(-76.826599 17.99953),10
2 jun 2025,JM,null,A1 (E) - Nelson Mandela Highway,Point(-76.867674 18.025821),5
2 jun 2025,JM,Montego Bay,A1 - Howard Cook Blvd,Point(-77.924149 18.466052),5
2 jun 2025,JM,null,> Downtown Kingston,Point(-76.829025 17.992872),5
2 jun 2025,JM,null,T1 (E) - East West Hwy,Point(-77.061027 17.944647),10
2 jun 2025,JM,Monticello,Fordyce Dr,Point(-76.975753 18.02298),7
2 jun 2025,JM,Church Corner,A4 - Church St,Point(-76.414263 17.880497),5
2 jun 2025,JM,null,A1 - Ewarton to Mount Diablo Rd,Point(-77.092189 18.200585),5
2 jun 2025,JM,null,B8 - Shettlewood to Mackfield Rd,Point(-78.011425 18.322408),6
2 jun 2025,JM,null,A1 - Spanish Town Rd,Point(-76.820005 17.993085),10
2 jun 2025,JM,Kingston 8,Upper Waterloo Rd,Point(-76.791421 18.028678),5
2 jun 2025,JM,null,T1 (W) - East West Hwy,Point(-76.943072 17.976138),6
2 jun 2025,JM,null,T3 - Edward Seaga Highway,Point(-77.14175 18.331946),6
2 jun 2025,JM,null,A3 - Junction Main Rd,Point(-76.827527 18.150138),5
2 jun 2025,JM,Forest Hills,Hillside,Point(-76.834471 18.044444),5
2 jun 2025,JM,null,B8 - Anchovy to Shettlewood Rd,Point(-77.939375 18.399834),7
2 jun 2025,JM,Montego Bay,A1 - Sunset Blvd,Point(-77.922491 18.491925),5
2 jun 2025,JM,Kingston 6,Tucker Ave,Point(-76.769906 18.007076),5
2 jun 2025,JM,null,Hagley Park Rd,Point(-76.82398 17.998686),5
2 jun 2025,JM,Half Way Tree,A3 - Constant Spring Rd,Point(-76.796351 18.020822),8
2 jun 2025,JM,null,Mountain View Ave,Point(-76.770533 18.004354),5
2 jun 2025,JM,Kingston 10,West Kings House Rd,Point(-76.793388 18.021426),5
2 jun 2025,JM,null,Marcus Garvey Dr,Point(-76.810367 17.973054),10
2 jun 2025,JM,Tucker,Tucker Main Rd,Point(-77.901309 18.452113),5
2 jun 2025,JM,Spanish Town,Sligoville Main Rd,Point(-76.951165 18.010269),6
2 jun 2025,JM,null,T1 (E) - East West Hwy,Point(-77.198471 17.932673),7
2 jun 2025,JM,Mount Salem,Mount Salem Rd,Point(-77.913135 18.467833),5
2 jun 2025,JM,null,B6,Point(-77.859155 18.211668),5
2 jun 2025,JM,null,T1 (W) - East West Hwy,Point(-77.354041 17.962121),6
2 jun 2025,JM,Mandeville,Manchester Rd,Point(-77.505994 18.033385),5
2 jun 2025,JM,null,T1 (W) - East West Hwy,Point(-77.039957 17.954182),7
2 jun 2025,JM,Downtown Kingston,Water Ln,Point(-76.798028 17.966912),5
2 jun 2025,JM,null,A1 - Kew Bridge to Great River Rd,Point(-78.047593 18.450875),5
2 jun 2025,JM,Spanish Town,Salt Island Rd,Point(-76.960457 17.987361),8
2 jun 2025,JM,null,T3 - Edward Seaga Highway,Point(-77.039483 18.137626),6
2 jun 2025,JM,Kingsland (Manchester),Kingsland Main Rd,Point(-77.547034 18.010133),9
2 jun 2025,JM,Smithfield,A2 - Smithfield Rd,Point(-78.119055 18.223576),5
2 jun 2025,JM,null,T3 - Edward Seaga Highway,Point(-77.136787 18.300722),7
2 jun 2025,JM,null,T3 - Edward Seaga Highway,Point(-76.913374 18.017819),6
2 jun 2025,JM,Kingston 6,Seymour Ave,Point(-76.773904 18.013165),6
2 jun 2025,JM,Tucker,Tucker Main Rd,Point(-77.898465 18.451929),5
2 jun 2025,JM,null,T1 (W) - East West Hwy,Point(-77.274601 17.962698),10
2 jun 2025,JM,null,A4 - Hectors River to Muirton Rd,Point(-76.277299 18.031308),5
2 jun 2025,JM,null,A1 - North Coast Highway,Point(-77.406026 18.459681),5
2 jun 2025,JM,null,A1 - North Coast Highway,Point(-77.402063 18.459723),10
2 jun 2025,JM,Kingsland (Manchester),Kingsland Main Rd,Point(-77.551326 18.006396),10
2 jun 2025,JM,null,Upper Montrose Rd,Point(-76.775739 18.0157),5
2 jun 2025,JM,Kingsland (Manchester),Kingsland Main Rd,Point(-77.542585 18.012922),10
2 jun 2025,JM,null,null,Point(-76.965736 17.992433),7
2 jun 2025,JM,null,T3 - Edward Seaga Highway,Point(-76.979723 18.045957),6
2 jun 2025,JM,null,T1 (W) - East West Hwy,Point(-77.363429 17.965998),5
2 jun 2025,JM,null,T3 - Edward Seaga Highway,Point(-77.041024 18.127004),5
2 jun 2025,JM,null,T1 (W) - East West Hwy,Point(-77.118619 17.930741),5
2 jun 2025,JM,Amity Hall (St. Thomas),A4 - Golden Grove to Belle Castle Rd,Point(-76.246931 17.955054),5
2 jun 2025,JM,Point,A1 - Kew Bridge to Great River Rd,Point(-78.154554 18.45043),5
2 jun 2025,JM,null,A2 - Tombstone to Gutters Rd,Point(-77.736528 18.072894),5
2 jun 2025,JM,null,T3 - Edward Seaga Highway,Point(-77.161302 18.367801),10
2 jun 2025,JM,Kingston 10,Waterloo Rd,Point(-76.791758 18.020336),5
2 jun 2025,JM,Heartease (Manchester),Caledonia Road,Point(-77.481399 18.056638),5
2 jun 2025,JM,Constant Spring,A3 - Stony Hill Rd,Point(-76.794831 18.057903),5
2 jun 2025,JM,Montego Bay,Humber Rd,Point(-77.917259 18.471172),5
2 jun 2025,JM,null,Marcus Garvey Dr,Point(-76.827791 17.989734),5
2 jun 2025,JM,null,Bernard Lodge Main Rd,Point(-76.921738 17.970641),5
2 jun 2025,JM,Albion,A4 - Grants Pen to Albion Rd,Point(-76.605434 17.890458),5
2 jun 2025,JM,Runaway Bay,A1 - North Coast Hwy,Point(-77.330851 18.462774),5
2 jun 2025,JM,null,T3 - Edward Seaga Highway,Point(-77.090724 18.240935),10
2 jun 2025,JM,null,A1 (E) - Nelson Mandela Highway,Point(-76.894612 18.011616),8
2 jun 2025,JM,Meadowbrook,Fairdene Ave,Point(-76.820362 18.041739),5
2 jun 2025,JM,Tryall (Hanover),A1 - Kew Bridge to Great River Rd,Point(-78.054204 18.449724),5
2 jun 2025,JM,null,A1 (W) - Nelson Mandela Highway,Point(-76.87805 18.022513),7
2 jun 2025,JM,null,Molynes Rd,Point(-76.800351 18.012167),5
2 jun 2025,JM,Kingston 8,A3 - Long Ln,Point(-76.794381 18.059254),5
2 jun 2025,JM,New Kingston,Kensington Cres,Point(-76.782955 18.002363),5
2 jun 2025,JM,null,Dyke Rd,Point(-76.889906 18.003526),5
2 jun 2025,JM,null,Marcus Garvey Dr,Point(-76.828331 17.994345),7
2 jun 2025,JM,Stokes Hall,A4 - Golden Grove to Belle Castle Rd,Point(-76.288423 17.92567),5
2 jun 2025,JM,New Kingston,Belmont Rd,Point(-76.782986 18.004624),5
2 jun 2025,JM,Barbican,Barbican Rd,Point(-76.76557 18.026384),6
2 jun 2025,JM,Stony Hill (St. Andrew),A3 - Stony Hill Rd,Point(-76.793038 18.075919),5
2 jun 2025,JM,null,T3 - Edward Seaga Highway,Point(-77.115595 18.25658),9
2 jun 2025,JM,Lucea,A1 - Seaview Dr,Point(-78.169601 18.440429),6
2 jun 2025,JM,Stony Hill (St. Andrew),A3 - Stony Hill Rd,Point(-76.792642 18.075537),5
2 jun 2025,JM,null,T3 - Edward Seaga Highway,Point(-77.141775 18.331975),9
2 jun 2025,JM,null,T3 - Edward Seaga Highway,Point(-77.157725 18.421559),6
2 jun 2025,JM,Half Way Tree,Ellesmere Rd,Point(-76.797679 18.013271),6
2 jun 2025,JM,Half Way Tree,A3 - Eastwood Park Rd,Point(-76.798994 18.012978),5
2 jun 2025,JM,Waltham Gardens,Campbell Blvd,Point(-76.818091 18.012267),5
2 jun 2025,JM,null,A2 - Tombstone to Gutters Rd,Point(-77.726284 18.062997),5
2 jun 2025,JM,null,A2 E - Washington Blvd,Point(-76.808831 18.027319),8
2 jun 2025,JM,null,T2 Kingston - Portmore Toll Rd,Point(-76.833132 17.993862),8
2 jun 2025,JM,null,A1 (W) - Nelson Mandela Highway,Point(-76.89059 18.014156),8
2 jun 2025,JM,Spanish Town,Gordon Blvd,Point(-76.959336 18.016853),6
2 jun 2025,JM,null,T3 - Edward Seaga Highway,Point(-77.121699 18.2687),5
2 jun 2025,JM,null,T3 - Edward Seaga Highway,Point(-77.114865 18.255845),10
2 jun 2025,JM,null,T1 (E) - East West Hwy,Point(-76.958815 17.973462),5
2 jun 2025,JM,Kingston 10,Kingsway,Point(-76.789382 18.015884),5
2 jun 2025,JM,null,A1 (W) - Nelson Mandela Highway,Point(-76.897238 18.009638),6
2 jun 2025,JM,Mandeville,Wint Rd,Point(-77.519006 18.043345),9
2 jun 2025,JM,Lacovia,A2 - Luana to Tombstone Rd,Point(-77.774394 18.096225),10
2 jun 2025,JM,Greater Portmore,E Mid St,Point(-76.903604 17.945554),5
2 jun 2025,JM,null,A1 - North Coast Highway,Point(-77.611692 18.481005),10
2 jun 2025,JM,null,T3 - Edward Seaga Highway,Point(-77.015371 18.098542),5
2 jun 2025,JM,null,A1 - North Coast Highway,Point(-77.223163 18.4459),8
2 jun 2025,JM,null,A3 - North Coast Highway,Point(-77.122639 18.412797),5
2 jun 2025,JM,null,A1 - Bog Walk to Ewarton Rd,Point(-77.039027 18.157672),6
2 jun 2025,JM,null,Deanery Rd,Point(-76.771061 17.98826),10
2 jun 2025,JM,null,A2 - Winston Jones Hwy,Point(-77.470676 18.06836),5
2 jun 2025,JM,New Kingston,Trafalgar Rd,Point(-76.779453 18.007108),8
2 jun 2025,JM,null,B6,Point(-77.853303 18.194397),5
2 jun 2025,JM,Stony Hill (St. Andrew),A3 - Stony Hill Rd,Point(-76.799453 18.08519),5
2 jun 2025,JM,null,A1 - Spanish Town By-pass Rd,Point(-76.966906 17.994873),5
2 jun 2025,JM,Kingston 10,A3 (S) - Constant Spring Rd,Point(-76.795878 18.030335),5
2 jun 2025,JM,Downtown Kingston,Harbour St,Point(-76.785718 17.965569),5
2 jun 2025,JM,Lakes Pen,Lakes Pen Main Rd,Point(-76.930262 17.984551),6
2 jun 2025,JM,null,A1 (E) - Nelson Mandela Highway,Point(-76.875004 18.024196),5
2 jun 2025,JM,null,null,Point(-76.868214 18.02549),7
2 jun 2025,JM,null,null,Point(-76.904934 18.007818),5
2 jun 2025,JM,Bunkers Hill (Clarendon),James Hill to Mason River Rd,Point(-77.309487 18.178417),5
2 jun 2025,JM,null,T3 - Edward Seaga Highway,Point(-77.033215 18.157804),5
2 jun 2025,JM,Montego Bay,A1 - Howard Cook Blvd,Point(-77.924013 18.466733),5
2 jun 2025,JM,Old Harbour,South St,Point(-77.112426 17.938041),5
2 jun 2025,JM,null,A3 (N) - Constant Spring Rd,Point(-76.794178 18.0446),6
2 jun 2025,JM,Kingston 6,Goodwill Ave,Point(-76.770044 18.007508),5
2 jun 2025,JM,Heartease (Manchester),Caledonia Road,Point(-77.476811 18.056258),5
2 jun 2025,JM,Portmore,Mercantile Ave,Point(-76.866806 17.975721),8
2 jun 2025,JM,null,Red Hills Rd,Point(-76.810029 18.03318),5
2 jun 2025,JM,null,A1 (E) - Nelson Mandela Highway,Point(-76.888507 18.015748),10
2 jun 2025,JM,Kingston 10,Lyndhurst Rd,Point(-76.799564 17.998697),5
2 jun 2025,JM,null,Hagley Park Rd,Point(-76.821892 18.000151),8
2 jun 2025,JM,null,T1 (W) - East West Hwy,Point(-76.90978 17.986326),7
2 jun 2025,JM,Spur Tree,A2 - Spur Tree Rd,Point(-77.578892 18.011698),5
2 jun 2025,JM,Kingston 8,Shortwood Rd,Point(-76.792862 18.032077),5
2 jun 2025,JM,null,A1 - Kew Bridge to Great River Rd,Point(-78.0688 18.451494),5
2 jun 2025,JM,null,T1 (E) - East West Hwy,Point(-77.180322 17.929256),8
2 jun 2025,JM,Six Miles,A2 (E) - Washington Blvd,Point(-76.853101 18.026018),7
2 jun 2025,JM,null,A4 - White Horses to Rozelle Rd,Point(-76.459063 17.872328),7
2 jun 2025,JM,null,Mountain View Ave,Point(-76.771443 18.008966),5
2 jun 2025,JM,Portmore,Mercantile Ave,Point(-76.866988 17.976223),10
2 jun 2025,JM,null,T1 (E) - East West Hwy,Point(-77.258138 17.958429),7
2 jun 2025,JM,null,> Spanish Town,Point(-76.964099 17.973888),5
2 jun 2025,JM,null,T1 (E) - East West Hwy,Point(-77.058853 17.946128),5
2 jun 2025,JM,Spanish Town,Gordon Blvd,Point(-76.959817 18.006398),10
2 jun 2025,JM,null,A2 - Tombstone to Gutters Rd,Point(-77.732891 18.068237),6
2 jun 2025,JM,null,T1 (E) - East West Hwy,Point(-76.92999 17.978647),8
2 jun 2025,JM,Montego Bay,Trinity Cr,Point(-77.915585 18.466801),5
2 jun 2025,JM,null,T1 (W) - East West Hwy,Point(-77.043964 17.953594),6
2 jun 2025,JM,null,A1 - North Coast Highway,Point(-77.209616 18.440084),5
2 jun 2025,JM,null,A2 (E) - Melrose Hill By,Point(-77.447437 18.056992),7
2 jun 2025,JM,null,A1 - North Coast Highway,Point(-77.40202 18.459737),10
2 jun 2025,JM,Barbican,Barbican Rd,Point(-76.78136 18.03207),6
2 jun 2025,JM,Waltham,Waltham Main to Cedar Grove Rd,Point(-77.509793 18.020329),5
2 jun 2025,JM,Delacree Pen,Development Rd,Point(-76.821896 17.991966),6
2 jun 2025,JM,Eltham,Exchange Rd,Point(-77.068535 18.404252),5
2 jun 2025,JM,null,A1 - Green Island to Negril Rd,Point(-78.334599 18.368556),5
2 jun 2025,JM,Nain,Alpart Road,Point(-77.598495 17.976361),9
2 jun 2025,JM,Montego Bay,Queens Dr,Point(-77.927888 18.482607),8
2 jun 2025,JM,null,Arthur Wint Dr,Point(-76.780337 17.998141),5
2 jun 2025,JM,Port Morant,A4 - Port Morant to Stokes Hall Rd,Point(-76.327995 17.888297),5
2 jun 2025,JM,Stony Hill (St. Andrew),A3 - Stony Hill Rd,Point(-76.796974 18.082885),5
2 jun 2025,JM,null,Camp Rd,Point(-76.779376 17.986388),5
2 jun 2025,JM,Spanish Town,Salt Island Rd,Point(-76.960032 17.988206),5
2 jun 2025,JM,Kingston 6,E Kings House Rd,Point(-76.779443 18.025172),5
2 jun 2025,JM,null,> Three Miles,Point(-76.828441 17.990901),5
2 jun 2025,JM,Kingston 6,Retreat Ave,Point(-76.771856 18.012498),6
2 jun 2025,JM,Kingston 5,Old Hope Rd,Point(-76.783609 17.999199),5
2 jun 2025,JM,Montego Bay,A1 - Howard Cook Blvd,Point(-77.923761 18.468114),9
2 jun 2025,JM,null,T1 (E) - East West Hwy,Point(-77.074183 17.939734),5
2 jun 2025,JM,null,A3 - Half Way Tree Rd,Point(-76.792324 18.003258),5
2 jun 2025,JM,null,A2 (W) - Melrose Hill Byp,Point(-77.457364 18.064568),7
2 jun 2025,JM,null,T1 (E) - East West Hwy,Point(-77.313266 17.957186),5
2 jun 2025,JM,Tryall (Hanover),A1 - Kew Bridge to Great River Rd,Point(-78.055591 18.450415),8
2 jun 2025,JM,Trench Town,Greenwich St,Point(-76.803881 17.98926),5
2 jun 2025,JM,Kingston 10,Lyndhurst Rd,Point(-76.800855 18.000427),5
2 jun 2025,JM,Forest Hills,Red Hills Rd,Point(-76.831926 18.046638),10
2 jun 2025,JM,null,T1 (E) - East West Hwy,Point(-77.056026 17.947932),7
2 jun 2025,JM,null,A1 - Lucea to Green Island Rd,Point(-78.214786 18.450743),10
2 jun 2025,JM,null,T1 - East West Hwy,Point(-76.895006 18.004176),10
2 jun 2025,JM,null,Braeton Rd,Point(-76.89201 17.957896),6
2 jun 2025,JM,Kingston 6,E Kings House Rd,Point(-76.777995 18.027792),5
2 jun 2025,JM,null,Spanish Town Toll Plaza,Point(-76.96414 17.975675),5
2 jun 2025,JM,null,A1 - Lucea to Green Island Rd,Point(-78.218747 18.447423),5
2 jun 2025,JM,Bull Bay,A4 - Harbour View to Bull Bay Rd,Point(-76.663762 17.941032),6
2 jun 2025,JM,null,T1 (W) - East West Hwy,Point(-77.435456 18.039275),5
2 jun 2025,JM,Montego Bay,Cottage Rd,Point(-77.914856 18.46789),5
2 jun 2025,JM,Montego Bay,Salt Spring Rd,Point(-77.908628 18.478991),5
2 jun 2025,JM,Rothesay Cove,A1 - Lucea to Green Island Rd,Point(-78.26129 18.40495),5
2 jun 2025,JM,null,T1 (E) - East West Hwy,Point(-77.368189 17.968226),5
2 jun 2025,JM,Mandeville,Knowles Rd,Point(-77.523138 18.054964),5
2 jun 2025,JM,null,Seaview Ave,Point(-76.776395 18.01086),5
2 jun 2025,JM,null,A1 - Spanish Town By-pass Rd,Point(-76.965452 17.992167),5
2 jun 2025,JM,null,A1 - Bog Walk to Ewarton Rd,Point(-77.039464 18.157932),5
2 jun 2025,JM,Kingston,A2 (W) - Washington Blvd,Point(-76.835205 18.025727),5
2 jun 2025,JM,Kingston 6,Seymour Ave,Point(-76.77422 18.011986),5
2 jun 2025,JM,null,A4 - Eleven Miles to Grants Pen Rd,Point(-76.630971 17.916443),5
2 jun 2025,JM,Mandeville,Ward Ave,Point(-77.510885 18.038828),9
2 jun 2025,JM,null,A3 - Half Way Tree Rd,Point(-76.791885 18.001872),10
2 jun 2025,JM,Downtown Kingston,Hanover St,Point(-76.788513 17.970819),5
2 jun 2025,JM,null,Hope Rd,Point(-76.788715 18.014845),5
2 jun 2025,JM,Kingston 6,Montrose Rd,Point(-76.77732 18.012903),5
2 jun 2025,JM,Baptist,A2 - Luana to Tombstone Rd,Point(-77.849482 18.089848),10
2 jun 2025,JM,null,Featherbed Ln,Point(-76.991219 17.994575),6
2 jun 2025,JM,Fairfield,Fairfield Ave,Point(-77.914087 18.454839),5
2 jun 2025,JM,null,T3 - Edward Seaga Highway,Point(-77.040255 18.138191),5
2 jun 2025,JM,null,T3 - Edward Seaga Highway,Point(-77.146464 18.342296),10
2 jun 2025,JM,null,A2 (W) - Melrose Hill Byp,Point(-77.441194 18.048927),8
2 jun 2025,JM,null,Marcus Garvey Dr,Point(-76.825097 17.985706),10
2 jun 2025,JM,null,A2 - Old Harbour Rd,Point(-77.059402 17.947834),5
2 jun 2025,JM,Kingston 16,A4 - Victoria Ave,Point(-76.780311 17.970375),5
2 jun 2025,JM,Montego Bay,Queens Dr,Point(-77.921421 18.490352),5
2 jun 2025,JM,null,Salt Pond Rd,Point(-76.940957 17.972401),5
2 jun 2025,JM,null,T1 (W) - East West Hwy,Point(-77.394898 17.992656),7
2 jun 2025,JM,Montego Bay,Cottage Rd,Point(-77.915484 18.467045),5
2 jun 2025,JM,null,T3 - Edward Seaga Highway,Point(-77.011557 18.089029),6
2 jun 2025,JM,Vineyard Town,Oakdene Ave,Point(-76.771903 17.989757),5
2 jun 2025,JM,null,A1 - North Coast Highway,Point(-77.402138 18.459697),8
2 jun 2025,JM,Greenwich Town,East Ave,Point(-76.816015 17.978874),5
2 jun 2025,JM,null,Old Hope Rd,Point(-76.764807 18.019466),6
2 jun 2025,JM,Rollington Town,Langston Rd,Point(-76.765854 17.981139),6
2 jun 2025,JM,null,A2 - Tombstone to Gutters Rd,Point(-77.723591 18.061317),5
2 jun 2025,JM,null,A2 - Old Harbour Rd,Point(-76.986088 17.988311),5
2 jun 2025,JM,null,Marcus Garvey Dr,Point(-76.828948 17.991708),5
2 jun 2025,JM,Kingston 10,Lady Musgrave Rd,Point(-76.780868 18.00292),5
2 jun 2025,JM,Delacree Pen,Ashenheim Rd,Point(-76.823676 17.990853),5
2 jun 2025,JM,Portmore,Mercantile Ave,Point(-76.86733 17.976359),10
2 jun 2025,JM,null,A1 - North Coast Highway,Point(-77.544933 18.473425),5
2 jun 2025,JM,null,A1 (E) - Nelson Mandela Highway,Point(-76.886258 18.017291),5
2 jun 2025,JM,null,A4 - Yallahs to Pomfret Rd,Point(-76.538314 17.871337),5
2 jun 2025,JM,Dunbar's River,A2 - Smithfield Rd,Point(-78.122725 18.224638),6
2 jun 2025,JM,Spur Tree,A2 - Spur Tree Rd,Point(-77.581178 18.014124),9
2 jun 2025,JM,null,T3 - Edward Seaga Highway,Point(-77.122047 18.273113),10
2 jun 2025,JM,Montego Bay,Barnett St,Point(-77.914833 18.461574),5
2 jun 2025,JM,Vineyard Town,Antrim Ave,Point(-76.771708 17.988456),5
2 jun 2025,JM,Delacree Pen,Development Rd,Point(-76.822269 17.991527),5
2 jun 2025,JM,Kingston 10,Musgrave Ave,Point(-76.78037 18.010219),5
2 jun 2025,JM,null,Waltham Park Rd,Point(-76.811554 17.992528),10
2 jun 2025,JM,Hopewell,A1 - Kew Bridge to Great River Rd,Point(-78.013759 18.455624),9
2 jun 2025,JM,Kingston 10,Little Kew Rd,Point(-76.800919 17.999426),7
2 jun 2025,JM,Hopewell,A1 - Kew Bridge to Great River Rd,Point(-78.017382 18.45397),5
2 jun 2025,JM,null,A1 - Spanish Town Rd,Point(-76.812386 17.98674),5
2 jun 2025,JM,Montego Bay,Trinity Cr,Point(-77.913614 18.466561),5
2 jun 2025,JM,West Sabina,SW 43rd Way,Point(-76.902787 17.933888),5
2 jun 2025,JM,null,A1 (E) - Nelson Mandela Highway,Point(-76.876467 18.023553),10
2 jun 2025,JM,Three Miles,Three Mile Overpass,Point(-76.827791 17.994945),10
2 jun 2025,JM,Montego Bay,Queens Dr,Point(-77.927834 18.483867),7
2 jun 2025,JM,null,A4 - Southern Coastal Highway,Point(-76.654367 17.935359),5
2 jun 2025,JM,null,T1  (E W) Highway,Point(-76.889335 18.015257),5
2 jun 2025,JM,Greater Portmore,E Mid St,Point(-76.907973 17.942455),9
2 jun 2025,JM,null,A1 - North Coast Highway,Point(-77.886915 18.513127),7
2 jun 2025,JM,Downtown Kingston,Harbour St,Point(-76.785994 17.965593),5
2 jun 2025,JM,null,A1 - North Coast Highway,Point(-77.204553 18.439136),5
2 jun 2025,JM,Kingston 11,Bay Farm Rd,Point(-76.832656 18.01708),5
2 jun 2025,JM,null,Mountain View Ave,Point(-76.771326 18.008545),5
2 jun 2025,JM,null,A2 - Old Harbour Rd,Point(-76.98634 17.988233),5
2 jun 2025,JM,null,T1 (E) - East West Hwy,Point(-77.071748 17.940135),5
2 jun 2025,JM,Kingston 5,North Ave,Point(-76.780084 18.001905),5
2 jun 2025,JM,Anchovy,B8 - Long Hill Rd,Point(-77.940128 18.416672),5
2 jun 2025,JM,Kingston 5,Lyndhurst Rd,Point(-76.797981 17.99754),5
2 jun 2025,JM,Downtown Kingston,Water Ln,Point(-76.799276 17.966998),5
2 jun 2025,JM,null,T1 (W) - East West Hwy,Point(-77.244675 17.940123),6
2 jun 2025,JM,Waltham Gardens,Pandora Cr,Point(-76.822792 18.015326),5
2 jun 2025,JM,null,T1 (W) - East West Hwy,Point(-76.921051 17.984522),9
2 jun 2025,JM,Vineyard Town,Oakdene Ave,Point(-76.771459 17.990707),6
2 jun 2025,JM,Kingston 6,Charlemont Dr,Point(-76.756373 18.025267),5
2 jun 2025,JM,null,T3 - Edward Seaga Highway,Point(-77.125152 18.286241),5
2 jun 2025,JM,null,A1 - Spanish Town Rd,Point(-76.835038 18.007311),5
2 jun 2025,JM,null,A1 - North Coast Hwy,Point(-77.385599 18.462242),9
2 jun 2025,JM,null,Old Hope Rd,Point(-76.782168 18.001323),5
2 jun 2025,JM,Sydenham,Federal Rd,Point(-76.977531 17.989514),10
2 jun 2025,JM,Johnson Town,A1 - Kew Bridge to Lucea Rd,Point(-78.166663 18.436923),5
2 jun 2025,JM,null,T3 - Edward Seaga Highway,Point(-77.121501 18.277183),5
2 jun 2025,JM,Kingston 10,Phoenix Ave,Point(-76.786741 18.013746),5.5
2 jun 2025,JM,null,A3 - Half Way Tree Rd,Point(-76.792839 18.004452),5
2 jun 2025,JM,null,A1 - Green Island to Negril Rd,Point(-78.282456 18.389303),5
2 jun 2025,JM,null,A1 - North Coast Highway,Point(-77.177623 18.425463),5
2 jun 2025,JM,null,T1 (W) - East West Hwy,Point(-77.063271 17.942937),5
2 jun 2025,JM,Mandeville,Perth Rd,Point(-77.510845 18.036421),6
2 jun 2025,JM,New Kingston,Kensington Cres,Point(-76.782165 18.003419),6
2 jun 2025,JM,null,> Downtown Kingston,Point(-76.829718 17.992392),5
2 jun 2025,JM,Kingston 10,Hagley Park Rd,Point(-76.80244 18.00941),5
2 jun 2025,JM,Broadgate,A3 - Agualta to Broadgate Rd,Point(-76.812802 18.234015),5
2 jun 2025,JM,Six Miles,A2 (E) - Washington Blvd,Point(-76.839563 18.026222),5
2 jun 2025,JM,Anchovy,B8 - Anchovy to Shettlewood Rd,Point(-77.937136 18.413793),6
2 jun 2025,JM,Downtown Kingston,Port Royal St,Point(-76.796497 17.965917),10
2 jun 2025,JM,null,T3 - Edward Seaga Highway,Point(-77.090583 18.240822),7
2 jun 2025,JM,Trench Town,7th St,Point(-76.802073 17.984365),10
2 jun 2025,JM,null,Bernard Lodge Main Rd,Point(-76.935333 17.981059),5
2 jun 2025,JM,Montego Bay,A1 - Jimmy Cliff Blvd,Point(-77.926922 18.478494),5
2 jun 2025,JM,null,A1 (E) - Nelson Mandela Highway,Point(-76.877884 18.022864),8
2 jun 2025,JM,null,T3 - Edward Seaga Highway,Point(-77.14215 18.332424),6
2 jun 2025,JM,Half Way Tree,A3 - Constant Spring Rd,Point(-76.796388 18.020227),5
2 jun 2025,JM,Leith Hall,A4 - Prospect to Port Morant Rd,Point(-76.341832 17.87405),5
2 jun 2025,JM,null,E Kings House Rd,Point(-76.77618 18.03009),5
2 jun 2025,JM,null,T3 - Edward Seaga Highway,Point(-76.913129 18.017128),7
2 jun 2025,JM,null,T3 - Edward Seaga Highway,Point(-77.16627 18.391196),9
2 jun 2025,JM,null,Main St,Point(-77.238494 17.964181),5
2 jun 2025,JM,Kingsland (Manchester),Kingsland Main Rd,Point(-77.541366 18.013097),6
2 jun 2025,JM,Half Way Tree,A3 - Constant Spring Rd,Point(-76.796382 18.020337),5
2 jun 2025,JM,null,A2 - Winston Jones Highway,Point(-77.510444 18.06549),8
2 jun 2025,JM,Belvedere (St. Andrew),Happy Grove Rd,Point(-76.852687 18.045489),8
2 jun 2025,JM,Kingston 6,Old Hope Rd,Point(-76.776454 18.005399),6
2 jun 2025,JM,null,T3 - Edward Seaga Highway,Point(-77.03262 18.154722),10
2 jun 2025,JM,null,St. John's Rd,Point(-77.009332 18.00242),5
2 jun 2025,JM,null,B8 - Anchovy to Shettlewood Rd,Point(-77.939911 18.353958),5
2 jun 2025,JM,null,A1 (E) - Nelson Mandela Highway,Point(-76.898238 18.009168),5
2 jun 2025,JM,Kingston 8,Shortwood Rd,Point(-76.794252 18.031557),5
2 jun 2025,JM,Waltham,Waltham Main to Cedar Grove Rd,Point(-77.510062 18.022551),6
2 jun 2025,JM,null,Old Stony Hill Rd,Point(-76.799148 18.07361),6
2 jun 2025,JM,Ocho Rios,null,Point(-77.088605 18.410053),5
2 jun 2025,JM,Tryall (Hanover),A1 - Kew Bridge to Great River Rd,Point(-78.061766 18.452457),6
2 jun 2025,JM,null,Wellington Dr,Point(-76.760815 18.014731),5
2 jun 2025,JM,null,T3 - Edward Seaga Highway,Point(-77.144842 18.337046),10
2 jun 2025,JM,null,T3 - Edward Seaga Highway,Point(-77.090469 18.240732),10
2 jun 2025,JM,null,Municipal Blvd,Point(-76.895136 18.007196),6
2 jun 2025,JM,Downtown Kingston,Harbour St,Point(-76.790638 17.965927),5
2 jun 2025,JM,null,Maxfield Ave,Point(-76.803235 18.000859),9
2 jun 2025,JM,null,T1 (W) - East West Hwy,Point(-76.942548 17.976261),6
2 jun 2025,JM,null,Red Hills Rd,Point(-76.812245 18.037024),5
2 jun 2025,JM,null,A1 - Kew Bridge to Great River Rd,Point(-78.041092 18.452798),10
2 jun 2025,JM,Yallahs,A4 - Yallahs to Pomfret Rd,Point(-76.554639 17.87366),7
2 jun 2025,JM,Central Village,A1 (W) - Nelson Mandela Highway,Point(-76.923515 17.997063),5
2 jun 2025,JM,null,null,Point(-76.899917 17.960004),10
2 jun 2025,JM,Morant Bay,A4 - Morant Bay to Lyssons Rd,Point(-76.401822 17.881811),5
2 jun 2025,JM,null,T1 (E) - East West Hwy,Point(-77.290192 17.959497),7
2 jun 2025,JM,Kingston 10,Kingsway,Point(-76.789977 18.019771),8
2 jun 2025,JM,null,T1 - East West Hwy,Point(-77.07773 17.939029),5
2 jun 2025,JM,null,T1 (E) - East West Hwy,Point(-77.167808 17.924765),10
2 jun 2025,JM,null,T1 (W) - East West Hwy,Point(-77.143578 17.920361),5
2 jun 2025,JM,Greater Portmore,E Mid St,Point(-76.906449 17.943505),9
2 jun 2025,JM,null,T1 (E) - East West Hwy,Point(-76.923766 17.983627),5
2 jun 2025,JM,null,A1 - Spanish Town Rd,Point(-76.834146 18.006489),5
2 jun 2025,JM,null,A4 - Southern Coastal Highway,Point(-76.654798 17.935714),5
2 jun 2025,JM,null,A2 - Tombstone to Gutters Rd,Point(-77.732358 18.067709),5
2 jun 2025,JM,null,A2 E - Dunrobin Ave,Point(-76.799724 18.025266),5
2 jun 2025,JM,null,B8 - Anchovy to Shettlewood Rd,Point(-77.941144 18.349746),7
2 jun 2025,JM,null,A2 - Winston Jones Highway,Point(-77.510148 18.065684),10
2 jun 2025,JM,Port Morant,A4 - Port Morant to Stokes Hall Rd,Point(-76.325112 17.888947),5
2 jun 2025,JM,null,T3 - Edward Seaga Highway,Point(-77.0733 18.215774),5
2 jun 2025,JM,null,A1 (W) - Nelson Mandela Highway,Point(-76.877004 18.023099),8
2 jun 2025,JM,null,A2 - Old Harbour Rd,Point(-77.007597 17.978354),5
2 jun 2025,JM,null,T1 (E) - East West Hwy,Point(-77.313647 17.957122),5
2 jun 2025,JM,Eltham,Exchange Rd,Point(-77.071879 18.411629),5
2 jun 2025,JM,Kingston,A2 (W) - Washington Blvd,Point(-76.821349 18.025391),5
2 jun 2025,JM,Savanna La Mar,A2 - East St,Point(-78.128905 18.223224),9
2 jun 2025,JM,null,Bernard Lodge Main Rd,Point(-76.933782 17.979329),9
2 jun 2025,JM,null,T1 (E) - East West Hwy,Point(-77.316101 17.956715),6
2 jun 2025,JM,Fairfield,Fairfield Ave,Point(-77.912469 18.453396),5
2 jun 2025,JM,null,null,Point(-76.929909 17.997498),5
2 jun 2025,JM,Kingston 6,E Kings House Rd,Point(-76.779788 18.023943),6
2 jun 2025,JM,Waltham Gardens,Pandora Cr,Point(-76.822643 18.016198),5
2 jun 2025,JM,Kingston 10,Kingsway,Point(-76.789964 18.020258),5
2 jun 2025,JM,Vineyard Town,Oakdene Ave,Point(-76.771895 17.989883),5
2 jun 2025,JM,Mandeville,Ward Ave,Point(-77.515353 18.039319),9
2 jun 2025,JM,Kingston 6,Seymour Ave,Point(-76.774941 18.008994),7
2 jun 2025,JM,null,A3 - Ocho Rios Byp,Point(-77.098304 18.408458),10
2 jun 2025,JM,null,T2 Kingston - Portmore Toll Rd,Point(-76.836588 17.993711),5
2 jun 2025,JM,Montego Bay,Dome St,Point(-77.918079 18.473092),5
2 jun 2025,JM,null,B8 - Anchovy to Shettlewood Rd,Point(-77.937424 18.404888),5
2 jun 2025,JM,Kingston 10,Waterloo Rd,Point(-76.79186 18.018758),6
2 jun 2025,JM,Three Miles,Three Mile Overpass,Point(-76.827327 17.995496),8
2 jun 2025,JM,Mount Diablo,A1 - Moneague to Mount Diablo Rd,Point(-77.097475 18.240704),10
2 jun 2025,JM,Nain,Alpart Road,Point(-77.591635 17.986038),5
2 jun 2025,JM,null,Spanish Town Link Rd,Point(-76.966792 17.991412),5
2 jun 2025,JM,Three Miles,Three Mile Overpass,Point(-76.827198 17.995809),5
2 jun 2025,JM,Prospect (St. Thomas),A4 - Prospect to Port Morant Rd,Point(-76.343185 17.870341),5
2 jun 2025,JM,null,> Spanish Town,Point(-76.96032 17.973299),7
2 jun 2025,JM,Newport West,1st St,Point(-76.828245 17.987195),10
2 jun 2025,JM,null,A1 - North Coast Highway,Point(-77.505199 18.464413),7
2 jun 2025,JM,Yallahs,A4 - Grants Pen to Yallahs Rd,Point(-76.565424 17.87455),6
2 jun 2025,JM,null,T1 (W) - East West Hwy,Point(-77.426493 18.029769),6
2 jun 2025,JM,Rose Hall,A1 - North Coast Highway,Point(-77.842811 18.521443),5
2 jun 2025,JM,null,A2 (W) - Melrose Hill Byp,Point(-77.445827 18.056314),7
2 jun 2025,JM,Kingston 10,Hagley Park Rd,Point(-76.810173 18.008322),5
2 jun 2025,JM,Montpelier,B8 - Anchovy to Shettlewood Rd,Point(-77.933094 18.375029),5
2 jun 2025,JM,null,A1 - North Coast Highway,Point(-77.801478 18.518501),8
2 jun 2025,JM,Hopewell,A1 - Kew Bridge to Great River Rd,Point(-78.018891 18.45446),6
2 jun 2025,JM,Sydenham,Federal Rd,Point(-76.977739 17.989464),5
2 jun 2025,JM,null,James Hill to Mason River Rd,Point(-77.273011 18.179447),5
2 jun 2025,JM,null,T1 (W) - East West Hwy,Point(-77.278419 17.962511),5
2 jun 2025,JM,Middle Quarters,A2 - Luana to Tombstone Rd,Point(-77.836778 18.098278),5
2 jun 2025,JM,null,T3 - Edward Seaga Highway,Point(-77.03485 18.145062),9
2 jun 2025,JM,West Cumberland,Passage Fort Dr,Point(-76.883075 17.983768),6
2 jun 2025,JM,null,A4 - Southern Coastal Highway,Point(-76.65766 17.938746),6
2 jun 2025,JM,null,T1 (E) - East West Hwy,Point(-76.9169 17.984851),10
2 jun 2025,JM,null,T1 (W) - East West Hwy,Point(-77.354018 17.962113),5
2 jun 2025,JM,null,B5 - Albert Town to Stettin Rd,Point(-77.535766 18.276623),6
2 jun 2025,JM,null,Bernard Lodge Main Rd,Point(-76.931298 17.977867),5
2 jun 2025,JM,null,T1 (E) - East West Hwy,Point(-76.930785 17.978319),10
2 jun 2025,JM,Havendale,Fairfax Dr,Point(-76.810442 18.050529),7
2 jun 2025,JM,Central Village,A1 (W) - Nelson Mandela Highway,Point(-76.92137 17.996931),5
2 jun 2025,JM,Kingston 6,E Kings House Rd,Point(-76.779271 18.025707),5
2 jun 2025,JM,null,T3 - Edward Seaga Highway,Point(-76.988093 18.059651),5
2 jun 2025,JM,null,Molynes Rd,Point(-76.82353 18.038136),5
2 jun 2025,JM,Kingston 10,Lady Musgrave Rd,Point(-76.779051 18.006951),6
2 jun 2025,JM,null,A1 - Green Island to Negril Rd,Point(-78.285602 18.391779),8
2 jun 2025,JM,null,Marcus Garvey Dr,Point(-76.805447 17.969102),10
2 jun 2025,JM,null,Salt Pond Rd,Point(-76.941965 17.974176),6
2 jun 2025,JM,null,T1 (W) - East West Hwy,Point(-76.956978 17.973369),5
2 jun 2025,JM,null,A1 - North Coast Hwy,Point(-77.369332 18.461339),5
2 jun 2025,JM,null,A2 - Melrose Hill Byp,Point(-77.462999 18.067009),5
2 jun 2025,JM,null,A1 (E) - Nelson Mandela Highway,Point(-76.889116 18.015312),6
2 jun 2025,JM,null,A1 - North Coast Highway,Point(-77.471556 18.476586),6
2 jun 2025,JM,Maxfield Park,Languard Ave,Point(-76.810014 17.997959),5
2 jun 2025,JM,null,T1 (E) - East West Hwy,Point(-77.231 17.936998),5
2 jun 2025,JM,Greenwich Town,East Ave,Point(-76.815003 17.980264),5
2 jun 2025,JM,null,T1 (W) - East West Hwy,Point(-76.894493 18.006409),5
2 jun 2025,JM,Montego Bay,Queens Dr,Point(-77.926503 18.479464),5
2 jun 2025,JM,Newmarket,B7 - Newmarket to New Savannah By-Pass Rd,Point(-77.915583 18.162034),5
2 jun 2025,JM,null,B8 - Anchovy to Shettlewood Rd,Point(-77.939765 18.354175),5
2 jun 2025,JM,Poor Mans Corner,A4 - Grants Pen to Yallahs Rd,Point(-76.591236 17.882502),5
2 jun 2025,JM,Kingston 10,Ardenne Rd,Point(-76.784346 18.015451),5
2 jun 2025,JM,null,St. John's Rd,Point(-77.000379 18.005525),5
2 jun 2025,JM,null,Old Hope Rd,Point(-76.770604 18.017889),5
2 jun 2025,JM,null,T3 - Edward Seaga Highway,Point(-77.010116 18.096025),5
2 jun 2025,JM,null,T1 (E) - East West Hwy,Point(-76.951316 17.97376),8
2 jun 2025,JM,null,T1 (W) - East West Hwy,Point(-77.397372 17.9962),5
2 jun 2025,JM,null,A3 - Ocho Rios Byp,Point(-77.087645 18.409707),10
2 jun 2025,JM,null,T1 (E) - East West Hwy,Point(-76.933126 17.977563),6
2 jun 2025,JM,Delacree Pen,Oakland Rd,Point(-76.815484 17.997422),10
2 jun 2025,JM,Rothesay Cove,A1 - Lucea to Green Island Rd,Point(-78.259325 18.408777),5
2 jun 2025,JM,null,A1 - Spanish Town By-pass Rd,Point(-76.934169 17.994496),5
2 jun 2025,JM,null,A1 - Spanish Town Rd,Point(-76.829545 18.002275),10
2 jun 2025,JM,Reading,B8 - Long Hill Rd,Point(-77.947426 18.436524),5
2 jun 2025,JM,null,T1 (W) - East West Hwy,Point(-77.276804 17.962619),5
2 jun 2025,JM,Green Island,A1 - Lucea to Green Island Rd,Point(-78.270501 18.389041),8
2 jun 2025,JM,Kingston 10,Dukharan Ave,Point(-76.801214 18.029573),5
2 jun 2025,JM,Hatfield (Manchester),Hatfield Main Rd,Point(-77.536265 18.030606),5
2 jun 2025,JM,null,T1 (W) - East West Hwy,Point(-77.049439 17.951842),6
2 jun 2025,JM,Sandy Bay (Hanover),A1 - Kew Bridge to Great River Rd,Point(-78.083296 18.449145),6
2 jun 2025,JM,Eltham,Exchange Rd,Point(-77.070323 18.406549),5
2 jun 2025,JM,null,A1 - Spanish Town By-pass Rd,Point(-76.948431 17.98618),7
2 jun 2025,JM,null,T1 (E) - East West Hwy,Point(-77.175019 17.929276),5
2 jun 2025,JM,null,T3 - Edward Seaga Highway,Point(-77.070599 18.213685),9
2 jun 2025,JM,Jones Town,Studley Park Rd,Point(-76.794162 17.981298),8
2 jun 2025,JM,Downtown Kingston,Port Royal St,Point(-76.792477 17.96562),10
2 jun 2025,JM,Catherine Hall,West Green Ave,Point(-77.925644 18.461038),5
2 jun 2025,JM,Three Miles,Hagley Park Rd,Point(-76.824335 17.998473),5
2 jun 2025,JM,Kingston 8,Barbican Rd,Point(-76.783164 18.031682),5
2 jun 2025,JM,null,A1 - Spanish Town Rd > Three Miles,Point(-76.848596 18.019626),8
2 jun 2025,JM,Wharton,A2 - Tombstone to Gutters Rd,Point(-77.737315 18.075516),5
2 jun 2025,JM,null,Old Hope Rd,Point(-76.746966 18.016147),6
2 jun 2025,JM,null,St. John's Rd,Point(-77.02106 18.006408),5
2 jun 2025,JM,Shooter's Hill,B6,Point(-77.481445 18.089005),5
2 jun 2025,JM,null,A4 - Grants Pen to Yallahs Rd,Point(-76.598381 17.885054),5
2 jun 2025,JM,Montego Bay,Queens Dr,Point(-77.927013 18.480236),5
2 jun 2025,JM,null,A1 - Kew Bridge to Great River Rd,Point(-78.076244 18.450813),10
2 jun 2025,JM,null,T1 (W) - East West Hwy,Point(-77.279711 17.96229),5
2 jun 2025,JM,null,Mountain View Ave,Point(-76.770524 18.004271),7
2 jun 2025,JM,null,Mountain View Ave,Point(-76.771242 18.007419),5
2 jun 2025,JM,null,Paradise St,Point(-76.775871 17.970043),8
2 jun 2025,JM,May Pen,Glenmuir Rd,Point(-77.256736 17.960403),6
2 jun 2025,JM,null,null,Point(-77.005594 18.102297),5
2 jun 2025,JM,Mandeville,null,Point(-77.511185 18.017026),6
2 jun 2025,JM,Kingston 10,Ardenne Rd,Point(-76.784456 18.015676),5
2 jun 2025,JM,Spanish Town,Gordon Blvd,Point(-76.957142 17.999833),5
2 jun 2025,JM,null,T1 (E) - East West Hwy,Point(-77.36441 17.966544),7
2 jun 2025,JM,Downtown Kingston,West St,Point(-76.796373 17.965974),10
2 jun 2025,JM,Mandeville,New Green Rd,Point(-77.510283 18.057993),5
2 jun 2025,JM,White Horses,A4 - Pomphret to White Horses Rd,Point(-76.469616 17.873742),5
2 jun 2025,JM,null,A1 (W) - Nelson Mandela Highway,Point(-76.899365 18.008241),5
2 jun 2025,JM,Mandeville,Wint Rd,Point(-77.515555 18.039432),9
2 jun 2025,JM,null,A1 (E) - Nelson Mandela Highway,Point(-76.886784 18.016933),5
2 jun 2025,JM,null,Municipal Blvd,Point(-76.895536 18.010325),6
2 jun 2025,JM,Kingston 6,Retreat Ave,Point(-76.771062 18.012441),5
2 jun 2025,JM,Six Miles,A2 (E) - Washington Blvd,Point(-76.846639 18.026078),6
2 jun 2025,JM,Kingston 5,Ripon Rd,Point(-76.787237 17.997428),5
2 jun 2025,JM,Spanish Town,Barrett St,Point(-76.94849 17.992814),10
2 jun 2025,JM,null,Bernard Lodge Main Rd,Point(-76.927581 17.974905),7
2 jun 2025,JM,null,T1 (W) - East West Hwy,Point(-77.241834 17.939879),10
2 jun 2025,JM,null,A2 - Old Harbour Rd,Point(-77.061497 17.946285),5
2 jun 2025,JM,null,A1 - Walks Rd,Point(-76.978254 18.029801),5
2 jun 2025,JM,Unity Hall,A1 - Dr. Aston King Highway,Point(-77.979832 18.451568),10
2 jun 2025,JM,Montego Bay,A1 - Jimmy Cliff Blvd,Point(-77.927503 18.488126),5
2 jun 2025,JM,Half Way Tree,A3 - Eastwood Park Rd,Point(-76.797181 18.018856),5
2 jun 2025,JM,Six Miles,A1 - Spanish Town Rd,Point(-76.856157 18.026244),5
2 jun 2025,JM,null,T3 - Edward Seaga Highway,Point(-77.045937 18.206584),7
2 jun 2025,JM,null,T1 (W) - East West Hwy,Point(-77.289341 17.959444),5
2 jun 2025,JM,null,Old Hope Rd,Point(-76.772836 18.008202),7
2 jun 2025,JM,Jones Town,Studley Park Rd,Point(-76.7944 17.981374),5
2 jun 2025,JM,Downtown Kingston,A3 - Orange St,Point(-76.792331 17.981837),5
2 jun 2025,JM,New Kingston,Park Blvd,Point(-76.789959 18.003568),5
2 jun 2025,JM,null,Lakes Pen Rd,Point(-76.89569 18.004473),5
2 jun 2025,JM,null,B8 - Anchovy to Shettlewood Rd,Point(-77.933224 18.376485),8
2 jun 2025,JM,Hatfield (Manchester),Hatfield Main Rd,Point(-77.534092 18.031489),5
2 jun 2025,JM,Six Miles,A2 (E) - Washington Blvd,Point(-76.839794 18.026219),5
2 jun 2025,JM,null,A1 (W) - Nelson Mandela Highway,Point(-76.85749 18.02586),7
2 jun 2025,JM,null,> Downtown Kingston,Point(-76.828876 17.992464),5
2 jun 2025,JM,null,T3 - Edward Seaga Highway,Point(-77.114224 18.255015),5
2 jun 2025,JM,null,T1 (E) - East West Hwy,Point(-76.929986 17.978649),10
2 jun 2025,JM,Gutters (St. Elizabeth),Gutters to Downs Rd,Point(-77.589128 17.994273),6
2 jun 2025,JM,Kingston 10,Kingsway,Point(-76.789943 18.021282),5
2 jun 2025,JM,Kingsland (Manchester),A2 - Greenvale Rd,Point(-77.5376 18.021865),10
2 jun 2025,JM,null,T1 (E) - East West Hwy,Point(-76.930763 17.978328),5
2 jun 2025,JM,null,T1 (W) - East West Hwy,Point(-77.413679 18.015485),6
2 jun 2025,JM,Montego Bay,Queens Dr,Point(-77.925838 18.479034),5
2 jun 2025,JM,Mandeville,Ward Ave,Point(-77.52174 18.040056),5
2 jun 2025,JM,null,T1 (W) - East West Hwy,Point(-76.949461 17.974102),6
2 jun 2025,JM,Montego Bay,Queens Dr,Point(-77.927393 18.48114),5
2 jun 2025,JM,null,A1 (E) - Nelson Mandela Highway,Point(-76.897395 18.00972),5
2 jun 2025,JM,Jones Town,Asquith St,Point(-76.800131 17.983453),10
2 jun 2025,JM,null,Gazeland to Nain Road,Point(-77.604059 17.948316),5
2 jun 2025,JM,null,T3 - Edward Seaga Highway,Point(-77.032324 18.153383),6
2 jun 2025,JM,null,A1 - Spanish Town Rd,Point(-76.823412 17.996315),5
2 jun 2025,JM,null,Entry to A2 - Dunrobin Ave,Point(-76.80538 18.027004),8
2 jun 2025,JM,null,A1 (W) - Nelson Mandela Highway,Point(-76.858857 18.025847),7
2 jun 2025,JM,null,Molynes Rd,Point(-76.816788 18.02094),5
2 jun 2025,JM,Montego Bay,Barnett St,Point(-77.914868 18.463886),7
2 jun 2025,JM,null,T1 (W) - East West Hwy,Point(-77.190736 17.931846),6
2 jun 2025,JM,Hatfield (Manchester),Hatfield Main Rd,Point(-77.534451 18.031268),5
2 jun 2025,JM,null,T1 (W) - East West Hwy,Point(-76.997739 17.971109),5
2 jun 2025,JM,Portmore,West Trade Way,Point(-76.86591 17.973652),6
2 jun 2025,JM,null,T3 - Edward Seaga Highway,Point(-77.143214 18.333895),10
2 jun 2025,JM,Spur Tree,A2 - Spur Tree Rd,Point(-77.583255 18.011115),9
2 jun 2025,JM,null,T1 (W) - East West Hwy,Point(-76.891051 18.013602),7
2 jun 2025,JM,Morant Bay,A4 - Church St,Point(-76.407277 17.880744),5
2 jun 2025,JM,null,A1 - River Rd,Point(-76.984569 18.068535),5
1 jun 2025,JM,Runaway Bay,A1 - North Coast Hwy,Point(-77.320428 18.46481),10
1 jun 2025,JM,null,B5 - Main Rd,Point(-77.501927 18.200011),6
1 jun 2025,JM,Tryall (Hanover),A1 - Kew Bridge to Great River Rd,Point(-78.0585 18.45174),5
1 jun 2025,JM,null,A4 - Southern Coastal Highway,Point(-76.653722 17.934963),5
1 jun 2025,JM,Ocho Rios,Main St,Point(-77.082051 18.411007),5
1 jun 2025,JM,null,null,Point(-77.513573 17.982752),6
1 jun 2025,JM,Cambridge (St. James),B6,Point(-77.900385 18.307531),5
1 jun 2025,JM,null,null,Point(-77.871392 18.457059),5
1 jun 2025,JM,Kingston 19,Hills View Ter,Point(-76.818486 18.038392),10
1 jun 2025,JM,null,A1 - North Coast Highway,Point(-77.862884 18.521633),8
1 jun 2025,JM,null,A1 - Spanish Town By-pass Rd,Point(-76.976795 18.015126),6
1 jun 2025,JM,Kingston 10,Calgary Cr,Point(-76.816023 18.024689),5
1 jun 2025,JM,Grandy Hole,A3 - Broadgate to Toms River Rd,Point(-76.823802 18.191982),10
1 jun 2025,JM,Greater Portmore,E Mid St,Point(-76.907816 17.942562),10
1 jun 2025,JM,Downtown Kingston,South Camp Rd,Point(-76.783709 17.967261),8
1 jun 2025,JM,Browns Town,B3 - Main St,Point(-77.366034 18.392738),5
1 jun 2025,JM,null,A1 - Bog Walk Gorge,Point(-76.981357 18.045906),5
1 jun 2025,JM,null,A2 (E) - Melrose Hill By,Point(-77.437235 18.044924),5
1 jun 2025,JM,null,T1 (W) - East West Hwy,Point(-77.026246 17.956581),9
1 jun 2025,JM,null,Camp Rd,Point(-76.779362 17.986863),5
1 jun 2025,JM,null,T1 (W) - East West Hwy,Point(-77.129399 17.928018),5
1 jun 2025,JM,New Haven,Marlboro Dr,Point(-76.855379 18.031127),5
1 jun 2025,JM,Spur Tree,A2 - Spur Tree Rd,Point(-77.560787 17.994625),5
1 jun 2025,JM,null,Salt Pond Rd,Point(-76.941834 17.973956),5
1 jun 2025,JM,null,T3 - Edward Seaga Highway,Point(-77.011668 18.088793),5
1 jun 2025,JM,null,A1 - North Coast Highway,Point(-77.222893 18.445647),5
1 jun 2025,JM,null,T1 (W) - East West Hwy,Point(-76.989013 17.97332),6
1 jun 2025,JM,Beaufort,B7,Point(-77.944814 18.226381),6
1 jun 2025,JM,null,Hope Rd,Point(-76.785249 18.016831),5
1 jun 2025,JM,null,T1 (W) - East West Hwy,Point(-77.389533 17.986081),7
1 jun 2025,JM,null,T3 - Edward Seaga Highway,Point(-77.037599 18.167061),6
1 jun 2025,JM,null,Michael Manley Blvd,Point(-76.755593 17.968992),8
1 jun 2025,JM,null,A2 - East St,Point(-77.108764 17.938697),5
1 jun 2025,JM,null,B8 - Shettlewood to Mackfield Rd,Point(-77.979833 18.348429),5
1 jun 2025,JM,null,A2 - Tombstone to Gutters Rd,Point(-77.732701 18.068042),5
1 jun 2025,JM,null,B8 - Anchovy to Shettlewood Rd,Point(-77.936372 18.359202),5
1 jun 2025,JM,null,A2 - Scotts Cove to Black River-Luana Rd,Point(-77.92383 18.044148),5
1 jun 2025,JM,null,A2 E - Washington Blvd,Point(-76.811909 18.027538),5
1 jun 2025,JM,null,B6,Point(-77.885557 18.270266),5
1 jun 2025,JM,null,A3 - Stony Hill Rd,Point(-76.78631 18.064019),5
1 jun 2025,JM,Whitfield Town,Creighton Ave,Point(-76.809164 17.997211),5
1 jun 2025,JM,Kingston 10,Fairway Ave,Point(-76.775452 18.008923),6
1 jun 2025,JM,Kingston 10,East Rd,Point(-76.809384 18.005965),8
1 jun 2025,JM,null,T3 - Edward Seaga Highway,Point(-77.14746 18.345115),5
1 jun 2025,JM,null,Salt Pond Rd,Point(-76.941117 17.972749),10
1 jun 2025,JM,Greater Portmore,SW 3rd St,Point(-76.905966 17.936248),10
1 jun 2025,JM,Woodstock,B7 - Darliston to Woodstock Rd,Point(-77.95746 18.252987),10
1 jun 2025,JM,Mandeville,null,Point(-77.498422 18.029216),5
1 jun 2025,JM,null,Marcus Garvey Dr,Point(-76.826998 17.988311),6
1 jun 2025,JM,null,T3 - Edward Seaga Highway,Point(-77.066309 18.210526),6
1 jun 2025,JM,Cornwall Courts,Turks Ave,Point(-77.874925 18.47357),5
1 jun 2025,JM,null,T1 (W) - East West Hwy,Point(-77.214077 17.93285),5
1 jun 2025,JM,null,T3 - Edward Seaga Highway,Point(-77.024786 18.100194),8
1 jun 2025,JM,null,B5 - Main Rd,Point(-77.495177 18.179618),5
1 jun 2025,JM,null,Salt Pond Rd,Point(-76.926718 17.957721),6
1 jun 2025,JM,null,T3 - Edward Seaga Highway,Point(-76.995025 18.071241),5
1 jun 2025,JM,null,Amity Hall to Mitchell Town Rd,Point(-77.185139 17.824538),5
1 jun 2025,JM,null,T3 - Edward Seaga Highway,Point(-77.128412 18.289773),6
1 jun 2025,JM,null,Marcus Garvey Dr,Point(-76.805258 17.968968),10
1 jun 2025,JM,null,A4 - Harbour View to Bull Bay Rd,Point(-76.694784 17.946488),6
1 jun 2025,JM,null,T1 (W) - East West Hwy,Point(-76.895565 18.000826),6
1 jun 2025,JM,null,B5 - Albert Town to Stettin Rd,Point(-77.545134 18.288326),5
1 jun 2025,JM,Waltham Park,Mall Rd,Point(-76.821661 18.011064),5
1 jun 2025,JM,null,T3 - Edward Seaga Highway,Point(-76.910866 18.013776),5
1 jun 2025,JM,null,T3 - Edward Seaga Highway,Point(-77.111903 18.252563),5
1 jun 2025,JM,Barbican,Paddington Ter,Point(-76.774848 18.026616),5
1 jun 2025,JM,Knockpatrick,null,Point(-77.509762 17.980683),5
1 jun 2025,JM,null,Vineyards Toll Plaza,Point(-77.071907 17.940107),5
1 jun 2025,JM,Greater Portmore,E Mid St,Point(-76.902181 17.946505),5
1 jun 2025,JM,null,T3 - Edward Seaga Highway,Point(-77.109361 18.25014),10
1 jun 2025,JM,Grange Pen,null,Point(-77.757563 18.510271),5
1 jun 2025,JM,null,A1 - River Rd,Point(-76.984756 18.068945),5
1 jun 2025,JM,Providence,null,Point(-77.887474 18.51263),6
1 jun 2025,JM,Kingston 8,Barbican Rd,Point(-76.783088 18.031575),5
1 jun 2025,JM,null,T3 - Edward Seaga Highway,Point(-77.038928 18.191063),5
1 jun 2025,JM,null,A1 (E) - Nelson Mandela Highway,Point(-76.881155 18.020757),5
1 jun 2025,JM,null,A1 - Bog Walk to Ewarton Rd,Point(-77.049419 18.167063),6
1 jun 2025,JM,null,T3 - Edward Seaga Highway,Point(-77.072908 18.215647),9
1 jun 2025,JM,null,A1 (W) - Nelson Mandela Highway,Point(-76.885402 18.017667),8
1 jun 2025,JM,null,A3 - Stony Hill Rd,Point(-76.790832 18.074909),5
1 jun 2025,JM,Stony Hill (St. Andrew),A3 - Stony Hill Rd,Point(-76.791525 18.075318),7
1 jun 2025,JM,null,Spaldings to Cave Valley Rd,Point(-77.440053 18.16672),6
1 jun 2025,JM,null,A1 - Spanish Town Rd,Point(-76.842493 18.014168),6
1 jun 2025,JM,null,T3 - Edward Seaga Highway,Point(-76.973675 18.042269),5
1 jun 2025,JM,null,A2 (W) - Melrose Hill Byp,Point(-77.448245 18.057401),5
1 jun 2025,JM,null,null,Point(-76.966023 17.978092),5
1 jun 2025,JM,null,A2 W - Dunrobin Ave,Point(-76.802096 18.025727),9
1 jun 2025,JM,Havendale,Oregon Dr,Point(-76.812987 18.047157),6
1 jun 2025,JM,null,T2 Kingston - Portmore Toll Rd,Point(-76.842702 17.988551),6
1 jun 2025,JM,Albion,A4 - Grants Pen to Yallahs Rd,Point(-76.604014 17.889263),5
1 jun 2025,JM,Portmore,Municipal Blvd,Point(-76.899132 17.965968),5
1 jun 2025,JM,null,Grants Pen Rd,Point(-76.789742 18.031155),7
1 jun 2025,JM,null,T1 (E) - East West Hwy,Point(-77.306653 17.958289),5
1 jun 2025,JM,null,A1 - North Coast Hwy,Point(-77.395082 18.462132),5
1 jun 2025,JM,null,T3 - Edward Seaga Highway,Point(-77.03223 18.150319),5
1 jun 2025,JM,Trench Town,West Rd,Point(-76.801474 17.988536),5
1 jun 2025,JM,null,T1 (E) - East West Hwy,Point(-76.985542 17.973465),5
1 jun 2025,JM,null,A1 - North Coast Highway,Point(-77.22395 18.446459),5
1 jun 2025,JM,null,A2 - Old Harbour Rd,Point(-77.061324 17.946412),5
1 jun 2025,JM,null,A1 - Walks Rd,Point(-76.974779 18.017314),5
1 jun 2025,JM,null,B6,Point(-77.864608 18.221743),5
1 jun 2025,JM,null,T3 - Edward Seaga Highway,Point(-76.980469 18.047457),5
1 jun 2025,JM,null,Molynes Rd,Point(-76.804798 18.014044),5
1 jun 2025,JM,null,B7 - Shettlewood to Chester Castle Rd,Point(-77.950962 18.319837),9
1 jun 2025,JM,null,A2 E - Washington Blvd,Point(-76.810118 18.027445),6
1 jun 2025,JM,null,T3 - Edward Seaga Highway,Point(-77.062843 18.210242),5
1 jun 2025,JM,null,A3 - Half Way Tree Rd,Point(-76.792019 18.002238),5
1 jun 2025,JM,null,A2 (E) - Melrose Hill By,Point(-77.452149 18.06308),6
1 jun 2025,JM,Six Miles,A2 (E) - Washington Blvd,Point(-76.852329 18.026018),5
1 jun 2025,JM,null,A1 - North Coast Highway,Point(-77.287806 18.465136),5
1 jun 2025,JM,null,A1 (E) - Nelson Mandela Highway,Point(-76.864707 18.025877),5
1 jun 2025,JM,Bull Bay,A4 - Southern Coastal Highway,Point(-76.662381 17.941326),10
1 jun 2025,JM,null,T3 - Edward Seaga Highway,Point(-76.912791 18.016566),8
1 jun 2025,JM,null,A2 - Scotts Cove to Black River-Luana Rd,Point(-77.909125 18.050023),5
1 jun 2025,JM,Kingston 10,Keesing Ave,Point(-76.81392 18.006588),5
1 jun 2025,JM,Stony Hill (St. Andrew),A3 - Stony Hill Rd,Point(-76.796943 18.082136),5
1 jun 2025,JM,Lovely Point,A2 - Tombstone to Gutters Rd,Point(-77.673194 18.049707),5
1 jun 2025,JM,Unity Hall,A1 - Dr. Aston King Highway,Point(-77.97873 18.451653),9
1 jun 2025,JM,Bull Bay,A4 - Southern Coastal Highway,Point(-76.662346 17.941333),5
1 jun 2025,JM,null,A1 - Kew Bridge to Great River Rd,Point(-77.996348 18.455037),10
1 jun 2025,JM,null,A1 - North Coast Hwy,Point(-77.386025 18.462258),5
1 jun 2025,JM,null,T1 (W) - East West Hwy,Point(-77.424191 18.026946),5
1 jun 2025,JM,null,A1 - North Coast Highway,Point(-77.222989 18.445744),5
1 jun 2025,JM,null,A1 - Spanish Town Rd,Point(-76.807367 17.98203),5
1 jun 2025,JM,Spanish Town,Gordon Blvd,Point(-76.959482 18.023044),7
1 jun 2025,JM,null,T1 (W) - East West Hwy,Point(-77.054205 17.948968),5
1 jun 2025,JM,null,A2 - Old Harbour Rd,Point(-77.003893 17.981452),6
1 jun 2025,JM,null,A1 (E) - Nelson Mandela Highway,Point(-76.899844 18.008116),7
1 jun 2025,JM,Crawford,A2 - Scotts Cove to Black River-Luana Rd,Point(-77.918238 18.042544),6
1 jun 2025,JM,Port Maria,A3,Point(-76.895805 18.388694),10
1 jun 2025,JM,null,T1 (W) - East West Hwy,Point(-77.239772 17.939448),5
1 jun 2025,JM,null,T3 - Edward Seaga Highway,Point(-77.138126 18.315405),5
1 jun 2025,JM,Shettle Wood,B7 - Shettlewood to Chester Castle Rd,Point(-77.947455 18.336836),8
1 jun 2025,JM,Hart Hill,A4 - Orange Bay to Windsor Castle Rd,Point(-76.686815 18.255072),7
1 jun 2025,JM,Stony Hill (St. Andrew),A3 - Stony Hill Rd,Point(-76.796929 18.081901),5
1 jun 2025,JM,Cambridge (St. James),B6,Point(-77.904046 18.320885),6
1 jun 2025,JM,null,A3 - Stony Hill Rd,Point(-76.79068 18.07387),5
1 jun 2025,JM,Chesterfield Bridge,B6,Point(-77.864681 18.229612),5
1 jun 2025,JM,null,Braeton Rd,Point(-76.896948 17.955808),5
1 jun 2025,JM,Spur Tree,A2 - Spur Tree Rd,Point(-77.57886 18.011636),5
1 jun 2025,JM,Meadowbrook,Fairdene Ave,Point(-76.817939 18.043256),5
1 jun 2025,JM,null,A1 - North Coast Hwy,Point(-77.35859 18.460398),8
1 jun 2025,JM,Chesterfield Bridge,B6,Point(-77.865119 18.230608),5
1 jun 2025,JM,null,B6,Point(-77.899803 18.300769),7
1 jun 2025,JM,Kingston 10,East Rd,Point(-76.812867 18.003605),5
1 jun 2025,JM,null,T3 - Edward Seaga Highway,Point(-77.154282 18.413738),6
1 jun 2025,JM,null,B7,Point(-77.949819 18.306803),5
1 jun 2025,JM,Bethel Town,B7,Point(-77.951405 18.304723),7
1 jun 2025,JM,null,A2 E - Washington Blvd,Point(-76.811878 18.027538),10
1 jun 2025,JM,null,A2 E - Washington Blvd,Point(-76.809872 18.027425),5
1 jun 2025,JM,null,T3 - Edward Seaga Highway,Point(-77.009448 18.094395),5
1 jun 2025,JM,Kingston 10,Lady Musgrave Rd,Point(-76.77933 18.007026),5
1 jun 2025,JM,null,T3 - Edward Seaga Highway,Point(-77.038925 18.189357),8
1 jun 2025,JM,Lucea,A1 - Seaview Dr,Point(-78.169117 18.437586),7
1 jun 2025,JM,null,Braeton Rd,Point(-76.904381 17.953458),5
1 jun 2025,JM,Spanish Town,Brunswick Ave,Point(-76.970547 18.010055),5
1 jun 2025,JM,null,A1 - Green Island to Negril Rd,Point(-78.321667 18.369961),10
1 jun 2025,JM,null,A4 - Sir Florizel Glaspole Blvd,Point(-76.7276 17.958471),6
1 jun 2025,JM,Westgate Hills,Arcadia Dr,Point(-77.896781 18.464883),5
1 jun 2025,JM,null,Lakes Pen Rd,Point(-76.902129 18.000146),6
1 jun 2025,JM,null,A1 - North Coast Highway,Point(-77.514168 18.465195),5
1 jun 2025,JM,Salt River,B12 - Salt River Road,Point(-77.166444 17.839671),5
1 jun 2025,JM,Spanish Town,Salt Pond Rd,Point(-76.947203 17.984847),6
1 jun 2025,JM,null,Bernard Lodge Main Rd,Point(-76.933753 17.979306),10
1 jun 2025,JM,Lakes Pen,Lakes Pen Main Rd,Point(-76.929602 17.984457),10
1 jun 2025,JM,null,T3 - Edward Seaga Highway,Point(-77.033502 18.158357),7
1 jun 2025,JM,Cambridge (St. James),B6,Point(-77.90282 18.312214),5
1 jun 2025,JM,null,Mannings Hill Rd,Point(-76.803904 18.061353),5
1 jun 2025,JM,Green Island,A1 - Lucea to Green Island Rd,Point(-78.270938 18.388883),5
1 jun 2025,JM,Downtown Kingston,Port Royal St,Point(-76.792863 17.96565),9
1 jun 2025,JM,Downtown Kingston,Harbour St,Point(-76.794577 17.966266),5
1 jun 2025,JM,Alston,Spaldings to Cave Valley Rd,Point(-77.436939 18.175588),8
1 jun 2025,JM,null,Stoney Hill to Parks Road Rd,Point(-76.853052 18.101028),6
1 jun 2025,JM,null,A2 - East St,Point(-77.106306 17.938661),5
1 jun 2025,JM,Cambridge (St. James),B6,Point(-77.906772 18.323722),5
1 jun 2025,JM,null,A1 (W) - Nelson Mandela Highway,Point(-76.895494 18.010841),5
1 jun 2025,JM,Spanish Town,Sligoville Main Rd,Point(-76.951382 18.010505),10
1 jun 2025,JM,null,A4 - Harbour View to Bull Bay Rd,Point(-76.690056 17.945329),5
1 jun 2025,JM,Downtown Kingston,Harbour St,Point(-76.794702 17.966277),5
1 jun 2025,JM,null,A3 - Half Way Tree Rd,Point(-76.791819 18.001714),5
1 jun 2025,JM,null,T1 (E) - East West Hwy,Point(-76.897039 17.996884),5
1 jun 2025,JM,null,A2 E - Washington Blvd,Point(-76.814129 18.02743),10
1 jun 2025,JM,Spanish Town,Main Rd,Point(-76.94461 17.996258),5
1 jun 2025,JM,Hope Pastures,Widcombe Rd,Point(-76.758735 18.027412),5
1 jun 2025,JM,null,A1 - Walks Rd,Point(-76.974959 18.018766),5
1 jun 2025,JM,null,T1 (W) - East West Hwy,Point(-76.913735 17.985062),6
1 jun 2025,JM,null,T1 (W) - East West Hwy,Point(-77.139969 17.92064),10
1 jun 2025,JM,null,A1 (W) - Nelson Mandela Highway,Point(-76.906755 18.001082),5
1 jun 2025,JM,null,B8 - Anchovy to Shettlewood Rd,Point(-77.932579 18.369927),10
1 jun 2025,JM,null,B7,Point(-77.954683 18.238654),6
1 jun 2025,JM,null,B6,Point(-77.864453 18.222755),5
1 jun 2025,JM,null,A1 (E) - Nelson Mandela Highway,Point(-76.885041 18.018117),6
1 jun 2025,JM,Sandy Ground,A2 - High St,Point(-77.905221 18.051763),5
1 jun 2025,JM,null,T3 - Edward Seaga Highway,Point(-77.124086 18.284876),6
1 jun 2025,JM,Lakes Pen,Lakes Pen Main Rd,Point(-76.931509 17.984616),5
1 jun 2025,JM,null,T3 - Edward Seaga Highway,Point(-77.165628 18.411317),5
1 jun 2025,JM,null,A1 - North Coast Highway,Point(-77.223425 18.4461),5
1 jun 2025,JM,Ocho Rios,Hermosa Beach,Point(-77.093343 18.413093),5
1 jun 2025,JM,Washington Gardens,Weymouth Dr,Point(-76.841794 18.022029),5
1 jun 2025,JM,Washington Gardens,Weymouth Dr,Point(-76.840946 18.025678),10
1 jun 2025,JM,null,A2 (E) - Melrose Hill By,Point(-77.449034 18.058636),5
1 jun 2025,JM,null,A1 - Walks Rd,Point(-76.978769 18.031368),5
1 jun 2025,JM,Sandy Bay (Hanover),A1 - Kew Bridge to Great River Rd,Point(-78.088988 18.450002),5
1 jun 2025,JM,null,Red Hills Rd,Point(-76.839664 18.052386),10
1 jun 2025,JM,Spur Tree,A2 - Spur Tree Rd,Point(-77.581593 18.004773),5
1 jun 2025,JM,null,T3 - Edward Seaga Highway,Point(-76.981898 18.049955),5
1 jun 2025,JM,null,A1 (W) - Nelson Mandela Highway,Point(-76.908855 17.998635),5
1 jun 2025,JM,Montpelier,B8 - Anchovy to Shettlewood Rd,Point(-77.933116 18.375269),5
1 jun 2025,JM,null,A2 (E) - Melrose Hill By,Point(-77.459159 18.064601),5
1 jun 2025,JM,Spanish Town,null,Point(-76.954554 17.990101),6
1 jun 2025,JM,null,Marcus Garvey Dr,Point(-76.826863 17.988202),6
1 jun 2025,JM,Kingston 20,Molynes Rd,Point(-76.821246 18.024749),5
1 jun 2025,JM,null,T1 (W) - East West Hwy,Point(-77.028887 17.955719),6
1 jun 2025,JM,null,B7,Point(-77.954758 18.238635),5
1 jun 2025,JM,Spanish Town,Brunswick Ave,Point(-76.962581 18.002236),5
1 jun 2025,JM,null,Braeton Rd,Point(-76.897185 17.955699),7
1 jun 2025,JM,Spanish Town,Salt Pond Rd,Point(-76.94763 17.985903),9
1 jun 2025,JM,null,A2 E - Washington Blvd,Point(-76.81081 18.027499),6
1 jun 2025,JM,Moneague,A1 - Moneague to Mount Diablo Rd,Point(-77.113374 18.271581),10
1 jun 2025,JM,null,A1 - North Coast Highway,Point(-77.224687 18.447098),5
1 jun 2025,JM,null,T3 - Edward Seaga Highway,Point(-77.169402 18.401534),5
1 jun 2025,JM,null,A1 - Kew Bridge to Great River Rd,Point(-78.041158 18.452785),5
1 jun 2025,JM,Spanish Town,Sunflower Dr,Point(-76.977674 18.015025),5
1 jun 2025,JM,null,T3 - Edward Seaga Highway,Point(-76.953428 18.032071),6
1 jun 2025,JM,Bull Bay,A4 - Harbour View to Bull Bay Rd,Point(-76.664099 17.940985),7
1 jun 2025,JM,Walkerswood,A3 - Moneague to Walkerswood Rd,Point(-77.091055 18.314722),5
1 jun 2025,JM,null,A3 (S) - Constant Spring Rd,Point(-76.797489 18.036254),5
1 jun 2025,JM,null,T3 - Edward Seaga Highway,Point(-77.00974 18.092913),7
1 jun 2025,JM,null,T3 - Edward Seaga Highway,Point(-77.161113 18.37185),5
1 jun 2025,JM,New Kingston,Trafalgar Rd,Point(-76.779792 18.007251),6
1 jun 2025,JM,null,T1 (E) - East West Hwy,Point(-77.41366 18.015605),5
1 jun 2025,JM,null,A2 W,Point(-76.813365 18.027398),6
1 jun 2025,JM,Greater Portmore,E Mid St,Point(-76.902518 17.946311),10
1 jun 2025,JM,null,null,Point(-76.779455 18.007364),5
1 jun 2025,JM,null,Mountain View Ave,Point(-76.770046 18.002667),5
1 jun 2025,JM,Liguanea,Old Hope Rd,Point(-76.768004 18.020221),5
1 jun 2025,JM,Broadgate,A3 - Agualta to Broadgate Rd,Point(-76.813064 18.231939),5
1 jun 2025,JM,Mandeville,McKinley Rd.,Point(-77.517922 18.057168),6
1 jun 2025,JM,null,A1 - Bog Walk Gorge,Point(-76.985114 18.058415),5
1 jun 2025,JM,Meadowbrook,Fairdene Ave,Point(-76.818055 18.043227),10
1 jun 2025,JM,null,A2 - Winston Jones Highway,Point(-77.506516 18.067685),7
1 jun 2025,JM,null,Braeton Parkway,Point(-76.901517 17.960052),6
1 jun 2025,JM,null,T3 - Edward Seaga Highway,Point(-76.959371 18.034894),5
1 jun 2025,JM,null,A2 - Tombstone to Gutters Rd,Point(-77.731541 18.066966),6
1 jun 2025,JM,Lakes Pen,Lakes Pen Main Rd,Point(-76.933784 17.984682),10
1 jun 2025,JM,Rock Hall,Red Hills Rd,Point(-76.879768 18.076374),10
1 jun 2025,JM,null,T3 - Edward Seaga Highway,Point(-77.072136 18.215003),8
1 jun 2025,JM,null,T3 - Edward Seaga Highway,Point(-76.974396 18.042483),5
1 jun 2025,JM,null,A1 - North Coast Highway,Point(-77.222698 18.445426),8
1 jun 2025,JM,null,Waltham Park Rd,Point(-76.819675 18.004558),5
1 jun 2025,JM,Negril,A1 - Norman Manley Blvd,Point(-78.335863 18.327114),7
1 jun 2025,JM,null,B8 - Anchovy to Shettlewood Rd,Point(-77.94279 18.346314),5
1 jun 2025,JM,Seaview Gardens,Chesterfield Dr,Point(-76.83754 18.004349),6
1 jun 2025,JM,Spanish Town,Brunswick Ave,Point(-76.969092 18.007984),5
1 jun 2025,JM,Montego Bay,Queens Dr,Point(-77.925013 18.487858),5
1 jun 2025,JM,null,B5 - Albert Town to Stettin Rd,Point(-77.536992 18.270185),5
1 jun 2025,JM,Kingston 11,Olympic Way,Point(-76.827305 18.009792),5
1 jun 2025,JM,Morant Bay,A4 - Retreat Rd,Point(-76.397558 17.880973),6
1 jun 2025,JM,"The Crest, Richmond Estate",Please report the name of this road,Point(-77.246725 18.440117),5
1 jun 2025,JM,Greater Portmore,E Mid St,Point(-76.903239 17.945817),7
1 jun 2025,JM,Wharton,A2 - Tombstone to Gutters Rd,Point(-77.739853 18.079015),7
1 jun 2025,JM,null,A2 W - Washington Blvd,Point(-76.809231 18.027248),5
1 jun 2025,JM,Angels,null,Point(-76.97923 18.033913),5
1 jun 2025,JM,null,T3 - Edward Seaga Highway,Point(-77.12113 18.267578),5
1 jun 2025,JM,Seven Rivers,B6 - Montpelier to Bruce Hall Rd,Point(-77.917325 18.340119),5
1 jun 2025,JM,null,T3 - Edward Seaga Highway,Point(-77.146392 18.34247),5
1 jun 2025,JM,null,T3 - Edward Seaga Highway,Point(-77.11615 18.257327),5
1 jun 2025,JM,null,null,Point(-76.898924 17.960584),10
1 jun 2025,JM,null,B5,Point(-77.496197 18.212472),6
1 jun 2025,JM,Baptist,A2 - Luana to Tombstone Rd,Point(-77.842984 18.094915),7
1 jun 2025,JM,null,T1 (E) - East West Hwy,Point(-77.007206 17.966404),5
1 jun 2025,JM,null,T3 - Edward Seaga Highway,Point(-77.032612 18.154686),5
1 jun 2025,JM,null,A1 (E) - Nelson Mandela Highway,Point(-76.864796 18.025875),10
1 jun 2025,JM,null,T1 (W) - East West Hwy,Point(-77.307356 17.958048),5
1 jun 2025,JM,null,A1,Point(-76.980635 18.035634),5
1 jun 2025,JM,null,B5 - Main Rd,Point(-77.494542 18.17921),7
1 jun 2025,JM,Grandy Hole,A3 - Broadgate to Toms River Rd,Point(-76.824591 18.198202),10
1 jun 2025,JM,Kingston 3,Mountain View Ave,Point(-76.762094 17.981666),5
1 jun 2025,JM,null,A1 (W) - Nelson Mandela Highway,Point(-76.907251 18.000506),5
1 jun 2025,JM,null,T1 (E) - East West Hwy,Point(-77.357747 17.963728),6
1 jun 2025,JM,null,A2 - Tombstone to Gutters Rd,Point(-77.716153 18.057922),5
1 jun 2025,JM,null,Mannings Hill Rd,Point(-76.802909 18.063432),5
1 jun 2025,JM,null,null,Point(-76.930372 17.996444),7
1 jun 2025,JM,null,T3 - Edward Seaga Highway,Point(-76.981462 18.049196),10
1 jun 2025,JM,null,A2 E - Washington Blvd,Point(-76.810406 18.027467),9
1 jun 2025,JM,Broadgate,A3 - Agualta to Broadgate Rd,Point(-76.81277 18.234378),5
1 jun 2025,JM,Stony Hill (St. Andrew),A3 - Stony Hill Rd,Point(-76.796946 18.082185),5
1 jun 2025,JM,null,A2 W - Washington Blvd,Point(-76.807226 18.026924),8
1 jun 2025,JM,null,Marcus Garvey Dr,Point(-76.804886 17.968707),5
1 jun 2025,JM,null,T1 (W) - East West Hwy,Point(-77.177573 17.929134),5
1 jun 2025,JM,null,T3 - Edward Seaga Highway,Point(-76.976439 18.043028),9
1 jun 2025,JM,Chesterfield Bridge,B6,Point(-77.865123 18.225942),5
1 jun 2025,JM,null,A1 - North Coast Highway,Point(-77.223428 18.446103),5
1 jun 2025,JM,null,A4 - Harbour View to Bull Bay Rd,Point(-76.694681 17.946449),5
1 jun 2025,JM,null,A1 (E) - Nelson Mandela Highway,Point(-76.865622 18.02586),5
1 jun 2025,JM,Stony Hill (St. Andrew),A3 - Stony Hill Rd,Point(-76.791134 18.075237),5
1 jun 2025,JM,Wait-A-Bit,B5,Point(-77.528088 18.245769),5
1 jun 2025,JM,Kingston 6,Seymour Ave,Point(-76.774942 18.008962),5
1 jun 2025,JM,Beaufort,B7,Point(-77.953864 18.238329),7
1 jun 2025,JM,null,A1 - Spanish Town By-pass Rd,Point(-76.950341 17.985927),5
1 jun 2025,JM,null,T1 (E) - East West Hwy,Point(-77.345364 17.959783),6
1 jun 2025,JM,null,T3 - Edward Seaga Highway,Point(-77.040609 18.115316),5
1 jun 2025,JM,null,T3 - Edward Seaga Highway,Point(-77.04084 18.203506),5
1 jun 2025,JM,null,T3 - Edward Seaga Highway,Point(-77.161146 18.37142),7
1 jun 2025,JM,null,T3 - Edward Seaga Highway,Point(-77.03827 18.202015),6
1 jun 2025,JM,Knockpatrick,null,Point(-77.506848 17.979456),5
1 jun 2025,JM,null,A2 - Tombstone to Gutters Rd,Point(-77.732415 18.067763),5
1 jun 2025,JM,Patrick City,Auburn Ave,Point(-76.842806 18.026704),10
1 jun 2025,JM,null,A2 - Old Harbour Rd,Point(-77.016372 17.973575),8
1 jun 2025,JM,Spanish Town,Brunswick Ave,Point(-76.966833 18.005427),5
1 jun 2025,JM,null,Municipal Blvd,Point(-76.885579 17.984579),5
1 jun 2025,JM,null,A2 - Tombstone to Gutters Rd,Point(-77.73342 18.068879),7
1 jun 2025,JM,Knockpatrick,null,Point(-77.51317 17.982352),5
1 jun 2025,JM,New Kingston,Oxford Rd,Point(-76.790094 18.00208),5
1 jun 2025,JM,null,A1 - North Coast Highway,Point(-77.555892 18.472113),5
1 jun 2025,JM,null,A2 W - Dunrobin Ave,Point(-76.802449 18.025826),5
1 jun 2025,JM,null,T3 - Edward Seaga Highway,Point(-77.042468 18.178196),5
1 jun 2025,JM,null,A2 (W) - Melrose Hill Byp,Point(-77.447775 18.057068),5
1 jun 2025,JM,null,null,Point(-76.779405 18.007407),7
1 jun 2025,JM,null,A1 - Lucea to Green Island Rd,Point(-78.155885 18.439395),5
1 jun 2025,JM,null,Lakes Pen Rd,Point(-76.912383 17.989994),5
1 jun 2025,JM,Portmore Country Club,Lingfield Crescent,Point(-76.904061 17.959232),5
1 jun 2025,JM,null,T3 - Edward Seaga Highway,Point(-76.975645 18.042788),10
1 jun 2025,JM,null,T3 - Edward Seaga Highway,Point(-77.00996 18.092693),5
1 jun 2025,JM,null,T3 - Edward Seaga Highway,Point(-77.121764 18.27491),5
1 jun 2025,JM,null,A4 - Muirton to Fair Prospect Rd,Point(-76.285961 18.065812),6
1 jun 2025,JM,"Retrieve, St. James",B6,Point(-77.896891 18.286579),5
1 jun 2025,JM,null,Salt Pond Rd,Point(-76.943991 17.978318),10
1 jun 2025,JM,null,A2 - Old Harbour Rd,Point(-77.003664 17.981589),5
1 jun 2025,JM,null,A1 - Walks Rd,Point(-76.979158 18.032655),5
1 jun 2025,JM,null,T1 (W) - East West Hwy,Point(-76.922492 17.984086),7
1 jun 2025,JM,Kingston 8,Barbican Rd,Point(-76.784359 18.031268),5
1 jun 2025,JM,Spanish Town,Fairfield Dr,Point(-76.987336 18.012371),10
1 jun 2025,JM,null,A1 - North Coast Highway,Point(-77.401928 18.459769),10
1 jun 2025,JM,Spanish Town,Brunswick Ave,Point(-76.968319 18.006951),5
1 jun 2025,JM,null,B7,Point(-77.935654 18.186447),9
1 jun 2025,JM,null,Salt Pond Rd,Point(-76.94455 17.979399),10
1 jun 2025,JM,Angels,A1,Point(-76.98099 18.044118),5
1 jun 2025,JM,Chesterfield Bridge,B6,Point(-77.865132 18.225613),6
1 jun 2025,JM,Montego Bay,Queens Dr,Point(-77.920323 18.491492),6
1 jun 2025,JM,Independence City,Agusta Dr,Point(-76.876667 17.978361),10
1 jun 2025,JM,Salem (St. Mary),A1 - North Coast Hwy,Point(-77.304068 18.467492),7
1 jun 2025,JM,null,T1 (W) - East West Hwy,Point(-76.892395 18.012119),10
1 jun 2025,JM,Greenwich Park,null,Point(-77.173137 18.425286),5
1 jun 2025,JM,null,T1 (W) - East West Hwy,Point(-77.264218 17.962736),10
1 jun 2025,JM,null,T1 (W) - East West Hwy,Point(-77.053773 17.949244),8
1 jun 2025,JM,Kingston 10,Greenvale Ave,Point(-76.813041 18.021549),5
1 jun 2025,JM,null,B3 - Trout Hall to Chapelton Rd,Point(-77.339436 18.152941),8
1 jun 2025,JM,null,T3 - Edward Seaga Highway,Point(-77.035157 18.144811),6
1 jun 2025,JM,null,T3 - Edward Seaga Highway,Point(-77.037817 18.201391),10
1 jun 2025,JM,null,Molynes Rd,Point(-76.82187 18.03884),10
1 jun 2025,JM,Barbican,Sandhurst Ter,Point(-76.775101 18.022627),7
1 jun 2025,JM,Kingston 2,Sea Breeze Ave,Point(-76.761977 17.969067),10
1 jun 2025,JM,Angels,A1,Point(-76.980982 18.036594),5
1 jun 2025,JM,null,A1 (E) - Nelson Mandela Highway,Point(-76.893923 18.012077),8
1 jun 2025,JM,null,T3 - Edward Seaga Highway,Point(-77.0101 18.084453),7
1 jun 2025,JM,null,Grange Ln,Point(-76.922235 17.983386),5
1 jun 2025,JM,Longwood (St. Elizabeth),A2 - Tombstone to Gutters Rd,Point(-77.678735 18.048658),5
1 jun 2025,JM,Rose Hall,A1 - North Coast Highway,Point(-77.851395 18.52149),5
1 jun 2025,JM,null,T2 Kingston - Portmore Toll Rd,Point(-76.841103 17.980809),6
1 jun 2025,JM,null,T1 (E) - East West Hwy,Point(-77.431885 18.033525),6
1 jun 2025,JM,null,T3 - Edward Seaga Highway,Point(-77.123446 18.283688),5
1 jun 2025,JM,null,Passage Fort Dr W,Point(-76.879181 17.983017),5
1 jun 2025,JM,null,T1 (W) - East West Hwy,Point(-77.134609 17.924526),10
1 jun 2025,JM,null,A2 (E) - Melrose Hill By,Point(-77.457086 18.064736),5
1 jun 2025,JM,null,T1 (W) - East West Hwy,Point(-77.194579 17.93249),6
1 jun 2025,JM,null,T1 (W) - East West Hwy,Point(-77.40365 18.002355),6
1 jun 2025,JM,null,T3 - Edward Seaga Highway,Point(-77.009956 18.092396),5
1 jun 2025,JM,null,T3 - Edward Seaga Highway,Point(-77.110045 18.250973),6
1 jun 2025,JM,null,T3 - Edward Seaga Highway,Point(-77.121446 18.268249),5
1 jun 2025,JM,Spur Tree,A2 - Spur Tree Rd,Point(-77.58674 18.009333),5
1 jun 2025,JM,null,A3 (S) - Constant Spring Rd,Point(-76.796375 18.038117),5
1 jun 2025,JM,null,T3 - Edward Seaga Highway,Point(-77.058325 18.208698),7
1 jun 2025,JM,Rose Hall,A1 - North Coast Highway,Point(-77.844198 18.521498),6
1 jun 2025,JM,"March Pen, Spanish Town",March Pen Rd,Point(-76.95474 17.987423),9
1 jun 2025,JM,Kingston 6,Hope Rd,Point(-76.770479 18.020902),5
1 jun 2025,JM,null,T3 - Edward Seaga Highway,Point(-77.151267 18.350203),10
1 jun 2025,JM,Washington Gardens,Coleyville Ave,Point(-76.844104 18.018597),6
1 jun 2025,JM,null,A2 (E) - Melrose Hill By,Point(-77.454048 18.064146),6
1 jun 2025,JM,null,B7,Point(-77.95657 18.271752),8
1 jun 2025,JM,null,Lakes Pen Rd,Point(-76.897882 18.002405),5
1 jun 2025,JM,Christiana,B5 - Main Rd,Point(-77.49119 18.163331),5
1 jun 2025,JM,null,A2 - Tombstone to Gutters Rd,Point(-77.731541 18.066967),5
1 jun 2025,JM,Kingston 10,Montgomery Ave,Point(-76.805784 18.006617),10
1 jun 2025,JM,null,A1 (E) - Nelson Mandela Highway,Point(-76.888749 18.015574),5
1 jun 2025,JM,null,A2 (W) - Melrose Hill Byp,Point(-77.459149 18.064479),5
1 jun 2025,JM,Knockpatrick,null,Point(-77.507765 17.980403),5
1 jun 2025,JM,Middle Quarters,A2 - Luana to Tombstone Rd,Point(-77.81573 18.11347),10
1 jun 2025,JM,null,Braeton Parkway,Point(-76.902825 17.95928),6
1 jun 2025,JM,null,T3 - Edward Seaga Highway,Point(-77.037727 18.167088),7
1 jun 2025,JM,Walkerswood,A3 - Moneague to Walkerswood Rd,Point(-77.090967 18.314787),10
1 jun 2025,JM,null,A1 - Walks Rd,Point(-76.975326 18.020499),5
1 jun 2025,JM,null,T3 - Edward Seaga Highway,Point(-76.981797 18.049783),10
1 jun 2025,JM,Caymanas,Caymanas Estate Rd,Point(-76.906271 18.00738),5
1 jun 2025,JM,null,T3 - Edward Seaga Highway,Point(-77.033459 18.15855),6
1 jun 2025,JM,null,Red Hills Rd,Point(-76.851137 18.055458),10
1 jun 2025,JM,Kingston 8,East Dulwich Dr,Point(-76.786671 18.029812),5
1 jun 2025,JM,null,Grants Pen Rd,Point(-76.788225 18.0305),8
1 jun 2025,JM,null,Molynes Rd,Point(-76.821294 18.042362),10
1 jun 2025,JM,null,T1 (E) - East West Hwy,Point(-77.243094 17.94022),8
1 jun 2025,JM,null,T3 - Edward Seaga Highway,Point(-77.161159 18.371258),6
1 jun 2025,JM,null,A1 - North Coast Highway,Point(-77.402144 18.459695),10
1 jun 2025,JM,null,A1 - North Coast Highway,Point(-77.764099 18.512552),5
1 jun 2025,JM,null,null,Point(-76.965549 17.992432),5
1 jun 2025,JM,null,A1 - Green Island to Negril Rd,Point(-78.302187 18.376008),9
1 jun 2025,JM,"March Pen, Spanish Town",March Pen Rd,Point(-76.954623 17.989082),6
1 jun 2025,JM,null,T3 - Edward Seaga Highway,Point(-76.98159 18.04942),5
1 jun 2025,JM,null,A2 - Scotts Cove to Black River-Luana Rd,Point(-77.937487 18.047944),6
1 jun 2025,JM,null,A2 - Winston Jones Highway,Point(-77.495496 18.067187),6
1 jun 2025,JM,null,B5 - Main Rd,Point(-77.499399 18.207848),6
1 jun 2025,JM,Angels,A1,Point(-76.980628 18.035855),6
1 jun 2025,JM,null,A1 (E) - Nelson Mandela Highway,Point(-76.893896 18.012094),10
1 jun 2025,JM,null,T1 (W) - East West Hwy,Point(-77.318727 17.956169),5
1 jun 2025,JM,Kingston,A2 (W) - Washington Blvd,Point(-76.840413 18.026067),8
1 jun 2025,JM,Browns Town,B3 - Top Rd,Point(-77.367972 18.390918),6
1 jun 2025,JM,null,A1 (W) - Nelson Mandela Highway,Point(-76.860481 18.02582),5
1 jun 2025,JM,null,T3 - Edward Seaga Highway,Point(-77.013533 18.098051),5
1 jun 2025,JM,null,T3 - Edward Seaga Highway,Point(-77.039824 18.137254),10
1 jun 2025,JM,null,T1 (W) - East West Hwy,Point(-77.028131 17.955866),9
1 jun 2025,JM,null,Braeton Rd,Point(-76.90729 17.952179),7
1 jun 2025,JM,null,T3 - Edward Seaga Highway,Point(-77.071477 18.214693),10
1 jun 2025,JM,Runaway Bay,A1 - North Coast Hwy,Point(-77.335374 18.463096),5
1 jun 2025,JM,Kingston 10,Omara Cr,Point(-76.807264 18.00575),7
1 jun 2025,JM,null,Braeton Parkway,Point(-76.903512 17.95888),6
1 jun 2025,JM,Montego Bay,B15 - Barnett to Adelphi Rd,Point(-77.913632 18.462305),6
1 jun 2025,JM,Banbury,null,Point(-77.047222 18.138465),5
1 jun 2025,JM,Spur Tree,A2 - Spur Tree Rd,Point(-77.578238 18.010415),5
1 jun 2025,JM,null,T3 - Edward Seaga Highway,Point(-77.159074 18.422411),7
1 jun 2025,JM,null,Camp Rd,Point(-76.779378 17.987044),5
1 jun 2025,JM,null,A1 - Walks Rd,Point(-76.977205 18.025469),6
1 jun 2025,JM,null,T1 (W) - East West Hwy,Point(-76.958098 17.973366),5
1 jun 2025,JM,null,A2 E - Washington Blvd,Point(-76.809351 18.027379),5
1 jun 2025,JM,Lovely Point,A2 - Tombstone to Gutters Rd,Point(-77.673099 18.04969),6
1 jun 2025,JM,null,Bernard Lodge Main Rd,Point(-76.934553 17.980013),9
1 jun 2025,JM,null,T1 (E) - East West Hwy,Point(-77.351129 17.96127),6
1 jun 2025,JM,null,T1 (W) - East West Hwy,Point(-77.165399 17.922713),6
1 jun 2025,JM,null,A1 - North Coast Highway,Point(-77.518085 18.46597),5
1 jun 2025,JM,Providence,null,Point(-77.886893 18.512457),5
1 jun 2025,JM,null,A1 - North Coast Highway,Point(-77.222577 18.445272),5
1 jun 2025,JM,null,T3 - Edward Seaga Highway,Point(-77.039845 18.170094),8
1 jun 2025,JM,null,A1 - Walks Rd,Point(-76.975034 18.019024),5
1 jun 2025,JM,Heartease (Manchester),Caledonia Road,Point(-77.478636 18.055663),5
1 jun 2025,JM,null,Salt Pond Rd,Point(-76.940962 17.972414),5
1 jun 2025,JM,null,T3 - Edward Seaga Highway,Point(-77.038934 18.190971),5
1 jun 2025,JM,"Eltham, Spanish Town",Eltham Parkway Rd,Point(-76.97253 18.013203),5
1 jun 2025,JM,null,A1 - North Coast Highway,Point(-77.223178 18.445912),5
1 jun 2025,JM,null,A4 - Southern Coastal Highway,Point(-76.655126 17.936166),7
1 jun 2025,JM,null,T1 (W) - East West Hwy,Point(-76.927608 17.979899),5
1 jun 2025,JM,null,A1 - Lucea to Green Island Rd,Point(-78.155536 18.439568),5
1 jun 2025,JM,null,A3 - Agualta to Broadgate Rd,Point(-76.812673 18.235476),5
1 jun 2025,JM,null,null,Point(-76.898994 17.961355),8
1 jun 2025,JM,null,A1 - Lucea to Green Island Rd,Point(-78.155789 18.439443),10
1 jun 2025,JM,Sandy Ground,A2 - High St,Point(-77.902678 18.053223),10
1 jun 2025,JM,Wharton,A2 - Tombstone to Gutters Rd,Point(-77.737635 18.077386),6
1 jun 2025,JM,Ginger Hill,B6,Point(-77.861818 18.216519),5
1 jun 2025,JM,null,Bernard Lodge Main Rd,Point(-76.93678 17.984406),10
1 jun 2025,JM,null,Red Hills Rd,Point(-76.851107 18.055445),9
1 jun 2025,JM,Washington Gardens,Weymouth Dr,Point(-76.842242 18.020716),10
1 jun 2025,JM,Kingston 10,Queens Ave,Point(-76.80353 18.004771),5
1 jun 2025,JM,null,A1 (E) - Nelson Mandela Highway,Point(-76.887957 18.016136),5
1 jun 2025,JM,null,A1 - Spanish Town By-pass Rd,Point(-76.966508 17.9941),5
1 jun 2025,JM,null,Michael Manley Blvd,Point(-76.757607 17.968683),10
1 jun 2025,JM,null,T1 (E) - East West Hwy,Point(-77.268266 17.96304),5
1 jun 2025,JM,null,T1 (W) - East West Hwy,Point(-76.940999 17.976574),5
1 jun 2025,JM,null,T3 - Edward Seaga Highway,Point(-77.034082 18.159671),10
1 jun 2025,JM,null,T3 - Edward Seaga Highway,Point(-77.074189 18.216418),9
1 jun 2025,JM,null,T3 - Edward Seaga Highway,Point(-77.122839 18.281866),7
1 jun 2025,JM,null,T3 - Edward Seaga Highway,Point(-77.113909 18.254611),7
1 jun 2025,JM,null,T3 - Edward Seaga Highway,Point(-77.147619 18.345488),5
1 jun 2025,JM,null,T3 - Edward Seaga Highway,Point(-77.158884 18.359796),5
1 jun 2025,JM,null,A1 - Spanish Town By-pass Rd,Point(-76.97522 18.01634),5
1 jun 2025,JM,null,T3 - Edward Seaga Highway,Point(-77.009028 18.083794),6
1 jun 2025,JM,null,T3 - Edward Seaga Highway,Point(-76.975685 18.042798),7
1 jun 2025,JM,Six Miles,A2 (E) - Washington Blvd,Point(-76.837176 18.026139),5
1 jun 2025,JM,null,T1 (W) - East West Hwy,Point(-77.317501 17.95637),10
1 jun 2025,JM,null,A4 - Golden Grove to Belle Castle Rd,Point(-76.261042 17.951067),5
1 jun 2025,JM,null,A1 (E) - Nelson Mandela Highway,Point(-76.8718 18.025253),7
1 jun 2025,JM,null,A1 - North Coast Highway,Point(-77.747782 18.511718),5
1 jun 2025,JM,Waltham Park,Mall Rd,Point(-76.819919 18.010126),5
1 jun 2025,JM,null,T3 - Edward Seaga Highway,Point(-77.161453 18.369455),5
1 jun 2025,JM,null,B6,Point(-77.892498 18.278454),5
1 jun 2025,JM,null,B7,Point(-77.956987 18.267793),7
1 jun 2025,JM,null,Salt Pond Rd,Point(-76.936212 17.966139),6
1 jun 2025,JM,Grandy Hole,A3 - Broadgate to Toms River Rd,Point(-76.823686 18.191816),10
1 jun 2025,JM,null,A1 - River Rd,Point(-77.004918 18.090426),6
1 jun 2025,JM,Ramble (Hanover),B8 - Shettlewood to Mackfield Rd,Point(-77.996621 18.330754),5
1 jun 2025,JM,null,A1 (E) - Nelson Mandela Highway,Point(-76.864546 18.025879),5
1 jun 2025,JM,null,Red Hills Rd,Point(-76.840643 18.051728),10
1 jun 2025,JM,null,A1 - Walks Rd,Point(-76.978062 18.029376),5
1 jun 2025,JM,Portmore,Braeton Parkway,Point(-76.896908 17.962768),5
1 jun 2025,JM,Shettle Wood,B7 - Shettlewood to Chester Castle Rd,Point(-77.951291 18.331815),8
1 jun 2025,JM,Bernard Lodge,null,Point(-76.924074 17.970641),5
1 jun 2025,JM,null,Salt Pond Rd,Point(-76.941402 17.973232),5
1 jun 2025,JM,Goshen (St. Elizabeth),Goshen Main Rd,Point(-77.635039 18.047085),5
1 jun 2025,JM,null,Hope Rd,Point(-76.789487 18.014175),5
1 jun 2025,JM,New Kingston,Dominica Dr,Point(-76.787956 18.005482),5
1 jun 2025,JM,Barbican,Barbican Road,Point(-76.781066 18.032297),7
1 jun 2025,JM,Kingston 6,Old Hope Rd,Point(-76.770808 18.013521),10
1 jun 2025,JM,null,T3 - Edward Seaga Highway,Point(-77.074775 18.217065),7
1 jun 2025,JM,null,A2 - Sir Alexander Bustamante Hwy,Point(-77.169014 17.93591),5
1 jun 2025,JM,null,A1 - North Coast Highway,Point(-77.222711 18.445442),6
1 jun 2025,JM,null,A1 - Spanish Town Rd,Point(-76.842031 18.013554),5
1 jun 2025,JM,null,T3 - Edward Seaga Highway,Point(-76.982728 18.051062),10
1 jun 2025,JM,Stony Hill (St. Andrew),A3 - Stony Hill Rd,Point(-76.790935 18.07506),5
1 jun 2025,JM,null,A2 - Old Harbour Rd,Point(-76.979563 17.99054),5
1 jun 2025,JM,null,A1 (E) - Nelson Mandela Highway,Point(-76.864891 18.025873),5
1 jun 2025,JM,null,T3 - Edward Seaga Highway,Point(-77.009842 18.095776),7
1 jun 2025,JM,Middle Quarters,A2 - Luana to Tombstone Rd,Point(-77.81406 18.113478),7
1 jun 2025,JM,Portmore,Municipal Blvd,Point(-76.899296 17.965838),5
1 jun 2025,JM,null,A1 - Walks Rd,Point(-76.978522 18.030551),5
1 jun 2025,JM,null,T3 - Edward Seaga Highway,Point(-77.03823 18.16803),5
1 jun 2025,JM,Shettle Wood,B8 - Shettlewood to Mackfield Rd,Point(-77.955498 18.34578),5
1 jun 2025,JM,Angels,A1,Point(-76.980775 18.037974),5
1 jun 2025,JM,Lakes Pen,Lakes Pen Main Rd,Point(-76.931248 17.984634),10
1 jun 2025,JM,null,Red Hills Rd,Point(-76.817368 18.043749),6
1 jun 2025,JM,null,A1 - Spanish Town By-pass Rd,Point(-76.955373 17.98718),5
1 jun 2025,JM,Angels,A1,Point(-76.980152 18.040696),5
1 jun 2025,JM,null,null,Point(-77.476709 18.022799),5
1 jun 2025,JM,null,A1 - North Coast Highway,Point(-77.189394 18.430224),5
1 jun 2025,JM,null,A2 (W) - Melrose Hill Byp,Point(-77.440309 18.047283),6
1 jun 2025,JM,Retrieve (Westmoreland),B6,Point(-77.896251 18.284518),5
1 jun 2025,JM,null,A3 - Agualta to Broadgate Rd,Point(-76.812742 18.236327),9
1 jun 2025,JM,null,A1 - North Coast Highway,Point(-77.188769 18.429909),5
1 jun 2025,JM,null,T1 (W) - East West Hwy,Point(-77.169674 17.926222),5
1 jun 2025,JM,Barbican,Barbican Rd,Point(-76.76921 18.028857),5
1 jun 2025,JM,null,A1 - North Coast Highway,Point(-77.594823 18.479078),5
1 jun 2025,JM,null,T1 (E) - East West Hwy,Point(-77.244435 17.940261),8
1 jun 2025,JM,null,T1 (W) - East West Hwy,Point(-77.316578 17.956522),10
1 jun 2025,JM,Johnson Town,Riley Rd,Point(-78.168677 18.435194),5
1 jun 2025,JM,null,A1 - River Rd,Point(-76.986607 18.071324),5
1 jun 2025,JM,null,A2 E - Washington Blvd,Point(-76.810536 18.027477),8
1 jun 2025,JM,Barbican,Barbican Road,Point(-76.780602 18.032451),10
1 jun 2025,JM,null,T3 - Edward Seaga Highway,Point(-77.061125 18.209886),9
31 may 2025,JM,null,Rest Store to Wigton Rd,Point(-77.526039 17.910748),5
31 may 2025,JM,null,A1 - Lucea to Green Island Rd,Point(-78.204489 18.454291),5
31 may 2025,JM,null,null,Point(-77.012003 18.017815),5
31 may 2025,JM,Spur Tree,A2 - Spur Tree Rd,Point(-77.586104 18.008378),5
31 may 2025,JM,null,A2 E - Dunrobin Ave,Point(-76.802276 18.025883),8
31 may 2025,JM,Adelphi,B15 - Adelphi to Hampden Rd,Point(-77.773396 18.43597),5
31 may 2025,JM,null,T3 - Edward Seaga Highway,Point(-76.98204 18.050158),6
31 may 2025,JM,Stony Hill (St. Andrew),A3 - Stony Hill Rd,Point(-76.802068 18.089334),5
31 may 2025,JM,Tower Isle,A3 - Oracabessa to White River Rd,Point(-76.995794 18.408566),7
31 may 2025,JM,null,T3 - Edward Seaga Highway,Point(-77.137298 18.320115),10
31 may 2025,JM,null,T3 - Edward Seaga Highway,Point(-76.982418 18.050656),10
31 may 2025,JM,Kingston 6,Hopefield Ave,Point(-76.774195 18.016069),7
31 may 2025,JM,Montego Bay,A1 - Howard Cook Blvd,Point(-77.924044 18.466602),6
31 may 2025,JM,null,T3 - Edward Seaga Highway,Point(-77.036668 18.105443),10
31 may 2025,JM,null,T1 - East West Hwy,Point(-76.89428 18.008368),7
31 may 2025,JM,null,T3 - Edward Seaga Highway,Point(-77.077113 18.218705),6
31 may 2025,JM,null,T3 - Edward Seaga Highway,Point(-77.160237 18.378063),5
31 may 2025,JM,null,T3 - Edward Seaga Highway,Point(-77.04003 18.136517),6
31 may 2025,JM,Gregory Park,Caymanas Dr,Point(-76.881514 17.987291),5
31 may 2025,JM,null,T3 - Edward Seaga Highway,Point(-77.053505 18.207296),10
31 may 2025,JM,Spanish Town,King St,Point(-76.954836 17.99653),5
31 may 2025,JM,null,Waltham Park Rd,Point(-76.810516 18.017155),5
31 may 2025,JM,Spanish Town,White Church St,Point(-76.953888 17.996),5
31 may 2025,JM,Downtown Kingston,Port Royal St,Point(-76.792412 17.965616),6
31 may 2025,JM,null,A1 - North Coast Highway,Point(-77.590646 18.475262),5
31 may 2025,JM,null,A1 - North Coast Highway,Point(-77.22226 18.444857),8
31 may 2025,JM,Spanish Town,King St,Point(-76.954649 17.996188),5
31 may 2025,JM,null,A1 - North Coast Highway,Point(-77.224419 18.446878),10
31 may 2025,JM,null,Braeton Rd,Point(-76.912349 17.94995),6
31 may 2025,JM,Angels,A1,Point(-76.980752 18.038063),5
31 may 2025,JM,Spanish Town,White Church St,Point(-76.953113 17.994371),9
31 may 2025,JM,null,T3 - Edward Seaga Highway,Point(-77.040769 18.115403),10
31 may 2025,JM,null,T1 (E) - East West Hwy,Point(-76.93767 17.977057),8
31 may 2025,JM,New Kingston,Trafalgar Rd,Point(-76.779618 18.007182),5
31 may 2025,JM,null,T3 - Edward Seaga Highway,Point(-77.041693 18.172853),5
31 may 2025,JM,null,T3 - Edward Seaga Highway,Point(-77.033543 18.102644),6
31 may 2025,JM,null,T3 - Edward Seaga Highway,Point(-77.054292 18.207522),10
31 may 2025,JM,null,A1 - Spanish Town By-pass Rd,Point(-76.943834 17.98851),5
31 may 2025,JM,Kingston 6,Hopefield Ave,Point(-76.773715 18.016136),5
31 may 2025,JM,Heartease (Manchester),Caledonia Road,Point(-77.477003 18.056286),5
31 may 2025,JM,Portmore,Mercantile Ave,Point(-76.8671 17.975007),5
31 may 2025,JM,Blackness,Truro Gate to Locust Tree Rd,Point(-78.140291 18.308724),6
31 may 2025,JM,null,T1 (E) - East West Hwy,Point(-77.174512 17.929209),5
31 may 2025,JM,null,T1 (W) - East West Hwy,Point(-77.407855 18.008069),5
31 may 2025,JM,Bull Bay,A4 - Harbour View to Bull Bay Rd,Point(-76.665714 17.94058),5
31 may 2025,JM,Gregory Park,Caymanas Dr,Point(-76.881513 17.987291),5
31 may 2025,JM,null,Spaldings to Cave Valley Rd,Point(-77.421901 18.201556),5
31 may 2025,JM,Patrick City,Auburn Ter,Point(-76.838962 18.026676),5
31 may 2025,JM,Greater Portmore,Upper West Henderson Blvd,Point(-76.913423 17.948726),6
31 may 2025,JM,null,A1 - North Coast Highway,Point(-77.71049 18.50128),6
31 may 2025,JM,null,T3 - Edward Seaga Highway,Point(-77.041643 18.181402),7
31 may 2025,JM,null,T1 (W) - East West Hwy,Point(-77.365452 17.96688),6
31 may 2025,JM,null,Stoney Hill to Parks Road Rd,Point(-76.81834 18.089178),6
31 may 2025,JM,Santa Cruz,Sidney Pagon Dr,Point(-77.697036 18.056681),5
31 may 2025,JM,null,Hope Rd,Point(-76.781765 18.018429),8
31 may 2025,JM,Middle Quarters,A2 - Luana to Tombstone Rd,Point(-77.812552 18.11364),5
31 may 2025,JM,null,T1 (W) - East West Hwy,Point(-77.301118 17.958916),6
31 may 2025,JM,Sea Air,New Forest to Downs Rd,Point(-77.567078 17.931579),5
31 may 2025,JM,null,A4 - Grants Pen to Albion Rd,Point(-76.621605 17.905073),5
31 may 2025,JM,Duhaney Park,Duhaney Dr,Point(-76.844242 18.031135),5
31 may 2025,JM,Port Antonio,A4 - West St,Point(-76.451807 18.179246),5
31 may 2025,JM,null,T3 - Edward Seaga Highway,Point(-77.155397 18.412556),9
31 may 2025,JM,Prospect (St. Thomas),A4 - Prospect to Port Morant Rd,Point(-76.344069 17.868443),5
31 may 2025,JM,Denham Town,North St,Point(-76.801241 17.976834),5
31 may 2025,JM,Kingston 20,Covey Ave,Point(-76.827832 18.032063),5
31 may 2025,JM,Holland Mountain,A2 - Luana to Tombstone Rd,Point(-77.790873 18.10515),5
31 may 2025,JM,null,A1 - North Coast Hwy,Point(-77.367446 18.461399),8
31 may 2025,JM,Beaufort,B7,Point(-77.953757 18.237683),5
31 may 2025,JM,null,A4 - White Horses to Rozelle Rd,Point(-76.457623 17.87231),7
31 may 2025,JM,Mount Carey,B8 - Anchovy to Shettlewood Rd,Point(-77.937441 18.391408),5
31 may 2025,JM,Spanish Town,Bernard Lodge Main Rd,Point(-76.944078 17.98923),5
31 may 2025,JM,null,A1 (W) - Nelson Mandela Highway,Point(-76.857677 18.025858),10
31 may 2025,JM,null,T3 - Edward Seaga Highway,Point(-77.063193 18.210368),6
31 may 2025,JM,null,T3 - Edward Seaga Highway,Point(-77.123963 18.284492),5
31 may 2025,JM,null,A2 W - Washington Blvd,Point(-76.817612 18.026455),7
31 may 2025,JM,null,Sligoville Road,Point(-76.985131 18.091989),5
31 may 2025,JM,Sandy Ground,A2 - High St,Point(-77.904288 18.052313),5
31 may 2025,JM,Kingsland (Manchester),Kingsland Main Rd,Point(-77.545402 18.012598),6
31 may 2025,JM,null,T1 (E) - East West Hwy,Point(-77.170437 17.927047),6
31 may 2025,JM,null,A2 - Tombstone to Gutters Rd,Point(-77.734525 18.070269),5
31 may 2025,JM,null,A1 - Spanish Town By-pass Rd,Point(-76.959403 17.988626),5
31 may 2025,JM,null,A3 - Stony Hill Rd,Point(-76.788241 18.0695),5
31 may 2025,JM,Lucea,A1 - North Ave,Point(-78.17779 18.453368),5
31 may 2025,JM,Kensington (St. James),Springfield to Kensington Rd,Point(-77.83173 18.369243),5
31 may 2025,JM,Kingston 10,A3 (N) - Constant Spring Rd,Point(-76.796324 18.027185),6
31 may 2025,JM,null,A1 - North Coast Highway,Point(-77.499444 18.46453),5
31 may 2025,JM,null,A1 (W) - Nelson Mandela Highway,Point(-76.87686 18.023168),6
31 may 2025,JM,null,Braeton Parkway,Point(-76.914357 17.949963),6
31 may 2025,JM,Buff Bay,null,Point(-76.669101 18.220303),5
31 may 2025,JM,Bellevue Heights,Bellevue Blvd.,Point(-77.014635 18.003209),5
31 may 2025,JM,null,Municipal Blvd,Point(-76.886389 17.986851),5
31 may 2025,JM,null,Municipal Blvd,Point(-76.890112 17.975841),9
31 may 2025,JM,null,T1 (E) - East West Hwy,Point(-76.938298 17.977013),6
31 may 2025,JM,null,T1 (W) - East West Hwy,Point(-77.041295 17.953994),8
31 may 2025,JM,Grange Pen,null,Point(-77.757646 18.510042),5
31 may 2025,JM,null,T3 - Edward Seaga Highway,Point(-77.123334 18.283068),10
31 may 2025,JM,null,T3 - Edward Seaga Highway,Point(-77.164882 18.411388),7
31 may 2025,JM,null,A2 - Winston Jones Highway,Point(-77.488023 18.067079),9
31 may 2025,JM,Six Miles,A2 (E) - Washington Blvd,Point(-76.818163 18.026444),9
31 may 2025,JM,null,T3 - Edward Seaga Highway,Point(-77.161321 18.369229),10
31 may 2025,JM,Hope Pastures,Ripoll Cl,Point(-76.756063 18.032398),5
31 may 2025,JM,null,A1 - North Coast Highway,Point(-77.630273 18.48133),7
31 may 2025,JM,Montego Bay,Queens Dr,Point(-77.924444 18.48877),5
31 may 2025,JM,null,T3 - Edward Seaga Highway,Point(-77.127822 18.289168),10
31 may 2025,JM,null,A1 - North Coast Highway,Point(-77.552912 18.471727),6
31 may 2025,JM,null,A1 - Kew Bridge to Great River Rd,Point(-78.072693 18.451293),5
31 may 2025,JM,null,A1 - Spanish Town Rd,Point(-76.838435 18.010425),5
31 may 2025,JM,null,A1 - Lucea to Green Island Rd,Point(-78.236821 18.437845),5
31 may 2025,JM,null,Hope Rd,Point(-76.782181 18.018228),9
31 may 2025,JM,null,National Heroes Circle,Point(-76.786596 17.985263),5
31 may 2025,JM,null,A3 - Ballards Valley to Trinity Rd,Point(-76.891176 18.332969),5
31 may 2025,JM,null,A1 (W) - Nelson Mandela Highway,Point(-76.886583 18.016866),5
31 may 2025,JM,Portmore,null,Point(-76.900464 17.960733),5
31 may 2025,JM,null,B8 - Anchovy to Shettlewood Rd,Point(-77.941117 18.349884),6
31 may 2025,JM,Salem (St. Mary),A1 - North Coast Hwy,Point(-77.313057 18.466154),5
31 may 2025,JM,Stony Hill (St. Andrew),A3 - Stony Hill Rd,Point(-76.800713 18.087817),5
31 may 2025,JM,null,A1 - Lucea to Green Island Rd,Point(-78.246335 18.422827),7
31 may 2025,JM,null,Braeton Rd,Point(-76.907391 17.952133),6
31 may 2025,JM,null,Molynes Rd,Point(-76.802204 18.012975),5
31 may 2025,JM,null,A2 - Melrose Hill Byp,Point(-77.464205 18.067985),7
31 may 2025,JM,null,A1 - Walks Rd,Point(-76.97933 18.033227),6
31 may 2025,JM,Constant Spring,Cassava Piece Rd,Point(-76.796581 18.045199),5
31 may 2025,JM,null,A1 - North Coast Highway,Point(-77.63123 18.480983),5
31 may 2025,JM,Downtown Kingston,Harbour St,Point(-76.788609 17.965796),5
31 may 2025,JM,null,T1 (E) - East West Hwy,Point(-77.284404 17.960947),6
31 may 2025,JM,null,T3 - Edward Seaga Highway,Point(-77.088448 18.238904),5
31 may 2025,JM,null,null,Point(-76.866323 17.969838),5
31 may 2025,JM,Whitehouse,A2 - Smithfield Bridge to Scotts Cove Rd,Point(-77.967493 18.090858),5
31 may 2025,JM,null,A2 - Old Harbour Rd,Point(-77.056985 17.949645),5
31 may 2025,JM,Spur Tree,A2 - Spur Tree Rd,Point(-77.583356 18.014506),5
31 may 2025,JM,Downtown Kingston,Harbour St,Point(-76.78576 17.965573),5
31 may 2025,JM,null,A2 - Winston Jones Highway,Point(-77.488397 18.067068),5
31 may 2025,JM,null,A1 - North Coast Highway,Point(-77.868763 18.520376),5
31 may 2025,JM,Spanish Town,Bernard Lodge Main Rd,Point(-76.94921 17.991721),5
31 may 2025,JM,Reading,B8 - Long Hill Rd,Point(-77.946442 18.435225),5
31 may 2025,JM,Kingston 10,Cargill Ave,Point(-76.795953 18.006713),6
31 may 2025,JM,null,null,Point(-76.965717 17.99242),10
31 may 2025,JM,Mount Vernon (Portland),A4 - Orange Bay to Windsor Castle Rd,Point(-76.671713 18.242857),5
31 may 2025,JM,Angels,A1,Point(-76.98114 18.044222),6
31 may 2025,JM,null,A3 (S) - Constant Spring Rd,Point(-76.797292 18.035688),5
31 may 2025,JM,null,T1 (E) - East West Hwy,Point(-77.209943 17.932257),6
31 may 2025,JM,"Cedar Grove, Portmore",Cedar Grove Blvd,Point(-76.883208 17.98781),5
31 may 2025,JM,null,A2 E - Washington Blvd,Point(-76.80921 18.027366),10
31 may 2025,JM,Norwood Pen,Norwood Gardens Blvd,Point(-77.882792 18.500998),5
31 may 2025,JM,Havendale,Roehampton Cl,Point(-76.805371 18.04225),5
31 may 2025,JM,Hope Pastures,Ministry of Agriculture Road,Point(-76.751231 18.017164),5
31 may 2025,JM,Kingston 10,Hagley Park Rd,Point(-76.813531 18.006674),6
31 may 2025,JM,null,T1 (W) - East West Hwy,Point(-77.043776 17.953635),5
31 may 2025,JM,null,Camp Rd,Point(-76.779461 17.986616),5
31 may 2025,JM,Rose Hall,null,Point(-77.83551 18.523036),5
31 may 2025,JM,Half Way Tree,South Odeon Ave,Point(-76.798752 18.011577),5
31 may 2025,JM,null,A2 - Scotts Cove to Black River-Luana Rd,Point(-77.951157 18.06026),5
31 may 2025,JM,null,A1 - Bog Walk Gorge,Point(-76.981471 18.046219),5
31 may 2025,JM,Kingston,A2 (W) - Washington Blvd,Point(-76.821001 18.025475),5
31 may 2025,JM,null,A2 - Old Harbour Rd,Point(-77.040753 17.958525),5
31 may 2025,JM,null,T1 (W) - East West Hwy,Point(-77.131016 17.927213),7
31 may 2025,JM,null,T1 (E) - East West Hwy,Point(-76.993893 17.972721),10
31 may 2025,JM,null,T1 (W) - East West Hwy,Point(-76.994154 17.972543),8
31 may 2025,JM,null,T1 (W) - East West Hwy,Point(-77.362694 17.965677),5
31 may 2025,JM,Tower Isle,A3 - Oracabessa to White River Rd,Point(-77.03732 18.420564),5
31 may 2025,JM,Gutters (St. Elizabeth),Gutters Main Rd,Point(-77.59355 18.016224),5
31 may 2025,JM,null,A1 - North Coast Highway,Point(-77.607239 18.481343),7
31 may 2025,JM,null,T3 - Edward Seaga Highway,Point(-76.981165 18.048677),10
31 may 2025,JM,null,Braeton Parkway,Point(-76.910163 17.955014),6
31 may 2025,JM,"March Pen, Spanish Town",March Pen Rd,Point(-76.954753 17.987614),5
31 may 2025,JM,null,T1 (W) - East West Hwy,Point(-76.919208 17.984708),10
31 may 2025,JM,null,T1 (E) - East West Hwy,Point(-77.112816 17.932022),6
31 may 2025,JM,null,T1 (E) - East West Hwy,Point(-77.227902 17.936243),6
31 may 2025,JM,null,A4 - Dover to Agualta Vale Rd,Point(-76.730703 18.263177),7
31 may 2025,JM,null,T3 - Edward Seaga Highway,Point(-77.124159 18.284813),7
31 may 2025,JM,null,T3 - Edward Seaga Highway,Point(-76.972775 18.041766),5
31 may 2025,JM,May Pen,Glenmuir Rd,Point(-77.253743 17.961493),5
31 may 2025,JM,null,Gutters to Downs Rd,Point(-77.574368 17.975654),6
31 may 2025,JM,Spanish Town,McVickers Ln,Point(-76.971931 17.98806),6
31 may 2025,JM,Glasgow,B9 - Riley to Glasgow (via Dias) Rd,Point(-78.202693 18.358913),5
31 may 2025,JM,null,A2 - Old Harbour Rd,Point(-77.023396 17.970853),5
31 may 2025,JM,Meadowbrook,Fairdene Ave,Point(-76.818533 18.043111),6
31 may 2025,JM,null,A1 - North Coast Highway,Point(-77.518267 18.466006),5
31 may 2025,JM,null,A1 - North Coast Hwy,Point(-77.381409 18.463288),5
31 may 2025,JM,Kingston 10,East Rd,Point(-76.812659 18.003783),7
31 may 2025,JM,null,T3 - Edward Seaga Highway,Point(-77.168474 18.398952),7
31 may 2025,JM,null,B6,Point(-77.684301 18.173713),5
31 may 2025,JM,Tower Isle,A3 - Oracabessa to White River Rd,Point(-77.00725 18.409379),5
31 may 2025,JM,null,A1 - North Coast Highway,Point(-77.741783 18.511861),5
31 may 2025,JM,null,T1 - East West Hwy,Point(-76.894272 18.008408),6
31 may 2025,JM,null,T3 - Edward Seaga Highway,Point(-77.01212 18.088022),10
31 may 2025,JM,Spanish Town,Barrett St,Point(-76.952793 17.994435),5
31 may 2025,JM,null,T3 - Edward Seaga Highway,Point(-77.152772 18.351429),10
31 may 2025,JM,null,T3 - Edward Seaga Highway,Point(-77.1383 18.317136),9
31 may 2025,JM,null,T3 - Edward Seaga Highway,Point(-77.037544 18.197426),7
31 may 2025,JM,null,T1 (W) - East West Hwy,Point(-76.895528 18.000957),7
31 may 2025,JM,null,T1 > Portmore & Kingston,Point(-76.962239 17.973539),6
31 may 2025,JM,null,T1 (E) - East West Hwy,Point(-76.998513 17.970828),6
31 may 2025,JM,null,T3 - Edward Seaga Highway,Point(-76.908252 18.011218),7
31 may 2025,JM,Keystone,Sligoville Main Rd,Point(-76.944696 18.019667),5
31 may 2025,JM,Spanish Town,White Church St,Point(-76.953202 17.994566),5
31 may 2025,JM,null,T3 - Edward Seaga Highway,Point(-77.054804 18.207671),6
31 may 2025,JM,null,T3 - Edward Seaga Highway,Point(-76.954522 18.032501),5
31 may 2025,JM,null,T3 - Edward Seaga Highway,Point(-77.122872 18.281946),5
31 may 2025,JM,null,T1 - East West Hwy,Point(-76.894997 18.004225),5
31 may 2025,JM,null,T3 - Edward Seaga Highway,Point(-77.15421 18.352821),5
31 may 2025,JM,Kingston 6,Old Hope Rd,Point(-76.774028 18.007251),5
31 may 2025,JM,null,T1 (W) - East West Hwy,Point(-77.396643 17.995447),6
31 may 2025,JM,null,A2 E - Dunrobin Ave,Point(-76.800818 18.025524),7
31 may 2025,JM,Runaway Bay,A1 - North Coast Hwy,Point(-77.338367 18.462897),5
31 may 2025,JM,Rose Hall,A1 - North Coast Highway,Point(-77.816049 18.520128),5
31 may 2025,JM,null,T3 - Edward Seaga Highway,Point(-77.121977 18.273692),7
31 may 2025,JM,null,A2 - Greenvale Rd,Point(-77.531076 18.03828),5
31 may 2025,JM,null,A1 - North Coast Highway,Point(-77.754384 18.511503),5
31 may 2025,JM,Mandeville,Manchester Rd,Point(-77.498171 18.013369),5
31 may 2025,JM,Spanish Town,Ferdie Nieta Blvd,Point(-76.942473 17.996705),6
31 may 2025,JM,Blackness,Town Head to Blackness Rd,Point(-78.132977 18.31258),5
31 may 2025,JM,null,T3 - Edward Seaga Highway,Point(-77.03399 18.15975),5
31 may 2025,JM,Mandeville,Caledonia Rd,Point(-77.489034 18.04769),5
31 may 2025,JM,null,A2 - Old Harbour Rd,Point(-76.978479 17.990738),7
31 may 2025,JM,null,T3 - Edward Seaga Highway,Point(-77.142387 18.33271),7
31 may 2025,JM,null,T1 (W) - East West Hwy,Point(-77.13271 17.926107),6
31 may 2025,JM,null,T3 - Edward Seaga Highway,Point(-77.072366 18.215295),7
31 may 2025,JM,null,B8 - Shettlewood to Mackfield Rd,Point(-77.977981 18.34923),5
31 may 2025,JM,null,T1 (E) - East West Hwy,Point(-77.214707 17.933101),8
31 may 2025,JM,Mosquito Cove,A1 - Kew Bridge to Lucea Rd,Point(-78.110897 18.442984),5
31 may 2025,JM,null,T1 (E) - East West Hwy,Point(-76.896729 17.997601),6
31 may 2025,JM,null,A2 E - Dunrobin Ave,Point(-76.801282 18.025637),10
31 may 2025,JM,null,Wellington Dr,Point(-76.762185 18.014947),7
31 may 2025,JM,null,A4 - Harbour View to Bull Bay Rd,Point(-76.673505 17.941148),6
31 may 2025,JM,null,A2 - Old Harbour Rd,Point(-76.986097 17.988325),5
31 may 2025,JM,null,A1 - North Coast Highway,Point(-77.398554 18.460702),8
31 may 2025,JM,Kingston 8,Merrivale Ave,Point(-76.803776 18.033874),5
31 may 2025,JM,null,A1 - North Coast Highway,Point(-77.636167 18.478178),5
31 may 2025,JM,Drax Hall Estate,null,Point(-77.182013 18.439353),5
31 may 2025,JM,Knockpatrick,null,Point(-77.491349 17.989337),5
31 may 2025,JM,Mount Carey,B8 - Anchovy to Shettlewood Rd,Point(-77.934155 18.386969),5
31 may 2025,JM,Linton Park,Retirement to Linton Park Rd,Point(-77.397922 18.284343),5
31 may 2025,JM,null,A1 - Bog Walk Gorge,Point(-76.982003 18.055259),7
31 may 2025,JM,null,A3 - Broadgate to Toms River Rd,Point(-76.812873 18.209245),5
31 may 2025,JM,Seven Rivers,null,Point(-77.919627 18.34457),5
31 may 2025,JM,Kingston 10,null,Point(-76.795958 18.029109),5
31 may 2025,JM,null,A1 - North Coast Highway,Point(-77.633227 18.480162),5
31 may 2025,JM,null,A1 - Bog Walk Gorge,Point(-76.981357 18.050306),5
31 may 2025,JM,null,A2 - Old Harbour Rd,Point(-77.057633 17.949138),5
31 may 2025,JM,null,A1 - Kew Bridge to Lucea Rd,Point(-78.116001 18.453705),10
31 may 2025,JM,Runaway Bay,A1 - North Coast Hwy,Point(-77.345086 18.461696),5
31 may 2025,JM,null,B8 - Anchovy to Shettlewood Rd,Point(-77.933334 18.364292),5
31 may 2025,JM,Kingston 6,Hope Rd,Point(-76.770459 18.020899),6
31 may 2025,JM,null,T3 - Edward Seaga Highway,Point(-77.155989 18.355047),5
31 may 2025,JM,Spur Tree,A2 - Spur Tree Rd,Point(-77.577906 18.009718),5
31 may 2025,JM,null,T3 - Edward Seaga Highway,Point(-76.922112 18.027622),10
31 may 2025,JM,null,T3 - Edward Seaga Highway,Point(-76.949175 18.029316),10
31 may 2025,JM,Six Miles,A2 (E) - Washington Blvd,Point(-76.821294 18.025533),6
31 may 2025,JM,null,T3 - Edward Seaga Highway,Point(-77.040304 18.136019),7
31 may 2025,JM,null,T3 - Edward Seaga Highway,Point(-77.040661 18.133755),5
31 may 2025,JM,null,Old Stony Hill Rd,Point(-76.800522 18.077534),6
31 may 2025,JM,null,T3 - Edward Seaga Highway,Point(-77.155562 18.354314),5
31 may 2025,JM,Lacovia,A2 - Luana to Tombstone Rd,Point(-77.77446 18.096281),5
31 may 2025,JM,null,New Forest to Downs Rd,Point(-77.568125 17.924412),5
31 may 2025,JM,Downtown Kingston,Harbour St,Point(-76.786082 17.965601),5
31 may 2025,JM,null,A4 - South Coast Hwy,Point(-76.624503 17.907622),7
31 may 2025,JM,null,A1 - North Coast Highway,Point(-77.507804 18.464585),6
31 may 2025,JM,null,T3 - Edward Seaga Highway,Point(-77.032738 18.155979),5
31 may 2025,JM,null,T3 - Edward Seaga Highway,Point(-77.077935 18.218934),7
31 may 2025,JM,null,T3 - Edward Seaga Highway,Point(-77.011444 18.085009),5
31 may 2025,JM,Kingston 10,A3 (N) - Constant Spring Rd,Point(-76.795969 18.030309),5
31 may 2025,JM,null,T3 - Edward Seaga Highway,Point(-77.010083 18.09623),10
31 may 2025,JM,null,Dyke Rd,Point(-76.876333 18.002741),5
31 may 2025,JM,Bull Bay,A4 - Southern Coastal Highway,Point(-76.663067 17.941177),6
31 may 2025,JM,Portmore,Municipal Blvd,Point(-76.90113 17.964381),5
31 may 2025,JM,null,Red Hills Rd,Point(-76.804888 18.025332),6
31 may 2025,JM,Baptist,A2 - Luana to Tombstone Rd,Point(-77.847922 18.091028),5
31 may 2025,JM,null,A1 - North Coast Highway,Point(-77.614162 18.481468),6
31 may 2025,JM,Browns Town,B3 - Main St,Point(-77.367236 18.393104),5
31 may 2025,JM,Temple Hall,A3 - Junction Main Rd,Point(-76.807817 18.097131),6
31 may 2025,JM,null,Michael Manley Blvd,Point(-76.753303 17.969187),5
31 may 2025,JM,Angels,A1,Point(-76.980363 18.043463),5
31 may 2025,JM,Agualta Vale,A4 - Dover to Agualta Vale Rd,Point(-76.790687 18.266364),5
31 may 2025,JM,null,A1 - North Coast Highway,Point(-77.631497 18.480887),6
31 may 2025,JM,null,Gazeland to Nain Road,Point(-77.604275 17.950495),7
31 may 2025,JM,null,T1 (E) - East West Hwy,Point(-76.927444 17.980199),6
31 may 2025,JM,null,A2 W - Washington Blvd,Point(-76.810018 18.027321),6
31 may 2025,JM,null,T3 - Edward Seaga Highway,Point(-77.119122 18.264148),6
31 may 2025,JM,null,T3 - Edward Seaga Highway,Point(-77.039467 18.137653),5
31 may 2025,JM,Knockpatrick,null,Point(-77.493539 17.989334),5
31 may 2025,JM,Rose Hall,A1 - North Coast Highway,Point(-77.812533 18.519858),5
31 may 2025,JM,null,T3 - Edward Seaga Highway,Point(-77.032197 18.152795),5
31 may 2025,JM,Santa Cruz,A2 - Santa Cruz Main St,Point(-77.700096 18.054015),5
31 may 2025,JM,null,Molynes Rd,Point(-76.821261 18.042352),8
31 may 2025,JM,null,A1 - Spanish Town By-pass Rd,Point(-76.978071 18.012829),7
31 may 2025,JM,null,T1 (W) - East West Hwy,Point(-77.036892 17.95459),6
31 may 2025,JM,null,A1 - Walks Rd,Point(-76.974902 18.018328),5
31 may 2025,JM,null,A1 - Walks Rd,Point(-76.97484 18.017919),5
31 may 2025,JM,null,A3 - North Coast Highway,Point(-77.157555 18.423221),5
31 may 2025,JM,Spanish Town,Manchester St,Point(-76.958962 17.994927),5
31 may 2025,JM,Middle Quarters,A2 - Luana to Tombstone Rd,Point(-77.811488 18.113735),10
31 may 2025,JM,Spanish Town,Ferdie Nieta Blvd,Point(-76.942245 17.996738),10
31 may 2025,JM,null,A4 - Sir Florizel Glaspole Blvd,Point(-76.741022 17.968393),10
31 may 2025,JM,null,T3 - Edward Seaga Highway,Point(-76.925652 18.027739),9
31 may 2025,JM,Shettle Wood,B8 - Shettlewood to Mackfield Rd,Point(-77.958427 18.34706),6
31 may 2025,JM,Seaview Gardens,Chesterfield Dr,Point(-76.837006 18.005855),7
31 may 2025,JM,Montego Bay,Queens Dr,Point(-77.925651 18.47882),5
31 may 2025,JM,Belmont,A2 - Smithfield Bridge to Scotts Cove Rd,Point(-78.031701 18.154569),5
31 may 2025,JM,Kingston 10,West Kings House Rd,Point(-76.794008 18.021342),7
31 may 2025,JM,Kingston,A2 (W) - Washington Blvd,Point(-76.820612 18.02557),5
31 may 2025,JM,Runaway Bay,A1 - North Coast Hwy,Point(-77.34168 18.462306),5
31 may 2025,JM,Church Pen,A2 - Old Harbour Rd,Point(-77.081742 17.943948),5
31 may 2025,JM,null,A1 (W) - Nelson Mandela Highway,Point(-76.88824 18.015741),6
31 may 2025,JM,null,A2 - Bartletts River to Sheffield-Negril,Point(-78.266646 18.251393),5
31 may 2025,JM,null,Morant Bay to Station Rd,Point(-76.404267 17.888575),5
31 may 2025,JM,null,T3 - Edward Seaga Highway,Point(-77.147821 18.345468),5
31 may 2025,JM,null,Passage Fort Dr,Point(-76.864712 17.984365),5
31 may 2025,JM,null,Worchester Dr,Point(-76.980305 17.985227),5
31 may 2025,JM,Tower Isle,A3 - Oracabessa to White River Rd,Point(-77.038926 18.420154),5
31 may 2025,JM,Middle Quarters,A2 - Luana to Tombstone Rd,Point(-77.821679 18.108818),5
31 may 2025,JM,Six Miles,A2 (E) - Washington Blvd,Point(-76.820115 18.025848),5
31 may 2025,JM,null,A3 - North Coast Highway,Point(-77.15935 18.423477),5
31 may 2025,JM,null,A3 - Broadgate to Toms River Rd,Point(-76.813821 18.208886),6
31 may 2025,JM,Kingston,A2 (W) - Washington Blvd,Point(-76.82102 18.02547),5
31 may 2025,JM,null,A1 (E) - Nelson Mandela Highway,Point(-76.865326 18.025865),6
31 may 2025,JM,Portmore,Municipal Blvd,Point(-76.897907 17.966937),5
31 may 2025,JM,null,T3 - Edward Seaga Highway,Point(-77.040292 18.114189),5
31 may 2025,JM,Grants Pen (Kingston),Shortwood Ln,Point(-76.789446 18.033874),5
31 may 2025,JM,null,A1 - Kew Bridge to Great River Rd,Point(-78.073336 18.451241),10
31 may 2025,JM,null,T1 (E) - East West Hwy,Point(-77.295967 17.959376),5
31 may 2025,JM,null,Marcus Garvey Dr,Point(-76.809367 17.9722),5
31 may 2025,JM,null,Suarez Cl,Point(-76.760801 18.015476),5
31 may 2025,JM,null,A1 - Bog Walk Gorge,Point(-76.985228 18.059316),5
31 may 2025,JM,null,T1 (W) - East West Hwy,Point(-76.896127 17.998984),5
31 may 2025,JM,Kingston 20,null,Point(-76.821742 18.025582),6
31 may 2025,JM,Montego Bay,Queens Dr,Point(-77.926705 18.485566),6
31 may 2025,JM,null,Old Hope Rd,Point(-76.765369 18.019584),5
31 may 2025,JM,Belvedere (St. Andrew),Belvedere Rd,Point(-76.850652 18.048258),6
31 may 2025,JM,null,T3 - Edward Seaga Highway,Point(-77.14711 18.344011),5
31 may 2025,JM,null,A1 - Bog Walk Gorge,Point(-76.981069 18.054497),8
31 may 2025,JM,null,T1 (E) - East West Hwy,Point(-77.136873 17.922765),8
31 may 2025,JM,null,Waltham Park Rd,Point(-76.81092 18.016695),5
31 may 2025,JM,Three Miles,Spanish Town Rd,Point(-76.826339 17.999338),5
31 may 2025,JM,Olympic Gardens,Seaward Dr,Point(-76.820924 18.021153),10
31 may 2025,JM,Kingston 20,Colback Ave,Point(-76.830206 18.031717),7
31 may 2025,JM,Lakes Pen,Lakes Pen Main Rd,Point(-76.928272 17.98439),7
31 may 2025,JM,null,A1 (W) - Nelson Mandela Highway,Point(-76.875853 18.023632),5
31 may 2025,JM,Bog Hole,B3 - Trout Hall to Chapelton Rd,Point(-77.355633 18.200765),5
31 may 2025,JM,Angels,A1,Point(-76.980751 18.036162),5
31 may 2025,JM,null,T3 - Edward Seaga Highway,Point(-77.008379 18.083257),6
31 may 2025,JM,Spanish Town,Brunswick Ave,Point(-76.972874 18.013637),5
31 may 2025,JM,Millsborough,Dillsbury Ave,Point(-76.766267 18.030735),5
31 may 2025,JM,null,Main St,Point(-77.238364 17.963299),5
31 may 2025,JM,null,Black River to Pedro Cross Rd,Point(-77.750932 17.933112),5
31 may 2025,JM,null,T3 - Edward Seaga Highway,Point(-77.040624 18.133138),5
31 may 2025,JM,Luana,A2 - Luana to Tombstone Rd,Point(-77.854851 18.084409),6
31 may 2025,JM,null,A1 - Spanish Town Rd,Point(-76.829287 18.002036),8
31 may 2025,JM,Port Maria,A3 - Stennett St,Point(-76.893866 18.365588),5
31 may 2025,JM,Kirby Hill,null,Point(-76.512518 18.143799),5
31 may 2025,JM,null,A2 E - Dunrobin Ave,Point(-76.802521 18.025966),6
31 may 2025,JM,New Kingston,Trafalgar Rd,Point(-76.779557 18.007158),10
31 may 2025,JM,null,A1 - Green Island to Negril Rd,Point(-78.338091 18.365374),7
31 may 2025,JM,Hope Bay,A4 - Rio Grande to Hope Bay Rd,Point(-76.546481 18.195899),5
31 may 2025,JM,null,T1 (E) - East West Hwy,Point(-76.937115 17.977096),10
31 may 2025,JM,null,A1 - Dr. Aston King Highway,Point(-77.974985 18.451904),5
31 may 2025,JM,Spur Tree,A2 - Spur Tree Rd,Point(-77.561094 17.994506),5
31 may 2025,JM,null,T3 - Edward Seaga Highway,Point(-76.913727 18.018921),6
31 may 2025,JM,Kingston 6,Seaview Ave,Point(-76.77491 18.010506),7
31 may 2025,JM,Spur Tree,A2 - Spur Tree Rd,Point(-77.5832 18.014897),5
31 may 2025,JM,null,T3 - Edward Seaga Highway,Point(-77.141174 18.307315),5
31 may 2025,JM,Spur Tree,A2 - Spur Tree Rd,Point(-77.581615 18.004826),5
31 may 2025,JM,null,T1 (W) - East West Hwy,Point(-77.037742 17.954477),5
31 may 2025,JM,null,T3 - Edward Seaga Highway,Point(-77.024287 18.099904),5
31 may 2025,JM,Negril,A1 - Norman Manley Blvd,Point(-78.339822 18.35637),5
31 may 2025,JM,Sandy Ground,Brompton Rd,Point(-77.898476 18.055985),5
31 may 2025,JM,Anchovy,B8 - Anchovy to Shettlewood Rd,Point(-77.934005 18.409387),8
31 may 2025,JM,null,T3 - Edward Seaga Highway,Point(-77.134493 18.327656),10
31 may 2025,JM,Middle Quarters,A2 - Luana to Tombstone Rd,Point(-77.811294 18.113731),7
31 may 2025,JM,Spur Tree,A2 - Spur Tree Rd,Point(-77.581273 18.003931),5
31 may 2025,JM,null,A2 - Winston Jones Hwy,Point(-77.46881 18.068884),6
31 may 2025,JM,Oracabessa,A3 - Oracabessa to White River Rd,Point(-76.950011 18.401108),5
31 may 2025,JM,null,A2 - Scotts Cove to Black River-Luana Rd,Point(-77.95123 18.059987),5
31 may 2025,JM,Half Way Tree,A3 - Eastwood Park Rd,Point(-76.796542 18.020886),5
31 may 2025,JM,null,T1 - East West Hwy,Point(-76.894939 18.004563),10
31 may 2025,JM,null,T3 - Edward Seaga Highway,Point(-77.158699 18.411357),10
31 may 2025,JM,null,Bernard Lodge Main Rd,Point(-76.936586 17.984154),5
31 may 2025,JM,null,A1 - Spanish Town Rd,Point(-76.843552 18.01514),5
31 may 2025,JM,null,T1 - East West Hwy,Point(-77.111049 17.932176),10
31 may 2025,JM,Runaway Bay,A1 - North Coast Hwy,Point(-77.348015 18.460796),8
31 may 2025,JM,null,A1 - North Coast Highway,Point(-77.55637 18.471963),5
31 may 2025,JM,null,A4 - Harbour View to Bull Bay Rd,Point(-76.673786 17.941235),7
31 may 2025,JM,Montego Bay,A1 - Howard Cook Blvd,Point(-77.924673 18.475894),6
31 may 2025,JM,null,A1 (W) - Nelson Mandela Highway,Point(-76.85918 18.025842),6
31 may 2025,JM,Montego Bay,Queens Dr,Point(-77.925495 18.487101),5
31 may 2025,JM,null,null,Point(-77.207529 18.43963),6
31 may 2025,JM,null,Michael Manley Blvd,Point(-76.751458 17.969338),7
31 may 2025,JM,Spur Tree,A2 - Spur Tree Rd,Point(-77.562644 17.995062),10
31 may 2025,JM,null,T3 - Edward Seaga Highway,Point(-77.039502 18.185898),5
31 may 2025,JM,null,T3 - Edward Seaga Highway,Point(-77.00218 18.080365),8
31 may 2025,JM,null,T3 - Edward Seaga Highway,Point(-77.118893 18.263938),5
31 may 2025,JM,null,A4 - Hope Bay to Orange Bay Rd,Point(-76.584359 18.208288),5
31 may 2025,JM,Kingston 10,Wentworth Ave,Point(-76.800695 18.031797),6
31 may 2025,JM,Mount Ogle,St. Christopher to Glengoffe Rd,Point(-76.845153 18.126072),5
31 may 2025,JM,null,A1 - North Coast Highway,Point(-77.880351 18.515401),5
31 may 2025,JM,Delacree Pen,East Bell Rd,Point(-76.819095 17.989174),5
31 may 2025,JM,Montego Bay,Queens Dr,Point(-77.924641 18.48845),6
31 may 2025,JM,null,T1 - East West Hwy,Point(-77.111664 17.932096),5
31 may 2025,JM,null,B7,Point(-77.954525 18.238688),5
31 may 2025,JM,Havendale,Havendale Dr,Point(-76.812342 18.046361),6
31 may 2025,JM,null,T1 (E) - East West Hwy,Point(-77.343184 17.959103),6
31 may 2025,JM,Middle Quarters,A2 - Luana to Tombstone Rd,Point(-77.816224 18.113535),5
31 may 2025,JM,Downtown Kingston,Port Royal St,Point(-76.795973 17.965876),5
31 may 2025,JM,null,T3 - Edward Seaga Highway,Point(-77.140922 18.308239),5
31 may 2025,JM,null,Newmarket to Carmel Rd,Point(-77.931471 18.160819),5
31 may 2025,JM,null,A1 - North Coast Highway,Point(-77.865675 18.520996),7
31 may 2025,JM,Sydenham,York Dr,Point(-76.988873 17.984271),5
31 may 2025,JM,Tryall (Hanover),A1 - Kew Bridge to Great River Rd,Point(-78.062916 18.452602),6
31 may 2025,JM,Half Way Tree,Twin Gates Plaza,Point(-76.795765 18.017418),5
31 may 2025,JM,Spur Tree,A2 - Spur Tree Rd,Point(-77.577871 18.009637),5
31 may 2025,JM,Tryall (Hanover),A1 - Kew Bridge to Great River Rd,Point(-78.055175 18.450185),7
31 may 2025,JM,null,T3 - Edward Seaga Highway,Point(-77.113619 18.254119),5
31 may 2025,JM,null,B6,Point(-77.925904 18.365915),5
31 may 2025,JM,Kingston 5,Lincoln Cr,Point(-76.799194 17.99298),6
31 may 2025,JM,null,T1 (E) - East West Hwy,Point(-77.197552 17.932734),6
31 may 2025,JM,null,T3 - Edward Seaga Highway,Point(-77.146221 18.341435),10
31 may 2025,JM,null,T3 - Edward Seaga Highway,Point(-76.994847 18.070725),5
31 may 2025,JM,null,T1 (E) - East West Hwy,Point(-77.323186 17.955728),6
31 may 2025,JM,Kensington (St. James),Springfield to Kensington Rd,Point(-77.831717 18.369245),5
31 may 2025,JM,Downtown Kingston,Harbour St,Point(-76.786978 17.965678),6
31 may 2025,JM,Rose Hall,A1 - North Coast Highway,Point(-77.838762 18.521813),5
31 may 2025,JM,null,A1 - Lucea to Green Island Rd,Point(-78.216096 18.449665),9
31 may 2025,JM,Kingston 19,Hills View Ter,Point(-76.818441 18.038407),5
31 may 2025,JM,null,A1 - Walks Rd,Point(-76.977619 18.027129),5
31 may 2025,JM,null,Marcus Garvey Dr,Point(-76.806326 17.969745),5
31 may 2025,JM,Baptist,A2 - Luana to Tombstone Rd,Point(-77.846778 18.091928),5
31 may 2025,JM,Lakes Pen,Lakes Pen Main Rd,Point(-76.92858 17.984372),5
31 may 2025,JM,Middle Quarters,A2 - Luana to Tombstone Rd,Point(-77.825439 18.105342),5
31 may 2025,JM,null,Marcus Garvey Dr,Point(-76.819827 17.981457),7
31 may 2025,JM,null,A3 - Ocho Rios Byp,Point(-77.083914 18.410192),8
31 may 2025,JM,null,A2 - Smithfield Rd,Point(-78.121053 18.224224),6
31 may 2025,JM,null,A3,Point(-76.897819 18.407471),5
31 may 2025,JM,null,A1 - Kew Bridge to Great River Rd,Point(-78.076399 18.450778),10
31 may 2025,JM,null,A2 - Scotts Cove to Black River-Luana Rd,Point(-77.923676 18.04412),7
31 may 2025,JM,St. Margaret's Bay,A4 - Rio Grande to Hope Bay Rd,Point(-76.513298 18.200427),5
31 may 2025,JM,Elim,Braes River to Newton Rd,Point(-77.692313 18.126109),7
31 may 2025,JM,Chudleigh,B5 - Shooters Hill to Caines Shop Rd,Point(-77.493504 18.142196),5
31 may 2025,JM,Belvedere (St. Andrew),Belvedere Rd,Point(-76.85085 18.048563),5
31 may 2025,JM,null,B8 - Anchovy to Shettlewood Rd,Point(-77.933229 18.376534),8
31 may 2025,JM,Portmore,Municipal Blvd,Point(-76.900889 17.964573),6
31 may 2025,JM,Greenock,B3 - Trout Hall to Chapelton Rd,Point(-77.362593 18.216292),5
31 may 2025,JM,Heartease (Manchester),Caledonia Road,Point(-77.477961 18.056107),5
31 may 2025,JM,null,Arthur Wint Dr,Point(-76.778273 18.000828),5
31 may 2025,JM,Kingston 6,Hope Rd,Point(-76.770762 18.02095),7
31 may 2025,JM,null,Old Hope Rd,Point(-76.762826 18.01861),5
31 may 2025,JM,Port Henderson,Fort Augusta Dr,Point(-76.878512 17.951852),9
31 may 2025,JM,Kingsland (Manchester),Kingsland Main Rd,Point(-77.542609 18.012922),10
31 may 2025,JM,null,Salt Pond Rd,Point(-76.941154 17.972814),7
31 may 2025,JM,null,A1 - River Rd,Point(-76.995167 18.088661),5
31 may 2025,JM,Vineyard Town,Antrim Rd,Point(-76.772856 17.993272),5
31 may 2025,JM,Lucea,A1 - Church St,Point(-78.168666 18.449998),8
31 may 2025,JM,Spanish Town,Brunswick Ave,Point(-76.972689 18.013309),5
31 may 2025,JM,null,A2 - Old Harbour Rd,Point(-76.983958 17.98916),5
31 may 2025,JM,Kingston 6,Hope Rd,Point(-76.770491 18.020904),10
31 may 2025,JM,Portmore,Municipal Blvd,Point(-76.902133 17.962959),10
31 may 2025,JM,null,Red Hills Rd,Point(-76.805822 18.02796),8
31 may 2025,JM,null,A4 - Harbour View to Bull Bay Rd,Point(-76.695088 17.94661),10
31 may 2025,JM,Irish Pen,Job Ln,Point(-76.976726 18.010081),5
31 may 2025,JM,Cedar Grove,Manchester Rd,Point(-77.499096 18.011783),5
31 may 2025,JM,Blackness,Town Head to Blackness Rd,Point(-78.135333 18.311722),5
31 may 2025,JM,null,null,Point(-76.774514 18.002558),5
31 may 2025,JM,Half Way Tree,A3 - Constant Spring Rd,Point(-76.797781 18.012335),5
31 may 2025,JM,null,A1 - North Coast Highway,Point(-77.735466 18.51087),6
31 may 2025,JM,null,T3 - Edward Seaga Highway,Point(-77.122093 18.280345),5
31 may 2025,JM,null,T3 - Edward Seaga Highway,Point(-77.009612 18.095244),6
31 may 2025,JM,null,A1 - Spanish Town By-pass Rd,Point(-76.965147 17.991637),5
31 may 2025,JM,null,A1 - North Coast Highway,Point(-77.562947 18.472325),6
31 may 2025,JM,Port Maria,A3,Point(-76.895613 18.386669),6
31 may 2025,JM,null,T3 - Edward Seaga Highway,Point(-77.010798 18.096853),7
31 may 2025,JM,Grange Pen,null,Point(-77.757647 18.510045),5
31 may 2025,JM,null,A1 (E) - Nelson Mandela Highway,Point(-76.89827 18.009147),8
31 may 2025,JM,Maxfield Park,Maxfield Pk,Point(-76.807961 17.999565),5
31 may 2025,JM,Point,A1 - Kew Bridge to Great River Rd,Point(-78.137097 18.459435),6
31 may 2025,JM,null,T3 - Edward Seaga Highway,Point(-77.161441 18.368495),7
31 may 2025,JM,null,A1 - North Coast Highway,Point(-77.780127 18.516516),5
31 may 2025,JM,Lacovia,A2 - Luana to Tombstone Rd,Point(-77.772481 18.095274),5
31 may 2025,JM,null,A2 (W) - Melrose Hill Byp,Point(-77.438163 18.044199),7
31 may 2025,JM,May Pen,null,Point(-77.257593 17.983973),5
31 may 2025,JM,null,Naggo Head Dr,Point(-76.895728 17.962901),5
31 may 2025,JM,null,A1 - North Coast Highway,Point(-77.586658 18.475178),9
31 may 2025,JM,null,A1 - North Coast Highway,Point(-77.631876 18.480749),5
31 may 2025,JM,null,A1 - North Coast Hwy,Point(-77.370801 18.461277),6
31 may 2025,JM,Middle Quarters,A2 - Luana to Tombstone Rd,Point(-77.825557 18.105266),5
31 may 2025,JM,null,T2 Kingston - Portmore Toll Rd,Point(-76.84177 17.990454),10
31 may 2025,JM,Liguanea,Munroe Rd,Point(-76.766787 18.01817),5
31 may 2025,JM,null,Municipal Blvd,Point(-76.895214 18.004689),10
31 may 2025,JM,null,Hope Rd,Point(-76.782403 18.018123),5
31 may 2025,JM,Spanish Town,Brunswick Ave,Point(-76.968139 18.006713),5
31 may 2025,JM,Toms River (St. Mary),A3 - Broadgate to Toms River Rd,Point(-76.829743 18.15899),5
31 may 2025,JM,Point,A1 - Kew Bridge to Great River Rd,Point(-78.135305 18.458915),5
31 may 2025,JM,null,A1 - Walks Rd,Point(-76.978404 18.030167),5
31 may 2025,JM,null,Municipal Blvd,Point(-76.894265 18.003933),6
31 may 2025,JM,null,Red Hills Rd,Point(-76.810255 18.033243),5
31 may 2025,JM,null,A2 - Old Harbour Rd,Point(-76.981496 17.990084),6
31 may 2025,JM,Hopewell,A1 - Kew Bridge to Great River Rd,Point(-78.036954 18.453604),10
31 may 2025,JM,Angels,A1,Point(-76.980095 18.043158),6
31 may 2025,JM,Santa Cruz,A2 - Santa Cruz Main St,Point(-77.702696 18.054562),6
31 may 2025,JM,null,T3 - Edward Seaga Highway,Point(-77.088194 18.234469),5
31 may 2025,JM,Lucea,A1 - Seaview Dr,Point(-78.169186 18.438008),5
31 may 2025,JM,Montego Bay,A1 - Howard Cook Blvd,Point(-77.92396 18.466498),5
31 may 2025,JM,null,T3 - Edward Seaga Highway,Point(-77.12241 18.280831),6
31 may 2025,JM,Trench Town,null,Point(-76.803273 17.991119),5
31 may 2025,JM,null,T1 (W) - East West Hwy,Point(-77.25136 17.944224),9
31 may 2025,JM,null,T3 - Edward Seaga Highway,Point(-77.076586 18.218552),6
31 may 2025,JM,null,T3 - Edward Seaga Highway,Point(-77.0067 18.080783),10
31 may 2025,JM,Duhaney Park,Duhaney Dr,Point(-76.847148 18.029874),5
31 may 2025,JM,null,T1 (W) - East West Hwy,Point(-77.010253 17.964754),7
31 may 2025,JM,null,T1 (W) - East West Hwy,Point(-77.114854 17.931557),10
31 may 2025,JM,Middle Quarters,A2 - Luana to Tombstone Rd,Point(-77.813807 18.113508),5
31 may 2025,JM,null,T3 - Edward Seaga Highway,Point(-77.04022 18.184214),7
31 may 2025,JM,New Kingston,Grenada Cr,Point(-76.788136 18.008122),6
31 may 2025,JM,East Ascot,NE 21st Way,Point(-76.905094 17.955632),6
31 may 2025,JM,Angels,null,Point(-76.979826 18.039304),5
31 may 2025,JM,Meadowbrook,Vanguard Ave,Point(-76.82012 18.053531),5
31 may 2025,JM,null,A2 W,Point(-76.814506 18.027272),7
31 may 2025,JM,null,A2 - Tombstone to Gutters Rd,Point(-77.736887 18.07337),5
31 may 2025,JM,null,T2 Kingston - Portmore Toll Rd,Point(-76.849991 17.969403),9
31 may 2025,JM,null,A4 - South Coast Hwy,Point(-76.62493 17.915188),5
31 may 2025,JM,null,A2 - Old Harbour Rd,Point(-76.973201 17.991803),10
31 may 2025,JM,null,A3 - Oracabessa to White River Rd,Point(-77.046476 18.422091),5
31 may 2025,JM,Kingston,King St,Point(-76.791514 17.981759),5
31 may 2025,JM,null,A4 - Dover to Agualta Vale Rd,Point(-76.741786 18.268264),5
31 may 2025,JM,Rose Hall,A1 - North Coast Highway,Point(-77.845824 18.521448),10
31 may 2025,JM,null,A3 - North Coast Highway,Point(-77.152575 18.421241),5
31 may 2025,JM,Falmouth,null,Point(-77.649372 18.493794),5
31 may 2025,JM,Barbican,Barbican Rd,Point(-76.773799 18.030734),6
31 may 2025,JM,Beaufort,B7,Point(-77.949994 18.232249),5
31 may 2025,JM,Trench Town,First St,Point(-76.806061 17.985101),5
31 may 2025,JM,null,Hope Rd,Point(-76.781708 18.018458),7
31 may 2025,JM,Spur Tree,A2 - Spur Tree Rd,Point(-77.562928 17.995346),6
31 may 2025,JM,Gutters (St. Elizabeth),Gutters to Downs Rd,Point(-77.587826 17.991566),5
31 may 2025,JM,Prospect,Gutters to Downs Rd,Point(-77.582928 17.986269),5
31 may 2025,JM,Port Morant,A4 - Port Morant to Stokes Hall Rd,Point(-76.330377 17.891913),5
31 may 2025,JM,Kingsland (Manchester),Kingsland Main Rd,Point(-77.540517 18.014136),6
31 may 2025,JM,null,B8 - Long Hill Rd,Point(-77.949437 18.430042),6
31 may 2025,JM,null,T3 - Edward Seaga Highway,Point(-77.123858 18.284315),5
31 may 2025,JM,null,T3 - Edward Seaga Highway,Point(-77.064855 18.210466),7
31 may 2025,JM,Runaway Bay,A1 - North Coast Hwy,Point(-77.331434 18.462957),5
31 may 2025,JM,Downtown Kingston,Port Royal St,Point(-76.792541 17.965623),5
31 may 2025,JM,null,T3 - Edward Seaga Highway,Point(-77.121684 18.278781),9
31 may 2025,JM,null,A1 - Lucea to Green Island Rd,Point(-78.214232 18.451206),6
31 may 2025,JM,null,T3 - Edward Seaga Highway,Point(-76.982305 18.050507),10
31 may 2025,JM,null,A2 W - Dunrobin Ave,Point(-76.801982 18.025699),6
31 may 2025,JM,null,T3 - Edward Seaga Highway,Point(-76.99409 18.068523),8
31 may 2025,JM,Kingston 6,Seymour Ave,Point(-76.773916 18.01305),5
31 may 2025,JM,null,A1 - Kew Bridge to Great River Rd,Point(-78.102596 18.450569),5
31 may 2025,JM,null,A1 - North Coast Highway,Point(-77.401508 18.459917),10
31 may 2025,JM,null,A1 - Kew Bridge to Lucea Rd,Point(-78.11677 18.453841),5
31 may 2025,JM,Bog Walk,Linstead Main Rd,Point(-77.014516 18.117813),5
31 may 2025,JM,null,T1 (W) - East West Hwy,Point(-76.930875 17.978179),6
31 may 2025,JM,Temple Hall,A3 - Junction Main Rd,Point(-76.805625 18.096871),5
31 may 2025,JM,null,A3 - Ocho Rios Byp,Point(-77.070663 18.413859),8
31 may 2025,JM,null,null,Point(-76.796592 18.015741),6
31 may 2025,JM,Port Maria,A3,Point(-76.894839 18.393368),5
31 may 2025,JM,null,A1 - Kew Bridge to Lucea Rd,Point(-78.122081 18.455755),5
31 may 2025,JM,"Cromarty Grove, Spanish Town",Cromarty Dr,Point(-76.970476 17.984975),6
31 may 2025,JM,Windsor Castle (Portland),A4 - Orange Bay to Windsor Castle Rd,Point(-76.700744 18.260892),5
31 may 2025,JM,New Kingston,Brisbane Rd,Point(-76.783586 18.007076),6
31 may 2025,JM,Montego Bay,Queens Dr,Point(-77.926557 18.47949),5
31 may 2025,JM,null,A1 - North Coast Highway,Point(-77.402326 18.459651),7
31 may 2025,JM,null,T3 - Edward Seaga Highway,Point(-77.148496 18.346592),5
31 may 2025,JM,Kingsland (Manchester),Kingsland Main Rd,Point(-77.547917 18.009084),6
31 may 2025,JM,Cumberland (Portmore),Cumberland Blvd,Point(-76.881155 17.982702),9
31 may 2025,JM,null,Junction to Downs Rd,Point(-77.611983 17.905644),5
31 may 2025,JM,Lakes Pen,Lakes Pen Main Rd,Point(-76.933152 17.984558),5
31 may 2025,JM,Mineral Heights,Zinc Ave,Point(-77.232012 17.943299),5
31 may 2025,JM,Spanish Town,McVickers Ln,Point(-76.970769 17.986694),5
31 may 2025,JM,Six Miles,A2 (E) - Washington Blvd,Point(-76.819377 18.026073),6
31 may 2025,JM,null,A2 - Tombstone to Gutters Rd,Point(-77.717177 18.058184),6
31 may 2025,JM,null,T3 - Edward Seaga Highway,Point(-76.98223 18.050407),5
31 may 2025,JM,null,A1 - River Rd,Point(-76.984172 18.061463),5
31 may 2025,JM,Port Maria,A3 - Stennett St,Point(-76.8955 18.360424),5
31 may 2025,JM,null,T1 (W) - East West Hwy,Point(-76.99529 17.972203),6
31 may 2025,JM,null,A3 - North Coast Highway,Point(-77.150374 18.420978),5
31 may 2025,JM,null,T1 (W) - East West Hwy,Point(-76.994349 17.972489),8
31 may 2025,JM,null,Municipal Blvd,Point(-76.898758 17.956981),6
31 may 2025,JM,James Hill (Clarendon),James Hill to Mason River Rd,Point(-77.326728 18.168375),5
31 may 2025,JM,null,T1 (W) - East West Hwy,Point(-77.418817 18.023339),5
31 may 2025,JM,Lakes Pen,Lakes Pen Main Rd,Point(-76.932806 17.984525),9
31 may 2025,JM,Six Miles,A2 (E) - Washington Blvd,Point(-76.820951 18.025613),6
31 may 2025,JM,null,A2 - Greenvale Rd,Point(-77.531196 18.037971),5
31 may 2025,JM,null,A2 - Spur Tree Rd,Point(-77.559415 17.995885),10
31 may 2025,JM,Spur Tree,A2 - Spur Tree Rd,Point(-77.583346 18.018369),5
31 may 2025,JM,null,T1 (W) - East West Hwy,Point(-77.40184 18.000617),8
31 may 2025,JM,Oracabessa,A3 - Oracabessa to White River Rd,Point(-76.950046 18.401163),6
31 may 2025,JM,Oracabessa,A3 - Vermon Ave,Point(-76.945803 18.405563),5
31 may 2025,JM,null,T1 (E) - East West Hwy,Point(-77.005313 17.96737),6
31 may 2025,JM,null,T3 - Edward Seaga Highway,Point(-77.153516 18.414884),7
31 may 2025,JM,Kingston 19,Emerald Dr,Point(-76.819221 18.038907),5
31 may 2025,JM,Caines Shop,B5 - Shooters Hill to Caines Shop Rd,Point(-77.501661 18.152494),5
31 may 2025,JM,null,T3 - Edward Seaga Highway,Point(-77.05435 18.207539),10
31 may 2025,JM,null,T3 - Edward Seaga Highway,Point(-77.157728 18.385491),7
31 may 2025,JM,null,T3 - Edward Seaga Highway,Point(-77.165086 18.390766),5
31 may 2025,JM,null,A1 - North Coast Highway,Point(-77.222098 18.444647),5
31 may 2025,JM,null,A1 - North Coast Highway,Point(-77.809664 18.519604),8
31 may 2025,JM,null,T3 - Edward Seaga Highway,Point(-77.106733 18.248044),10
31 may 2025,JM,Meadowbrook,Fairdene Ave,Point(-76.818229 18.043185),8
31 may 2025,JM,Downtown Kingston,Water Ln,Point(-76.797043 17.966802),7
31 may 2025,JM,null,A4 - Grants Pen to Albion Rd,Point(-76.611017 17.897104),8
31 may 2025,JM,null,T3 - Edward Seaga Highway,Point(-77.13342 18.326237),10
31 may 2025,JM,null,T3 - Edward Seaga Highway,Point(-77.009609 18.093234),5
31 may 2025,JM,null,A1 - Walks Rd,Point(-76.974783 18.017513),5
31 may 2025,JM,Half Way Tree,A3 - Constant Spring Rd,Point(-76.797955 18.013353),7
31 may 2025,JM,null,A1 - North Coast Highway,Point(-77.572165 18.472645),7
31 may 2025,JM,Temple Hall,A3 - Junction Main Rd,Point(-76.824445 18.112371),5
31 may 2025,JM,Pepper,Pepper Main Rd,Point(-77.614443 18.031141),5
31 may 2025,JM,Kew,A1 - Kew Bridge to Lucea Rd,Point(-78.153305 18.442749),6
31 may 2025,JM,null,B8 - Anchovy to Shettlewood Rd,Point(-77.937901 18.356936),5
31 may 2025,JM,Baptist,A2 - Luana to Tombstone Rd,Point(-77.85443 18.085297),6
31 may 2025,JM,null,A1 - Green Island to Negril Rd,Point(-78.336697 18.366852),5
31 may 2025,JM,null,A1 - North Coast Highway,Point(-77.750508 18.512093),8
31 may 2025,JM,null,T3 - Edward Seaga Highway,Point(-77.055095 18.207755),7
31 may 2025,JM,Liguanea,Munroe Rd,Point(-76.765932 18.019106),5
31 may 2025,JM,null,Port Henderson Rd,Point(-76.887183 17.957738),5
31 may 2025,JM,null,T1 (E) - East West Hwy,Point(-76.920069 17.984789),6
31 may 2025,JM,null,A1 - Spanish Town By-pass Rd,Point(-76.978068 18.012877),5
31 may 2025,JM,null,B5 - Albert Town to Stettin Rd,Point(-77.536536 18.272503),5
31 may 2025,JM,Spanish Town,Twickenham Dr,Point(-76.943174 17.997566),5
31 may 2025,JM,null,Waltham Park Rd,Point(-76.81005 18.017696),5
31 may 2025,JM,Montego Bay,null,Point(-77.911267 18.507234),5
31 may 2025,JM,null,A1 (W) - Nelson Mandela Highway,Point(-76.858981 18.025845),10
31 may 2025,JM,null,T3 - Edward Seaga Highway,Point(-77.123941 18.284454),9
31 may 2025,JM,null,Ottawa Ave,Point(-76.76182 18.017291),5
31 may 2025,JM,Providence,null,Point(-77.886995 18.5124),5
31 may 2025,JM,null,A1 - Green Island to Negril Rd,Point(-78.335049 18.368155),5
31 may 2025,JM,Kingsland (Manchester),A2 - Greenvale Rd,Point(-77.537487 18.022753),5
31 may 2025,JM,Grange Pen,null,Point(-77.757652 18.510047),5
31 may 2025,JM,Rollington Town,Langston Rd,Point(-76.765729 17.981121),7
31 may 2025,JM,null,A1 - North Coast Highway,Point(-77.59076 18.475303),6
31 may 2025,JM,Falmouth,null,Point(-77.65384 18.48842),5
31 may 2025,JM,null,T1 (E) - East West Hwy,Point(-77.231703 17.937176),8
31 may 2025,JM,Grange Pen,null,Point(-77.757593 18.510285),5
31 may 2025,JM,Maxfield Park,Maxfield Pk,Point(-76.805276 17.99848),5
31 may 2025,JM,Santa Cruz,A2 - Santa Cruz Main St,Point(-77.699541 18.053824),7
31 may 2025,JM,null,A1 - North Coast Highway,Point(-77.221601 18.444149),5
31 may 2025,JM,null,T1 (E) - East West Hwy,Point(-77.37997 17.976137),5
31 may 2025,JM,Maxfield Park,Chisholm Ave,Point(-76.80818 18.00294),5
31 may 2025,JM,null,A1 - North Coast Highway,Point(-77.549498 18.471858),5
31 may 2025,JM,null,A3 (N) - Constant Spring Rd,Point(-76.796552 18.025117),5
31 may 2025,JM,null,T3 - Edward Seaga Highway,Point(-77.010395 18.096423),10
31 may 2025,JM,Pepper,Pepper Main Rd,Point(-77.614376 18.031054),10
31 may 2025,JM,Negril,A1 - Norman Manley Blvd,Point(-78.337307 18.307433),5
31 may 2025,JM,null,A1,Point(-76.979643 18.034219),5
31 may 2025,JM,null,A3 (S) - Constant Spring Rd,Point(-76.796313 18.023602),6
31 may 2025,JM,null,T3 - Edward Seaga Highway,Point(-76.907632 18.010441),5
31 may 2025,JM,Spur Tree,A2 - Spur Tree Rd,Point(-77.578026 18.009993),6
31 may 2025,JM,Port Antonio,Bayshore Plaza,Point(-76.46034 18.181174),5
31 may 2025,JM,null,A1 - Bog Walk Gorge,Point(-76.981236 18.045136),5
31 may 2025,JM,Temple Hall,A3 - Junction Main Rd,Point(-76.816237 18.101289),5
31 may 2025,JM,null,Wellington Dr,Point(-76.761368 18.01475),7
31 may 2025,JM,null,A3 - Stony Hill Rd,Point(-76.790543 18.072868),8
31 may 2025,JM,null,T3 - Edward Seaga Highway,Point(-77.13797 18.315119),5
31 may 2025,JM,null,Old Hope Rd,Point(-76.752408 18.017184),5
31 may 2025,JM,null,A1 - North Coast Highway,Point(-77.682499 18.485806),8
31 may 2025,JM,null,A1 (W) - Nelson Mandela Highway,Point(-76.891361 18.013637),6
31 may 2025,JM,null,Braeton Rd,Point(-76.909861 17.951038),10
31 may 2025,JM,null,A2 - Greenvale Rd,Point(-77.531216 18.03788),5
31 may 2025,JM,null,Marcus Garvey Dr,Point(-76.802121 17.967365),10
31 may 2025,JM,null,T1 (E) - East West Hwy,Point(-76.925939 17.981688),5
31 may 2025,JM,Spanish Town,Gordon Blvd,Point(-76.95733 18.000155),5
31 may 2025,JM,null,T1 (W) - East West Hwy,Point(-77.042151 17.953874),7
31 may 2025,JM,null,Hope Rd,Point(-76.781863 18.01838),5
31 may 2025,JM,null,A2 E - Dunrobin Ave,Point(-76.797031 18.025033),5
31 may 2025,JM,null,A2 - Greenvale Rd,Point(-77.531183 18.038011),5
31 may 2025,JM,null,T1 - East West Hwy,Point(-76.971134 17.973467),6
31 may 2025,JM,null,A2 W - Washington Blvd,Point(-76.816 18.026935),10
31 may 2025,JM,null,T3 - Edward Seaga Highway,Point(-77.040655 18.115526),7
31 may 2025,JM,Sydenham,West Ave,Point(-76.98595 17.985038),5
31 may 2025,JM,null,A1 - North Coast Highway,Point(-77.627916 18.482153),5
31 may 2025,JM,null,A2 - Old Harbour Rd,Point(-76.972073 17.99226),6
31 may 2025,JM,null,A1 - River Rd,Point(-76.987265 18.071698),5
31 may 2025,JM,Tryall (Hanover),A1 - Kew Bridge to Great River Rd,Point(-78.062928 18.452603),5
31 may 2025,JM,null,T1 (W) - East West Hwy,Point(-77.114674 17.931596),9
31 may 2025,JM,null,Molynes Rd,Point(-76.812045 18.020687),5
31 may 2025,JM,Kingston 8,Mannings Hill Rd,Point(-76.797798 18.036994),5
31 may 2025,JM,null,T3 - Edward Seaga Highway,Point(-77.086326 18.231309),8
31 may 2025,JM,Kingsland (Manchester),Kingsland Main Rd,Point(-77.548479 18.00864),5
31 may 2025,JM,Cambridge (St. James),B6,Point(-77.906404 18.32328),5
31 may 2025,JM,Angels,null,Point(-76.979326 18.034148),5
31 may 2025,JM,null,Municipal Blvd,Point(-76.894844 18.002062),5
31 may 2025,JM,Montego Bay,Queens Dr,Point(-77.925595 18.486971),5
31 may 2025,JM,null,Braeton Rd,Point(-76.908871 17.951476),10
31 may 2025,JM,null,A1 - Moneague to Mount Diablo Rd,Point(-77.117814 18.25882),5
31 may 2025,JM,null,T3 - Edward Seaga Highway,Point(-77.124216 18.284905),5
31 may 2025,JM,Knockpatrick,null,Point(-77.486547 17.989261),5
31 may 2025,JM,Osborne Store,Osborne Store to Green Park Rd,Point(-77.330353 17.972949),5
31 may 2025,JM,Bull Bay,A4 - Harbour View to Bull Bay Rd,Point(-76.665593 17.9406),6
31 may 2025,JM,null,T3 - Edward Seaga Highway,Point(-76.998797 18.076327),8
31 may 2025,JM,null,A4 - Eleven Miles to Grants Pen Rd,Point(-76.629457 17.915786),5
31 may 2025,JM,null,A1 - North Coast Highway,Point(-77.869519 18.520305),8
31 may 2025,JM,null,T3 - Edward Seaga Highway,Point(-77.032498 18.154169),9
31 may 2025,JM,null,T3 - Edward Seaga Highway,Point(-76.951379 18.031057),5
31 may 2025,JM,null,T3 - Edward Seaga Highway,Point(-77.120038 18.265571),6
31 may 2025,JM,Beauchamp Pen,West Beauchamp Dr,Point(-76.819935 17.991858),5
31 may 2025,JM,Kingston 6,Seymour Ave,Point(-76.774772 18.01047),5
31 may 2025,JM,null,Marcus Garvey Dr,Point(-76.825706 17.986219),7
31 may 2025,JM,null,T3 - Edward Seaga Highway,Point(-77.034425 18.103216),10
31 may 2025,JM,May Pen,Paradise St,Point(-77.256084 17.976035),5
31 may 2025,JM,null,Red Hills Rd,Point(-76.805996 18.029594),5
31 may 2025,JM,null,T3 - Edward Seaga Highway,Point(-77.073509 18.215912),7
31 may 2025,JM,null,T3 - Edward Seaga Highway,Point(-77.053537 18.207305),8
31 may 2025,JM,null,T3 - Edward Seaga Highway,Point(-77.072922 18.215656),8
31 may 2025,JM,null,T3 - Edward Seaga Highway,Point(-77.063219 18.210259),7
31 may 2025,JM,null,Mountain View Ave,Point(-76.77133 18.008591),5
31 may 2025,JM,Anchovy,B8 - Anchovy to Shettlewood Rd,Point(-77.935518 18.412037),5
31 may 2025,JM,null,T3 - Edward Seaga Highway,Point(-77.05584 18.207972),7
31 may 2025,JM,Montego Bay,A1 - Howard Cook Blvd,Point(-77.924507 18.470829),10
31 may 2025,JM,null,A1 - Spanish Town By-pass Rd,Point(-76.976761 18.009439),5
31 may 2025,JM,null,A1 - North Coast Hwy,Point(-77.385996 18.462257),10
31 may 2025,JM,null,A1 - River Rd,Point(-77.005036 18.092497),6
31 may 2025,JM,Rose Hall,A1 - North Coast Highway,Point(-77.849544 18.521357),10
31 may 2025,JM,Hopewell,A1 - Kew Bridge to Great River Rd,Point(-78.01955 18.454745),6
31 may 2025,JM,Bluefields,A2 - Smithfield Bridge to Scotts Cove Rd,Point(-78.02727 18.163744),5
31 may 2025,JM,null,Hope Road,Point(-76.768877 18.020438),5
31 may 2025,JM,Knockpatrick,Sunset Ave,Point(-77.496812 17.988557),6
31 may 2025,JM,null,A2 - Old Harbour Rd,Point(-77.058266 17.94867),7
31 may 2025,JM,null,A3 (N) - Constant Spring Rd,Point(-76.796074 18.03385),5
31 may 2025,JM,Tryall (Hanover),A1 - Kew Bridge to Great River Rd,Point(-78.058636 18.451778),5
31 may 2025,JM,null,Old Hope Rd,Point(-76.765154 18.019539),5
31 may 2025,JM,Downtown Kingston,West St,Point(-76.796372 17.966285),6
31 may 2025,JM,Mandeville,De Carteret Rd,Point(-77.496846 18.038345),8
31 may 2025,JM,null,Chesterfield Dr,Point(-76.835898 17.999486),7
31 may 2025,JM,null,T3 - Edward Seaga Highway,Point(-77.076915 18.21865),5
31 may 2025,JM,null,T3 - Edward Seaga Highway,Point(-77.040153 18.113823),9
31 may 2025,JM,null,T3 - Edward Seaga Highway,Point(-77.037908 18.167538),6
31 may 2025,JM,Rose Hall,A1 - North Coast Highway,Point(-77.855025 18.522003),8
31 may 2025,JM,null,A1 - Dr. Aston King Highway,Point(-77.976693 18.451798),5
31 may 2025,JM,Portmore,Municipal Blvd,Point(-76.90213 17.96302),10
31 may 2025,JM,Mount Diablo,A1 - Moneague to Mount Diablo Rd,Point(-77.094376 18.235804),5
31 may 2025,JM,null,A1 - Walks Rd,Point(-76.974774 18.017388),6
31 may 2025,JM,Middle Quarters,A2 - Luana to Tombstone Rd,Point(-77.821718 18.10919),6
31 may 2025,JM,Temple Hall,A3 - Junction Main Rd,Point(-76.816224 18.101277),6
31 may 2025,JM,Prospect (St. Thomas),A4 - Prospect to Port Morant Rd,Point(-76.344346 17.868197),8
31 may 2025,JM,Bog Hole,B3 - Trout Hall to Chapelton Rd,Point(-77.351116 18.197813),5
31 may 2025,JM,null,T3 - Edward Seaga Highway,Point(-77.040513 18.134247),5
31 may 2025,JM,null,Camp Rd,Point(-76.784025 17.993239),5
31 may 2025,JM,Kingston 10,Merrivale Cl,Point(-76.803961 18.034017),5
31 may 2025,JM,null,T3 - Edward Seaga Highway,Point(-77.122507 18.281065),5
31 may 2025,JM,Liguanea,null,Point(-76.767834 18.020552),5
31 may 2025,JM,null,Worchester Dr,Point(-76.979492 17.985803),5
31 may 2025,JM,null,A1 (E) - Nelson Mandela Highway,Point(-76.907748 18.000273),10
31 may 2025,JM,null,A1 - Kew Bridge to Great River Rd,Point(-78.10616 18.445952),5
31 may 2025,JM,Runaway Bay,A1 - North Coast Hwy,Point(-77.327317 18.462139),6
31 may 2025,JM,Six Miles,A2 (E) - Washington Blvd,Point(-76.847309 18.026071),7
31 may 2025,JM,null,A2 (W) - Melrose Hill Byp,Point(-77.438045 18.044075),5
31 may 2025,JM,null,A1 - North Coast Highway,Point(-77.630188 18.481361),5
31 may 2025,JM,null,A4 - Dover to Agualta Vale Rd,Point(-76.743353 18.26898),5
31 may 2025,JM,null,A4 - Orange Bay to Windsor Castle Rd,Point(-76.681085 18.253461),5
31 may 2025,JM,null,B6,Point(-77.478336 18.087119),6
31 may 2025,JM,Barbican,Barbican Rd,Point(-76.77258 18.030527),5
31 may 2025,JM,null,T1 (W) - East West Hwy,Point(-77.155493 17.921463),6
31 may 2025,JM,null,T2 Kingston - Portmore Toll Rd,Point(-76.841967 17.984739),8
31 may 2025,JM,null,Municipal Blvd,Point(-76.89433 18.004049),5
31 may 2025,JM,null,Portmore Pkwy,Point(-76.871752 17.966978),5
31 may 2025,JM,null,T3 - Edward Seaga Highway,Point(-77.040887 18.126325),10
31 may 2025,JM,null,T3 - Edward Seaga Highway,Point(-77.070727 18.213963),7
31 may 2025,JM,null,T3 - Edward Seaga Highway,Point(-77.004834 18.079824),5
31 may 2025,JM,Portmore,Braeton Parkway,Point(-76.892941 17.964653),5
31 may 2025,JM,null,T3 - Edward Seaga Highway,Point(-77.085291 18.229853),7
31 may 2025,JM,Kingston 10,Waterloo Rd,Point(-76.791957 18.018034),5
31 may 2025,JM,null,T3 - Edward Seaga Highway,Point(-77.010152 18.096077),6
31 may 2025,JM,Santa Cruz,A2 - Santa Cruz Main St,Point(-77.700927 18.054235),5
31 may 2025,JM,Spanish Town,King St,Point(-76.957422 17.999524),5
31 may 2025,JM,Spanish Town,Sligoville Main Rd,Point(-76.948334 17.996859),5
31 may 2025,JM,null,A1 - Spanish Town By-pass Rd,Point(-76.975537 18.016091),5
31 may 2025,JM,Kingsland (Manchester),Kingsland Main Rd,Point(-77.540276 18.016334),6
31 may 2025,JM,null,T3 - Edward Seaga Highway,Point(-77.041009 18.182833),6
31 may 2025,JM,Downtown Kingston,Water Ln,Point(-76.799132 17.966987),7
31 may 2025,JM,Spanish Town,Salt Pond Rd,Point(-76.947671 17.986013),5
31 may 2025,JM,null,T3 - Edward Seaga Highway,Point(-76.994057 18.068097),10
31 may 2025,JM,null,T1 (W) - East West Hwy,Point(-77.290491 17.959364),6
31 may 2025,JM,Old Harbour,T1 > May Pen,Point(-77.10981 17.93205),6
31 may 2025,JM,null,T1 (W) - East West Hwy,Point(-77.241397 17.939791),5
31 may 2025,JM,null,A4 - Sir Florizel Glaspole Blvd,Point(-76.749432 17.969122),5
31 may 2025,JM,Blackness,Truro Gate to Locust Tree Rd,Point(-78.132384 18.312696),5
31 may 2025,JM,Middle Quarters,A2 - Luana to Tombstone Rd,Point(-77.816177 18.113529),5
31 may 2025,JM,null,T1 (E) - East West Hwy,Point(-76.926808 17.980796),7
31 may 2025,JM,Kingston 10,Dukharan Ave,Point(-76.800839 18.030218),5
31 may 2025,JM,Port Maria,A3 - Banana St,Point(-76.89156 18.379256),6
31 may 2025,JM,Montego Bay,A1 - Howard Cook Blvd,Point(-77.924313 18.465969),5
31 may 2025,JM,null,T3 - Edward Seaga Highway,Point(-77.040819 18.132206),5
31 may 2025,JM,null,A3 - Oracabessa to White River Rd,Point(-77.06892 18.415407),6
31 may 2025,JM,null,A2 - Melrose Hill Byp,Point(-77.465493 18.068661),9
31 may 2025,JM,Montego Bay,A1 - Howard Cook Blvd,Point(-77.923775 18.468323),6
31 may 2025,JM,null,A1 - Spanish Town Rd,Point(-76.841977 18.013502),5
31 may 2025,JM,null,A3 - North Coast Highway,Point(-77.133723 18.41701),5
31 may 2025,JM,Runaway Bay,A1 - North Coast Hwy,Point(-77.351026 18.458866),6
31 may 2025,JM,null,A1 - North Coast Highway,Point(-77.907902 18.499048),5
31 may 2025,JM,Ewarton,A1 - Bog Walk to Ewarton Rd,Point(-77.065643 18.170565),5
31 may 2025,JM,Kingston,A2 (W) - Washington Blvd,Point(-76.826777 18.02504),8
31 may 2025,JM,Spanish Town,Young St,Point(-76.956313 17.995224),5
31 may 2025,JM,Kingston 10,Merrivale Cl,Point(-76.803801 18.034271),6
31 may 2025,JM,Olympic Gardens,Seaward Dr,Point(-76.820544 18.02191),6
31 may 2025,JM,null,St. Christopher to Glengoffe Rd,Point(-76.836258 18.098885),7
31 may 2025,JM,Downtown Kingston,Port Royal St,Point(-76.794398 17.965757),5
31 may 2025,JM,null,Municipal Blvd,Point(-76.894225 18.002711),7
31 may 2025,JM,Elim,Braes River to Newton Rd,Point(-77.695239 18.126733),5
31 may 2025,JM,Mandeville,De Carteret Rd,Point(-77.497833 18.035431),5
31 may 2025,JM,null,A2 - Luana to Tombstone Rd,Point(-77.779018 18.099741),5
31 may 2025,JM,null,A2 - Winston Jones Hwy,Point(-77.479864 18.069375),6
31 may 2025,JM,null,B3 - Trout Hall to Chapelton Rd,Point(-77.349319 18.196496),5
31 may 2025,JM,null,A2 - Old Harbour Rd,Point(-77.038719 17.95971),7
31 may 2025,JM,Middle Quarters,A2 - Luana to Tombstone Rd,Point(-77.825386 18.105362),6
31 may 2025,JM,null,B6,Point(-77.917894 18.35489),5
31 may 2025,JM,Holland Mountain,A2 - Luana to Tombstone Rd,Point(-77.804567 18.110822),9
31 may 2025,JM,null,A1 - North Coast Hwy,Point(-77.38198 18.46336),10
31 may 2025,JM,null,Worchester Dr,Point(-76.97356 17.991631),5
31 may 2025,JM,Golden Grove (St. Ann),A1 - Golden Grove to Davis Town Rd,Point(-77.146926 18.325877),5
31 may 2025,JM,null,A2 - Winston Jones Hwy,Point(-77.482243 18.068597),6
31 may 2025,JM,null,A2 - Sir Alexander Bustamante Hwy,Point(-77.259914 17.962357),5
31 may 2025,JM,Sydenham,Gardenia Blvd,Point(-76.985274 17.982854),5
31 may 2025,JM,Portmore,Municipal Blvd,Point(-76.901391 17.96159),10
31 may 2025,JM,null,A2 - Greenvale Rd,Point(-77.531087 18.038258),5
31 may 2025,JM,Alston,Spaldings to Cave Valley Rd,Point(-77.436489 18.18454),6
31 may 2025,JM,null,A1 - Spanish Town Rd,Point(-76.842216 18.013728),6
31 may 2025,JM,Runaway Bay,A1 - North Coast Hwy,Point(-77.334139 18.463348),6
31 may 2025,JM,null,T1 (W) - East West Hwy,Point(-77.040933 17.954045),7
31 may 2025,JM,null,A1 (E) - Nelson Mandela Highway,Point(-76.878856 18.022314),7
31 may 2025,JM,null,T1 (W) - East West Hwy,Point(-77.25312 17.947894),5
31 may 2025,JM,"Cromarty Grove, Spanish Town",Windsor Rd,Point(-76.966943 17.98189),5
31 may 2025,JM,null,A1 - North Coast Highway,Point(-77.890753 18.511484),5
31 may 2025,JM,null,A1 - Spanish Town Rd,Point(-76.840927 18.012718),10
31 may 2025,JM,Six Miles,A2 (E) - Washington Blvd,Point(-76.84685 18.026076),10
31 may 2025,JM,null,A1 - North Coast Highway,Point(-77.631539 18.480871),5
31 may 2025,JM,null,A1 - North Coast Highway,Point(-77.760113 18.511843),7
31 may 2025,JM,null,A3 (S) - Constant Spring Rd,Point(-76.795544 18.031998),5
31 may 2025,JM,null,A1 - North Coast Highway,Point(-77.660334 18.476416),5
31 may 2025,JM,null,A1 (W) - Nelson Mandela Highway,Point(-76.889325 18.015007),6
31 may 2025,JM,Kingston,A2 (W) - Washington Blvd,Point(-76.855733 18.025871),5
31 may 2025,JM,null,Spanish Town Link Rd,Point(-76.967209 17.984284),6
31 may 2025,JM,null,A1 (E) - Nelson Mandela Highway,Point(-76.891632 18.013596),5
31 may 2025,JM,null,Municipal Blvd,Point(-76.890957 17.991355),10
31 may 2025,JM,Kingston 10,Wentworth Ave,Point(-76.800496 18.031424),6
31 may 2025,JM,Lucea,A1 - Seaview Dr,Point(-78.169624 18.440534),6
31 may 2025,JM,null,T1 (E) - East West Hwy,Point(-76.905814 17.987812),10
31 may 2025,JM,Moneague,A1 - Moneague to Mount Diablo Rd,Point(-77.113174 18.272838),5
31 may 2025,JM,null,T1 (W) - East West Hwy,Point(-77.207262 17.931947),6
31 may 2025,JM,null,T1 (W) - East West Hwy,Point(-77.158764 17.921411),6
31 may 2025,JM,Christiana,Azan Ln,Point(-77.490194 18.174144),5
31 may 2025,JM,Spanish Town,William St,Point(-76.966962 17.998753),5
31 may 2025,JM,Blackness,Truro Gate to Locust Tree Rd,Point(-78.12783 18.31616),7
31 may 2025,JM,null,T1 > Portmore & Kingston,Point(-76.962653 17.97356),6
31 may 2025,JM,Maxfield Park,Languard Ave,Point(-76.809771 17.99834),6
31 may 2025,JM,Meadowbrook,Vanguard Ave,Point(-76.818213 18.053751),5
31 may 2025,JM,Angels,A1,Point(-76.980114 18.041014),5
31 may 2025,JM,null,T3 - Edward Seaga Highway,Point(-77.036069 18.14306),7
31 may 2025,JM,Downtown Kingston,Harbour St,Point(-76.785716 17.965569),5
31 may 2025,JM,Cambridge Meadow,B6,Point(-77.909296 18.326769),5
31 may 2025,JM,null,T1 (E) - East West Hwy,Point(-77.187046 17.930667),5
31 may 2025,JM,Sydenham,Poinciana Dr,Point(-76.987047 17.984277),6
31 may 2025,JM,May Pen,Paradise St,Point(-77.256023 17.976335),5
31 may 2025,JM,null,T3 - Edward Seaga Highway,Point(-77.134981 18.298909),5
31 may 2025,JM,Downtown Kingston,Harbour St,Point(-76.784034 17.965416),5
31 may 2025,JM,null,T3 - Edward Seaga Highway,Point(-77.05441 18.207557),5
31 may 2025,JM,Knockpatrick,null,Point(-77.495956 17.988338),5
31 may 2025,JM,null,Municipal Blvd,Point(-76.895042 18.009425),10
31 may 2025,JM,null,T1 (W) - East West Hwy,Point(-77.062962 17.943158),9
31 may 2025,JM,Spanish Town,McVickers Ln,Point(-76.972763 17.989047),7
31 may 2025,JM,Kingston 10,Moreton Park Ter,Point(-76.809462 18.021082),7
31 may 2025,JM,null,T1 (E) - East West Hwy,Point(-77.322051 17.955809),6
31 may 2025,JM,Knockpatrick,Manchester Rd,Point(-77.505181 17.993556),5
31 may 2025,JM,"Cromarty Grove, Spanish Town",Windsor Rd,Point(-76.968381 17.981457),6
31 may 2025,JM,null,A3 - Oracabessa to White River Rd,Point(-76.950235 18.397159),5
31 may 2025,JM,null,A2 (E) - Melrose Hill By,Point(-77.452939 18.063581),7
31 may 2025,JM,null,Lakes Pen Rd,Point(-76.915474 17.987812),6
31 may 2025,JM,null,Hope Rd,Point(-76.786641 18.016135),5
31 may 2025,JM,null,Hopetown to Darliston Rd,Point(-77.947356 18.169653),5
31 may 2025,JM,Comfort Hall,B6,Point(-77.609316 18.18382),5
31 may 2025,JM,null,A1 - Spanish Town By-pass Rd,Point(-76.966757 17.994585),6
31 may 2025,JM,null,A1 - North Coast Highway,Point(-77.884969 18.513946),5
31 may 2025,JM,null,A1 - North Coast Highway,Point(-77.704655 18.497509),10
31 may 2025,JM,New Kingston,Oxford Rd,Point(-76.785429 18.000342),8
31 may 2025,JM,Gutters (St. Elizabeth),Gutters to Downs Rd,Point(-77.588579 17.992878),8
31 may 2025,JM,Kingston 10,East Rd,Point(-76.8093 18.005992),6
31 may 2025,JM,Meadowbrook,Fairdene Ave,Point(-76.820477 18.041643),8
31 may 2025,JM,null,Bernard Lodge Main Rd,Point(-76.936501 17.984036),5
31 may 2025,JM,null,B8 - Anchovy to Shettlewood Rd,Point(-77.937893 18.356948),8
31 may 2025,JM,null,B5 - Albert Town to Stettin Rd,Point(-77.535559 18.27644),5
31 may 2025,JM,null,A1 (E) - Nelson Mandela Highway,Point(-76.904188 18.005053),5
31 may 2025,JM,null,T3 - Edward Seaga Highway,Point(-77.039399 18.186292),5
31 may 2025,JM,Bog Hole,B3 - Trout Hall to Chapelton Rd,Point(-77.359518 18.206252),5
31 may 2025,JM,Hart Hill,A4 - Orange Bay to Windsor Castle Rd,Point(-76.685617 18.254903),6
31 may 2025,JM,Knockpatrick,null,Point(-77.494014 17.989029),5
31 may 2025,JM,Portmore,Municipal Blvd,Point(-76.902129 17.963034),7
31 may 2025,JM,null,Herb McKenly Dr,Point(-76.775104 18.00316),6
31 may 2025,JM,Auchindown,A2 - Smithfield Bridge to Scotts Cove Rd,Point(-78.004046 18.121934),5
31 may 2025,JM,Kingsland (Manchester),Kingsland Main Rd,Point(-77.549986 18.008086),10
31 may 2025,JM,null,A4 - White Horses to Rozelle Rd,Point(-76.464442 17.872406),5
31 may 2025,JM,null,A3 (N) - Constant Spring Rd,Point(-76.796362 18.023115),5
31 may 2025,JM,null,T3 - Edward Seaga Highway,Point(-77.05185 18.207039),6
31 may 2025,JM,null,A3 - Ocho Rios Byp,Point(-77.098142 18.408491),10
31 may 2025,JM,Port Maria,A3 - Stennett St,Point(-76.893366 18.370589),5
31 may 2025,JM,null,T3 - Edward Seaga Highway,Point(-77.03938 18.138022),5
31 may 2025,JM,Hopewell,A1 - Kew Bridge to Great River Rd,Point(-78.020986 18.454529),6
31 may 2025,JM,Knockpatrick,null,Point(-77.487457 17.989697),6
31 may 2025,JM,Greater Portmore,Upper West Henderson Blvd,Point(-76.91345 17.948762),6
31 may 2025,JM,Holland Mountain,A2 - Luana to Tombstone Rd,Point(-77.800132 18.109034),6
31 may 2025,JM,null,A1 - Kew Bridge to Lucea Rd,Point(-78.116194 18.453739),5
31 may 2025,JM,"Cromarty Grove, Spanish Town",Cromarty Dr,Point(-76.970246 17.985457),6
30 may 2025,JM,null,T3 - Edward Seaga Highway,Point(-76.960814 18.03487),9
30 may 2025,JM,Trench Town,Collie Smith Dr,Point(-76.805269 17.981082),10
30 may 2025,JM,null,T3 - Edward Seaga Highway,Point(-77.074641 18.217058),6
30 may 2025,JM,Anchovy,B8 - Anchovy to Shettlewood Rd,Point(-77.934789 18.410639),6
30 may 2025,JM,null,A1 - North Coast Highway,Point(-77.22717 18.448366),6
30 may 2025,JM,null,T3 - Edward Seaga Highway,Point(-76.959091 18.034869),5
30 may 2025,JM,Greater Portmore,Upper West Henderson Blvd,Point(-76.913472 17.948793),7
30 may 2025,JM,null,T3 - Edward Seaga Highway,Point(-77.153683 18.35229),7
30 may 2025,JM,null,T3 - Edward Seaga Highway,Point(-77.114093 18.254697),5
30 may 2025,JM,null,T3 - Edward Seaga Highway,Point(-76.968768 18.036964),6
30 may 2025,JM,null,T3 - Edward Seaga Highway,Point(-77.157526 18.385128),7
30 may 2025,JM,null,T3 - Edward Seaga Highway,Point(-77.091445 18.241543),5
30 may 2025,JM,null,T3 - Edward Seaga Highway,Point(-77.054533 18.207592),10
30 may 2025,JM,null,T3 - Edward Seaga Highway,Point(-77.055714 18.207936),9
30 may 2025,JM,null,T3 - Edward Seaga Highway,Point(-77.033562 18.158522),5
30 may 2025,JM,null,T3 - Edward Seaga Highway,Point(-77.093104 18.242976),5
30 may 2025,JM,null,T3 - Edward Seaga Highway,Point(-77.040552 18.12519),7
30 may 2025,JM,null,T3 - Edward Seaga Highway,Point(-76.969421 18.038176),6
30 may 2025,JM,null,T3 - Edward Seaga Highway,Point(-76.917515 18.025542),7
30 may 2025,JM,null,T1 (W) - East West Hwy,Point(-77.158448 17.921421),7
30 may 2025,JM,null,T1 (W) - East West Hwy,Point(-77.373089 17.971136),5
30 may 2025,JM,null,Marcus Garvey Dr,Point(-76.805417 17.969271),10
30 may 2025,JM,null,T1 (W) - East West Hwy,Point(-77.404062 18.002751),10
30 may 2025,JM,null,T1 (W) - East West Hwy,Point(-77.247119 17.940484),6
30 may 2025,JM,null,T1 (W) - East West Hwy,Point(-77.424828 18.027725),5
30 may 2025,JM,null,T1 (W) - East West Hwy,Point(-77.421013 18.024812),10
30 may 2025,JM,null,T1 (E) - East West Hwy,Point(-77.136367 17.923186),10
30 may 2025,JM,null,T1 (W) - East West Hwy,Point(-77.423993 18.026714),8
30 may 2025,JM,null,T1 (E) - East West Hwy,Point(-76.908676 17.986806),10
30 may 2025,JM,null,T1 (E) - East West Hwy,Point(-76.919219 17.98481),5
30 may 2025,JM,null,T1 (W) - East West Hwy,Point(-77.226069 17.935665),6
30 may 2025,JM,null,T1 (E) - East West Hwy,Point(-77.020278 17.959717),6
30 may 2025,JM,Portmore,Shenton Ave,Point(-76.875278 17.970737),5
30 may 2025,JM,null,T1 (E) - East West Hwy,Point(-76.997284 17.971442),10
30 may 2025,JM,null,T1 (E) - East West Hwy,Point(-76.999082 17.970542),10
30 may 2025,JM,null,T1 (E) - East West Hwy,Point(-77.383608 17.978737),7
30 may 2025,JM,null,T1 (E) - East West Hwy,Point(-76.898285 17.994262),5
30 may 2025,JM,Epsom (Greater Portmore),NW 2nd Avenue,Point(-76.914646 17.946085),8
30 may 2025,JM,Kingston 8,Old Stony Hill Rd,Point(-76.798233 18.068055),7
30 may 2025,JM,Portmore,Mercantile Ave,Point(-76.867396 17.976383),5
30 may 2025,JM,null,Municipal Blvd,Point(-76.89543 18.005877),9
30 may 2025,JM,null,Molynes Rd,Point(-76.810504 18.018468),5
30 may 2025,JM,Portmore,Municipal Blvd,Point(-76.902093 17.962791),6
30 may 2025,JM,null,Braeton Parkway,Point(-76.912157 17.95386),6
30 may 2025,JM,null,A1 - Green Island to Negril Rd,Point(-78.321849 18.363995),6
30 may 2025,JM,Hatfield (Manchester),Hatfield Main Rd,Point(-77.536108 18.030655),6
30 may 2025,JM,Brompton,Brompton Rd,Point(-77.88269 18.066501),6
30 may 2025,JM,Cumberland (Portmore),Cumberland Blvd,Point(-76.883398 17.979977),10
30 may 2025,JM,Kingston 10,Chisholm Ave,Point(-76.803846 18.001479),5
30 may 2025,JM,Jackson Town,B11 - Stewart Town to Rock Rd,Point(-77.506854 18.418378),5
30 may 2025,JM,null,A3,Point(-76.93379 18.41367),5
30 may 2025,JM,Portmore,Braeton Parkway,Point(-76.890924 17.964753),6
30 may 2025,JM,Stony Hill (St. Andrew),A3 - Stony Hill Rd,Point(-76.802465 18.090449),6
30 may 2025,JM,Cross Roads,A3 - Half Way Tree Rd,Point(-76.788264 17.994313),5
30 may 2025,JM,Holland Mountain,A2 - Luana to Tombstone Rd,Point(-77.79902 18.108543),5
30 may 2025,JM,Cross Roads,A3 - Half Way Tree Rd,Point(-76.788945 17.995813),5
30 may 2025,JM,null,A2 (W) - Melrose Hill Byp,Point(-77.460971 18.06524),7
30 may 2025,JM,null,A2 - Winston Jones Highway,Point(-77.510273 18.065601),9
30 may 2025,JM,Kingston,A2 (W) - Washington Blvd,Point(-76.831753 18.025333),9
30 may 2025,JM,null,A2 (W) - Melrose Hill Byp,Point(-77.440153 18.047036),10
30 may 2025,JM,null,A2 (E) - Melrose Hill By,Point(-77.452381 18.06324),5
30 may 2025,JM,null,A2 (W) - Melrose Hill Byp,Point(-77.449676 18.059601),5
30 may 2025,JM,null,A2 (E) - Melrose Hill By,Point(-77.457288 18.064703),7
30 may 2025,JM,null,A1 - North Coast Highway,Point(-77.527942 18.472291),5
30 may 2025,JM,null,A1 - Spanish Town Rd,Point(-76.847185 18.01832),6
30 may 2025,JM,null,A1 - North Coast Highway,Point(-77.580702 18.472018),7
30 may 2025,JM,null,A1 - North Coast Highway,Point(-77.704766 18.497576),6
30 may 2025,JM,null,A1 (W) - Nelson Mandela Highway,Point(-76.860695 18.025817),6
30 may 2025,JM,null,A1 (E) - Nelson Mandela Highway,Point(-76.883466 18.019188),5
30 may 2025,JM,Claremont Heights,Dolphin Way,Point(-77.107114 17.950275),7
30 may 2025,JM,null,A1 (W) - Nelson Mandela Highway,Point(-76.876603 18.023289),7
30 may 2025,JM,null,A1 (W) - Nelson Mandela Highway,Point(-76.880291 18.021149),10
30 may 2025,JM,null,A1 (W) - Nelson Mandela Highway,Point(-76.881722 18.020166),7
30 may 2025,JM,null,Molynes Rd,Point(-76.820369 18.023764),5
30 may 2025,JM,Downtown Kingston,Water Ln,Point(-76.799112 17.966986),7
30 may 2025,JM,null,Molynes Rd,Point(-76.82004 18.023437),5
30 may 2025,JM,null,Molynes Rd,Point(-76.820122 18.023519),5
30 may 2025,JM,Old England,Wind Hill to Patrick Town Rd,Point(-77.466317 17.986051),5
30 may 2025,JM,Sydenham,Seaton Blvd,Point(-76.991965 17.982227),5
30 may 2025,JM,Spanish Town,William St,Point(-76.968414 17.999087),5
30 may 2025,JM,"March Pen, Spanish Town",March Pen Rd,Point(-76.954662 17.988789),7
30 may 2025,JM,Santa Cruz,Sidney Pagon Dr,Point(-77.694459 18.055307),5
30 may 2025,JM,null,Salt Pond Rd,Point(-76.944487 17.979282),10
30 may 2025,JM,New Forest,New Forest Main Rd,Point(-77.561493 17.905046),5
30 may 2025,JM,Delacree Pen,Oakland Rd,Point(-76.814775 17.998083),10
30 may 2025,JM,Lakes Pen,Lakes Pen Main Rd,Point(-76.929194 17.984393),5
30 may 2025,JM,Lakes Pen,Lakes Pen Main Rd,Point(-76.933226 17.984573),6
30 may 2025,JM,Gutters (St. Elizabeth),Gutters to Downs Rd,Point(-77.590722 18.001701),6
30 may 2025,JM,Kingsland (Manchester),Kingsland Main Rd,Point(-77.550584 18.007671),10
30 may 2025,JM,null,Hellshire Main Rd,Point(-76.898299 17.955287),5
30 may 2025,JM,Spanish Town,King St,Point(-76.953526 17.993589),8
30 may 2025,JM,Heartease (Manchester),Caledonia Road,Point(-77.483344 18.052738),9
30 may 2025,JM,Falmouth,Falmouth Main Road,Point(-77.669142 18.490908),5
30 may 2025,JM,Seaview Gardens,Chesterfield Dr,Point(-76.837439 18.004619),10
30 may 2025,JM,null,T1 (E) - East West Hwy,Point(-77.425084 18.028292),6
30 may 2025,JM,null,Chesterfield Dr,Point(-76.836973 18.00032),10
30 may 2025,JM,null,B2 - Bog Walk to Natural Bridge Rd,Point(-76.992894 18.118856),6
30 may 2025,JM,null,A2 - Spur Tree Rd,Point(-77.554899 18.001671),10
30 may 2025,JM,null,B5 - Jackson Town to Ulster Spring Rd,Point(-77.514452 18.327265),5
30 may 2025,JM,Long Pond,B11 - Stewart Town to Rock Rd,Point(-77.544895 18.42266),6
30 may 2025,JM,null,A2 - Tombstone to Gutters Rd,Point(-77.730709 18.066252),6
30 may 2025,JM,null,A3 (S) - Constant Spring Rd,Point(-76.796284 18.022564),7
30 may 2025,JM,Hopewell,A1 - Kew Bridge to Great River Rd,Point(-78.020039 18.454824),10
30 may 2025,JM,Middle Quarters,A2 - Luana to Tombstone Rd,Point(-77.820571 18.111085),8
30 may 2025,JM,Middle Quarters,A2 - Luana to Tombstone Rd,Point(-77.810623 18.113512),8
30 may 2025,JM,Runaway Bay,A1 - North Coast Hwy,Point(-77.319858 18.464963),6
30 may 2025,JM,Sandy Bay (Hanover),A1 - Kew Bridge to Great River Rd,Point(-78.08646 18.449782),10
30 may 2025,JM,Hopewell,A1 - Kew Bridge to Great River Rd,Point(-78.0217 18.454298),9
30 may 2025,JM,null,A1 - Kew Bridge to Great River Rd,Point(-77.996397 18.455106),10
30 may 2025,JM,Hopewell,A1 - Kew Bridge to Great River Rd,Point(-78.020742 18.454629),7
30 may 2025,JM,null,A1 - Kew Bridge to Great River Rd,Point(-77.995807 18.452917),5
30 may 2025,JM,New Kingston,Trinidad Ter,Point(-76.785597 18.004604),6
30 may 2025,JM,Kingston 8,Shortwood Rd,Point(-76.793143 18.031968),5
30 may 2025,JM,Williamsfield,null,Point(-77.463399 18.05953),9
30 may 2025,JM,Trench Town,7th St,Point(-76.80206 17.984357),5
30 may 2025,JM,null,Marcus Garvey Dr,Point(-76.828229 17.990451),7
30 may 2025,JM,Cross Roads,A3 - Slipe Rd,Point(-76.788239 17.992913),5
30 may 2025,JM,null,Black River to Pedro Cross Rd,Point(-77.792992 18.000131),5
30 may 2025,JM,null,T1 - East West Hwy,Point(-77.112269 17.932019),7
30 may 2025,JM,Kingston 10,Waterloo Rd,Point(-76.791821 18.015173),6
30 may 2025,JM,Port Henderson,Fort Augusta Dr,Point(-76.878941 17.952181),5
30 may 2025,JM,null,A1 (W) - Nelson Mandela Highway,Point(-76.881464 18.020343),6
30 may 2025,JM,New Kingston,Trafalgar Rd,Point(-76.78858 18.010898),5
30 may 2025,JM,null,T3 - Edward Seaga Highway,Point(-77.072386 18.215308),5
30 may 2025,JM,Kingston 10,South Ave,Point(-76.795918 18.018009),6
30 may 2025,JM,null,T1 (E) - East West Hwy,Point(-76.916032 17.984867),10
30 may 2025,JM,Eastwood Park,Westminster Rd,Point(-76.803477 18.018451),5
30 may 2025,JM,null,T3 - Edward Seaga Highway,Point(-77.040583 18.115197),10
30 may 2025,JM,Spanish Town,Monk St,Point(-76.952661 17.996125),5
30 may 2025,JM,null,Russell Heights,Point(-76.777745 18.039328),5
30 may 2025,JM,null,A1 - North Coast Highway,Point(-77.224256 18.446744),6
30 may 2025,JM,Portmore,Germaine Rd,Point(-76.878216 17.97049),5
30 may 2025,JM,Montego Bay,Queens Dr,Point(-77.924675 18.488396),5
30 may 2025,JM,null,T1 (W) - East West Hwy,Point(-77.035412 17.954787),5
30 may 2025,JM,null,T1 (W) - East West Hwy,Point(-77.347479 17.960233),6
30 may 2025,JM,Kingston 10,Waterloo Rd,Point(-76.791811 18.015091),5
30 may 2025,JM,null,Old Hope Rd,Point(-76.754342 18.017551),10
30 may 2025,JM,Holland Mountain,A2 - Luana to Tombstone Rd,Point(-77.80476 18.110901),5
30 may 2025,JM,null,Deanery Rd,Point(-76.774608 17.981021),5
30 may 2025,JM,Stony Hill (St. Andrew),A3 - Stony Hill Rd,Point(-76.80143 18.088462),7
30 may 2025,JM,null,A1 - North Coast Highway,Point(-77.231123 18.449963),5
30 may 2025,JM,Kingston 20,West Main Dr,Point(-76.826003 18.026308),5
30 may 2025,JM,null,T3 - Edward Seaga Highway,Point(-77.041106 18.127421),8
30 may 2025,JM,null,null,Point(-76.762458 18.018478),5
30 may 2025,JM,null,T3 - Edward Seaga Highway,Point(-77.074192 18.216559),5
30 may 2025,JM,null,T1 - East West Hwy,Point(-76.966128 17.973464),5
30 may 2025,JM,null,A1 - North Coast Highway,Point(-77.689415 18.488643),5
30 may 2025,JM,null,T3 - Edward Seaga Highway,Point(-77.041208 18.182484),6
30 may 2025,JM,null,T3 - Edward Seaga Highway,Point(-77.014764 18.09838),7
30 may 2025,JM,null,T1 (E) - East West Hwy,Point(-76.988697 17.973444),5
30 may 2025,JM,Kingston 6,Hope Rd,Point(-76.77023 18.020861),5
30 may 2025,JM,null,T3 - Edward Seaga Highway,Point(-76.981944 18.049849),5
30 may 2025,JM,null,Red Hills Rd,Point(-76.839687 18.052367),5
30 may 2025,JM,null,T3 - Edward Seaga Highway,Point(-77.040728 18.133102),10
30 may 2025,JM,null,A1 - North Coast Highway,Point(-77.457426 18.463792),8
30 may 2025,JM,null,T1 (W) - East West Hwy,Point(-77.144267 17.920432),5
30 may 2025,JM,Kingston 10,Omara Rd,Point(-76.808455 18.00501),5
30 may 2025,JM,null,null,Point(-76.889817 17.959),5
30 may 2025,JM,null,T3 - Edward Seaga Highway,Point(-76.974658 18.042548),7
30 may 2025,JM,Kingston 10,Omara Rd,Point(-76.808061 18.003576),6
30 may 2025,JM,null,T1 (W) - East West Hwy,Point(-77.402912 18.001647),10
30 may 2025,JM,Estuary Housing Development,null,Point(-77.861544 18.439805),5
30 may 2025,JM,null,T1 (W) - East West Hwy,Point(-77.405666 18.004562),10
30 may 2025,JM,null,null,Point(-77.602295 18.39804),5
30 may 2025,JM,null,null,Point(-76.894101 18.003811),6
30 may 2025,JM,null,A1 - North Coast Highway,Point(-77.225483 18.447664),5
30 may 2025,JM,null,A3 (S) - Constant Spring Rd,Point(-76.796272 18.022754),5
30 may 2025,JM,null,T1 (W) - East West Hwy,Point(-77.154328 17.921441),10
30 may 2025,JM,Portmore,null,Point(-76.865322 17.971609),5
30 may 2025,JM,null,T1 (E) - East West Hwy,Point(-77.295723 17.959389),5
30 may 2025,JM,null,A1 - North Coast Highway,Point(-77.281665 18.462747),6
30 may 2025,JM,Lucea,A1 - Seaview Dr,Point(-78.169494 18.439885),5
30 may 2025,JM,Montego Bay,Queens Dr,Point(-77.923619 18.489919),8
30 may 2025,JM,null,A1 - Walks Rd,Point(-76.975315 18.020443),5
30 may 2025,JM,null,T1 (E) - East West Hwy,Point(-77.350603 17.96114),5
30 may 2025,JM,null,A2 - Bartletts River to Sheffield-Negril,Point(-78.248714 18.24972),5
30 may 2025,JM,null,Dyke Rd,Point(-76.884845 18.003557),5
30 may 2025,JM,null,A2 - Greenvale Rd,Point(-77.531458 18.035979),5
30 may 2025,JM,null,A2 - Old Harbour Rd,Point(-76.986725 17.988114),5
30 may 2025,JM,Annotto Bay,A4 - Dover to Agualta Vale Rd,Point(-76.770904 18.270493),6
30 may 2025,JM,null,A2 - Smithfield Rd,Point(-78.088702 18.219903),6
30 may 2025,JM,null,A2 - Winston Jones Hwy,Point(-77.471309 18.068355),7
30 may 2025,JM,null,T1 (W) - East West Hwy,Point(-76.896763 17.997232),6
30 may 2025,JM,null,Marcus Garvey Dr,Point(-76.818575 17.980295),5
30 may 2025,JM,null,A2 - Old Harbour Rd,Point(-76.97541 17.991213),5
30 may 2025,JM,Six Miles,A2 (E) - Washington Blvd,Point(-76.840132 18.026212),5
30 may 2025,JM,null,A2 - Tombstone to Gutters Rd,Point(-77.709269 18.055839),5
30 may 2025,JM,null,A2 - Winston Jones Highway,Point(-77.530414 18.050979),5
30 may 2025,JM,null,A1 - Spanish Town By-pass Rd,Point(-76.943303 17.988844),5
30 may 2025,JM,Spur Tree,A2 - Spur Tree Rd,Point(-77.587268 18.009826),9
30 may 2025,JM,null,A2 E - Washington Blvd,Point(-76.807656 18.027122),10
30 may 2025,JM,null,T1 (E) - East West Hwy,Point(-77.385662 17.98025),5
30 may 2025,JM,null,A3 (N) - Constant Spring Rd,Point(-76.794218 18.047497),5
30 may 2025,JM,null,A1 (W) - Nelson Mandela Highway,Point(-76.881707 18.020177),5
30 may 2025,JM,Fairview,null,Point(-77.920885 18.453829),6
30 may 2025,JM,null,A3 - Half Way Tree Rd,Point(-76.791824 18.001727),5
30 may 2025,JM,null,A3 - Ocho Rios Byp,Point(-77.077025 18.412348),5
30 may 2025,JM,Rose Hall,A1 - North Coast Highway,Point(-77.853422 18.521783),5
30 may 2025,JM,Half Way Tree,A3 - Constant Spring Rd,Point(-76.796459 18.018425),6
30 may 2025,JM,Barbican,Barbican Rd,Point(-76.763885 18.024036),6
30 may 2025,JM,null,T1 (W) - East West Hwy,Point(-77.436256 18.042106),5
30 may 2025,JM,Portmore,Braeton Rd,Point(-76.919412 17.948373),5
30 may 2025,JM,Olympic Gardens,Brettford Ave,Point(-76.819531 18.021405),5
30 may 2025,JM,null,Molynes Rd,Point(-76.824134 18.036699),8
30 may 2025,JM,Rollington Town,Jackson Rd,Point(-76.767349 17.976648),7
30 may 2025,JM,Montego Bay,Dudley Kassin Dr,Point(-77.914562 18.465706),5
30 may 2025,JM,Sydenham,Seaton Blvd,Point(-76.991999 17.984855),5
30 may 2025,JM,Kingston 6,Goodwill Ave,Point(-76.770444 18.00745),5
30 may 2025,JM,Kingston 10,Hagley Park Rd,Point(-76.809367 18.008375),5
30 may 2025,JM,Spanish Town,Job Ln,Point(-76.977382 18.009619),5
30 may 2025,JM,Kingston 10,Lincoln Ave,Point(-76.804564 17.992692),5
30 may 2025,JM,Forest Hills,Kirkland Ave,Point(-76.82888 18.055576),5
30 may 2025,JM,null,Marcus Garvey Dr,Point(-76.829104 17.993255),5
30 may 2025,JM,Falmouth,Market St,Point(-77.653935 18.49053),5
30 may 2025,JM,null,Mountain View Ave,Point(-76.771303 18.008234),5
30 may 2025,JM,null,Municipal Blvd,Point(-76.895117 18.001122),5
30 may 2025,JM,Kingston 5,North Ave,Point(-76.779434 18.001797),5
30 may 2025,JM,null,Old Hope Rd,Point(-76.762721 18.019148),5
30 may 2025,JM,Spanish Town,Parochial Rd,Point(-76.962098 17.984467),5
30 may 2025,JM,null,> Port of Kingston,Point(-76.82962 17.992385),5
30 may 2025,JM,Montego Bay,Queens Dr,Point(-77.920554 18.49124),5
30 may 2025,JM,Arcadia,Roseberry Dr,Point(-76.786452 18.038284),5
30 may 2025,JM,null,T1 (W) - East West Hwy,Point(-77.038026 17.954439),5
30 may 2025,JM,null,Whitehall Ave,Point(-76.801002 18.042559),5
30 may 2025,JM,Up Park Camp,null,Point(-76.779605 17.990445),5
30 may 2025,JM,Middle Quarters,A2 - Luana to Tombstone Rd,Point(-77.8154 18.113426),5
30 may 2025,JM,Heartease (Manchester),Caledonia Road,Point(-77.483484 18.052517),5
30 may 2025,JM,Montego Bay,Queens Dr,Point(-77.925619 18.48694),5
30 may 2025,JM,Downtown Kingston,Georges Ln,Point(-76.789288 17.967038),5
30 may 2025,JM,null,T1 (W) - East West Hwy,Point(-77.17083 17.927247),5
30 may 2025,JM,null,T3 - Edward Seaga Highway,Point(-77.05215 18.207077),5
30 may 2025,JM,null,A1 - Kew Bridge to Great River Rd,Point(-78.069315 18.451488),6
30 may 2025,JM,null,Hagley Park Rd,Point(-76.818741 18.002468),6
30 may 2025,JM,null,A3 - North Coast Highway,Point(-77.169428 18.425758),6
30 may 2025,JM,null,A1 - Green Island to Negril Rd,Point(-78.338072 18.365403),10
30 may 2025,JM,null,T1 (W) - East West Hwy,Point(-77.169886 17.92641),5
30 may 2025,JM,Kingston 6,Upper Montrose Rd,Point(-76.77597 18.012956),5
30 may 2025,JM,null,T1 (W) - East West Hwy,Point(-77.037258 17.954541),10
30 may 2025,JM,Hopewell,A1 - Kew Bridge to Great River Rd,Point(-78.013714 18.455658),10
30 may 2025,JM,Negril,A1 - Norman Manley Blvd,Point(-78.336916 18.332733),10
30 may 2025,JM,Belmont,A2 - Smithfield Bridge to Scotts Cove Rd,Point(-78.031893 18.151431),10
30 may 2025,JM,null,A4 - Harbour View to Bull Bay Rd,Point(-76.694987 17.946569),7
30 may 2025,JM,Ulster Spring,B5 - Ulster Spring to Albert Town Rd,Point(-77.523298 18.309224),6
30 may 2025,JM,Trench Town,Collie Smith Dr,Point(-76.804345 17.981972),10
30 may 2025,JM,Kingston 10,Kings Cr,Point(-76.803606 18.003249),6
30 may 2025,JM,Spanish Town,Ellis St,Point(-76.954445 17.994249),7
30 may 2025,JM,Montego Bay,Lower Bevin Ave,Point(-77.921208 18.465958),6
30 may 2025,JM,Kingston 11,Penwood Rd,Point(-76.834273 18.010433),7
30 may 2025,JM,Kingston 20,Three Views Ave,Point(-76.810669 18.030744),7
30 may 2025,JM,null,Wind Hill to Patrick Town Rd,Point(-77.468972 17.988414),5
30 may 2025,JM,null,null,Point(-76.904605 18.007112),5
30 may 2025,JM,Montego Bay,A1 - Howard Cook Blvd,Point(-77.92381 18.467567),5
30 may 2025,JM,null,A1 - River Rd,Point(-76.98789 18.071961),5
30 may 2025,JM,null,A1 (W) - Nelson Mandela Highway,Point(-76.883626 18.018872),10
30 may 2025,JM,Six Miles,A2 (E) - Washington Blvd,Point(-76.839868 18.026218),5
30 may 2025,JM,Kingston,A2 (W) - Washington Blvd,Point(-76.831964 18.025354),7
30 may 2025,JM,null,A2 W - Washington Blvd,Point(-76.816329 18.026859),5
30 may 2025,JM,null,A3 - Oracabessa to White River Rd,Point(-76.98002 18.403871),5
30 may 2025,JM,null,Braeton Parkway,Point(-76.905193 17.957905),6
30 may 2025,JM,Goshen (St. Elizabeth),Goshen Main Rd,Point(-77.642738 18.056922),6
30 may 2025,JM,null,Municipal Blvd,Point(-76.894697 18.002214),10
30 may 2025,JM,null,Marcus Garvey Dr,Point(-76.81914 17.980957),5
30 may 2025,JM,Kingston 20,Savanna Rd,Point(-76.81369 18.028473),6
30 may 2025,JM,null,T1 (E) - East West Hwy,Point(-77.233071 17.937551),7
30 may 2025,JM,null,T1 (E) - East West Hwy,Point(-77.407009 18.006493),6
30 may 2025,JM,null,T1 (W) - East West Hwy,Point(-77.424269 18.027038),5
30 may 2025,JM,null,T1 (W) - East West Hwy,Point(-77.112844 17.931932),6
30 may 2025,JM,null,T3 - Edward Seaga Highway,Point(-76.912617 18.01579),5
30 may 2025,JM,null,T1 (W) - East West Hwy,Point(-76.929399 17.978855),5
30 may 2025,JM,null,T3 - Edward Seaga Highway,Point(-76.964271 18.03492),8
30 may 2025,JM,null,T3 - Edward Seaga Highway,Point(-77.052879 18.207257),6
30 may 2025,JM,null,T3 - Edward Seaga Highway,Point(-77.040677 18.125293),9
30 may 2025,JM,null,T3 - Edward Seaga Highway,Point(-77.160979 18.373573),10
30 may 2025,JM,null,null,Point(-77.104103 18.412618),5
30 may 2025,JM,null,T3 - Edward Seaga Highway,Point(-77.130504 18.291844),5
30 may 2025,JM,null,T3 - Edward Seaga Highway,Point(-77.134123 18.322901),8
30 may 2025,JM,Kingston,A2 (W) - Washington Blvd,Point(-76.820739 18.025539),6
30 may 2025,JM,null,null,Point(-76.784247 18.017375),5
30 may 2025,JM,Half Way Tree,A3 - Constant Spring Rd,Point(-76.796465 18.01827),5
30 may 2025,JM,null,A3 - Ocho Rios Byp,Point(-77.071338 18.413293),5
30 may 2025,JM,null,B8 - Anchovy to Shettlewood Rd,Point(-77.937869 18.404443),5
30 may 2025,JM,null,Dyke Rd,Point(-76.862748 17.973891),5
30 may 2025,JM,null,Grants Pen Rd,Point(-76.791573 18.031938),8
30 may 2025,JM,Kingston 5,Old Hope Rd,Point(-76.779575 18.003173),5
30 may 2025,JM,null,T1 (E) - East West Hwy,Point(-76.930517 17.978429),6
30 may 2025,JM,null,Mountain View Ave,Point(-76.770532 18.004346),5
30 may 2025,JM,null,A2 (W) - Melrose Hill Byp,Point(-77.449828 18.059884),5
30 may 2025,JM,null,A1 (E) - Nelson Mandela Highway,Point(-76.878118 18.022732),5
30 may 2025,JM,Waltham Gardens,Pandora Cr,Point(-76.822749 18.014927),5
30 may 2025,JM,null,A2 (W) - Melrose Hill Byp,Point(-77.45258 18.063226),9
30 may 2025,JM,null,T1 (E) - East West Hwy,Point(-76.915168 17.984901),7
30 may 2025,JM,null,B5 - Ulster Spring to Albert Town Rd,Point(-77.533246 18.303322),5
30 may 2025,JM,null,A1 - North Coast Highway,Point(-77.198158 18.437796),6
30 may 2025,JM,Border,St. Christopher to Glengoffe Rd,Point(-76.863401 18.15286),5
30 may 2025,JM,null,T1 (E) - East West Hwy,Point(-77.166774 17.923868),5
30 may 2025,JM,null,Municipal Blvd,Point(-76.894664 17.999774),5
30 may 2025,JM,New Green,Clarks Town Rd,Point(-77.516108 18.06724),5
30 may 2025,JM,null,Newland Rd,Point(-76.888994 17.959553),5
30 may 2025,JM,null,Marescaux Rd,Point(-76.785357 17.99285),5
30 may 2025,JM,Kingston 6,Retreat Ave,Point(-76.77385 18.013015),5
30 may 2025,JM,Kingston 6,Montrose Rd,Point(-76.776107 18.012653),5
30 may 2025,JM,Linstead,Linstead Toll Plaza,Point(-77.034936 18.156902),5
30 may 2025,JM,null,A3 (S) - Constant Spring Rd,Point(-76.794404 18.046142),6
30 may 2025,JM,Kingston 10,East Rd,Point(-76.811897 18.004437),5
30 may 2025,JM,null,T3 - Edward Seaga Highway,Point(-77.092539 18.24248),5
30 may 2025,JM,Cave Valley,Spaldings to Cave Valley Road,Point(-77.390504 18.218426),5
30 may 2025,JM,null,Camp Rd,Point(-76.779894 17.988395),5
30 may 2025,JM,null,Old Hope Rd,Point(-76.751553 18.017019),5
30 may 2025,JM,null,A1 - Kew Bridge to Great River Rd,Point(-78.070721 18.451446),5
30 may 2025,JM,null,T1 (E) - East West Hwy,Point(-77.037533 17.954602),5
30 may 2025,JM,Kingston,A2 E - Washington Blvd,Point(-76.833044 18.025573),5
30 may 2025,JM,null,A2 - Bartletts River to Sheffield-Negril,Point(-78.254315 18.249014),5
30 may 2025,JM,null,A1 - North Coast Highway,Point(-77.22473 18.447133),10
30 may 2025,JM,null,A1 - Spanish Town Rd,Point(-76.844073 18.015465),5
30 may 2025,JM,null,A1 - Spanish Town By-pass Rd,Point(-76.947991 17.986289),5
30 may 2025,JM,null,T3 - Edward Seaga Highway,Point(-77.040233 18.123417),10
30 may 2025,JM,Santa Cruz,New River Rd,Point(-77.706111 18.057822),5
30 may 2025,JM,null,Fairway Ave,Point(-76.774783 18.008762),6
30 may 2025,JM,null,A1 - North Coast Highway,Point(-77.176859 18.425164),5
30 may 2025,JM,null,T3 - Edward Seaga Highway,Point(-77.032952 18.148184),6
30 may 2025,JM,null,T1 (W) - East West Hwy,Point(-76.976308 17.973365),7
30 may 2025,JM,Kingston 10,Dukharan Ave,Point(-76.802286 18.02752),5
30 may 2025,JM,null,Passage Fort Dr W,Point(-76.871618 17.981691),6
30 may 2025,JM,null,Red Hills Rd,Point(-76.805995 18.029529),5
30 may 2025,JM,Kingston 10,Upper Waterloo Road,Point(-76.791826 18.021765),5
30 may 2025,JM,Westgate Hills,Westgate Hills Blvd,Point(-77.911408 18.462555),5
30 may 2025,JM,Three Miles,Spanish Town Rd,Point(-76.82614 17.998841),5
30 may 2025,JM,null,A3 - Oracabessa to White River Rd,Point(-77.066933 18.416872),5
30 may 2025,JM,New Kingston,Oxford Rd,Point(-76.785206 18.000228),5
30 may 2025,JM,null,A1 - Spanish Town Rd,Point(-76.830106 18.002595),5
30 may 2025,JM,Kingston 8,Shortwood Rd,Point(-76.794045 18.031628),5
30 may 2025,JM,Kingston 5,Penrith Rd,Point(-76.791171 17.992627),5
30 may 2025,JM,Kingston 6,Upper Montrose Rd,Point(-76.77604 18.012801),5
30 may 2025,JM,Kingston 8,Shortwood Rd,Point(-76.794877 18.031334),5
30 may 2025,JM,null,Marcus Garvey Dr,Point(-76.827741 17.98965),5
30 may 2025,JM,null,A2 - Old Harbour Rd,Point(-76.971406 17.992467),5
30 may 2025,JM,null,Mountain View Ave,Point(-76.77101 18.006276),5
30 may 2025,JM,Kingston 10,West Ave,Point(-76.799505 18.031842),5
30 may 2025,JM,Cross Roads,A3 - Slipe Rd,Point(-76.78849 17.99222),5
30 may 2025,JM,Montego Bay,Cottage Rd,Point(-77.915121 18.467577),5
30 may 2025,JM,Kingston 10,West Kings House Rd,Point(-76.793935 18.021354),5
30 may 2025,JM,null,Red Hills Rd,Point(-76.81404 18.040717),5
30 may 2025,JM,Montego Bay,null,Point(-77.914667 18.468051),5
30 may 2025,JM,null,Wellington Dr,Point(-76.758909 18.015629),5
30 may 2025,JM,Rosemount,Vernons Rd,Point(-77.904407 18.475659),5
30 may 2025,JM,New Kingston,Trafalgar Rd,Point(-76.787425 18.010369),5
30 may 2025,JM,null,Salt Pond Rd,Point(-76.944747 17.979763),5
30 may 2025,JM,Kingston 6,Upper Montrose Rd,Point(-76.776113 18.012703),5
30 may 2025,JM,null,T1 (E) - East West Hwy,Point(-76.918554 17.984822),5
30 may 2025,JM,Portmore,Shenton Ave,Point(-76.876425 17.971206),5
30 may 2025,JM,Kingston 10,South Ave,Point(-76.792679 18.017954),5
30 may 2025,JM,Kingston 5,Old Hope Rd,Point(-76.780738 18.002659),5
30 may 2025,JM,Kingston,A2 (W) - Washington Blvd,Point(-76.818575 18.026153),5
30 may 2025,JM,null,T3 - Edward Seaga Highway,Point(-76.941193 18.027853),5
30 may 2025,JM,Kingston 5,Old Hope Rd,Point(-76.778896 18.003555),5
30 may 2025,JM,Montego Bay,Jarrett Terr,Point(-77.913502 18.46683),5
30 may 2025,JM,null,T1 (W) - East West Hwy,Point(-77.159853 17.921375),8
30 may 2025,JM,null,E Kings House Rd,Point(-76.776037 18.030204),5
30 may 2025,JM,null,Mountain View Ave,Point(-76.760725 17.975109),5
30 may 2025,JM,Greenwich Town,East Ave,Point(-76.812091 17.984777),5
30 may 2025,JM,null,Grants Pen Rd,Point(-76.787652 18.030231),5
30 may 2025,JM,Allerdyce Gardens,Charlton Rd,Point(-76.792832 18.040188),5
30 may 2025,JM,null,T3 - Edward Seaga Highway,Point(-77.132258 18.293774),5
30 may 2025,JM,null,Arthur Wint Dr,Point(-76.777647 18.001607),5
30 may 2025,JM,null,A1 - Walks Rd,Point(-76.977629 18.027186),5
30 may 2025,JM,Kingston 10,Central Ave,Point(-76.798864 18.032137),5
30 may 2025,JM,Mount Carey,B8 - Anchovy to Shettlewood Rd,Point(-77.9356 18.389656),5
30 may 2025,JM,Port Maria,A3 - Hodgson St,Point(-76.893611 18.372738),5
30 may 2025,JM,null,A2 - Winston Jones Highway,Point(-77.51315 18.063715),5
30 may 2025,JM,null,A3 - Oracabessa to White River Rd,Point(-77.068398 18.415816),5
30 may 2025,JM,null,A2 - Winston Jones Highway,Point(-77.501077 18.067246),5
30 may 2025,JM,Annotto Bay,A4 - Dover to Agualta Vale Rd,Point(-76.765984 18.271571),5
30 may 2025,JM,Kingston 10,A3 - Balmoral Ave,Point(-76.797232 18.004623),5
30 may 2025,JM,null,A1 - North Coast Highway,Point(-77.228015 18.448698),5
30 may 2025,JM,null,March Pen Rd,Point(-76.954476 17.990268),6
30 may 2025,JM,null,A1 - North Coast Highway,Point(-77.194863 18.434409),5
30 may 2025,JM,Montego Bay,A1 - Howard Cook Blvd,Point(-77.923802 18.468679),5
30 may 2025,JM,null,A1 - North Coast Highway,Point(-77.189438 18.430248),5
30 may 2025,JM,null,null,Point(-77.207466 18.439689),5
30 may 2025,JM,Montego Bay,Queens Dr,Point(-77.920613 18.491171),9
30 may 2025,JM,null,A1 (W) - Nelson Mandela Highway,Point(-76.878285 18.022372),5
30 may 2025,JM,null,Springfield to Silver Spring Rd,Point(-78.294392 18.282394),5
30 may 2025,JM,null,T3 - Edward Seaga Highway,Point(-77.010743 18.090742),10
30 may 2025,JM,null,null,Point(-77.459541 18.222336),5
30 may 2025,JM,null,T3 - Edward Seaga Highway,Point(-76.912706 18.016355),6
30 may 2025,JM,Downtown Kingston,Duke St,Point(-76.790627 17.971088),5
30 may 2025,JM,null,T3 - Edward Seaga Highway,Point(-77.034892 18.145241),5
30 may 2025,JM,null,T3 - Edward Seaga Highway,Point(-77.127937 18.289138),10
30 may 2025,JM,null,T3 - Edward Seaga Highway,Point(-76.969715 18.038741),7
30 may 2025,JM,null,T3 - Edward Seaga Highway,Point(-77.03928 18.186774),6
30 may 2025,JM,null,T3 - Edward Seaga Highway,Point(-76.923182 18.027794),5
30 may 2025,JM,null,A1 - Spanish Town Rd,Point(-76.841855 18.013582),7
30 may 2025,JM,null,T3 - Edward Seaga Highway,Point(-77.114319 18.254974),5
30 may 2025,JM,null,T3 - Edward Seaga Highway,Point(-76.958337 18.034872),5
30 may 2025,JM,null,T3 - Edward Seaga Highway,Point(-76.938518 18.0275),5
30 may 2025,JM,null,T2 Kingston - Portmore Toll Rd,Point(-76.846195 17.971126),10
30 may 2025,JM,Kingsland (Manchester),A2 - Greenvale Rd,Point(-77.53749 18.019565),7
30 may 2025,JM,null,T3 - Edward Seaga Highway,Point(-77.072082 18.214967),7
30 may 2025,JM,null,T3 - Edward Seaga Highway,Point(-76.919238 18.026626),8
30 may 2025,JM,null,T1 - East West Hwy,Point(-77.07752 17.939062),10
30 may 2025,JM,Alps,B5 - Jackson Town to Ulster Spring Rd,Point(-77.511728 18.33755),5
30 may 2025,JM,null,T1 (W) - East West Hwy,Point(-77.437461 18.04349),6
30 may 2025,JM,null,T1 > Portmore & Kingston,Point(-76.961905 17.973522),6
30 may 2025,JM,null,T1 (W) - East West Hwy,Point(-76.940611 17.976641),5
30 may 2025,JM,null,T1 (W) - East West Hwy,Point(-77.43088 18.032691),10
30 may 2025,JM,null,T1 (W) - East West Hwy,Point(-77.434228 18.03556),5
30 may 2025,JM,null,T1 (W) - East West Hwy,Point(-77.003356 17.968263),5
30 may 2025,JM,null,T1 (E) - East West Hwy,Point(-77.376733 17.973865),5
30 may 2025,JM,null,T1 (W) - East West Hwy,Point(-77.038864 17.954327),5
30 may 2025,JM,null,T1 (W) - East West Hwy,Point(-76.942417 17.976292),8
30 may 2025,JM,null,T1 (W) - East West Hwy,Point(-77.378437 17.974936),6
30 may 2025,JM,Hopewell,A1 - Kew Bridge to Great River Rd,Point(-78.03489 18.454099),5
30 may 2025,JM,null,T1 (W) - East West Hwy,Point(-77.206879 17.931917),5
30 may 2025,JM,null,T1 (E) - East West Hwy,Point(-77.406515 18.005765),6
30 may 2025,JM,null,T1 (W) - East West Hwy,Point(-77.402755 18.001496),7
30 may 2025,JM,null,T1 (E) - East West Hwy,Point(-76.910201 17.986273),6
30 may 2025,JM,null,T1 (W) - East West Hwy,Point(-77.378005 17.974629),6
30 may 2025,JM,null,Municipal Blvd,Point(-76.894443 18.004168),5
30 may 2025,JM,null,T1 (E) - East West Hwy,Point(-76.897373 17.996111),5
30 may 2025,JM,null,A2 - Bartletts River to Sheffield-Negril,Point(-78.261246 18.250931),5
30 may 2025,JM,null,Maxfield Ave,Point(-76.803483 18.000536),7
30 may 2025,JM,null,A1 - North Coast Highway,Point(-77.403008 18.459651),6
30 may 2025,JM,null,T1 (E) - East West Hwy,Point(-77.200718 17.932463),5
30 may 2025,JM,null,T1 (E) - East West Hwy,Point(-76.935054 17.97724),5
30 may 2025,JM,null,T1 (E) - East West Hwy,Point(-77.411436 18.01404),5
30 may 2025,JM,Buff Bay,Russell Ave,Point(-76.658474 18.234147),5
30 may 2025,JM,null,B5 - Shooters Hill to Caines Shop Rd,Point(-77.480122 18.096214),5
30 may 2025,JM,null,Marcus Garvey Dr,Point(-76.82188 17.982864),10
30 may 2025,JM,null,A2 E - Dunrobin Ave,Point(-76.798149 18.025084),10
30 may 2025,JM,Kingston 10,A3 - Half Way Tree Rd,Point(-76.79566 18.007022),7
30 may 2025,JM,Kingston 10,Hagley Park Rd,Point(-76.799835 18.009678),5
30 may 2025,JM,null,Municipal Blvd,Point(-76.890783 17.991149),7
30 may 2025,JM,null,A4 - Orange Bay to Windsor Castle Rd,Point(-76.661028 18.233995),6
30 may 2025,JM,Kingston 10,A3 - Balmoral Ave,Point(-76.798429 18.00462),6
30 may 2025,JM,null,A2 - Winston Jones Highway,Point(-77.527141 18.053962),5
30 may 2025,JM,null,A2 - Winston Jones Highway,Point(-77.514759 18.062289),7
30 may 2025,JM,Six Miles,A2 (E) - Washington Blvd,Point(-76.845481 18.026091),10
30 may 2025,JM,null,A2 (E) - Melrose Hill By,Point(-77.444502 18.056236),5
30 may 2025,JM,Sandy Bay (Hanover),A1 - Kew Bridge to Great River Rd,Point(-78.089887 18.44968),7
30 may 2025,JM,null,A2 (W) - Melrose Hill Byp,Point(-77.444539 18.056119),7
30 may 2025,JM,null,A1 - North Coast Highway,Point(-77.637552 18.477204),7
30 may 2025,JM,null,A1 - North Coast Highway,Point(-77.19816 18.437798),5
30 may 2025,JM,Rose Hall,A1 - North Coast Highway,Point(-77.855891 18.522078),5
30 may 2025,JM,Montego Bay,Foster Ave,Point(-77.915843 18.47001),5
30 may 2025,JM,Portmore,Municipal Blvd,Point(-76.902108 17.963232),7
30 may 2025,JM,null,A1 - Spanish Town Rd,Point(-76.831879 18.004239),10
30 may 2025,JM,New Kingston,Knutsford Blvd,Point(-76.787148 18.006878),5
30 may 2025,JM,Santa Cruz,Sidney Pagon Dr,Point(-77.696891 18.056664),6
30 may 2025,JM,null,T3 - Edward Seaga Highway,Point(-77.133078 18.325091),6
30 may 2025,JM,Gilnock,A2 - Tombstone to Gutters Rd,Point(-77.665693 18.051383),8
30 may 2025,JM,null,A1 - North Coast Highway,Point(-77.47979 18.477157),7
30 may 2025,JM,Central Village,A1 (W) - Nelson Mandela Highway,Point(-76.917387 17.996708),5
30 may 2025,JM,Jones Town,Studley Park Rd,Point(-76.795752 17.981796),6
30 may 2025,JM,null,A3 - Ocho Rios Byp,Point(-77.108709 18.405012),5
30 may 2025,JM,Delacree Pen,Oakland Rd,Point(-76.815647 17.997256),10
30 may 2025,JM,Downtown Kingston,Duke St,Point(-76.79069 17.970334),5
30 may 2025,JM,New Kingston,Trinidad Ter,Point(-76.785603 18.004616),8
30 may 2025,JM,null,Salt Pond Rd,Point(-76.942292 17.974735),10
30 may 2025,JM,Kingston 10,Molynes Rd,Point(-76.813293 18.020587),10
30 may 2025,JM,null,T1 (E) - East West Hwy,Point(-77.004978 17.967541),5
30 may 2025,JM,Havendale,Oregon Dr,Point(-76.813167 18.047062),7
30 may 2025,JM,Downtown Kingston,Port Royal St,Point(-76.792506 17.965621),5
30 may 2025,JM,Gutters (St. Elizabeth),Gutters to Downs Rd,Point(-77.59009 17.999442),8
30 may 2025,JM,null,B2 - Bog Walk to Natural Bridge Rd,Point(-76.97718 18.139883),5
30 may 2025,JM,Wait-A-Bit,B5,Point(-77.52646 18.245244),5
30 may 2025,JM,Williamsfield,Caledonia Rd,Point(-77.468268 18.06378),9
30 may 2025,JM,Olympic Gardens,Brettford Ave,Point(-76.821134 18.018215),9
30 may 2025,JM,null,Marcus Garvey Dr,Point(-76.810496 17.973164),10
30 may 2025,JM,null,A1 - Kew Bridge to Great River Rd,Point(-78.091944 18.448385),6
30 may 2025,JM,Spur Tree,A2 - Spur Tree Rd,Point(-77.561844 17.994594),9
30 may 2025,JM,Green Island,A1 - Lucea to Green Island Rd,Point(-78.271594 18.388938),10
30 may 2025,JM,null,Old Hope Rd,Point(-76.752299 18.017163),6
30 may 2025,JM,Spanish Town,Job Ln,Point(-76.973366 18.012601),6
30 may 2025,JM,Negril,A1 - Norman Manley Blvd,Point(-78.337896 18.335067),5
30 may 2025,JM,null,T3 - Edward Seaga Highway,Point(-76.908674 18.011878),5
30 may 2025,JM,null,Braeton Parkway,Point(-76.911985 17.953959),5
30 may 2025,JM,Unity Hall,A1 - Dr. Aston King Highway,Point(-77.978939 18.451637),7
30 may 2025,JM,Unity Hall,A1 - Dr. Aston King Highway,Point(-77.978048 18.451706),10
30 may 2025,JM,Middle Quarters,A2 - Luana to Tombstone Rd,Point(-77.818886 18.112701),8
30 may 2025,JM,Kingston 6,Seymour Ave,Point(-76.774092 18.012472),10
30 may 2025,JM,Olympic Gardens,null,Point(-76.828232 18.021894),5
30 may 2025,JM,Mandeville,null,Point(-77.529978 18.039401),5
30 may 2025,JM,Spur Tree,A2 - Spur Tree Rd,Point(-77.579048 18.012003),10
30 may 2025,JM,Portmore,> Portmore (Central),Point(-76.864775 17.971596),5
30 may 2025,JM,null,A1 - Linstead Bypass,Point(-77.010008 18.116128),5
30 may 2025,JM,New Kingston,Oxford Rd,Point(-76.790538 18.002172),9
30 may 2025,JM,null,A1 - North Coast Highway,Point(-77.789295 18.516259),5
30 may 2025,JM,null,A1 - North Coast Highway,Point(-77.206145 18.439422),10
30 may 2025,JM,Kingston 10,Kings Cr,Point(-76.802135 18.002085),8
30 may 2025,JM,null,A1 - Spanish Town By-pass Rd,Point(-76.945436 17.987448),5
30 may 2025,JM,null,A1 - Spanish Town By-pass Rd,Point(-76.943504 17.988715),5
30 may 2025,JM,null,A1 - Spanish Town By-pass Rd,Point(-76.956902 17.987729),5
30 may 2025,JM,Downtown Kingston,Port Royal St,Point(-76.79673 17.965935),5
30 may 2025,JM,null,A1 - Walks Rd,Point(-76.974963 18.018658),5
30 may 2025,JM,Spur Tree,A2 - Spur Tree Rd,Point(-77.564862 17.997419),5
30 may 2025,JM,null,A2 - Tombstone to Gutters Rd,Point(-77.715412 18.057731),5
30 may 2025,JM,Grants Pen (Kingston),Grants Pen Ave,Point(-76.78506 18.033871),9
30 may 2025,JM,null,A2 - Winston Jones Highway,Point(-77.530977 18.042183),5
30 may 2025,JM,null,A3 - Half Way Tree Rd,Point(-76.792242 18.002944),5
30 may 2025,JM,null,A3 - Half Way Tree Rd,Point(-76.792378 18.003476),6
30 may 2025,JM,Montego Bay,Barnett St,Point(-77.914885 18.463977),5
30 may 2025,JM,Heartease (Manchester),Caledonia Road,Point(-77.481301 18.055476),5
30 may 2025,JM,null,null,Point(-76.930021 17.996337),5
30 may 2025,JM,Eastwood Park,Westminster Rd,Point(-76.802926 18.019498),5
30 may 2025,JM,null,A1 (W) - Nelson Mandela Highway,Point(-76.893751 18.012028),10
30 may 2025,JM,New Kingston,Chelsea Ave,Point(-76.790383 18.008945),5
30 may 2025,JM,Montego Bay,Creek St,Point(-77.920013 18.471419),5
30 may 2025,JM,Kingston 20,Drews Avenue,Point(-76.830166 18.023868),5
30 may 2025,JM,null,A1 - Spanish Town Rd,Point(-76.844136 18.015524),5
30 may 2025,JM,Kingston 10,Lady Musgrave Rd,Point(-76.778046 18.011663),5
30 may 2025,JM,null,Main St,Point(-77.238504 17.964374),5
30 may 2025,JM,null,Marcus Garvey Dr,Point(-76.807727 17.970858),5
30 may 2025,JM,null,A1 - North Coast Highway,Point(-77.693656 18.490113),10
30 may 2025,JM,null,A2 - Smithfield Bridge to Scotts Cove Rd,Point(-78.061081 18.219781),5
30 may 2025,JM,null,Old Hope Rd,Point(-76.760186 18.018598),5
30 may 2025,JM,New Kingston,Oxford Rd,Point(-76.786161 18.000701),5
30 may 2025,JM,null,Red Hills Rd,Point(-76.804463 18.024991),5
30 may 2025,JM,Kingston 6,Seymour Ave,Point(-76.774973 18.007221),5
30 may 2025,JM,Downtown Kingston,Harbour St,Point(-76.790129 17.965886),6
30 may 2025,JM,Olympic Gardens,Brettford Ave,Point(-76.819303 18.021863),6
30 may 2025,JM,null,A1 (W) - Nelson Mandela Highway,Point(-76.887186 18.016456),6
30 may 2025,JM,null,T1 (E) - East West Hwy,Point(-76.921226 17.984611),7
30 may 2025,JM,null,T1 (W) - East West Hwy,Point(-77.036727 17.954612),5
30 may 2025,JM,null,T1 (W) - East West Hwy,Point(-76.942472 17.976278),5
30 may 2025,JM,Kingston 6,Tucker Ave,Point(-76.769915 18.007125),5
30 may 2025,JM,null,A1 - North Coast Highway,Point(-77.41553 18.467337),5
30 may 2025,JM,null,A1 - Spanish Town Rd,Point(-76.838684 18.010653),6
30 may 2025,JM,null,T1 (E) - East West Hwy,Point(-77.41766 18.022058),10
30 may 2025,JM,null,B13,Point(-77.002933 18.209691),5
30 may 2025,JM,Washington Gardens,Weymouth Dr,Point(-76.841113 18.024305),5
30 may 2025,JM,Spanish Town,King St,Point(-76.954592 17.996045),5
30 may 2025,JM,null,T1 (E) - East West Hwy,Point(-77.143752 17.920495),5
30 may 2025,JM,New Kingston,Oxford Rd,Point(-76.790679 18.002201),6
30 may 2025,JM,Barbican,Barbican Rd,Point(-76.779669 18.031782),6
30 may 2025,JM,null,T1 (E) - East West Hwy,Point(-76.91107 17.985979),8
30 may 2025,JM,null,T1 (W) - East West Hwy,Point(-77.160936 17.921399),5
30 may 2025,JM,null,T1 (E) - East West Hwy,Point(-76.910027 17.986332),7
30 may 2025,JM,null,T3 - Edward Seaga Highway,Point(-76.92298 18.027776),10
30 may 2025,JM,Spanish Town,Burke Rd,Point(-76.950755 17.991815),8
30 may 2025,JM,Spanish Town,Salt Island Rd,Point(-76.961962 17.984446),5
30 may 2025,JM,Irish Pen,Job Ln,Point(-76.976624 18.010152),7
30 may 2025,JM,null,B2 - Bog Walk to Natural Bridge Rd,Point(-76.993446 18.116032),5
30 may 2025,JM,Kingston 6,Montrose Rd,Point(-76.774447 18.012234),7
30 may 2025,JM,null,T3 - Edward Seaga Highway,Point(-77.032881 18.148301),8
30 may 2025,JM,Comfort,null,Point(-77.458187 18.052302),8
30 may 2025,JM,null,A1 (W) - Nelson Mandela Highway,Point(-76.874171 18.02432),6
30 may 2025,JM,Kingston 5,Lyndhurst Rd,Point(-76.794065 17.993166),5
30 may 2025,JM,null,A2 - Old Harbour Rd,Point(-77.055193 17.951171),5
30 may 2025,JM,null,A1 - North Coast Highway,Point(-77.797265 18.517027),5
30 may 2025,JM,New Kingston,Knutsford Blvd,Point(-76.78878 18.002714),5
30 may 2025,JM,New Kingston,Haining Rd,Point(-76.783316 18.004049),5
30 may 2025,JM,null,A1 - North Coast Highway,Point(-77.71855 18.506645),5
30 may 2025,JM,null,A1 - North Coast Highway,Point(-77.204815 18.439183),7
30 may 2025,JM,Patrick Town,Patrick Town thru Harmons to John Robinson Rd,Point(-77.446684 17.978542),5
30 may 2025,JM,Rose Hall,A1 - North Coast Highway,Point(-77.816249 18.520049),6
30 may 2025,JM,Spanish Town,Bernard Lodge Main Rd,Point(-76.94898 17.991496),5
30 may 2025,JM,null,T3 - Edward Seaga Highway,Point(-77.033829 18.146739),8
30 may 2025,JM,null,Molynes Rd,Point(-76.81999 18.023388),5
30 may 2025,JM,null,A1 (E) - Nelson Mandela Highway,Point(-76.883583 18.019108),8
30 may 2025,JM,Kingston 10,A3 (N) - Constant Spring Rd,Point(-76.795997 18.029866),6
30 may 2025,JM,null,A1 - Lucea to Green Island Rd,Point(-78.249123 18.421313),6
30 may 2025,JM,Trench Town,7th St,Point(-76.801849 17.984211),5
30 may 2025,JM,Stony Hill (St. Andrew),A3 - Stony Hill Rd,Point(-76.803335 18.095143),6
30 may 2025,JM,null,null,Point(-77.454981 18.050891),5
30 may 2025,JM,null,A2 (W) - Melrose Hill Byp,Point(-77.4439 18.055961),10
30 may 2025,JM,Kingston,A2 (W) - Washington Blvd,Point(-76.820156 18.025683),5
30 may 2025,JM,null,A1 - Spanish Town Rd,Point(-76.831344 18.003915),6
30 may 2025,JM,null,Molynes Rd,Point(-76.819098 18.022699),5
30 may 2025,JM,Hopewell,A1 - Kew Bridge to Great River Rd,Point(-78.037109 18.453573),8
30 may 2025,JM,Montego Bay,Hart St,Point(-77.919842 18.46987),5
30 may 2025,JM,null,Municipal Blvd,Point(-76.894781 18.004395),6
30 may 2025,JM,null,A1 - North Coast Highway,Point(-77.411073 18.460175),5
30 may 2025,JM,Montego Bay,Queens Dr,Point(-77.926501 18.479463),5
30 may 2025,JM,null,A1 - North Coast Highway,Point(-77.689663 18.488811),6
30 may 2025,JM,null,> Three Miles,Point(-76.828509 17.990994),5
30 may 2025,JM,Belmont,A2 - Smithfield Bridge to Scotts Cove Rd,Point(-78.031661 18.154679),9
30 may 2025,JM,Santa Cruz,A2 - Tombstone to Gutters Rd,Point(-77.685303 18.052546),10
30 may 2025,JM,null,A2 - Tombstone to Gutters Rd,Point(-77.713362 18.056965),5
30 may 2025,JM,null,T1 (E) - East West Hwy,Point(-77.392863 17.988352),10
30 may 2025,JM,Grange Pen,null,Point(-77.757479 18.510235),5
30 may 2025,JM,null,Black River to Pedro Cross Rd,Point(-77.795241 18.000041),5
30 may 2025,JM,null,T1 (W) - East West Hwy,Point(-76.909937 17.986271),5
30 may 2025,JM,null,A2 - Winston Jones Highway,Point(-77.530068 18.040249),10
30 may 2025,JM,null,T1 (W) - East West Hwy,Point(-77.220566 17.934385),6
30 may 2025,JM,null,Old Hope Rd,Point(-76.778347 18.003989),5
30 may 2025,JM,null,T1 (W) - East West Hwy,Point(-77.206245 17.931893),6
30 may 2025,JM,null,A2 E - Dunrobin Ave,Point(-76.803385 18.026305),5
30 may 2025,JM,null,T3 - Edward Seaga Highway,Point(-77.040626 18.119521),10
30 may 2025,JM,Spanish Town,Gordon Blvd,Point(-76.959775 18.006325),10
30 may 2025,JM,Central Village,A1 (W) - Nelson Mandela Highway,Point(-76.916384 17.99665),5
30 may 2025,JM,null,T1 - East West Hwy,Point(-76.965831 17.973464),10
30 may 2025,JM,Port Maria,A3,Point(-76.89579 18.388505),5
30 may 2025,JM,Pepper,Pepper Main Rd,Point(-77.61461 18.031357),10
30 may 2025,JM,Kingsland (Manchester),Kingsland Main Rd,Point(-77.54799 18.009004),7
30 may 2025,JM,null,West End Rd,Point(-78.363922 18.274833),6
30 may 2025,JM,Downtown Kingston,A4 - East Queen St,Point(-76.790356 17.971069),5
30 may 2025,JM,Olympic Gardens,Seaward Dr,Point(-76.820014 18.022963),5
30 may 2025,JM,null,A1 (W) - Nelson Mandela Highway,Point(-76.860161 18.025826),7
30 may 2025,JM,Montego Bay,A1 - Howard Cook Blvd,Point(-77.924264 18.465803),6
30 may 2025,JM,null,A1 - Spanish Town Rd,Point(-76.837111 18.009013),5
30 may 2025,JM,Martins (St. Mary),A3 - Agualta Vale to Martins Rd,Point(-76.864824 18.291215),5
30 may 2025,JM,null,Old Hope Rd,Point(-76.748024 18.016239),5
30 may 2025,JM,Trinity,A3 - Ballards Valley to Trinity Rd,Point(-76.898497 18.343943),5
30 may 2025,JM,Trinity,A3 - Ballards Valley to Trinity Rd,Point(-76.898823 18.346796),5
30 may 2025,JM,null,A2 - Winston Jones Hwy,Point(-77.470958 18.068329),10
30 may 2025,JM,null,T1 (E) - East West Hwy,Point(-77.337319 17.957138),5
30 may 2025,JM,null,T1 (E) - East West Hwy,Point(-77.219148 17.934154),5
30 may 2025,JM,Cumberland (Portmore),Cumberland Blvd,Point(-76.884416 17.97883),10
30 may 2025,JM,null,A1 - Spanish Town Rd,Point(-76.838405 18.010397),5
30 may 2025,JM,null,T1 (E) - East West Hwy,Point(-77.383189 17.978437),7
30 may 2025,JM,Seven Miles,A4 - Harbour View to Bull Bay Rd,Point(-76.70392 17.949025),5
30 may 2025,JM,null,T1 (W) - East West Hwy,Point(-77.434896 18.036681),6
30 may 2025,JM,null,T1 (W) - East West Hwy,Point(-77.2135 17.932714),7
30 may 2025,JM,null,T3 - Edward Seaga Highway,Point(-77.062897 18.210245),10
30 may 2025,JM,null,T3 - Edward Seaga Highway,Point(-77.041111 18.129078),5
30 may 2025,JM,null,T3 - Edward Seaga Highway,Point(-77.129741 18.290912),8
30 may 2025,JM,null,to A1,Point(-76.970674 18.038144),6
30 may 2025,JM,null,T3 - Edward Seaga Highway,Point(-77.139167 18.32997),9
30 may 2025,JM,Downtown Kingston,Water Ln,Point(-76.799334 17.967002),10
30 may 2025,JM,null,T1 (W) - East West Hwy,Point(-76.986025 17.973333),7
30 may 2025,JM,Savanna La Mar,A2 - Lewis St,Point(-78.133134 18.222502),5
30 may 2025,JM,Barbican,Barbican Rd,Point(-76.764347 18.025143),5
30 may 2025,JM,Lucea,A1 - Church St,Point(-78.170937 18.447535),5
30 may 2025,JM,Eltham,Exchange Rd,Point(-77.07225 18.411662),5
30 may 2025,JM,null,Marescaux Rd,Point(-76.785889 17.991958),5
30 may 2025,JM,Kingston 10,Maxfield Ave,Point(-76.802085 18.001701),5
30 may 2025,JM,null,Municipal Blvd,Point(-76.895137 18.00461),5
30 may 2025,JM,null,A3 - Ocho Rios Byp,Point(-77.082399 18.41072),5
30 may 2025,JM,null,T1 (W) - East West Hwy,Point(-77.03391 17.954987),5
30 may 2025,JM,Spanish Town,White Church St,Point(-76.952733 17.993341),5
30 may 2025,JM,Six Miles,A2 (E) - Washington Blvd,Point(-76.846515 18.02608),7
30 may 2025,JM,null,B5 - Jackson Town to Ulster Spring Rd,Point(-77.518579 18.32179),5
30 may 2025,JM,Half Way Tree,A3 (S) - Constant Spring Rd,Point(-76.796272 18.021898),5
30 may 2025,JM,Kingston 10,Lindsay Cr,Point(-76.802325 18.026683),5
30 may 2025,JM,null,Marcus Garvey Dr,Point(-76.823508 17.984214),7
30 may 2025,JM,Kingston 8,Oliver Rd,Point(-76.793469 18.048803),5
30 may 2025,JM,null,Mannings Hill Rd,Point(-76.800445 18.04366),5
30 may 2025,JM,Hopewell,A1 - Kew Bridge to Great River Rd,Point(-78.010826 18.456253),5
30 may 2025,JM,Unity Hall,A1 - Dr. Aston King Highway,Point(-77.98977 18.448293),5
30 may 2025,JM,Kingston 6,Hopefield Ave,Point(-76.775081 18.015942),7
30 may 2025,JM,Middle Quarters,A2 - Luana to Tombstone Rd,Point(-77.820852 18.104995),5
30 may 2025,JM,null,Salt Pond Rd,Point(-76.944133 17.978602),5
30 may 2025,JM,null,T1 (E) - East West Hwy,Point(-77.037253 17.954639),5
30 may 2025,JM,Bog Walk,Main St,Point(-77.006596 18.102897),5
30 may 2025,JM,Kingston 10,Fairway Ave,Point(-76.77546 18.008925),5
30 may 2025,JM,null,Hope Rd,Point(-76.785111 18.016894),6
30 may 2025,JM,Leith Hall,A4 - Prospect to Port Morant Rd,Point(-76.340658 17.875429),5
30 may 2025,JM,null,Fairway Ave,Point(-76.774753 18.008756),9
30 may 2025,JM,null,T3 - Edward Seaga Highway,Point(-77.167475 18.392078),5
30 may 2025,JM,Kingston 10,A3 (N) - Constant Spring Rd,Point(-76.796404 18.026489),5
30 may 2025,JM,Kingston 8,Constant Spring Gr,Point(-76.794952 18.041665),8
30 may 2025,JM,Gregory Park,Gregory Park Main Rd,Point(-76.888452 17.996921),10
30 may 2025,JM,null,New Forest to Downs Rd,Point(-77.566952 17.914559),5
30 may 2025,JM,null,A2 - Winston Jones Highway,Point(-77.530871 18.041952),6
30 may 2025,JM,null,Marcus Garvey Dr,Point(-76.82758 17.989645),5
30 may 2025,JM,New Kingston,Trafalgar Rd,Point(-76.790056 18.011664),5
30 may 2025,JM,null,T3 - Edward Seaga Highway,Point(-77.010891 18.090687),8
30 may 2025,JM,null,A4 - Golden Grove to Belle Castle Rd,Point(-76.256777 17.953463),6
30 may 2025,JM,Caribbean Estates,Main Rd,Point(-76.908529 17.963432),5
30 may 2025,JM,null,A1 (E) - Nelson Mandela Highway,Point(-76.868694 18.025734),6
30 may 2025,JM,null,T3 - Edward Seaga Highway,Point(-77.032208 18.152849),7
30 may 2025,JM,null,T3 - Edward Seaga Highway,Point(-77.009356 18.084026),5
30 may 2025,JM,null,T1 (E) - East West Hwy,Point(-77.146959 17.920823),8
30 may 2025,JM,Eastwood Park,Cassia Park Ave,Point(-76.804031 18.019878),5
30 may 2025,JM,null,T3 - Edward Seaga Highway,Point(-77.159749 18.387853),5
30 may 2025,JM,Barbican,Barbican Rd,Point(-76.779381 18.03175),5
30 may 2025,JM,Kingston 8,Leicester Ave,Point(-76.808509 18.036035),5
30 may 2025,JM,null,A1 - Kew Bridge to Great River Rd,Point(-78.073594 18.451215),6
30 may 2025,JM,Anchovy,B8 - Anchovy to Shettlewood Rd,Point(-77.93837 18.415164),5
30 may 2025,JM,null,A1 - Kew Bridge to Great River Rd,Point(-78.063792 18.452643),5
30 may 2025,JM,null,T3 - Edward Seaga Highway,Point(-77.072664 18.215353),5
30 may 2025,JM,Spur Tree,A2 - Spur Tree Rd,Point(-77.579728 18.012695),5
30 may 2025,JM,null,A1 - Kew Bridge to Great River Rd,Point(-78.06548 18.452119),5
30 may 2025,JM,null,T1 (W) - East West Hwy,Point(-76.909258 17.986508),5
30 may 2025,JM,null,T3 - Edward Seaga Highway,Point(-77.122542 18.281456),6
30 may 2025,JM,null,T3 - Edward Seaga Highway,Point(-77.142242 18.332705),5
30 may 2025,JM,Runaway Bay,A1 - North Coast Hwy,Point(-77.32175 18.464404),5
30 may 2025,JM,null,T1 (W) - East West Hwy,Point(-76.928524 17.979302),5
30 may 2025,JM,null,A1 - North Coast Highway,Point(-77.280625 18.462319),5
30 may 2025,JM,Kingston 8,Constant Spring Gr,Point(-76.795597 18.041759),5
30 may 2025,JM,null,Old Hope Rd,Point(-76.7568 18.018035),10
30 may 2025,JM,Kingston 10,Lady Musgrave Rd,Point(-76.779064 18.006817),6
30 may 2025,JM,Duncans,null,Point(-77.53744 18.471479),5
30 may 2025,JM,null,A4 - Harbour View to Bull Bay Rd,Point(-76.670863 17.940857),10
30 may 2025,JM,Cross Roads,A3 - Slipe Rd,Point(-76.788605 17.99191),6
30 may 2025,JM,null,T3 - Edward Seaga Highway,Point(-77.117631 18.260146),5
30 may 2025,JM,Montego Bay,Orange St,Point(-77.922536 18.479157),5
30 may 2025,JM,null,T3 - Edward Seaga Highway,Point(-77.033904 18.159282),5
30 may 2025,JM,Cross Roads,Old Hope Rd,Point(-76.787781 17.993941),6
30 may 2025,JM,null,T3 - Edward Seaga Highway,Point(-77.127702 18.288898),9
30 may 2025,JM,Mandeville,Greenvale Rd,Point(-77.518112 18.036752),5
30 may 2025,JM,Montego Bay,Barnett St,Point(-77.915568 18.465459),6
30 may 2025,JM,null,A1 (E) - Nelson Mandela Highway,Point(-76.881964 18.020208),5
30 may 2025,JM,Montego Bay,null,Point(-77.917136 18.494335),5
30 may 2025,JM,Kintyre,Camp View Ave,Point(-76.736577 18.017235),5
30 may 2025,JM,Montego Bay,Barnett St,Point(-77.914839 18.463722),5
30 may 2025,JM,Mandeville,Caledonia Rd,Point(-77.510239 18.039521),5
30 may 2025,JM,null,T1 (E) - East West Hwy,Point(-77.009281 17.965345),7
30 may 2025,JM,Barbican,Paddington Ter,Point(-76.778223 18.027143),5
30 may 2025,JM,null,A1 (E) - Nelson Mandela Highway,Point(-76.893414 18.012414),5
30 may 2025,JM,null,A2 - Old Harbour Rd,Point(-76.976099 17.991109),5
30 may 2025,JM,null,A2 - Old Harbour Rd,Point(-76.972223 17.992204),6
30 may 2025,JM,Kingston 10,Waterloo Rd,Point(-76.791805 18.020672),5
30 may 2025,JM,Montego Bay,Queens Dr,Point(-77.927583 18.484665),5
30 may 2025,JM,Montego Bay,A1 - Alice Eldemire Dr,Point(-77.927039 18.457269),5
30 may 2025,JM,Kingston 10,A3 - Half Way Tree Rd,Point(-76.79542 18.006729),5
30 may 2025,JM,null,Waltham Park Rd,Point(-76.811902 17.995843),5
30 may 2025,JM,New Kingston,Trafalgar Rd,Point(-76.786278 18.009812),5
30 may 2025,JM,null,Marescaux Rd,Point(-76.785946 17.991268),5
30 may 2025,JM,null,Hagley Park Rd,Point(-76.820112 18.00157),5
30 may 2025,JM,null,Mountain View Ave,Point(-76.769703 18.001582),5
30 may 2025,JM,Kingston 8,Barbican Rd,Point(-76.785699 18.030705),5
30 may 2025,JM,null,Mountain View Ave,Point(-76.770873 18.005751),5
30 may 2025,JM,null,Marcus Garvey Dr,Point(-76.808847 17.971776),5
30 may 2025,JM,Hatfield (Manchester),Hatfield Main Rd,Point(-77.532958 18.032795),5
30 may 2025,JM,Barbican,Liguanea Ave,Point(-76.769782 18.023996),5
30 may 2025,JM,Kingston 20,Ken Hill Dr,Point(-76.833254 18.026004),6
30 may 2025,JM,Kingston 10,Lady Musgrave Rd,Point(-76.778749 18.006538),5
30 may 2025,JM,null,Hellshire Main Rd,Point(-76.89783 17.952828),6
30 may 2025,JM,null,A3 - Ocho Rios Byp,Point(-77.075562 18.412112),5
30 may 2025,JM,Portmore,Dawkins Dr,Point(-76.866543 17.972961),5
30 may 2025,JM,null,Old Hope Rd,Point(-76.781421 18.002189),5
30 may 2025,JM,Portmore,Braeton Parkway,Point(-76.899221 17.961389),5
30 may 2025,JM,null,A3 (S) - Constant Spring Rd,Point(-76.79584 18.033731),5
30 may 2025,JM,Montego Bay,A1 - Howard Cook Blvd,Point(-77.92394 18.467377),5
30 may 2025,JM,null,T3 - Edward Seaga Highway,Point(-77.042248 18.179443),5
30 may 2025,JM,null,E Kings House Rd,Point(-76.776224 18.030055),5
30 may 2025,JM,null,A2 - Winston Jones Hwy,Point(-77.472689 18.068587),6
30 may 2025,JM,null,A1 - North Coast Highway,Point(-77.193008 18.432269),5
30 may 2025,JM,null,A1 - Walks Rd,Point(-76.979043 18.032276),5
30 may 2025,JM,null,T3 - Edward Seaga Highway,Point(-77.155593 18.354529),6
30 may 2025,JM,null,A4 - Harbour View to Bull Bay Rd,Point(-76.690251 17.944382),8
30 may 2025,JM,Annotto Bay,A4 - Dover to Agualta Vale Rd,Point(-76.76772 18.270967),5
30 may 2025,JM,Eltham,Exchange Rd,Point(-77.069872 18.410137),5
30 may 2025,JM,Kingston 10,Waterloo Rd,Point(-76.791713 18.020021),5
30 may 2025,JM,null,T3 - Edward Seaga Highway,Point(-77.035575 18.163045),6
30 may 2025,JM,null,T3 - Edward Seaga Highway,Point(-77.036629 18.142427),10
30 may 2025,JM,Rosemount,Vernons Rd,Point(-77.904217 18.47459),5
30 may 2025,JM,null,T3 - Edward Seaga Highway,Point(-77.142158 18.33259),5
30 may 2025,JM,null,T3 - Edward Seaga Highway,Point(-76.917003 18.025099),6
30 may 2025,JM,null,T3 - Edward Seaga Highway,Point(-77.010503 18.091242),5
30 may 2025,JM,null,Fairway Ave,Point(-76.773969 18.008594),5
30 may 2025,JM,null,T3 - Edward Seaga Highway,Point(-77.162038 18.411293),9
30 may 2025,JM,null,T1 (W) East West Hwy,Point(-77.361393 17.96512),7
30 may 2025,JM,null,T3 - Edward Seaga Highway,Point(-76.940947 18.027913),7
30 may 2025,JM,null,T3 - Edward Seaga Highway,Point(-76.969263 18.037426),5
30 may 2025,JM,null,T3 - Edward Seaga Highway,Point(-77.031773 18.101715),5
30 may 2025,JM,null,T1 - East West Hwy,Point(-77.073527 17.939679),7
30 may 2025,JM,null,T3 - Edward Seaga Highway,Point(-77.155723 18.354691),7
30 may 2025,JM,null,T1 - East West Hwy,Point(-76.96867 17.973467),5
30 may 2025,JM,null,T1 - East West Hwy,Point(-77.08646 17.937579),6
30 may 2025,JM,null,B8 - Long Hill Rd,Point(-77.949337 18.430979),5
30 may 2025,JM,null,T1 (W) - East West Hwy,Point(-77.37955 17.975727),10
30 may 2025,JM,null,T1 (E) - East West Hwy,Point(-77.434675 18.036503),6
30 may 2025,JM,null,T1 (W) - East West Hwy,Point(-77.391444 17.9875),8
30 may 2025,JM,Kingston 8,Upper Waterloo Rd,Point(-76.791572 18.029239),6
30 may 2025,JM,null,T1 (W) - East West Hwy,Point(-77.037312 17.954534),10
30 may 2025,JM,Central Village,null,Point(-76.913563 17.998482),5
30 may 2025,JM,null,A1 - Spanish Town Rd,Point(-76.841495 18.013251),6
30 may 2025,JM,null,T1 (W) - East West Hwy,Point(-77.141409 17.920319),7
30 may 2025,JM,null,T1 (W) - East West Hwy,Point(-77.35478 17.9624),10
30 may 2025,JM,null,T1 (E) - East West Hwy,Point(-77.146445 17.92077),6
30 may 2025,JM,null,T1 (W) - East West Hwy,Point(-76.976524 17.973365),5
30 may 2025,JM,null,T1 (E) - East West Hwy,Point(-77.352689 17.961793),5
30 may 2025,JM,null,T1 (W) - East West Hwy,Point(-76.987044 17.973329),5
30 may 2025,JM,Kingston 10,A3 - Maxfield Ave,Point(-76.800489 18.005704),6
30 may 2025,JM,null,T3 - Edward Seaga Highway,Point(-77.12807 18.289273),7
30 may 2025,JM,null,T1 (E) - East West Hwy,Point(-77.413342 18.015347),8
30 may 2025,JM,null,T1 (E) - East West Hwy,Point(-77.051633 17.950681),9
30 may 2025,JM,null,Old Hope Rd,Point(-76.754938 18.017667),6
30 may 2025,JM,null,T1 (E) - East West Hwy,Point(-77.283527 17.961282),5
30 may 2025,JM,null,Red Hills Rd,Point(-76.804625 18.025081),6
30 may 2025,JM,null,Braeton Parkway,Point(-76.908783 17.955811),6
30 may 2025,JM,null,A4 - Harbour View to Bull Bay Rd,Point(-76.690209 17.944165),5
30 may 2025,JM,null,Marcus Garvey Dr,Point(-76.807862 17.970971),5
30 may 2025,JM,Luana,Brompton Rd,Point(-77.867261 18.069647),6
30 may 2025,JM,null,Marcus Garvey Dr,Point(-76.823845 17.984494),6
30 may 2025,JM,null,A2 (E) - Melrose Hill By,Point(-77.450382 18.061062),5
30 may 2025,JM,Jones Town,Asquith St,Point(-76.800581 17.983585),7
30 may 2025,JM,Annotto Bay,A4 - Dover to Agualta Vale Rd,Point(-76.766549 18.271287),5
30 may 2025,JM,Port Maria,A3 - Stennett St,Point(-76.89392 18.363506),5
30 may 2025,JM,null,A2 (W) - Melrose Hill Byp,Point(-77.445439 18.056254),10
30 may 2025,JM,Kingston 6,Hope Rd,Point(-76.770495 18.020905),5
30 may 2025,JM,null,A2 - Winston Jones Highway,Point(-77.517865 18.059761),6
30 may 2025,JM,Wharton,A2 - Tombstone to Gutters Rd,Point(-77.745316 18.077595),5
30 may 2025,JM,null,A2 - Winston Jones Highway,Point(-77.532455 18.046501),6
30 may 2025,JM,Constant Spring,A3 - Stony Hill Rd,Point(-76.794501 18.057354),6
30 may 2025,JM,null,A1 - Bog Walk Gorge,Point(-76.985231 18.059288),5
30 may 2025,JM,New Kingston,Knutsford Blvd,Point(-76.786977 18.00715),5
30 may 2025,JM,null,A1 - River Rd,Point(-76.993942 18.088068),5
30 may 2025,JM,null,A1 - North Coast Highway,Point(-77.704196 18.497231),9
30 may 2025,JM,null,A1 (E) - Nelson Mandela Highway,Point(-76.877928 18.02284),5
30 may 2025,JM,null,Molynes Rd,Point(-76.81998 18.023378),5
30 may 2025,JM,Downtown Kingston,Port Royal St,Point(-76.792267 17.965609),5
30 may 2025,JM,null,A1 (E) - Nelson Mandela Highway,Point(-76.894336 18.011802),5
30 may 2025,JM,null,null,Point(-76.965777 17.978003),10
30 may 2025,JM,Kingston 20,Tewfix Dr,Point(-76.808786 18.025952),7
30 may 2025,JM,"March Pen, Spanish Town",March Pen Rd,Point(-76.954558 17.989795),8
30 may 2025,JM,Spanish Town,Young St,Point(-76.954688 17.991831),10
30 may 2025,JM,Montego Bay,Valencia Dr,Point(-77.900994 18.467727),5
30 may 2025,JM,null,Worchester Dr,Point(-76.979003 17.986168),10
30 may 2025,JM,Portmore,Municipal Blvd,Point(-76.901042 17.961046),10
30 may 2025,JM,"March Pen, Spanish Town",March Pen Rd,Point(-76.954769 17.987857),8
30 may 2025,JM,Portmore,Municipal Blvd,Point(-76.902131 17.962931),10
30 may 2025,JM,null,Maxfield Ave,Point(-76.80348 18.00054),10
30 may 2025,JM,null,Molynes Rd,Point(-76.823273 18.03825),10
30 may 2025,JM,Goshen (St. Elizabeth),Goshen Main Rd,Point(-77.630678 18.042533),7
30 may 2025,JM,null,B5 - Ulster Spring to Albert Town Rd,Point(-77.526811 18.306316),6
30 may 2025,JM,New Kingston,Holborn Rd,Point(-76.789999 18.00984),7
30 may 2025,JM,Gutters (St. Elizabeth),Gutters to Downs Rd,Point(-77.591148 18.003372),7
30 may 2025,JM,Havendale,Fairfax Dr,Point(-76.810372 18.05058),5
30 may 2025,JM,Kingston 8,Barbican Rd,Point(-76.786161 18.030362),10
30 may 2025,JM,New Kingston,Dominica Dr,Point(-76.788183 18.005619),8
30 may 2025,JM,Mandeville,Barnstaple,Point(-77.490328 18.018435),5
30 may 2025,JM,null,Black River to Pedro Cross Rd,Point(-77.796048 17.999901),6
30 may 2025,JM,Baptist,A2 - Luana to Tombstone Rd,Point(-77.846268 18.092329),8
30 may 2025,JM,null,Old Hope Rd,Point(-76.759503 18.018467),6
30 may 2025,JM,Half Way Tree,A3 - Constant Spring Rd,Point(-76.796402 18.019984),6
30 may 2025,JM,null,A2 - Scotts Cove to Black River-Luana Rd,Point(-77.923905 18.044161),7
30 may 2025,JM,Wilton,A2 - Tombstone to Gutters Rd,Point(-77.656692 18.058632),10
30 may 2025,JM,null,A2 - Spur Tree Rd,Point(-77.558895 17.996536),8
30 may 2025,JM,Three Miles,A1 - Spanish Town Rd,Point(-76.826655 17.999578),10
30 may 2025,JM,null,A1 - Kew Bridge to Great River Rd,Point(-78.103388 18.450315),6
30 may 2025,JM,null,A1 - Spanish Town Rd,Point(-76.842317 18.013823),7
30 may 2025,JM,null,A1 - Kew Bridge to Lucea Rd,Point(-78.114963 18.453523),10
30 may 2025,JM,null,A1 - North Coast Highway,Point(-77.685859 18.486856),8
30 may 2025,JM,Mandeville,null,Point(-77.505244 18.042264),7
30 may 2025,JM,Hopewell,A1 - Kew Bridge to Great River Rd,Point(-78.020718 18.454639),10
30 may 2025,JM,Hopewell,A1 - Kew Bridge to Great River Rd,Point(-78.012601 18.456454),5
30 may 2025,JM,Newport West,1st St,Point(-76.82827 17.987148),8
30 may 2025,JM,Kingston 6,Retreat Ave,Point(-76.772415 18.012602),6
30 may 2025,JM,null,T3 - Edward Seaga Highway,Point(-77.033105 18.147932),10
30 may 2025,JM,Kingston 6,Seaview Ave,Point(-76.775114 18.010556),5
30 may 2025,JM,McNeil's Land,null,Point(-78.185182 18.235362),5
30 may 2025,JM,null,null,Point(-76.966472 17.993381),5
30 may 2025,JM,Ironshore,null,Point(-77.879774 18.516744),5
30 may 2025,JM,null,null,Point(-77.224912 17.945688),5
30 may 2025,JM,null,A1 (W) - Nelson Mandela Highway,Point(-76.887953 18.015935),5
30 may 2025,JM,null,A1 - Bog Walk Gorge,Point(-76.981216 18.045453),5
30 may 2025,JM,Hopewell,A1 - Kew Bridge to Great River Rd,Point(-78.013362 18.455765),5
30 may 2025,JM,null,A1 - North Coast Highway,Point(-77.279473 18.461845),5
30 may 2025,JM,null,A1 - North Coast Highway,Point(-77.23459 18.451384),5
30 may 2025,JM,null,A1 - River Rd,Point(-77.004558 18.093589),5
30 may 2025,JM,Lucea,A1 - Seaview Dr,Point(-78.169036 18.437129),5
30 may 2025,JM,Six Miles,A2 (E) - Washington Blvd,Point(-76.846135 18.026084),5
30 may 2025,JM,null,A2 - Old Harbour Rd,Point(-77.09034 17.941347),5
30 may 2025,JM,null,A2 - Old Harbour Rd,Point(-77.023304 17.970882),5
30 may 2025,JM,null,A2 - Winston Jones Highway,Point(-77.528074 18.052984),6
30 may 2025,JM,Kingston 10,A3 (N) - Constant Spring Rd,Point(-76.79595 18.03079),5
30 may 2025,JM,Spanish Town,Brunswick Ave,Point(-76.972061 18.012369),5
30 may 2025,JM,Kingston 10,A3 - Balmoral Ave,Point(-76.800314 18.005183),5
30 may 2025,JM,Anchovy,B8 - Anchovy to Shettlewood Rd,Point(-77.934767 18.410605),5
30 may 2025,JM,null,Maxfield Ave,Point(-76.803039 18.001025),5
30 may 2025,JM,null,B8 - Long Hill Rd,Point(-77.949066 18.43353),5
30 may 2025,JM,Kingston 8,Barbican Rd,Point(-76.782827 18.031778),5
30 may 2025,JM,Barbican,Barbican Road,Point(-76.781036 18.032313),5
30 may 2025,JM,Montego Bay,Bogue Main Rd,Point(-77.920362 18.45455),6
30 may 2025,JM,Montego Bay,Crane Blvd,Point(-77.926857 18.45522),5
30 may 2025,JM,null,Dyke Rd,Point(-76.893494 18.003661),5
30 may 2025,JM,null,Dyke Rd,Point(-76.893218 18.00367),5
30 may 2025,JM,null,A4 - Hope Bay to Orange Bay Rd,Point(-76.568198 18.203145),6
30 may 2025,JM,null,A1 (W) - Nelson Mandela Highway,Point(-76.878348 18.022335),6
30 may 2025,JM,Kingston 6,Fairway Ave,Point(-76.778326 18.009784),6
30 may 2025,JM,Mona,Garden Blvd,Point(-76.75136 18.016452),5
30 may 2025,JM,null,A2 (W) - Melrose Hill Byp,Point(-77.439547 18.046089),5
30 may 2025,JM,Montego Bay,Jarrett Terr,Point(-77.913571 18.46751),5
30 may 2025,JM,Kingston 5,Lincoln Ave,Point(-76.803587 17.992721),5
30 may 2025,JM,Ocho Rios,Main St,Point(-77.10823 18.406112),5
30 may 2025,JM,null,Marcus Garvey Dr,Point(-76.812116 17.974569),5
30 may 2025,JM,Kingston 10,West Ave,Point(-76.799991 18.031333),5
30 may 2025,JM,null,T1 (W) - East West Hwy,Point(-77.365986 17.967112),5
30 may 2025,JM,Meadowbrook,Meadowbrook Ave,Point(-76.814521 18.042497),5
30 may 2025,JM,null,Municipal Blvd,Point(-76.894476 18.004193),5
30 may 2025,JM,Kingston 8,Shortwood Rd,Point(-76.79312 18.031977),5
30 may 2025,JM,Kingston 6,Seymour Ave,Point(-76.773716 18.016137),5
30 may 2025,JM,null,Municipal Blvd,Point(-76.900206 17.959693),5
30 may 2025,JM,Kingston 8,Perkins Blvd,Point(-76.82369 18.044908),5
30 may 2025,JM,null,Red Hills Rd,Point(-76.805998 18.029931),5
30 may 2025,JM,Meadowbrook,Roehampton Dr,Point(-76.81415 18.042917),5
30 may 2025,JM,null,T1 (E) - East West Hwy,Point(-77.032103 17.955324),5
30 may 2025,JM,Kingston 10,Waterloo Rd,Point(-76.791944 18.0166),5
30 may 2025,JM,Windsor Heights,null,Point(-76.921823 18.00532),5
30 may 2025,JM,null,A2 (W) - Melrose Hill Byp,Point(-77.438677 18.044753),5
30 may 2025,JM,Rose Hall,A1 - North Coast Highway,Point(-77.854219 18.521893),5
30 may 2025,JM,Bull Bay,A4 - Harbour View to Bull Bay Rd,Point(-76.664038 17.940993),5
30 may 2025,JM,Kingston 5,Tom Redcam Dr,Point(-76.782789 17.997668),6
30 may 2025,JM,Kingston 8,Old Stony Hill Rd,Point(-76.798252 18.068334),5
30 may 2025,JM,null,South Camp Rd,Point(-76.780566 17.980689),5
30 may 2025,JM,null,T3 - Edward Seaga Highway,Point(-77.157102 18.356642),5
30 may 2025,JM,null,Red Hills Rd,Point(-76.813355 18.039436),5
30 may 2025,JM,null,T3 - Edward Seaga Highway,Point(-77.10514 18.246502),5
30 may 2025,JM,Barbican,Nunthorpe Dr,Point(-76.780186 18.021268),5
30 may 2025,JM,null,Passage Fort Dr E,Point(-76.867363 17.983076),5
30 may 2025,JM,null,Fairway Ave,Point(-76.774809 18.008768),6
30 may 2025,JM,null,Municipal Blvd,Point(-76.896327 17.968515),5
30 may 2025,JM,null,T3 - Edward Seaga Highway,Point(-77.038373 18.109165),8
30 may 2025,JM,null,A4 - Sir Florizel Glaspole Blvd,Point(-76.731133 17.962353),5
30 may 2025,JM,Williamsfield,null,Point(-77.466888 18.061404),5
30 may 2025,JM,Hopewell,A1 - Kew Bridge to Great River Rd,Point(-78.027898 18.454421),10
30 may 2025,JM,Negril,A1 - Norman Manley Blvd,Point(-78.338816 18.337158),10
30 may 2025,JM,Spur Tree,A2 - Spur Tree Rd,Point(-77.581407 18.014683),5
30 may 2025,JM,Wharton,A2 - Tombstone to Gutters Rd,Point(-77.737297 18.075707),9
30 may 2025,JM,null,A4 - Golden Grove to Belle Castle Rd,Point(-76.265569 17.95129),7
30 may 2025,JM,Kingston 11,Bay Farm Rd,Point(-76.826204 18.01543),6
30 may 2025,JM,Spanish Town,Gordon Blvd,Point(-76.957011 17.99958),10
30 may 2025,JM,Kingston 10,Grove Rd,Point(-76.796386 18.004212),10
30 may 2025,JM,null,Molynes Rd,Point(-76.824104 18.037882),7
30 may 2025,JM,Kingston 8,Olivier Rd,Point(-76.789737 18.046582),6
30 may 2025,JM,"March Pen, Spanish Town",Windsor Rd,Point(-76.966505 17.982079),10
30 may 2025,JM,Rhyne Park Village,null,Point(-77.804159 18.503295),5
30 may 2025,JM,null,A1 - North Coast Highway,Point(-77.223629 18.446254),5
30 may 2025,JM,null,A2 - Winston Jones Highway,Point(-77.513186 18.063691),5
30 may 2025,JM,null,A2 E - Washington Blvd,Point(-76.808297 18.027229),5
30 may 2025,JM,Kingston 10,A3 - Balmoral Ave,Point(-76.798147 18.004544),6
30 may 2025,JM,Spanish Town,Burke Rd,Point(-76.950132 17.992026),5
30 may 2025,JM,null,Russell Heights,Point(-76.777255 18.040678),5
30 may 2025,JM,null,T1 (E) - East West Hwy,Point(-77.381324 17.977104),7
30 may 2025,JM,null,T1 (E) - East West Hwy,Point(-76.997926 17.971122),5
30 may 2025,JM,null,T1 (W) - East West Hwy,Point(-77.383026 17.978216),5
30 may 2025,JM,null,T1 (W) - East West Hwy,Point(-77.035875 17.954725),10
30 may 2025,JM,null,T1 - East West Hwy,Point(-77.109877 17.932344),5
30 may 2025,JM,null,T3 - Edward Seaga Highway,Point(-76.934462 18.027119),7
30 may 2025,JM,null,T3 - Edward Seaga Highway,Point(-77.032154 18.152573),10
30 may 2025,JM,Shooter,Mason River to Shooter Rd,Point(-77.243279 18.178041),5
30 may 2025,JM,null,T3 - Edward Seaga Highway,Point(-77.040987 18.127379),10
30 may 2025,JM,null,A1 - North Coast Highway,Point(-77.204427 18.439113),7
30 may 2025,JM,null,A3 (S) - Constant Spring Rd,Point(-76.796858 18.037448),5
30 may 2025,JM,Barbican,Barbican Road,Point(-76.781077 18.032291),6
30 may 2025,JM,Kingston 10,Kings Ave,Point(-76.802131 18.004606),6
30 may 2025,JM,null,Marcus Garvey Dr,Point(-76.810106 17.972829),5
30 may 2025,JM,Kingston 6,Montrose Rd,Point(-76.777598 18.01211),6
30 may 2025,JM,New Kingston,Trafalgar Rd,Point(-76.789877 18.01154),5
30 may 2025,JM,Lucea,A1 - Seaview Dr,Point(-78.169441 18.439561),5
30 may 2025,JM,Lucea,Big Well Rd,Point(-78.172556 18.444224),5
30 may 2025,JM,Kingston 6,Herb McKenly Dr,Point(-76.773959 18.005724),6
30 may 2025,JM,null,Mountain View Ave,Point(-76.770917 18.005905),6
30 may 2025,JM,null,T3 - Edward Seaga Highway,Point(-77.033449 18.158181),5
30 may 2025,JM,null,T1 (E) - East West Hwy,Point(-76.92723 17.980386),6
30 may 2025,JM,Kingston 10,Waterloo Rd,Point(-76.791834 18.020946),6
30 may 2025,JM,Trafalgar Park,Lord Nelson Way,Point(-76.785969 18.012066),5
30 may 2025,JM,May Pen,Williams Avenue,Point(-77.241156 17.964451),5
30 may 2025,JM,null,A2 - Winston Jones Highway,Point(-77.528489 18.052599),6
30 may 2025,JM,null,T1 - East West Hwy,Point(-77.099372 17.935395),7
30 may 2025,JM,New Kingston,Knutsford Blvd,Point(-76.78866 18.003138),5
30 may 2025,JM,null,T3 - Edward Seaga Highway,Point(-77.122007 18.270621),6
30 may 2025,JM,null,Old Hope Rd,Point(-76.786653 17.995747),5
30 may 2025,JM,null,T1 (E) - East West Hwy,Point(-77.03749 17.954608),6
30 may 2025,JM,null,T1 (E) - East West Hwy,Point(-76.907807 17.987112),10
30 may 2025,JM,null,Old Hope Rd,Point(-76.77255 18.008552),6
30 may 2025,JM,null,Molynes Rd,Point(-76.820196 18.023593),5
30 may 2025,JM,null,T3 - Edward Seaga Highway,Point(-77.121618 18.275756),5
30 may 2025,JM,Mandeville,Kendall Rd,Point(-77.505405 18.062521),5
30 may 2025,JM,null,Waltham Park Rd,Point(-76.817313 18.008818),5
30 may 2025,JM,Agualta Vale,A3 - Agualta Vale to Martins Rd,Point(-76.794942 18.269354),5
30 may 2025,JM,Kingston 10,South Ave,Point(-76.794496 18.018103),6
30 may 2025,JM,Kingston 6,Hope Rd,Point(-76.772516 18.020919),6
30 may 2025,JM,Tucker,Tucker Main Rd,Point(-77.894266 18.448843),5
30 may 2025,JM,Comfort,null,Point(-77.450367 18.047599),5
30 may 2025,JM,St. Ann's Bay,Church Cr,Point(-77.204187 18.435645),5
30 may 2025,JM,Mineral Heights,null,Point(-77.239502 17.947316),5
30 may 2025,JM,Stony Hill (St. Andrew),A3 - Stony Hill Rd,Point(-76.799451 18.085185),5
30 may 2025,JM,null,A1 (W) - Nelson Mandela Highway,Point(-76.905273 18.002804),5
30 may 2025,JM,null,A2 (W) - Melrose Hill Byp,Point(-77.446501 18.056477),5
30 may 2025,JM,null,A1 - North Coast Highway,Point(-77.228503 18.448886),6
30 may 2025,JM,null,A1 - Spanish Town Rd,Point(-76.831429 18.003822),6
30 may 2025,JM,Richmond (St. Mary),B2 - Clonmel to Richmond Road,Point(-76.890468 18.240325),5
30 may 2025,JM,null,A2 - Old Harbour Rd,Point(-77.017454 17.973334),5
30 may 2025,JM,null,B2 - Bog Walk to Natural Bridge Rd,Point(-76.980081 18.136822),5
30 may 2025,JM,Six Miles,A2 (E) - Washington Blvd,Point(-76.840022 18.026214),6
30 may 2025,JM,Seaview Gardens,Chesterfield Dr,Point(-76.837199 18.00529),6
30 may 2025,JM,null,A1 - North Coast Highway,Point(-77.402575 18.459635),5
30 may 2025,JM,null,A1 - North Coast Highway,Point(-77.286234 18.464623),5
30 may 2025,JM,null,A1 (W) - Nelson Mandela Highway,Point(-76.868765 18.025583),5
30 may 2025,JM,Morant Bay,A4 - Retreat Rd,Point(-76.39817 17.881173),5
30 may 2025,JM,null,null,Point(-77.027223 18.25036),5
30 may 2025,JM,null,Old Hope Rd,Point(-76.781398 18.002213),5
30 may 2025,JM,null,Spanish Town Link Rd,Point(-76.966945 17.990604),5
30 may 2025,JM,null,T3 - Edward Seaga Highway,Point(-77.037493 18.141026),6
30 may 2025,JM,New Kingston,Trafalgar Rd,Point(-76.790839 18.012709),5
30 may 2025,JM,null,T1 (E) - East West Hwy,Point(-77.033516 17.955136),5
30 may 2025,JM,null,T1 (E) - East West Hwy,Point(-76.997261 17.971454),6
30 may 2025,JM,New Kingston,Knutsford Blvd,Point(-76.787806 18.004501),5
30 may 2025,JM,null,Arthur Wint Dr,Point(-76.777114 18.002241),6
30 may 2025,JM,Kingston 5,North Ave,Point(-76.78024 18.001937),5
30 may 2025,JM,Trafalgar Park,Hamilton Dr,Point(-76.784181 18.012983),5
30 may 2025,JM,Montego Bay,Barnett St,Point(-77.915131 18.465013),5
30 may 2025,JM,Kingston 8,Constant Spring Grove,Point(-76.798863 18.040663),5
30 may 2025,JM,Kingston 8,A3 (N) - Constant Spring Rd,Point(-76.795046 18.040533),7
30 may 2025,JM,Rosemount,Vernons Rd,Point(-77.904273 18.476155),5
30 may 2025,JM,Half Way Tree,A3 - Constant Spring Rd,Point(-76.797633 18.011606),5
30 may 2025,JM,Lucea,A1 - Church St,Point(-78.170419 18.447694),5
30 may 2025,JM,Kingston 10,Waterloo Rd,Point(-76.791969 18.018041),5
30 may 2025,JM,null,Wellington Dr,Point(-76.761316 18.014748),5
30 may 2025,JM,null,T1 (E) - East West Hwy,Point(-76.92856 17.97943),9
30 may 2025,JM,Portmore,Onramp Highway 2000,Point(-76.865353 17.972248),5
30 may 2025,JM,New Kingston,Trafalgar Rd,Point(-76.779692 18.007211),5
30 may 2025,JM,null,T1 (E) - East West Hwy,Point(-76.910425 17.986197),5
30 may 2025,JM,null,Passage Fort Dr W,Point(-76.867731 17.982821),5
30 may 2025,JM,null,St. John's Rd,Point(-76.990297 18.00585),5
30 may 2025,JM,null,Municipal Blvd,Point(-76.8923 17.993638),8
30 may 2025,JM,Montego Bay,Hart St,Point(-77.919848 18.469875),6
30 may 2025,JM,null,T3 - Edward Seaga Highway,Point(-77.010622 18.096684),5
30 may 2025,JM,Portmore,Municipal Blvd,Point(-76.897362 17.967419),6
30 may 2025,JM,Kingston 8,Mannings Hill Rd,Point(-76.79816 18.038441),5
30 may 2025,JM,null,Marcus Garvey Dr,Point(-76.802093 17.966976),5
30 may 2025,JM,Greenwich Town,East Ave,Point(-76.811541 17.985694),5
30 may 2025,JM,New Kingston,Barbados Ave,Point(-76.787788 18.007722),5
30 may 2025,JM,Greenwich Town,East Ave,Point(-76.812243 17.98449),5
30 may 2025,JM,Kingston 6,E Kings House Rd,Point(-76.778668 18.026656),5
30 may 2025,JM,Kingston 10,Cargill Ave,Point(-76.798813 18.006445),6
30 may 2025,JM,Montego Bay,Cottage Rd,Point(-77.915274 18.467348),5
30 may 2025,JM,Cross Roads,A3 - Slipe Rd,Point(-76.788669 17.991737),5
30 may 2025,JM,Cross Roads,A3 - Half Way Tree Rd,Point(-76.788804 17.99545),5
30 may 2025,JM,null,Arthur Wint Dr,Point(-76.777773 18.001452),5
30 may 2025,JM,null,A3 - Ocho Rios Byp,Point(-77.07527 18.412064),5
30 may 2025,JM,Ocho Rios,A3 - Milford Rd,Point(-77.103108 18.40216),5
30 may 2025,JM,null,A3 - North Coast Highway,Point(-77.119073 18.411699),5
30 may 2025,JM,null,A3 (S) - Constant Spring Rd,Point(-76.796592 18.037815),5
30 may 2025,JM,null,A1 (W) - Nelson Mandela Highway,Point(-76.891189 18.013753),5
30 may 2025,JM,null,A3 (S) - Constant Spring Rd,Point(-76.795365 18.032633),5
30 may 2025,JM,null,A2 E - Dunrobin Ave,Point(-76.803809 18.02642),5
30 may 2025,JM,Lucea,A1 - Church St,Point(-78.17148 18.447212),5
30 may 2025,JM,Montego Bay,A1 - Howard Cook Blvd,Point(-77.924372 18.470235),5
30 may 2025,JM,null,T3 - Edward Seaga Highway,Point(-77.127852 18.289051),5
30 may 2025,JM,null,Molynes Rd,Point(-76.801632 18.012708),5
29 may 2025,JM,Golden Spring,Main Rd,Point(-76.799973 18.093973),5
29 may 2025,JM,"March Pen, Spanish Town",March Pen Rd,Point(-76.954517 17.990125),6
29 may 2025,JM,null,T3 - Edward Seaga Highway,Point(-77.123629 18.284058),6
29 may 2025,JM,null,T3 - Edward Seaga Highway,Point(-77.168087 18.397763),9
29 may 2025,JM,null,T3 - Edward Seaga Highway,Point(-77.155579 18.354335),7
29 may 2025,JM,null,A1 - North Coast Highway,Point(-77.199285 18.438153),5
29 may 2025,JM,null,T3 - Edward Seaga Highway,Point(-76.955773 18.033406),10
29 may 2025,JM,null,B2 - Bog Walk to Natural Bridge Rd,Point(-76.990115 18.126131),7
29 may 2025,JM,Montego Bay,A1 - Jimmy Cliff Blvd,Point(-77.929681 18.482451),5
29 may 2025,JM,null,T3 - Edward Seaga Highway,Point(-77.016472 18.098835),5
29 may 2025,JM,null,T3 - Edward Seaga Highway,Point(-77.102224 18.244907),5
29 may 2025,JM,null,A1 - Walks Rd,Point(-76.976613 18.023935),5
29 may 2025,JM,null,T3 - Edward Seaga Highway,Point(-76.980473 18.047279),6
29 may 2025,JM,null,A1 - North Coast Highway,Point(-77.691322 18.489837),5
29 may 2025,JM,null,Vineyards Toll Plaza,Point(-77.072676 17.939976),5
29 may 2025,JM,null,T3 - Edward Seaga Highway,Point(-77.112228 18.252689),10
29 may 2025,JM,Rollington Town,Barrett Ave,Point(-76.765993 17.985025),5
29 may 2025,JM,null,T3 - Edward Seaga Highway,Point(-77.15997 18.411281),6
29 may 2025,JM,null,T3 - Edward Seaga Highway,Point(-77.161213 18.366102),6
29 may 2025,JM,null,A2 - Bartletts River to Sheffield-Negril,Point(-78.297642 18.27376),6
29 may 2025,JM,null,T3 - Edward Seaga Highway,Point(-76.931244 18.026717),10
29 may 2025,JM,Gutters (St. Catherine),Spring Village Rd,Point(-77.069621 17.946214),5
29 may 2025,JM,Barbican,Barbican Rd,Point(-76.78139 18.032055),5
29 may 2025,JM,null,T1 (W) - East West Hwy,Point(-77.403889 18.002584),6
29 may 2025,JM,null,T1 (W) - East West Hwy,Point(-77.362471 17.96558),7
29 may 2025,JM,null,T2 Kingston - Portmore Toll Rd,Point(-76.841667 17.975996),10
29 may 2025,JM,null,T3 - Edward Seaga Highway,Point(-77.04137 18.182003),5
29 may 2025,JM,null,A1 - Spanish Town By-pass Rd,Point(-76.954606 17.986925),5
29 may 2025,JM,null,Port Henderson Rd,Point(-76.882333 17.955107),5
29 may 2025,JM,null,T1 (W) - East West Hwy,Point(-76.894484 18.006457),5
29 may 2025,JM,null,Papine Sq,Point(-76.742861 18.015314),5
29 may 2025,JM,null,T1 (W) - East West Hwy,Point(-77.199746 17.932473),6
29 may 2025,JM,null,T1 (E) - East West Hwy,Point(-77.032657 17.955251),6
29 may 2025,JM,null,T1 (E) - East West Hwy,Point(-76.957038 17.973468),10
29 may 2025,JM,Kingston 11,Olympic Way,Point(-76.82746 18.008923),5
29 may 2025,JM,Cross Roads,A3 - Half Way Tree Rd,Point(-76.788073 17.993943),5
29 may 2025,JM,null,Old Hope Rd,Point(-76.770616 18.017865),5
29 may 2025,JM,Kingston 6,Retreat Ave,Point(-76.77302 18.012751),6
29 may 2025,JM,null,Red Hills Rd,Point(-76.804937 18.025387),5
29 may 2025,JM,null,Marcus Garvey Dr,Point(-76.805897 17.96943),5
29 may 2025,JM,null,T1 (W) - East West Hwy,Point(-77.239514 17.939378),7
29 may 2025,JM,Kingston 10,Hagley Park Rd,Point(-76.818109 18.002994),6
29 may 2025,JM,null,A3 (N) - Constant Spring Rd,Point(-76.794003 18.043515),5
29 may 2025,JM,Kingston 10,Hagley Park Rd,Point(-76.803418 18.009427),6
29 may 2025,JM,null,A2 E - Dunrobin Ave,Point(-76.799083 18.025153),5
29 may 2025,JM,Spur Tree,A2 - Spur Tree Rd,Point(-77.575277 18.005612),10
29 may 2025,JM,St. Margaret's Bay,A4 - Rio Grande to Hope Bay Rd,Point(-76.512368 18.20054),5
29 may 2025,JM,null,T3 - Edward Seaga Highway,Point(-77.054758 18.207657),5
29 may 2025,JM,Port Antonio,A4 - Allan Ave,Point(-76.441756 18.178109),5
29 may 2025,JM,Kingston 20,Molynes Rd,Point(-76.822722 18.027227),5
29 may 2025,JM,null,A2 - Old Harbour Rd,Point(-77.008628 17.977825),5
29 may 2025,JM,Kingston 10,West Ave,Point(-76.799255 18.032068),5
29 may 2025,JM,null,A2 - Winston Jones Hwy,Point(-77.469388 18.068671),6
29 may 2025,JM,null,T3 Mammee Bay Toll Plaza,Point(-77.147981 18.345755),5
29 may 2025,JM,New Kingston,Chelsea Ave,Point(-76.792802 18.005002),5
29 may 2025,JM,Six Miles,A2 (E) - Washington Blvd,Point(-76.834497 18.025765),5
29 may 2025,JM,null,A2 (W) - Melrose Hill Byp,Point(-77.453102 18.063528),10
29 may 2025,JM,null,A2 - Old Harbour Rd,Point(-77.028704 17.96817),7
29 may 2025,JM,null,A1 - North Coast Highway,Point(-77.67677 18.483885),7
29 may 2025,JM,null,A1 - North Coast Highway,Point(-77.765715 18.512883),6
29 may 2025,JM,Kingston 10,Upper Waterloo Road,Point(-76.792045 18.023319),6
29 may 2025,JM,null,A1 - North Coast Highway,Point(-77.509848 18.464704),8
29 may 2025,JM,Spanish Town,Old Market St,Point(-76.957919 17.996698),5
29 may 2025,JM,New Kingston,Trafalgar Rd,Point(-76.789904 18.011556),5
29 may 2025,JM,Waltham Gardens,Pandora Cr,Point(-76.822786 18.015003),7
29 may 2025,JM,null,T3 - Edward Seaga Highway,Point(-76.984892 18.053508),6
29 may 2025,JM,null,T3 - Edward Seaga Highway,Point(-77.041141 18.127881),5
29 may 2025,JM,null,Mannings Hill Rd,Point(-76.802736 18.049111),5
29 may 2025,JM,Kingston 10,Lady Musgrave Rd,Point(-76.780927 18.002823),5
29 may 2025,JM,Kingston 8,West Ave,Point(-76.797721 18.033277),5
29 may 2025,JM,Kingsland (Manchester),Kingsland Main Rd,Point(-77.546015 18.011809),5
29 may 2025,JM,Downtown Kingston,Harbour St,Point(-76.793529 17.966178),5
29 may 2025,JM,Hatfield (Manchester),Hatfield Main Rd,Point(-77.536798 18.030329),5
29 may 2025,JM,Olympic Gardens,Brettford Ave,Point(-76.820065 18.02029),5
29 may 2025,JM,Arnette Gardents,Greenwich St,Point(-76.800137 17.991716),5
29 may 2025,JM,Kingston 5,Beechwood Ave,Point(-76.794051 17.999786),5
29 may 2025,JM,Bull Bay,A4 - Southern Coastal Highway,Point(-76.662645 17.941269),5
29 may 2025,JM,Barbican,Barbican Rd,Point(-76.777525 18.031503),5
29 may 2025,JM,Kingston 10,Osborne Rd,Point(-76.794073 18.001177),10
29 may 2025,JM,Little London,A2 - Bartletts River to Sheffield-Negril,Point(-78.213163 18.243778),5
29 may 2025,JM,Stony Hill (St. Andrew),Old Stoney Hill Rd,Point(-76.802854 18.089141),5
29 may 2025,JM,null,T3 - Edward Seaga Highway,Point(-77.11903 18.263999),7
29 may 2025,JM,Downtown Kingston,Port Royal St,Point(-76.796483 17.965916),9
29 may 2025,JM,Montego Bay,Queens Dr,Point(-77.917885 18.493844),5
29 may 2025,JM,null,Passage Fort Dr W,Point(-76.869723 17.981949),8
29 may 2025,JM,Spanish Town,Old Harbour Rd,Point(-76.964199 17.993458),7
29 may 2025,JM,Downtown Kingston,Port Royal St,Point(-76.792345 17.965613),10
29 may 2025,JM,null,T3 - Edward Seaga Highway,Point(-76.999073 18.076702),6
29 may 2025,JM,null,A3 - Ocho Rios Byp,Point(-77.073023 18.412155),5
29 may 2025,JM,Spanish Town,Wellington St,Point(-76.956992 17.994148),5
29 may 2025,JM,Kingston 8,Shortwood Rd,Point(-76.793998 18.031643),5
29 may 2025,JM,Trench Town,Nathan St,Point(-76.805487 17.986845),5
29 may 2025,JM,null,T3 - Edward Seaga Highway,Point(-77.160792 18.364944),5
29 may 2025,JM,Kingston 10,West Ave,Point(-76.800025 18.031288),10
29 may 2025,JM,Montego Bay,Dome St,Point(-77.918357 18.472567),5
29 may 2025,JM,Kingston 10,Margrett Villa Rd,Point(-76.80681 18.008928),8
29 may 2025,JM,Spanish Town,Wellington St,Point(-76.957802 17.994193),6
29 may 2025,JM,null,Red Hills Rd,Point(-76.806065 18.031259),5
29 may 2025,JM,null,A1 - Spanish Town Rd,Point(-76.835972 18.008169),5
29 may 2025,JM,Four Paths,Sheckles Dr,Point(-77.298542 17.98162),9
29 may 2025,JM,Eltham,Exchange Rd,Point(-77.072463 18.411889),5
29 may 2025,JM,Kingston 10,Lady Musgrave Rd,Point(-76.781315 18.017632),5
29 may 2025,JM,Lakes Pen,Lakes Pen Main Rd,Point(-76.933376 17.984602),5
29 may 2025,JM,Rose Hall,A1 - North Coast Highway,Point(-77.825006 18.523793),5
29 may 2025,JM,Kingston 10,Fairway Ave,Point(-76.775166 18.008851),6
29 may 2025,JM,Stanberry Grove,Sligoville Main Road,Point(-76.938595 18.080492),5
29 may 2025,JM,null,Glenmore Rd,Point(-76.780088 17.975874),5
29 may 2025,JM,Kingston 10,Hagley Park Rd,Point(-76.801106 18.009549),5
29 may 2025,JM,null,Spanish Town Link Rd,Point(-76.967095 17.983668),10
29 may 2025,JM,New Kingston,Haining Rd,Point(-76.785576 18.002395),5
29 may 2025,JM,Downtown Kingston,Port Royal St,Point(-76.792612 17.965628),5
29 may 2025,JM,null,Hope Rd,Point(-76.785004 18.016942),5
29 may 2025,JM,null,Stoney Hill to Parks Road Rd,Point(-76.814008 18.086234),5
29 may 2025,JM,null,Industrial Ter,Point(-76.803629 17.976499),5
29 may 2025,JM,Barbican,Liguanea Ave,Point(-76.769954 18.022811),6
29 may 2025,JM,null,Stoney Hill to Parks Road Rd,Point(-76.810336 18.085219),7
29 may 2025,JM,Twickenham Park,Main Rd,Point(-76.933717 17.997417),5
29 may 2025,JM,null,Marcus Garvey Dr,Point(-76.803089 17.967565),5
29 may 2025,JM,null,Race Course to Parnassus Rd,Point(-77.281856 17.885484),5
29 may 2025,JM,Twickenham Park,Main Rd,Point(-76.936407 17.997206),5
29 may 2025,JM,null,Stoney Hill to Parks Road Rd,Point(-76.819616 18.089034),6
29 may 2025,JM,null,Mannings Hill Rd,Point(-76.799767 18.042036),6
29 may 2025,JM,null,Marcus Garvey Dr,Point(-76.813177 17.975496),5
29 may 2025,JM,Jones Town,Studley Park Rd,Point(-76.793837 17.981194),7
29 may 2025,JM,null,Molynes Rd,Point(-76.810537 18.018495),5
29 may 2025,JM,null,T1 (E) - East West Hwy,Point(-77.154812 17.921564),5
29 may 2025,JM,Kingston 10,Newark Ave,Point(-76.816839 18.009197),5
29 may 2025,JM,Kingston 20,Tewfix Dr,Point(-76.811002 18.02495),6
29 may 2025,JM,Liguanea,Old Hope Rd,Point(-76.768459 18.019933),5
29 may 2025,JM,null,Old Hope Rd,Point(-76.773126 18.007885),5
29 may 2025,JM,null,A3 (N) - Constant Spring Rd,Point(-76.794357 18.045277),6
29 may 2025,JM,Downtown Kingston,Water Ln,Point(-76.799225 17.966994),10
29 may 2025,JM,Kingston 6,Old Hope Rd,Point(-76.775985 18.005822),5
29 may 2025,JM,null,Marcus Garvey Dr,Point(-76.812521 17.974923),5
29 may 2025,JM,null,T1 (E) - East West Hwy,Point(-77.145165 17.920639),5
29 may 2025,JM,null,Red Hills Rd,Point(-76.805995 18.029509),5
29 may 2025,JM,New Kingston,Barbados Ave,Point(-76.786547 18.006938),5
29 may 2025,JM,null,Waltham Park Rd,Point(-76.816709 18.000916),6
29 may 2025,JM,null,Waltham Park Rd,Point(-76.81808 18.007853),5
29 may 2025,JM,St. Ann's Bay,Bravo St,Point(-77.199648 18.438002),5
29 may 2025,JM,null,Wellington Dr,Point(-76.759859 18.015067),6
29 may 2025,JM,null,T1 (E) - East West Hwy,Point(-77.035243 17.954907),8
29 may 2025,JM,null,A1 - Spanish Town Rd,Point(-76.803341 17.978035),5
29 may 2025,JM,Spanish Town,Burke Rd,Point(-76.945962 17.995322),5
29 may 2025,JM,null,A2 - East St,Point(-77.105497 17.938761),6
29 may 2025,JM,null,A3 (S) - Constant Spring Rd,Point(-76.795862 18.033756),5
29 may 2025,JM,null,A1 (E) - Nelson Mandela Highway,Point(-76.869723 18.025628),10
29 may 2025,JM,Barbican,Barbican Way,Point(-76.775009 18.030356),5
29 may 2025,JM,null,Marcus Garvey Dr,Point(-76.818862 17.980526),5
29 may 2025,JM,null,T1 (W) - East West Hwy,Point(-76.942719 17.976221),5
29 may 2025,JM,Kingston 10,Central Ave,Point(-76.799054 18.032173),5
29 may 2025,JM,null,A1 (E) - Nelson Mandela Highway,Point(-76.898583 18.008942),6
29 may 2025,JM,Kingston 6,Hope Rd,Point(-76.780047 18.019185),6
29 may 2025,JM,Kingsland (Manchester),Kingsland Main Rd,Point(-77.540807 18.013568),5
29 may 2025,JM,null,A1 (E) - Nelson Mandela Highway,Point(-76.870516 18.025516),8
29 may 2025,JM,New Kingston,Knutsford Blvd,Point(-76.78773 18.004612),5
29 may 2025,JM,null,T1 (W) - East West Hwy,Point(-77.175031 17.929163),6
29 may 2025,JM,Kingston 10,Lady Musgrave Rd,Point(-76.779105 18.005938),6
29 may 2025,JM,null,A1 (W) - Nelson Mandela Highway,Point(-76.864132 18.025759),5
29 may 2025,JM,null,Mountain View Ave,Point(-76.767253 17.994425),5
29 may 2025,JM,null,T3 - Edward Seaga Highway,Point(-76.979972 18.046403),5
29 may 2025,JM,null,A1 (W) - Nelson Mandela Highway,Point(-76.874039 18.024366),6
29 may 2025,JM,null,T3 - Edward Seaga Highway,Point(-77.084102 18.226752),5
29 may 2025,JM,null,Mount Pleasant Rd,Point(-77.63519 18.157126),5
29 may 2025,JM,null,T1 (W) - East West Hwy,Point(-77.208833 17.932074),6
29 may 2025,JM,Kingston 5,Tom Redcam Dr,Point(-76.782748 17.997629),5
29 may 2025,JM,null,A1 (W) - Nelson Mandela Highway,Point(-76.859633 18.025834),5
29 may 2025,JM,null,A1 - North Coast Highway,Point(-77.466916 18.474143),6
29 may 2025,JM,null,T3 - Edward Seaga Highway,Point(-76.969506 18.038339),5
29 may 2025,JM,null,A1 - North Coast Highway,Point(-77.79698 18.516944),9
29 may 2025,JM,null,A1 - Spanish Town Rd,Point(-76.837897 18.00993),5
29 may 2025,JM,null,T3 - Edward Seaga Highway,Point(-77.127483 18.288675),6
29 may 2025,JM,null,A1 - Spanish Town Rd,Point(-76.842245 18.013732),6
29 may 2025,JM,null,A1 - North Coast Highway,Point(-77.675429 18.482956),10
29 may 2025,JM,null,T3 - Edward Seaga Highway,Point(-77.168326 18.398822),5
29 may 2025,JM,null,A2 (E) - Melrose Hill By,Point(-77.451986 18.062967),5
29 may 2025,JM,Golden Spring,A3 - Stony Hill Rd,Point(-76.805092 18.096375),5
29 may 2025,JM,null,Mountain View Ave,Point(-76.770905 18.005863),5
29 may 2025,JM,null,> Spanish Town,Point(-76.964107 17.974105),7
29 may 2025,JM,null,A2 (W) - Melrose Hill Byp,Point(-77.44284 18.055167),10
29 may 2025,JM,null,null,Point(-76.776176 17.938998),5
29 may 2025,JM,Ewarton,null,Point(-77.088333 18.180176),5
29 may 2025,JM,null,T3 - Edward Seaga Highway,Point(-77.168361 18.395956),6
29 may 2025,JM,null,A2 (W) - Melrose Hill Byp,Point(-77.445618 18.056282),5
29 may 2025,JM,Mount Carey,B8 - Anchovy to Shettlewood Rd,Point(-77.937498 18.3912),5
29 may 2025,JM,Braeton,Oleander Dr,Point(-76.907056 17.946922),5
29 may 2025,JM,null,A2 (W) - Melrose Hill Byp,Point(-77.438179 18.044216),9
29 may 2025,JM,null,T3 - Edward Seaga Highway,Point(-76.953368 18.032052),5
29 may 2025,JM,null,A2 - Winston Jones Hwy,Point(-77.470003 18.068453),9
29 may 2025,JM,null,A2 E - Dunrobin Ave,Point(-76.802529 18.025969),5
29 may 2025,JM,null,T3 - Edward Seaga Highway,Point(-76.980117 18.046658),5
29 may 2025,JM,Half Way Tree,A3 (S) - Constant Spring Rd,Point(-76.796306 18.021109),5
29 may 2025,JM,Kingston 8,Olivier Rd,Point(-76.792756 18.048989),5
29 may 2025,JM,Trinity,A3 - Ballards Valley to Trinity Rd,Point(-76.898852 18.347028),5
29 may 2025,JM,null,T3 - Edward Seaga Highway,Point(-77.040284 18.12254),5
29 may 2025,JM,Kingston 10,A3 - Half Way Tree Rd,Point(-76.794792 18.006083),6
29 may 2025,JM,null,A3 - Martins to Ballards Valley Rd,Point(-76.872119 18.298123),5
29 may 2025,JM,null,A1 - North Coast Hwy,Point(-77.397929 18.460923),8
29 may 2025,JM,null,Upper Elleston Rd,Point(-76.778083 17.979738),5
29 may 2025,JM,null,A3 - Stony Hill Rd,Point(-76.790474 18.070099),5
29 may 2025,JM,Kingston 5,Beechwood Ave,Point(-76.793224 17.999927),5
29 may 2025,JM,Kingston 11,Olympic Way,Point(-76.82764 18.008199),5
29 may 2025,JM,null,A1 (E) - Nelson Mandela Highway,Point(-76.896147 18.010559),8
29 may 2025,JM,Port Antonio,A4 - Allan Ave,Point(-76.44281 18.177404),5
29 may 2025,JM,Kingston 10,West Ave,Point(-76.800119 18.031162),6
29 may 2025,JM,Port Antonio,A4 - Folly Rd,Point(-76.436351 18.183627),5
29 may 2025,JM,Port Antonio,A4 - Foreshore Rd,Point(-76.450038 18.177828),5
29 may 2025,JM,Westgate Hills,Westgate Walk,Point(-77.89813 18.465027),5
29 may 2025,JM,null,A4 - Hope Bay to Orange Bay Rd,Point(-76.605077 18.217197),5
29 may 2025,JM,Montego Bay,Orange St,Point(-77.922547 18.479855),6
29 may 2025,JM,Hart Hill,A4 - Orange Bay to Windsor Castle Rd,Point(-76.678224 18.249333),5
29 may 2025,JM,null,T3 - Edward Seaga Highway,Point(-77.145793 18.339902),10
29 may 2025,JM,null,Braeton Rd,Point(-76.896991 17.955788),6
29 may 2025,JM,null,Braeton Rd,Point(-76.909736 17.951093),10
29 may 2025,JM,null,null,Point(-76.966379 17.992912),9
29 may 2025,JM,null,Grants Pen Rd,Point(-76.78808 18.030438),5
29 may 2025,JM,Allerdyce Gardens,Charlton Ave,Point(-76.790252 18.03514),5
29 may 2025,JM,Cumberland (Portmore),Portmore Cl,Point(-76.880193 17.973671),5
29 may 2025,JM,null,Mannings Hill Rd,Point(-76.803998 18.052557),5
29 may 2025,JM,null,A1 - North Coast Highway,Point(-77.688112 18.487839),6
29 may 2025,JM,null,Marcus Garvey Dr,Point(-76.827694 17.98957),5
29 may 2025,JM,Greater Portmore,NW 6th St,Point(-76.91493 17.946751),6
29 may 2025,JM,null,A1 - North Coast Highway,Point(-77.223825 18.446401),6
29 may 2025,JM,Constant Spring,Rockhampton Dr,Point(-76.795511 18.059468),5
29 may 2025,JM,null,Red Hills Rd,Point(-76.814494 18.041552),5
29 may 2025,JM,Kingston 8,Shortwood Rd,Point(-76.784609 18.044271),8
29 may 2025,JM,null,A1 - North Coast Highway,Point(-77.698469 18.492225),6
29 may 2025,JM,Mount Moreland,Sligoville Main Road,Point(-76.938763 18.053885),5
29 may 2025,JM,null,T1 (E) - East West Hwy,Point(-77.335402 17.956737),9
29 may 2025,JM,null,A1 - Spanish Town By-pass Rd,Point(-76.970357 18.00126),5
29 may 2025,JM,null,A1 - North Coast Highway,Point(-77.224276 18.446761),5
29 may 2025,JM,null,T1 (E) - East West Hwy,Point(-76.987137 17.973466),10
29 may 2025,JM,Allerdyce Gardens,Charlton Ave,Point(-76.792444 18.037624),5
29 may 2025,JM,Kingston 8,Shortwood Rd,Point(-76.78477 18.044004),5
29 may 2025,JM,null,T1 (E) - East West Hwy,Point(-77.000626 17.969767),5
29 may 2025,JM,null,A3 - Junction Main Rd,Point(-76.829021 18.151559),6
29 may 2025,JM,null,T1 (E) - East West Hwy,Point(-76.997495 17.971337),10
29 may 2025,JM,null,T1 (E) - East West Hwy,Point(-77.066603 17.941074),5
29 may 2025,JM,Arcadia,Arcadia Dr,Point(-76.784273 18.035156),5
29 may 2025,JM,null,T1 (E) - East West Hwy,Point(-77.040316 17.954229),6
29 may 2025,JM,null,St. John's Rd,Point(-76.994973 18.007483),5
29 may 2025,JM,null,T1 (E) - East West Hwy,Point(-77.067048 17.94096),10
29 may 2025,JM,Kingston 10,Fairway Ave,Point(-76.775085 18.00883),10
29 may 2025,JM,null,T1 (E) - East West Hwy,Point(-76.958179 17.973464),7
29 may 2025,JM,null,T1 (W) - East West Hwy,Point(-76.952909 17.973459),8
29 may 2025,JM,Kingston 8,Old Stony Hill Rd,Point(-76.797313 18.0668),6
29 may 2025,JM,null,T1 (W) - East West Hwy,Point(-77.280335 17.962147),6
29 may 2025,JM,New Kingston,Chelsea Ave,Point(-76.792696 18.00506),5
29 may 2025,JM,Kingston 10,Waterloo Rd,Point(-76.791338 18.013846),5
29 may 2025,JM,null,T1 (W) - East West Hwy,Point(-77.192276 17.932193),10
29 may 2025,JM,Kingston 6,Retreat Ave,Point(-76.771688 18.012473),10
29 may 2025,JM,null,T1 (W) - East West Hwy,Point(-77.011366 17.964184),7
29 may 2025,JM,null,T1 (W) - East West Hwy,Point(-77.428599 18.031273),10
29 may 2025,JM,Kingston 6,Seaview Ave,Point(-76.774586 18.010421),5
29 may 2025,JM,null,T1 (W) - East West Hwy,Point(-76.929763 17.978671),7
29 may 2025,JM,Rose Hall,A1 - North Coast Highway,Point(-77.824774 18.523766),9
29 may 2025,JM,null,T1 (W) - East West Hwy,Point(-77.429375 18.031758),8
29 may 2025,JM,Kingston 6,Seymour Ave,Point(-76.77372 18.015927),5
29 may 2025,JM,null,T1 (W) - East West Hwy,Point(-77.43183 18.033277),10
29 may 2025,JM,null,T1 (W) - East West Hwy,Point(-77.06314 17.943031),6
29 may 2025,JM,null,A1 - Spanish Town By-pass Rd,Point(-76.933551 17.994879),5
29 may 2025,JM,null,T1 (E) - East West Hwy,Point(-77.148104 17.92094),8
29 may 2025,JM,null,T1 (W) - East West Hwy,Point(-77.407932 18.008327),5
29 may 2025,JM,null,Dyke Rd,Point(-76.888075 18.003371),5
29 may 2025,JM,Greater Portmore,null,Point(-76.900128 17.960516),5
29 may 2025,JM,null,A1 - Linstead Bypass,Point(-77.021554 18.137062),5
29 may 2025,JM,null,T2 Kingston - Portmore Toll Rd,Point(-76.86049 17.967936),5
29 may 2025,JM,null,null,Point(-76.775121 18.010559),5
29 may 2025,JM,null,T1 (E) - East West Hwy,Point(-77.155621 17.921551),6
29 may 2025,JM,null,T2 Kingston - Portmore Toll Rd,Point(-76.84155 17.991267),6
29 may 2025,JM,null,T2 Kingston - Portmore Toll Rd,Point(-76.842292 17.989911),7
29 may 2025,JM,null,T1 (W) - East West Hwy,Point(-76.964715 17.973369),5
29 may 2025,JM,null,T2 Kingston - Portmore Toll Rd,Point(-76.842255 17.989993),8
29 may 2025,JM,Roun-A-Tenk,null,Point(-77.63754 17.892533),5
29 may 2025,JM,null,T3 - Edward Seaga Highway,Point(-77.016532 18.098851),6
29 may 2025,JM,null,T3 - Edward Seaga Highway,Point(-77.057925 18.208695),5
29 may 2025,JM,null,T3 - Edward Seaga Highway,Point(-77.040123 18.184189),8
29 may 2025,JM,null,T3 - Edward Seaga Highway,Point(-76.971175 18.040671),6
29 may 2025,JM,null,T3 - Edward Seaga Highway,Point(-76.979413 18.045406),10
29 may 2025,JM,null,T3 - Edward Seaga Highway,Point(-77.038456 18.168159),6
29 may 2025,JM,Kingston 6,E Kings House Rd,Point(-76.779106 18.026158),5
29 may 2025,JM,Norman Manley Int'l. Airport,null,Point(-76.779428 17.938472),5
29 may 2025,JM,null,T3 - Edward Seaga Highway,Point(-77.084005 18.226432),7
29 may 2025,JM,Unity Hall,A1 - Dr. Aston King Highway,Point(-77.977698 18.451733),7
29 may 2025,JM,null,T3 - Edward Seaga Highway,Point(-77.044068 18.205199),5
29 may 2025,JM,null,T3 - Edward Seaga Highway,Point(-77.06385 18.210287),6
29 may 2025,JM,null,A1 - Kew Bridge to Great River Rd,Point(-77.996903 18.455435),5
29 may 2025,JM,null,T3 - Edward Seaga Highway,Point(-77.040889 18.131529),7
29 may 2025,JM,null,A1 - North Coast Highway,Point(-77.19844 18.437918),5
29 may 2025,JM,null,T3 - Edward Seaga Highway,Point(-77.154648 18.353266),9
29 may 2025,JM,null,A2 - Spur Tree Rd,Point(-77.558603 17.9969),5
29 may 2025,JM,null,T3 - Edward Seaga Highway,Point(-77.0041 18.079735),10
29 may 2025,JM,null,T3 - Edward Seaga Highway,Point(-76.923155 18.027791),5
29 may 2025,JM,null,A1 - Spanish Town By-pass Rd,Point(-76.931186 17.996345),5
29 may 2025,JM,Temple Hall,A3 - Junction Main Rd,Point(-76.808169 18.097179),8
29 may 2025,JM,null,T3 - Edward Seaga Highway,Point(-76.953383 18.032056),7
29 may 2025,JM,Mandeville,Gordon Rd,Point(-77.512482 18.050117),5
29 may 2025,JM,null,A1 - Spanish Town Rd,Point(-76.843181 18.014799),5
29 may 2025,JM,null,T3 - Edward Seaga Highway,Point(-76.975812 18.042829),8
29 may 2025,JM,Temple Hall,A3 - Junction Main Rd,Point(-76.806224 18.097253),10
29 may 2025,JM,null,T3 - Edward Seaga Highway,Point(-77.158678 18.359318),6
29 may 2025,JM,null,T3 - Edward Seaga Highway,Point(-77.040181 18.122543),7
29 may 2025,JM,Port Maria,A3 - Stennett St,Point(-76.89388 18.364701),7
29 may 2025,JM,null,T3 - Edward Seaga Highway,Point(-77.116687 18.258124),5
29 may 2025,JM,null,A1 - Spanish Town Rd,Point(-76.853882 18.024494),5
29 may 2025,JM,null,T3 - Edward Seaga Highway,Point(-77.121551 18.27828),8
29 may 2025,JM,Port Antonio,A4 - Allan Ave,Point(-76.447376 18.176555),5
29 may 2025,JM,null,T3 - Edward Seaga Highway,Point(-76.9828 18.05099),7
29 may 2025,JM,null,T3 - Edward Seaga Highway,Point(-77.128325 18.289533),5
29 may 2025,JM,null,A4 - White Horses to Rozelle Rd,Point(-76.464737 17.87247),10
29 may 2025,JM,null,T3 - Edward Seaga Highway,Point(-77.04595 18.206589),9
29 may 2025,JM,Kingston 10,Hagley Park Rd,Point(-76.812522 18.007595),5
29 may 2025,JM,null,A2 E - Dunrobin Ave,Point(-76.800998 18.025568),7
29 may 2025,JM,null,T3 - Edward Seaga Highway,Point(-77.032663 18.154913),9
29 may 2025,JM,Shettle Wood,B7 - Shettlewood to Chester Castle Rd,Point(-77.951266 18.332149),5
29 may 2025,JM,null,T3 - Edward Seaga Highway,Point(-77.009447 18.094384),5
29 may 2025,JM,null,T3 - Edward Seaga Highway,Point(-77.138082 18.32936),5
29 may 2025,JM,Ramble (Hanover),B8 - Shettlewood to Mackfield Rd,Point(-78.003025 18.327367),10
29 may 2025,JM,null,T3 - Edward Seaga Highway,Point(-77.038951 18.188211),6
29 may 2025,JM,Bull Bay,A4 - Harbour View to Bull Bay Rd,Point(-76.665544 17.940614),6
29 may 2025,JM,null,T3 - Edward Seaga Highway,Point(-77.121678 18.278763),9
29 may 2025,JM,Goodens River,Beckford St,Point(-78.133213 18.234603),7
29 may 2025,JM,null,T3 - Edward Seaga Highway,Point(-77.153619 18.352228),5
29 may 2025,JM,null,T3 - Edward Seaga Highway,Point(-77.057773 18.208651),5
29 may 2025,JM,null,A1 - Spanish Town By-pass Rd,Point(-76.962474 17.989702),5
29 may 2025,JM,null,Braeton Rd,Point(-76.903616 17.953792),6
29 may 2025,JM,null,T3 - Edward Seaga Highway,Point(-76.982052 18.050026),6
29 may 2025,JM,Spanish Town,Job Ln,Point(-76.986185 18.004555),6
29 may 2025,JM,Bull Bay,A4 - Southern Coastal Highway,Point(-76.663638 17.941054),6
29 may 2025,JM,null,A1 - North Coast Highway,Point(-77.90613 18.499904),5
29 may 2025,JM,New Kingston,Trafalgar Rd,Point(-76.788845 18.011034),5
29 may 2025,JM,null,Braeton Rd,Point(-76.897504 17.95556),9
29 may 2025,JM,Downtown Kingston,Water Ln,Point(-76.800372 17.967083),10
29 may 2025,JM,Kingston 10,Waterloo Rd,Point(-76.791977 18.01767),5
29 may 2025,JM,Olympic Gardens,Brettford Ave,Point(-76.821221 18.018047),10
29 may 2025,JM,Kingston 10,Waterloo Rd,Point(-76.79198 18.017423),6
29 may 2025,JM,Arcadia,Arcadia Dr,Point(-76.784168 18.032386),5
29 may 2025,JM,Kingston 10,Waterloo Rd,Point(-76.79198 18.017482),5
29 may 2025,JM,Colbeck,Colbeck Junction to Planters Road,Point(-77.13282 17.961038),5
29 may 2025,JM,Kingston 10,Wentworth Ave,Point(-76.800326 18.031102),5
29 may 2025,JM,Kingston 10,West Ave,Point(-76.799766 18.031605),5
29 may 2025,JM,Colbeck,Colbeck Junction to Planters Road,Point(-77.134529 17.961672),6
29 may 2025,JM,null,A1 - North Coast Highway,Point(-77.25883 18.456513),6
29 may 2025,JM,Montego Bay,Kerr Cr,Point(-77.914505 18.466637),5
29 may 2025,JM,null,Chesterfield Dr,Point(-76.83857 18.001535),5
29 may 2025,JM,null,A1 - North Coast Highway,Point(-77.225943 18.447878),5
29 may 2025,JM,Trench Town,Collie Smith Dr,Point(-76.805266 17.981087),8
29 may 2025,JM,Spanish Town,Rio Cobre Dr,Point(-76.956044 18.005127),5
29 may 2025,JM,null,T3 - Edward Seaga Highway,Point(-77.009464 18.09452),8
29 may 2025,JM,Kingston 3,Deanery Ave,Point(-76.765969 17.988939),5
29 may 2025,JM,null,T3 - Edward Seaga Highway,Point(-77.061119 18.210036),10
29 may 2025,JM,Eltham,Exchange Rd,Point(-77.07114 18.412059),5
29 may 2025,JM,Spanish Town,Gordon Blvd,Point(-76.959025 18.005016),5
29 may 2025,JM,null,Downer Ave,Point(-76.77796 18.004632),7
29 may 2025,JM,null,T3 - Edward Seaga Highway,Point(-77.01128 18.097167),5
29 may 2025,JM,null,T3 - Edward Seaga Highway,Point(-77.025722 18.100409),6
29 may 2025,JM,null,A1 - Spanish Town Rd,Point(-76.846109 18.017346),5
29 may 2025,JM,Spanish Town,Ellis St,Point(-76.955594 17.993831),7
29 may 2025,JM,null,A1 (W) - Nelson Mandela Highway,Point(-76.887954 18.015935),5
29 may 2025,JM,Kingston 10,Kingsway,Point(-76.789972 18.01932),7
29 may 2025,JM,Meadowbrook,Fairdene Ave,Point(-76.818342 18.043157),5
29 may 2025,JM,null,A1 (W) - Nelson Mandela Highway,Point(-76.895523 18.01082),5
29 may 2025,JM,Spanish Town,Gordon Blvd,Point(-76.961854 18.025267),5
29 may 2025,JM,null,A1 - North Coast Highway,Point(-77.19262 18.431962),5
29 may 2025,JM,null,A1 - Spanish Town Rd,Point(-76.819682 17.992798),5
29 may 2025,JM,Enfield (Westmoreland),Hopetown to Darliston Rd,Point(-77.958702 18.212151),5
29 may 2025,JM,Savanna La Mar,A2 - Beckford St,Point(-78.13219 18.225287),5
29 may 2025,JM,null,Hopetown to Darliston Rd,Point(-77.954251 18.199265),5
29 may 2025,JM,Cross Roads,A3 - Slipe Rd,Point(-76.78802 17.993521),6
29 may 2025,JM,null,Maxfield Ave,Point(-76.803412 18.000639),10
29 may 2025,JM,Kingston 5,A3 - Slipe Rd,Point(-76.789982 17.988183),5
29 may 2025,JM,Stony Hill (St. Andrew),A3 - Stony Hill Rd,Point(-76.802169 18.088862),5
29 may 2025,JM,Spanish Town,Melbourne Ln,Point(-76.956965 17.9928),5
29 may 2025,JM,null,A4 - Sir Florizel Glaspole Blvd,Point(-76.728998 17.960098),5
29 may 2025,JM,Kitson Town,Kitson Town Main Rd,Point(-77.055523 18.01714),5
29 may 2025,JM,null,Industrial Ter,Point(-76.804587 17.97528),6
29 may 2025,JM,Kingston 10,Ardenne Rd,Point(-76.783338 18.013225),5
29 may 2025,JM,null,Molynes Rd,Point(-76.823698 18.03636),7
29 may 2025,JM,Montego Bay,B15 - Barnett to Adelphi Rd,Point(-77.912731 18.46191),5
29 may 2025,JM,Montego Bay,Barnett St,Point(-77.914868 18.463883),5
29 may 2025,JM,null,Pegga Rd,Point(-77.884606 18.446574),5
29 may 2025,JM,Spanish Town,Burke Rd,Point(-76.946739 17.993874),5
29 may 2025,JM,Prospect (St. Thomas),Jennifer Dr,Point(-76.346639 17.869075),5
29 may 2025,JM,Eastwood Park,Cassia Park Ave,Point(-76.804282 18.019957),5
29 may 2025,JM,Spanish Town,Salt Island Rd,Point(-76.960558 17.98716),10
29 may 2025,JM,Allman Town,Connolley Rd,Point(-76.784673 17.985627),5
29 may 2025,JM,New Kingston,Dumfries Rd,Point(-76.788639 18.008769),6
29 may 2025,JM,null,Red Hills Rd,Point(-76.806414 18.032123),6
29 may 2025,JM,Kingston 6,E Kings House Rd,Point(-76.777802 18.028089),5
29 may 2025,JM,null,Old Hope Rd,Point(-76.750477 18.016714),5
29 may 2025,JM,Cottage Pen,B8 - Anchovy to Shettlewood Rd,Point(-77.937156 18.3934),6
29 may 2025,JM,Angels,null,Point(-76.980146 18.039326),5
29 may 2025,JM,null,Maxfield Ave,Point(-76.803422 18.000624),8
29 may 2025,JM,null,A1 - Spanish Town Rd,Point(-76.811868 17.986278),6
29 may 2025,JM,null,A3 - Oracabessa to White River Rd,Point(-77.05426 18.419133),5
29 may 2025,JM,Arcadia,Arcadia Dr,Point(-76.784187 18.032748),6
29 may 2025,JM,null,B8 - Anchovy to Shettlewood Rd,Point(-77.939028 18.398714),5
29 may 2025,JM,Portmore,Braeton Parkway,Point(-76.900596 17.960576),5
29 may 2025,JM,null,Braeton Rd,Point(-76.897602 17.955523),5
29 may 2025,JM,null,T3 - Edward Seaga Highway,Point(-77.039605 18.169787),5
29 may 2025,JM,New Kingston,Dominica Dr,Point(-76.79118 18.007804),5
29 may 2025,JM,null,Marcus Garvey Dr,Point(-76.805778 17.969342),10
29 may 2025,JM,null,A2 - Winston Jones Hwy,Point(-77.469902 18.068482),5
29 may 2025,JM,Kingston 10,Lady Musgrave Rd,Point(-76.777998 18.01159),5
29 may 2025,JM,null,Hope Rd,Point(-76.789809 18.013849),10
29 may 2025,JM,Twickenham Park,Main Rd,Point(-76.936894 17.997157),5
29 may 2025,JM,Spanish Town,Gordon Blvd,Point(-76.959751 18.01616),5
29 may 2025,JM,Montego Bay,A1 - Howard Cook Blvd,Point(-77.924763 18.464719),5
29 may 2025,JM,null,T3 - Edward Seaga Highway,Point(-77.04049 18.124877),5
29 may 2025,JM,Downtown Kingston,Water Ln,Point(-76.797764 17.9669),10
29 may 2025,JM,Montego Bay,Queens Dr,Point(-77.92645 18.479438),9
29 may 2025,JM,Delacree Pen,Oakland Rd,Point(-76.815496 17.997413),10
29 may 2025,JM,Kingston 10,Ruthven Rd,Point(-76.793686 18.008),5
29 may 2025,JM,null,Gem Rd,Point(-76.80409 17.991653),5
29 may 2025,JM,Barbican,Barbican Rd,Point(-76.7647 18.025512),5
29 may 2025,JM,null,T3 - Edward Seaga Highway,Point(-77.134607 18.298602),5
29 may 2025,JM,Barbican,Barbican Rd,Point(-76.779285 18.03174),5
29 may 2025,JM,Spanish Town,Barrett St,Point(-76.951236 17.994641),6
29 may 2025,JM,New Kingston,Pawsey Rd,Point(-76.783658 18.007257),7
29 may 2025,JM,null,Waltham Park Rd,Point(-76.818651 18.003739),6
29 may 2025,JM,null,Darliston to Woodstock Rd,Point(-77.970526 18.241458),5
29 may 2025,JM,Portmore,Braeton Parkway,Point(-76.892297 17.96474),5
29 may 2025,JM,null,Pegga Rd,Point(-77.883892 18.449845),5
29 may 2025,JM,Delacree Pen,Brotherton Ave,Point(-76.817977 17.992306),5
29 may 2025,JM,null,Salt Pond Rd,Point(-76.941052 17.972628),10
29 may 2025,JM,Eastwood Park,Cassia Park Ave,Point(-76.803281 18.019553),5
29 may 2025,JM,Central Village,null,Point(-76.918554 17.993301),5
29 may 2025,JM,Olympic Gardens,Seaward Dr,Point(-76.820637 18.021725),5
29 may 2025,JM,Spanish Town,Gordon Blvd,Point(-76.957622 18.00186),5
29 may 2025,JM,Kingston,A2 (W) - Washington Blvd,Point(-76.846187 18.025965),5
29 may 2025,JM,Kingston 10,Stratford Ave,Point(-76.811596 18.009963),6
29 may 2025,JM,Kingston 6,E Kings House Rd,Point(-76.778488 18.026953),6
29 may 2025,JM,Bogue,Temple Gallery Rd,Point(-77.91774 18.446375),6
29 may 2025,JM,Kingston 6,E Kings House Rd,Point(-76.779681 18.024377),5
29 may 2025,JM,Kingston 10,Elm Cr,Point(-76.815272 18.007271),5
29 may 2025,JM,Mandeville,West Rd,Point(-77.523976 18.046234),5
29 may 2025,JM,Eltham,Exchange Rd,Point(-77.07104 18.412018),5
29 may 2025,JM,Sydenham,Gardenia Blvd,Point(-76.987601 17.982561),6
29 may 2025,JM,Runaway Bay,null,Point(-77.338357 18.45036),5
29 may 2025,JM,Westgate Hills,Westgate Hills Blvd,Point(-77.898205 18.466825),6
29 may 2025,JM,New Kingston,Grenada Cr,Point(-76.786966 18.008423),6
29 may 2025,JM,Kingston 5,Retirement Rd,Point(-76.793614 17.994944),5
29 may 2025,JM,Enfield (Westmoreland),Hopetown to Darliston Rd,Point(-77.958792 18.212443),5
29 may 2025,JM,null,Worchester Dr,Point(-76.974098 17.991056),10
29 may 2025,JM,null,T3 - Edward Seaga Highway,Point(-77.100836 18.244845),7
29 may 2025,JM,null,Molynes Rd,Point(-76.806546 18.014855),5
29 may 2025,JM,null,A1 (E) - Nelson Mandela Highway,Point(-76.899016 18.008659),10
29 may 2025,JM,Kingston 10,Musgrave Ave,Point(-76.780527 18.009849),5
29 may 2025,JM,null,A1 - Kew Bridge to Great River Rd,Point(-78.041917 18.45264),5
29 may 2025,JM,null,Old Hope Rd,Point(-76.77288 18.008148),5
29 may 2025,JM,null,A1 (E) - Nelson Mandela Highway,Point(-76.870184 18.02557),6
29 may 2025,JM,Waltham Gardens,Pandora Cr,Point(-76.822671 18.01601),5
29 may 2025,JM,null,A1 (W) - Nelson Mandela Highway,Point(-76.885302 18.017735),5
29 may 2025,JM,Old Harbour,South St,Point(-77.112242 17.937701),5
29 may 2025,JM,Portmore Park,null,Point(-76.893208 17.962845),5
29 may 2025,JM,Runaway Bay,A1 - North Coast Hwy,Point(-77.335076 18.463157),5
29 may 2025,JM,null,A1 (E) - Nelson Mandela Highway,Point(-76.865642 18.02586),5
29 may 2025,JM,null,St. John's Rd,Point(-76.995466 18.007603),5
29 may 2025,JM,null,T2 Kingston - Portmore Toll Rd,Point(-76.842713 17.988137),5
29 may 2025,JM,Downtown Kingston,Water Ln,Point(-76.800033 17.967057),6
29 may 2025,JM,null,A1 - North Coast Highway,Point(-77.701072 18.495364),5
29 may 2025,JM,New Kingston,Trafalgar Rd,Point(-76.788095 18.010677),5
29 may 2025,JM,null,A1 (W) - Nelson Mandela Highway,Point(-76.895882 18.010557),6
29 may 2025,JM,Kingston 10,A3 (S) - Constant Spring Rd,Point(-76.795853 18.030805),5
29 may 2025,JM,null,A1 - North Coast Highway,Point(-77.669008 18.477229),5
29 may 2025,JM,null,Waltham Park Rd,Point(-76.81043 18.017256),5
29 may 2025,JM,New Kingston,Oxford Rd,Point(-76.786021 18.000631),6
29 may 2025,JM,null,A2 - Old Harbour Rd,Point(-77.030117 17.966897),7
29 may 2025,JM,Kingston 10,Waterloo Rd,Point(-76.791882 18.015641),5
29 may 2025,JM,New Kingston,Holborn Rd,Point(-76.789349 18.011079),5
29 may 2025,JM,null,A3 (S) - Constant Spring Rd,Point(-76.79579 18.031265),5
29 may 2025,JM,null,A1 - Spanish Town Rd > Three Miles,Point(-76.849094 18.02008),5
29 may 2025,JM,null,St. John's Rd,Point(-76.994418 18.007313),5
29 may 2025,JM,null,A1 - River Rd,Point(-76.984024 18.062394),6
29 may 2025,JM,Barbican,Barbican Rd,Point(-76.778696 18.031596),5
29 may 2025,JM,Montego Bay,A1 - Howard Cook Blvd,Point(-77.924106 18.466427),5
29 may 2025,JM,Prospect (St. Thomas),Jennifer Dr,Point(-76.34662 17.869057),5
29 may 2025,JM,null,A1 - Spanish Town Rd,Point(-76.820701 17.99366),5
29 may 2025,JM,New Kingston,Knutsford Blvd,Point(-76.787157 18.006864),5
29 may 2025,JM,null,A2 - Old Harbour Rd,Point(-77.10239 17.939837),5
29 may 2025,JM,null,T1 (E) - East West Hwy,Point(-76.957522 17.973467),5
29 may 2025,JM,Portmore,Braeton Parkway,Point(-76.893867 17.964388),5
29 may 2025,JM,Downtown Kingston,Ocean Blvd,Point(-76.797131 17.965284),5
29 may 2025,JM,Cross Roads,Old Hope Rd,Point(-76.787787 17.993931),10
29 may 2025,JM,null,A2 (W) - Melrose Hill Byp,Point(-77.452814 18.063377),7
29 may 2025,JM,Olympic Gardens,Seaward Dr,Point(-76.821042 18.020917),6
29 may 2025,JM,Downtown Kingston,Water Ln,Point(-76.79947 17.967013),5
29 may 2025,JM,null,T1 (W) - East West Hwy,Point(-77.301486 17.958874),6
29 may 2025,JM,New Kingston,Trafalgar Rd,Point(-76.785793 18.009564),5
29 may 2025,JM,null,A2 (W) - Melrose Hill Byp,Point(-77.441827 18.05326),10
29 may 2025,JM,Portmore,Mahoe Dr,Point(-76.872958 17.967198),5
29 may 2025,JM,Kingston,A2 (W) - Washington Blvd,Point(-76.840006 18.026072),5
29 may 2025,JM,null,T1 (W) - East West Hwy,Point(-77.433835 18.035062),6
29 may 2025,JM,Six Miles,A2 (E) - Washington Blvd,Point(-76.838375 18.026195),5
29 may 2025,JM,null,A2 W - Washington Blvd,Point(-76.804843 18.026482),8
29 may 2025,JM,null,T3 - Edward Seaga Highway,Point(-77.140914 18.33116),9
29 may 2025,JM,Kingston 10,A3 - Maxfield Ave,Point(-76.799836 18.007685),5
29 may 2025,JM,null,Marcus Garvey Dr,Point(-76.827857 17.989844),5
29 may 2025,JM,Port Maria,A3 - Stennett St,Point(-76.893349 18.370741),6
29 may 2025,JM,null,T3 - Edward Seaga Highway,Point(-77.141046 18.331373),6
29 may 2025,JM,null,to T3 (S),Point(-76.969958 18.039287),5
29 may 2025,JM,null,T3 - Edward Seaga Highway,Point(-77.073225 18.215724),5
29 may 2025,JM,Montego Bay,Blood Ln,Point(-77.906731 18.48191),6
29 may 2025,JM,null,A4 - Dover to Agualta Vale Rd,Point(-76.746556 18.272724),5
29 may 2025,JM,Dover,A4 - Dover to Agualta Vale Rd,Point(-76.706656 18.261413),5
29 may 2025,JM,Kingston 6,Seymour Ave,Point(-76.774948 18.008796),5
29 may 2025,JM,Orange Bay,A4 - Hope Bay to Orange Bay Rd,Point(-76.614227 18.227666),6
29 may 2025,JM,null,A1 - North Coast Highway,Point(-77.198299 18.437872),8
29 may 2025,JM,Hope Bay,A4 - Rio Grande to Hope Bay Rd,Point(-76.529958 18.196135),5
29 may 2025,JM,Bodles Pen,> Freetown,Point(-77.140168 17.920357),10
29 may 2025,JM,null,A1 - River Rd,Point(-76.984162 18.062917),5
29 may 2025,JM,null,A1 - Spanish Town Rd,Point(-76.841335 18.012895),6
29 may 2025,JM,Hope Bay,A4 - Rio Grande to Hope Bay Rd,Point(-76.56382 18.202685),6
29 may 2025,JM,null,Municipal Blvd,Point(-76.885754 17.98237),5
29 may 2025,JM,Montego Bay,A1 - Alice Eldemire Dr,Point(-77.926147 18.456676),5
29 may 2025,JM,Hope Bay,A4 - Rio Grande to Hope Bay Rd,Point(-76.567974 18.203108),5
29 may 2025,JM,null,T3 - Edward Seaga Highway,Point(-77.168433 18.394232),5
29 may 2025,JM,Central Village,A1 (W) - Nelson Mandela Highway,Point(-76.928835 17.997156),5
29 may 2025,JM,New Kingston,Chelsea Ave,Point(-76.792606 18.005108),6
29 may 2025,JM,Kingston 8,A3 - Long Ln,Point(-76.792274 18.060809),7
29 may 2025,JM,null,A1 - North Coast Highway,Point(-77.663843 18.476245),5
29 may 2025,JM,null,Municipal Blvd,Point(-76.895033 18.001684),7
29 may 2025,JM,null,Hagley Park Rd,Point(-76.821696 18.000396),7
29 may 2025,JM,Downtown Kingston,East St,Point(-76.788998 17.979158),5
29 may 2025,JM,Montego Bay,Barnett St,Point(-77.922646 18.470648),5
29 may 2025,JM,Downtown Kingston,Harbour St,Point(-76.792 17.966055),5
29 may 2025,JM,New Kingston,Knutsford Blvd,Point(-76.786824 18.007376),6
29 may 2025,JM,Downtown Kingston,Harbour St,Point(-76.793504 17.966176),7
29 may 2025,JM,Phoenix Park Village,Navy Cr,Point(-76.93359 17.957355),5
29 may 2025,JM,null,Hope Rd,Point(-76.784058 18.017356),9
29 may 2025,JM,Kingston 6,Montrose Rd,Point(-76.774216 18.012205),6
29 may 2025,JM,null,A1 - Spanish Town Rd,Point(-76.843303 18.014911),7
29 may 2025,JM,Kingston 6,Seymour Ave,Point(-76.773916 18.01305),5
29 may 2025,JM,null,Marcus Garvey Dr,Point(-76.828323 17.990936),5
29 may 2025,JM,null,Michael Manley Blvd,Point(-76.756264 17.968813),5
29 may 2025,JM,Three Miles,A1 - Three Mile Overpass,Point(-76.825746 17.998581),8
29 may 2025,JM,null,Old Hope Rd,Point(-76.754621 18.017606),6
29 may 2025,JM,Kingston 8,Shortwood Rd,Point(-76.781178 18.049645),5
29 may 2025,JM,Stony Hill (St. Andrew),Old Stoney Hill Rd,Point(-76.803233 18.082142),5
29 may 2025,JM,Spanish Town,Bernard Lodge Main Rd,Point(-76.946704 17.990161),7
29 may 2025,JM,null,A1 - Spanish Town By-pass Rd,Point(-76.966442 17.993962),5
29 may 2025,JM,Kingston 8,Shortwood Rd,Point(-76.784072 18.045366),5
29 may 2025,JM,Spanish Town,Sligoville Main Rd,Point(-76.947111 18.017903),5
29 may 2025,JM,Kingston 11,Olympic Way,Point(-76.827815 18.007577),5
29 may 2025,JM,null,Sligoville Road,Point(-76.971948 18.093075),5
29 may 2025,JM,null,T1 (E) - East West Hwy,Point(-77.001264 17.969441),7
29 may 2025,JM,Six Miles,A2 (E) - Washington Blvd,Point(-76.840442 18.026204),6
29 may 2025,JM,null,A2 (W) - Melrose Hill Byp,Point(-77.461415 18.065589),5
29 may 2025,JM,null,T1 (E) - East West Hwy,Point(-76.897924 17.994929),6
29 may 2025,JM,null,T1 (E) - East West Hwy,Point(-77.156753 17.921528),10
29 may 2025,JM,null,T1 (E) - East West Hwy,Point(-77.430612 18.032707),7
29 may 2025,JM,null,T1 (E) - East West Hwy,Point(-77.230589 17.936893),6
29 may 2025,JM,null,T3 - Edward Seaga Highway,Point(-77.040825 18.182979),6
29 may 2025,JM,null,T1 (E) - East West Hwy,Point(-77.046414 17.953111),10
29 may 2025,JM,New Kingston,Trafalgar Rd,Point(-76.779738 18.007316),7
29 may 2025,JM,null,T1 (W) - East West Hwy,Point(-77.390773 17.987189),6
29 may 2025,JM,Arcadia,Arcadia Dr,Point(-76.784273 18.035179),5
29 may 2025,JM,null,T1 (W) - East West Hwy,Point(-77.065543 17.94139),6
29 may 2025,JM,Arcadia,Wickham Ave,Point(-76.787654 18.036254),6
29 may 2025,JM,null,T1 (W) - East West Hwy,Point(-77.167874 17.924625),6
29 may 2025,JM,Spanish Town,Bernard Lodge Main Rd,Point(-76.945781 17.990094),5
29 may 2025,JM,null,A2 (W) - Melrose Hill Byp,Point(-77.449985 18.060176),10
29 may 2025,JM,Spanish Town,Burke Rd,Point(-76.946472 17.994412),5
29 may 2025,JM,null,St. John's Rd,Point(-76.995193 18.007548),5
29 may 2025,JM,null,B2 - Bog Walk to Natural Bridge Rd,Point(-76.989835 18.127253),5
29 may 2025,JM,null,Port Henderson Rd,Point(-76.882335 17.955108),5
29 may 2025,JM,null,A2 (W) - Melrose Hill Byp,Point(-77.447934 18.057169),10
29 may 2025,JM,Kingston 8,Constant Spring Gr,Point(-76.795307 18.041716),5
29 may 2025,JM,null,T1 (W) - East West Hwy,Point(-77.279859 17.962264),7
29 may 2025,JM,null,T1 (W) - East West Hwy,Point(-77.408886 18.010882),5
29 may 2025,JM,Kingston 8,Old Stony Hill Rd,Point(-76.79655 18.066669),6
29 may 2025,JM,Kingston 10,Hagley Park Rd,Point(-76.800139 18.009729),6
29 may 2025,JM,null,T1 (W) - East West Hwy,Point(-77.169572 17.926131),7
29 may 2025,JM,null,B8 - Anchovy to Shettlewood Rd,Point(-77.937536 18.391978),5
29 may 2025,JM,Linstead,A1 - Linstead Bypass,Point(-77.022488 18.139393),5
29 may 2025,JM,null,T1 (W) - East West Hwy,Point(-77.038471 17.95438),10
29 may 2025,JM,null,null,Point(-76.965529 17.992335),5
29 may 2025,JM,null,A2 - Winston Jones Highway,Point(-77.510173 18.065667),8
29 may 2025,JM,null,A2 - Winston Jones Hwy,Point(-77.494459 18.06724),5
29 may 2025,JM,null,T1 (W) - East West Hwy,Point(-77.396806 17.995615),7
29 may 2025,JM,null,Waltham Park Rd,Point(-76.817192 18.00125),10
29 may 2025,JM,Kingston 8,Shortwood Rd,Point(-76.78394 18.045623),6
29 may 2025,JM,null,Portmore Toll Plaza,Point(-76.852054 17.968098),5
29 may 2025,JM,null,T2 Kingston - Portmore Toll Rd,Point(-76.848322 17.970243),6
29 may 2025,JM,null,null,Point(-78.225183 18.226591),5
29 may 2025,JM,null,A2 W - Washington Blvd,Point(-76.808151 18.027079),6
29 may 2025,JM,null,T2 Kingston - Portmore Toll Rd,Point(-76.846559 17.97112),7
29 may 2025,JM,Three Miles,A1 - Spanish Town Rd,Point(-76.826634 17.999559),10
29 may 2025,JM,null,T2 Kingston - Portmore Toll Rd,Point(-76.841243 17.98162),8
29 may 2025,JM,Kingston 6,Seymour Ave,Point(-76.774903 18.01),5.5
29 may 2025,JM,null,T3 - Edward Seaga Highway,Point(-76.989692 18.061239),9
29 may 2025,JM,null,A1 - Spanish Town Rd,Point(-76.829461 18.002197),10
29 may 2025,JM,null,T1 (E) - East West Hwy,Point(-77.381266 17.977063),10
29 may 2025,JM,Ocho Rios,A3 - Milford Rd,Point(-77.102033 18.400346),5
29 may 2025,JM,null,T3 - Edward Seaga Highway,Point(-77.05344 18.207277),8
29 may 2025,JM,null,T3 - Edward Seaga Highway,Point(-77.033506 18.15837),9
29 may 2025,JM,null,T1 (W) - East West Hwy,Point(-77.171726 17.927967),5
29 may 2025,JM,null,T3 - Edward Seaga Highway,Point(-77.125192 18.286287),8
29 may 2025,JM,null,A2 - Old Harbour Rd,Point(-77.01458 17.974432),6
29 may 2025,JM,null,T3 - Edward Seaga Highway,Point(-77.010077 18.095969),6
29 may 2025,JM,Tower Isle,A3 - Oracabessa to White River Rd,Point(-77.012754 18.407699),5
29 may 2025,JM,null,A1 - Spanish Town By-pass Rd,Point(-76.965323 17.991943),5
29 may 2025,JM,null,A2 - Old Harbour Rd,Point(-76.976109 17.991099),6
29 may 2025,JM,null,T3 - Edward Seaga Highway,Point(-77.072461 18.215219),5
29 may 2025,JM,null,T1 (E) - East West Hwy,Point(-77.385137 17.979837),9
29 may 2025,JM,null,T3 - Edward Seaga Highway,Point(-77.05641 18.20825),10
29 may 2025,JM,null,A2 - Old Harbour Rd,Point(-76.983224 17.989448),10
29 may 2025,JM,Port Maria,A3 - Stennett St,Point(-76.894058 18.362308),5
29 may 2025,JM,null,A2 - Old Harbour Rd,Point(-77.030688 17.9663),5
29 may 2025,JM,null,T3 - Edward Seaga Highway,Point(-77.040975 18.12676),10
29 may 2025,JM,null,A2 - Old Harbour Rd,Point(-76.975553 17.991191),10
29 may 2025,JM,null,T3 - Edward Seaga Highway,Point(-77.165363 18.41139),5
29 may 2025,JM,null,T3 - Edward Seaga Highway,Point(-76.954237 18.032351),6
29 may 2025,JM,Port Maria,A3 - Banana St,Point(-76.893624 18.379011),5
29 may 2025,JM,null,T3 - Edward Seaga Highway,Point(-77.040649 18.120048),10
29 may 2025,JM,null,T3 - Edward Seaga Highway,Point(-77.168364 18.393437),5
29 may 2025,JM,null,A3 - Ocho Rios Byp,Point(-77.076942 18.412338),10
29 may 2025,JM,null,T3 - Edward Seaga Highway,Point(-77.046695 18.206808),10
29 may 2025,JM,Portmore,Braeton Parkway,Point(-76.893743 17.964435),5
29 may 2025,JM,null,T3 - Edward Seaga Highway,Point(-77.074544 18.21681),6
29 may 2025,JM,Stony Hill (St. Andrew),A3 - Stony Hill Rd,Point(-76.802417 18.090656),6
29 may 2025,JM,null,T3 - Edward Seaga Highway,Point(-76.957481 18.034463),5
29 may 2025,JM,Port Maria,A3 - Stennett St,Point(-76.89835 18.358479),6
29 may 2025,JM,New Kingston,Chelsea Ave,Point(-76.791371 18.007901),5
29 may 2025,JM,null,T1 (W) - East West Hwy,Point(-77.399778 17.998535),5
29 may 2025,JM,Golden Grove (St. Thomas),A4 - Golden Grove to Belle Castle Rd,Point(-76.274046 17.933207),6
29 may 2025,JM,null,null,Point(-76.856517 17.966447),5
29 may 2025,JM,Montego Bay,A1 - Howard Cook Blvd,Point(-77.924404 18.46577),5
29 may 2025,JM,null,A4 - Hope Bay to Orange Bay Rd,Point(-76.576607 18.203709),5
29 may 2025,JM,null,T3 - Edward Seaga Highway,Point(-76.964245 18.034921),5
29 may 2025,JM,null,T3 - Edward Seaga Highway,Point(-76.916729 18.024737),5
29 may 2025,JM,Port Maria,A3 - Stennett St,Point(-76.894699 18.360941),5
29 may 2025,JM,May Pen,Anderson Dr,Point(-77.248436 17.96206),8
29 may 2025,JM,null,T3 - Edward Seaga Highway,Point(-77.040708 18.183361),5
29 may 2025,JM,Delacree Pen,East Bell Rd,Point(-76.821988 17.991633),5
29 may 2025,JM,null,A1 - North Coast Highway,Point(-77.766936 18.513142),10
29 may 2025,JM,null,T3 - Edward Seaga Highway,Point(-77.158246 18.421904),5
29 may 2025,JM,Jones Town,Asquith St,Point(-76.797514 17.982665),7
29 may 2025,JM,null,T3 - Edward Seaga Highway,Point(-77.048041 18.206942),10
29 may 2025,JM,null,A4 - Boundbrook to Rio Grande Rd,Point(-76.501133 18.20207),6
29 may 2025,JM,null,T3 - Edward Seaga Highway,Point(-77.012136 18.085975),8
29 may 2025,JM,null,T3 - Edward Seaga Highway,Point(-77.168087 18.397649),6
29 may 2025,JM,null,A4 - Grants Pen to Albion Rd,Point(-76.620015 17.903688),6
29 may 2025,JM,null,T3 - Edward Seaga Highway,Point(-76.978202 18.043977),6
29 may 2025,JM,null,B6,Point(-77.673428 18.172739),9
29 may 2025,JM,null,T3 - Edward Seaga Highway,Point(-76.93089 18.026728),7
29 may 2025,JM,null,to T3 S,Point(-77.034013 18.159703),5
29 may 2025,JM,null,Braeton Rd,Point(-76.905732 17.952868),10
29 may 2025,JM,null,T3 - Edward Seaga Highway,Point(-76.964337 18.034919),6
29 may 2025,JM,Port Henderson,Fort Augusta Dr,Point(-76.8794 17.952585),5
29 may 2025,JM,null,T3 - Edward Seaga Highway,Point(-76.999971 18.079328),5
29 may 2025,JM,Williamsfield,Caledonia Rd,Point(-77.468582 18.065149),5
29 may 2025,JM,null,T3 - Edward Seaga Highway,Point(-77.040555 18.120534),10
29 may 2025,JM,Black Hill,A4 - Hope Bay to Orange Bay Rd,Point(-76.589211 18.205443),5
29 may 2025,JM,null,T1 (W) - East West Hwy,Point(-77.384282 17.979117),5
29 may 2025,JM,Seaview Gardens,Chesterfield Dr,Point(-76.836728 18.006509),8
29 may 2025,JM,null,T3 - Edward Seaga Highway,Point(-76.936225 18.02735),5
29 may 2025,JM,null,A1 - Spanish Town Rd,Point(-76.800652 17.975698),5
29 may 2025,JM,Colbeck,Colbeck Junction to Planters Road,Point(-77.127635 17.953681),5
29 may 2025,JM,null,T3 - Edward Seaga Highway,Point(-77.157722 18.385481),8
29 may 2025,JM,Central Village,null,Point(-76.918535 17.993301),5
29 may 2025,JM,null,A4 - Hope Bay to Orange Bay Rd,Point(-76.581646 18.207152),5
29 may 2025,JM,Colbeck,Colbeck Junction to Planters Road,Point(-77.128543 17.955682),5
29 may 2025,JM,null,Gravel Ground to Parnassus Rd,Point(-77.277221 17.901529),5
29 may 2025,JM,Port Henderson,Fort Augusta Dr,Point(-76.865406 17.958916),5
29 may 2025,JM,null,T3 - Edward Seaga Highway,Point(-77.009407 18.084051),7
29 may 2025,JM,Kingston 6,Farringdon Cr,Point(-76.765815 18.03332),5
29 may 2025,JM,null,T3 - Edward Seaga Highway,Point(-77.014705 18.098364),5
29 may 2025,JM,null,T3 - Edward Seaga Highway,Point(-77.009981 18.095828),7
29 may 2025,JM,Denbigh,Foga Rd,Point(-77.275219 17.964857),6
29 may 2025,JM,null,T3 - Edward Seaga Highway,Point(-77.011146 18.090146),7
29 may 2025,JM,null,A2 - Old Harbour Rd,Point(-76.971492 17.99244),5
29 may 2025,JM,Four Paths,Four Path to Toll Gate Rd,Point(-77.304622 17.968769),6
29 may 2025,JM,null,A1 - Spanish Town By-pass Rd,Point(-76.943735 17.988572),5
29 may 2025,JM,null,A1 - Spanish Town Rd,Point(-76.834747 18.006837),5
29 may 2025,JM,Freetown,A2 - Green Park to Freetown Rd,Point(-77.145496 17.917159),5
29 may 2025,JM,Port Henderson,Fort Augusta Dr,Point(-76.870965 17.953964),5
29 may 2025,JM,Porus,A2 - Porus Main Rd,Point(-77.408864 18.034454),5
29 may 2025,JM,null,A2 - Old Harbour Rd,Point(-77.020266 17.972444),5
29 may 2025,JM,Forest Hills,Hillside,Point(-76.83447 18.044452),7
29 may 2025,JM,null,A2 - Old Harbour Rd,Point(-76.985167 17.988686),5
29 may 2025,JM,null,A2 W - Washington Blvd,Point(-76.816695 18.026758),8
29 may 2025,JM,Hope Bay,A4 - Rio Grande to Hope Bay Rd,Point(-76.565331 18.202754),5
29 may 2025,JM,Barbican,Barbican Rd,Point(-76.77639 18.031059),5
29 may 2025,JM,null,A1 (W) - Nelson Mandela Highway,Point(-76.88656 18.016881),9
29 may 2025,JM,Montego Bay,Crane Blvd,Point(-77.928092 18.457875),5
29 may 2025,JM,Half Way Tree,A3 - Constant Spring Rd,Point(-76.797683 18.014034),5
29 may 2025,JM,null,A3 - Half Way Tree Rd,Point(-76.791882 18.001866),5
29 may 2025,JM,null,Dyke Rd,Point(-76.886595 18.00336),7
29 may 2025,JM,null,A3 - Half Way Tree Rd,Point(-76.793431 18.005058),5
29 may 2025,JM,null,A3 - Half Way Tree Rd,Point(-76.791104 18.000193),5
29 may 2025,JM,Delacree Pen,Oakland Rd,Point(-76.815561 17.997352),5
29 may 2025,JM,null,Dyke Rd,Point(-76.886874 18.003342),10
29 may 2025,JM,May Pen,Fernleigh Ave,Point(-77.245517 17.966307),5
29 may 2025,JM,Westgate Hills,null,Point(-77.895357 18.466312),7
29 may 2025,JM,null,Grants Pen Rd,Point(-76.788043 18.030421),5
29 may 2025,JM,Kingston 8,West Ave,Point(-76.798239 18.032897),5
29 may 2025,JM,null,Marcus Garvey Dr,Point(-76.826454 17.987302),8
29 may 2025,JM,null,null,Point(-76.965472 17.992774),10
29 may 2025,JM,null,Port Henderson Rd,Point(-76.888821 17.958733),7
29 may 2025,JM,null,Salt Pond Rd,Point(-76.942918 17.976709),5
29 may 2025,JM,Santa Cruz,A2 - Santa Cruz Main St,Point(-77.701385 18.054327),5
29 may 2025,JM,null,null,Point(-76.966447 17.993038),6
29 may 2025,JM,null,T1 (E) - East West Hwy,Point(-76.956449 17.97347),10
29 may 2025,JM,Eltham,Exchange Rd,Point(-77.071097 18.412041),5
29 may 2025,JM,New Kingston,Worthington Ave,Point(-76.781544 18.007335),5
29 may 2025,JM,null,T1 (E) - East West Hwy,Point(-76.978336 17.97346),5
29 may 2025,JM,Old Harbour,null,Point(-77.119366 17.939597),6
29 may 2025,JM,null,T1 (E) - East West Hwy,Point(-76.958136 17.973464),10
29 may 2025,JM,null,T1 (E) - East West Hwy,Point(-77.207667 17.932076),6
29 may 2025,JM,null,null,Point(-76.965288 17.993288),7
29 may 2025,JM,null,T1 (E) - East West Hwy,Point(-77.133563 17.925523),8
29 may 2025,JM,Central Village,null,Point(-76.918533 17.993301),5
29 may 2025,JM,null,T1 (E) - East West Hwy,Point(-77.413277 18.015302),5
29 may 2025,JM,Montego Bay,A1 - Howard Cook Blvd,Point(-77.923914 18.466773),7
29 may 2025,JM,null,T1 (E) - East West Hwy,Point(-77.406487 18.005724),6
29 may 2025,JM,null,T1 (E) - East West Hwy,Point(-76.99625 17.971892),7
29 may 2025,JM,null,A1 - Kew Bridge to Great River Rd,Point(-78.075369 18.451002),6
29 may 2025,JM,null,T1 (E) - East West Hwy,Point(-77.015564 17.962129),6
29 may 2025,JM,null,Grants Pen Rd,Point(-76.788505 18.030614),5
29 may 2025,JM,Spur Tree,A2 - Spur Tree Rd,Point(-77.582929 18.009401),6
29 may 2025,JM,null,T1 (E) - East West Hwy,Point(-77.228124 17.936296),5
29 may 2025,JM,null,A1 - Kew Bridge to Great River Rd,Point(-78.095433 18.448052),6
29 may 2025,JM,null,T1 (E) - East West Hwy,Point(-77.425782 18.029198),8
29 may 2025,JM,null,T1 (E) - East West Hwy,Point(-76.991269 17.973248),5
29 may 2025,JM,null,A1 - Kew Bridge to Great River Rd,Point(-78.066055 18.451807),10
29 may 2025,JM,null,T1 (E) - East West Hwy,Point(-77.219807 17.93431),7
29 may 2025,JM,null,B3 - Runaway Bay to Orange Valley Rd,Point(-77.364337 18.432282),5
29 may 2025,JM,null,T1 (E) - East West Hwy,Point(-77.386243 17.980713),6
29 may 2025,JM,null,A1 - Kew Bridge to Lucea Rd,Point(-78.114623 18.453463),6
29 may 2025,JM,null,T1 (E) - East West Hwy,Point(-77.400346 17.999233),5
29 may 2025,JM,null,T1 (E) - East West Hwy,Point(-76.958578 17.973462),5
29 may 2025,JM,null,A2 - Winston Jones Highway,Point(-77.50617 18.067718),5
29 may 2025,JM,Kew,A1 - Kew Bridge to Lucea Rd,Point(-78.153304 18.443099),5
29 may 2025,JM,null,T1 (W) - East West Hwy,Point(-76.965895 17.97337),7
29 may 2025,JM,null,Hope Rd,Point(-76.790507 18.013464),5
29 may 2025,JM,null,Herb McKenly Dr,Point(-76.775131 18.002993),6
29 may 2025,JM,Montego Bay,A1 - Howard Cook Blvd,Point(-77.923925 18.467812),5
29 may 2025,JM,null,T1 (W) - East West Hwy,Point(-76.941907 17.976409),5
29 may 2025,JM,null,> Three Miles,Point(-76.828672 17.991204),5
29 may 2025,JM,null,A1 - Spanish Town Rd,Point(-76.829375 18.002117),10
29 may 2025,JM,null,T1 (W) - East West Hwy,Point(-77.178129 17.929117),5
29 may 2025,JM,null,T1 (W) - East West Hwy,Point(-76.891798 18.012845),8
29 may 2025,JM,null,A2 - Old Harbour Rd,Point(-76.972371 17.992145),10
29 may 2025,JM,null,T1 (W) - East West Hwy,Point(-77.432662 18.033883),10
29 may 2025,JM,null,A1 - Bog Walk to Ewarton Rd,Point(-77.05075 18.167417),5
29 may 2025,JM,null,T1 (W) - East West Hwy,Point(-77.37105 17.969734),6
29 may 2025,JM,Spur Tree,A2 - Spur Tree Rd,Point(-77.562698 17.995099),6
29 may 2025,JM,null,T1 (W) East West Hwy,Point(-77.360398 17.964698),6
29 may 2025,JM,null,T1 - East West Hwy,Point(-76.895016 18.004118),6
29 may 2025,JM,null,A2 - Spur Tree Rd,Point(-77.554825 18.001808),5
29 may 2025,JM,null,T2 Kingston - Portmore Toll Rd,Point(-76.841365 17.977814),5
29 may 2025,JM,Spanish Town,Job Ln,Point(-76.985821 18.004817),5
29 may 2025,JM,Mount Diablo,A1 - Moneague to Mount Diablo Rd,Point(-77.094788 18.2369),5
29 may 2025,JM,null,T3 - Edward Seaga Highway,Point(-77.169886 18.409649),5
29 may 2025,JM,Spur Tree,A2 - Spur Tree Rd,Point(-77.585496 18.00657),5
29 may 2025,JM,null,T3 - Edward Seaga Highway,Point(-77.09701 18.244278),5
29 may 2025,JM,null,T3 - Edward Seaga Highway,Point(-77.004917 18.079942),9
29 may 2025,JM,Trinity,A3 - Ballards Valley to Trinity Rd,Point(-76.898837 18.351366),6
29 may 2025,JM,null,T3 - Edward Seaga Highway,Point(-76.945505 18.028308),5
29 may 2025,JM,null,A1 - North Coast Highway,Point(-77.198016 18.437711),5
29 may 2025,JM,null,T3 - Edward Seaga Highway,Point(-76.980875 18.047981),7
29 may 2025,JM,Temple Hall,A3 - Junction Main Rd,Point(-76.811999 18.098047),7
29 may 2025,JM,null,T3 - Edward Seaga Highway,Point(-76.955931 18.033534),7
29 may 2025,JM,null,T3 - Edward Seaga Highway,Point(-76.999197 18.07751),5
29 may 2025,JM,Morant Bay,A4 - Church St,Point(-76.412721 17.880337),5
29 may 2025,JM,null,A3 - Ocho Rios Byp,Point(-77.08572 18.410046),7
29 may 2025,JM,null,T3 - Edward Seaga Highway,Point(-76.950754 18.030723),5
29 may 2025,JM,Montego Bay,Kerr Cr,Point(-77.914702 18.46678),5
29 may 2025,JM,null,A2 (W) - Melrose Hill Byp,Point(-77.44294 18.05528),9
29 may 2025,JM,null,T3 - Edward Seaga Highway,Point(-76.970645 18.039997),10
29 may 2025,JM,Stony Hill (St. Andrew),A3 - Stony Hill Rd,Point(-76.802864 18.092111),10
29 may 2025,JM,null,T3 - Edward Seaga Highway,Point(-76.981972 18.049896),10
29 may 2025,JM,null,T3 - Edward Seaga Highway,Point(-77.055259 18.207913),6
29 may 2025,JM,Waltham Gardens,Aloe Rd,Point(-76.820762 18.014311),5
29 may 2025,JM,null,T3 - Edward Seaga Highway,Point(-77.037304 18.198673),10
29 may 2025,JM,null,B3 - Runaway Bay to Orange Valley Rd,Point(-77.364818 18.431896),5
29 may 2025,JM,null,T3 - Edward Seaga Highway,Point(-76.978284 18.044148),5
29 may 2025,JM,null,B8 - Anchovy to Shettlewood Rd,Point(-77.93908 18.398883),10
29 may 2025,JM,null,T3 - Edward Seaga Highway,Point(-77.121679 18.278764),6
29 may 2025,JM,null,T3 - Edward Seaga Highway,Point(-77.042535 18.178132),5
29 may 2025,JM,Kingsvale (Hanover),B9 - Riley to Glasgow (via Dias) Rd,Point(-78.198992 18.388738),5
29 may 2025,JM,null,T3 - Edward Seaga Highway,Point(-76.973219 18.042076),10
29 may 2025,JM,New Kingston,Knutsford Blvd,Point(-76.788277 18.003825),5
29 may 2025,JM,Shettle Wood,B7 - Shettlewood to Chester Castle Rd,Point(-77.948765 18.333681),5
29 may 2025,JM,null,T3 - Edward Seaga Highway,Point(-76.981634 18.049306),10
29 may 2025,JM,Kingston 8,Barbican Rd,Point(-76.785125 18.031041),6
29 may 2025,JM,null,T3 - Edward Seaga Highway,Point(-77.046703 18.20681),10
29 may 2025,JM,null,T3 - Edward Seaga Highway,Point(-77.069924 18.212988),7
29 may 2025,JM,Williamsfield,Caledonia Rd,Point(-77.468596 18.066439),10
29 may 2025,JM,null,T3 - Edward Seaga Highway,Point(-77.040349 18.121611),5
29 may 2025,JM,Kingston 11,Bay Farm Rd,Point(-76.822343 18.013993),6
29 may 2025,JM,null,T3 - Edward Seaga Highway,Point(-77.131574 18.292785),8
29 may 2025,JM,Williamsfield,Caledonia Rd,Point(-77.469818 18.060633),6
29 may 2025,JM,null,T3 - Edward Seaga Highway,Point(-77.135948 18.299915),10
29 may 2025,JM,null,T3 - Edward Seaga Highway,Point(-77.038995 18.188981),6
29 may 2025,JM,null,A4 - Windward Rd,Point(-76.762413 17.972962),5
29 may 2025,JM,Heartease (Manchester),Caledonia Road,Point(-77.478164 18.055932),5
29 may 2025,JM,null,T3 - Edward Seaga Highway,Point(-76.938792 18.027506),10
29 may 2025,JM,null,Main St,Point(-77.238481 17.963931),5
29 may 2025,JM,Kingston 10,Braemar Ave,Point(-76.781286 18.011368),6
29 may 2025,JM,null,A1 - Spanish Town By-pass Rd,Point(-76.943583 17.988666),5
29 may 2025,JM,null,T3 - Edward Seaga Highway,Point(-77.082896 18.22317),8
29 may 2025,JM,Trench Town,Collie Smith Dr,Point(-76.804155 17.982346),9
29 may 2025,JM,null,T3 - Edward Seaga Highway,Point(-77.122439 18.281204),10
29 may 2025,JM,null,T3 - Edward Seaga Highway,Point(-77.005419 18.080032),10
29 may 2025,JM,null,Darliston to Woodstock Rd,Point(-77.969226 18.242892),6
29 may 2025,JM,null,T3 - Edward Seaga Highway,Point(-77.04652 18.206763),9
29 may 2025,JM,null,A1 - Spanish Town Rd,Point(-76.841081 18.012655),5
29 may 2025,JM,null,T3 - Edward Seaga Highway,Point(-77.040554 18.120536),5
29 may 2025,JM,null,Dyke Rd,Point(-76.892937 18.00368),10
29 may 2025,JM,null,Dyke Rd,Point(-76.866686 17.988191),5
29 may 2025,JM,null,T3 - Edward Seaga Highway,Point(-77.021793 18.09945),6
29 may 2025,JM,Spanish Town,Fairfield Dr,Point(-76.988161 18.012571),7
29 may 2025,JM,Newport West,2nd St,Point(-76.821262 17.980386),5
29 may 2025,JM,null,Molynes Rd,Point(-76.821347 18.024742),5
29 may 2025,JM,Portmore,Municipal Blvd,Point(-76.901676 17.963945),5
29 may 2025,JM,Newport West,9th Ave,Point(-76.828339 17.987168),5
29 may 2025,JM,Port Henderson,Fort Augusta Dr,Point(-76.87934 17.952533),9
29 may 2025,JM,null,A1 (W) - Nelson Mandela Highway,Point(-76.875982 18.023575),6
29 may 2025,JM,null,A1 (W) - Nelson Mandela Highway,Point(-76.882741 18.019473),5
29 may 2025,JM,Spanish Town,Gordon Blvd,Point(-76.960685 18.008674),5
29 may 2025,JM,Montego Bay,A1 - Jimmy Cliff Blvd,Point(-77.929401 18.482067),5
29 may 2025,JM,Norwood Pen,Norwood Gardens Blvd,Point(-77.88463 18.498089),5
29 may 2025,JM,null,A1 - Spanish Town By-pass Rd,Point(-76.9676 17.996221),5
29 may 2025,JM,Spanish Town,Gordon Blvd,Point(-76.959415 18.022963),6
29 may 2025,JM,null,A2 - Old Harbour Rd,Point(-76.993355 17.986564),5
29 may 2025,JM,null,A2 W,Point(-76.814105 18.027332),5
29 may 2025,JM,Mount Carey,B8 - Anchovy to Shettlewood Rd,Point(-77.935543 18.38958),8
29 may 2025,JM,Enfield (Westmoreland),Hopetown to Darliston Rd,Point(-77.960217 18.21869),7
29 may 2025,JM,Kingston 10,A3 - Maxfield Ave,Point(-76.800234 18.006418),5
29 may 2025,JM,Mannings Hill,Mount Salus Rd,Point(-76.81786 18.07766),5
29 may 2025,JM,Downtown Kingston,Port Royal St,Point(-76.792636 17.96563),5
29 may 2025,JM,Kingston 5,A3 - Slipe Rd,Point(-76.789152 17.99042),5
29 may 2025,JM,null,Hopetown to Darliston Rd,Point(-77.947214 18.170023),7
29 may 2025,JM,null,Arthur Wint Dr,Point(-76.775315 18.002905),5
29 may 2025,JM,Montego Bay,Blood Ln,Point(-77.90748 18.481141),5
29 may 2025,JM,Enfield (Westmoreland),Hopetown to Darliston Rd,Point(-77.958905 18.210316),5
29 may 2025,JM,Montego Bay,Blood Ln,Point(-77.908001 18.479472),5
29 may 2025,JM,null,Stoney Hill to Parks Road Rd,Point(-76.817814 18.08876),5
29 may 2025,JM,Port Henderson,Fort Augusta Dr,Point(-76.87511 17.951427),5
29 may 2025,JM,Kingston 6,Jacks Hill Rd,Point(-76.771793 18.033914),7
29 may 2025,JM,New Kingston,Grenada Cr,Point(-76.786871 18.008339),5
29 may 2025,JM,Kingston 10,Keesing Ave,Point(-76.814291 18.00764),5
29 may 2025,JM,Rollington Town,Jackson Rd,Point(-76.767173 17.974489),7
29 may 2025,JM,Kingston 10,Lady Musgrave Rd,Point(-76.78007 18.004253),5
29 may 2025,JM,null,Municipal Blvd,Point(-76.895288 18.006515),5
29 may 2025,JM,null,T1 (E) - East West Hwy,Point(-77.322676 17.955755),5
29 may 2025,JM,Barbican,Liguanea Ave,Point(-76.769781 18.023813),5
29 may 2025,JM,Kingston 10,Kings Ave,Point(-76.803958 18.003025),10
29 may 2025,JM,Barbican,Liguanea Ave,Point(-76.769865 18.023318),5
29 may 2025,JM,null,Marcus Garvey Dr,Point(-76.806807 17.970099),5
29 may 2025,JM,Kingston 10,Little Kew Rd,Point(-76.802287 17.997174),10
29 may 2025,JM,null,Old Hope Rd,Point(-76.772392 18.008747),5
29 may 2025,JM,null,T1 (W) - East West Hwy,Point(-77.054321 17.948894),5
29 may 2025,JM,null,Portmore Toll Plaza,Point(-76.851432 17.968396),5
29 may 2025,JM,Portmore,Dawkins Dr,Point(-76.868063 17.973656),5
28 may 2025,JM,null,T3 - Edward Seaga Highway,Point(-76.950444 18.030426),6
28 may 2025,JM,Hope Pastures,Widcombe Dr,Point(-76.75747 18.026139),6
28 may 2025,JM,Sydenham,Palm Cir,Point(-76.984458 17.979111),6
28 may 2025,JM,Olympic Gardens,Lorraine Ave,Point(-76.819064 18.019926),5
28 may 2025,JM,Havendale,Havendale Dr,Point(-76.81286 18.046146),10
28 may 2025,JM,Tower Isle,Bayswater Avenue,Point(-77.026995 18.416584),5
28 may 2025,JM,null,B8 - Anchovy to Shettlewood Rd,Point(-77.937918 18.356912),10
28 may 2025,JM,null,A2 - Old Harbour Rd,Point(-76.97847 17.99074),10
28 may 2025,JM,Rollington Town,Gibbs Ave,Point(-76.767698 17.973029),5
28 may 2025,JM,null,A1 (W) - Nelson Mandela Highway,Point(-76.900459 18.007487),6
28 may 2025,JM,null,A1 (W) - Nelson Mandela Highway,Point(-76.896644 18.010029),6
28 may 2025,JM,null,A1 - Kew Bridge to Great River Rd,Point(-78.072835 18.451282),6
28 may 2025,JM,null,T3 - Edward Seaga Highway,Point(-77.032118 18.151776),6
28 may 2025,JM,null,T1 (W) - East West Hwy,Point(-77.220947 17.934474),5
28 may 2025,JM,null,Marcus Garvey Dr,Point(-76.819257 17.981043),7
28 may 2025,JM,null,Bernard Lodge Main Rd,Point(-76.936691 17.984292),5
28 may 2025,JM,null,A3 - Junction Main Rd,Point(-76.830173 18.140309),5
28 may 2025,JM,null,T3 - Edward Seaga Highway,Point(-76.903196 18.00594),5
28 may 2025,JM,Mona,Garden Blvd,Point(-76.7514 18.016229),5
28 may 2025,JM,Kingston 6,Seymour Ave,Point(-76.773916 18.01305),5
28 may 2025,JM,null,Molynes Rd,Point(-76.800613 18.012314),5
28 may 2025,JM,Kingston 5,Lyndhurst Rd,Point(-76.794274 17.993701),5
28 may 2025,JM,Spanish Town,Main Rd,Point(-76.944502 17.996274),5
28 may 2025,JM,null,Maxfield Ave,Point(-76.803468 18.000557),10
28 may 2025,JM,Denbigh,McGregor Dr,Point(-77.28291 17.970495),5
28 may 2025,JM,Hope Pastures,Ministry of Agriculture Road,Point(-76.751233 18.017305),5
28 may 2025,JM,Portmore,Municipal Blvd,Point(-76.902132 17.96298),5
28 may 2025,JM,Mandeville,North Race Course Rd,Point(-77.50732 18.045374),5
28 may 2025,JM,Portmore,Braeton Parkway,Point(-76.89861 17.961753),5
28 may 2025,JM,null,Oakshore Rd,Point(-76.76825 18.016646),5
28 may 2025,JM,Kingston 10,Osborne Rd,Point(-76.794084 18.001186),8
28 may 2025,JM,null,Passage Fort Dr W,Point(-76.873246 17.982012),5
28 may 2025,JM,Delacree Pen,Payne Ave,Point(-76.822266 17.995848),7
28 may 2025,JM,Delacree Pen,Payne Ave,Point(-76.822387 17.995732),6
28 may 2025,JM,Hampshire,Pear Tree Grove to Riversdale Rd,Point(-76.96018 18.176586),5
28 may 2025,JM,Downtown Kingston,Port Royal St,Point(-76.796443 17.965913),5
28 may 2025,JM,Montego Bay,Queens Dr,Point(-77.926747 18.479706),10
28 may 2025,JM,Spanish Town,Salt Island Rd,Point(-76.964018 17.980994),9
28 may 2025,JM,Spanish Town,Sligoville Main Rd,Point(-76.948844 18.008204),6
28 may 2025,JM,null,Slipe Pen Rd,Point(-76.791794 17.986952),8
28 may 2025,JM,null,St. Christopher to Glengoffe Rd,Point(-76.836656 18.099841),10
28 may 2025,JM,null,Strathbogie Rd,Point(-78.117721 18.238995),5
28 may 2025,JM,Kingston 10,Sundown Cr,Point(-76.817198 18.017108),10
28 may 2025,JM,Havendale,Vermont Ave,Point(-76.80942 18.046439),5
28 may 2025,JM,Mandeville,Ward Ave,Point(-77.524743 18.043536),5
28 may 2025,JM,null,A3 (S) - Constant Spring Rd,Point(-76.796318 18.023634),5
28 may 2025,JM,Mandeville,Ward Ave,Point(-77.5233 18.04197),5
28 may 2025,JM,Mandeville,Ward Ave,Point(-77.514811 18.039186),8
28 may 2025,JM,Horizon Park (St. Catherine),Westminster Dr,Point(-76.979857 17.984615),6
28 may 2025,JM,Spanish Town,Windsor Rd,Point(-76.957984 17.990994),5
28 may 2025,JM,null,Worchester Dr,Point(-76.976363 17.988358),5
28 may 2025,JM,null,A4 - Harbour View to Bull Bay Rd,Point(-76.690049 17.945398),5
28 may 2025,JM,null,A1 (E) - Nelson Mandela Highway,Point(-76.878866 18.022309),10
28 may 2025,JM,null,A1 (E) - Nelson Mandela Highway,Point(-76.869524 18.025648),10
28 may 2025,JM,null,A1 (E) - Nelson Mandela Highway,Point(-76.863941 18.02589),5
28 may 2025,JM,null,A1 (W) - Nelson Mandela Highway,Point(-76.902702 18.005507),5
28 may 2025,JM,null,A1 (W) - Nelson Mandela Highway,Point(-76.896901 18.009859),7
28 may 2025,JM,Bogue,A1 - A.G.S. Coombs Highway,Point(-77.924466 18.444764),5
28 may 2025,JM,Montego Bay,A1 - Howard Cook Blvd,Point(-77.924858 18.474266),7
28 may 2025,JM,null,A1 - North Coast Highway,Point(-77.523407 18.467006),6
28 may 2025,JM,null,A1 - North Coast Highway,Point(-77.638969 18.476207),7
28 may 2025,JM,null,A1 - North Coast Highway,Point(-77.465113 18.470904),9
28 may 2025,JM,null,A1 - Spanish Town Rd,Point(-76.847723 18.018696),6
28 may 2025,JM,null,A1 - North Coast Highway,Point(-77.189724 18.430399),10
28 may 2025,JM,null,A1 - North Coast Highway,Point(-77.508801 18.46465),10
28 may 2025,JM,null,A1 - North Coast Highway,Point(-77.204478 18.439122),8
28 may 2025,JM,null,A1 - North Coast Highway,Point(-77.461698 18.469271),8
28 may 2025,JM,null,A1 - North Coast Highway,Point(-77.893842 18.510142),5
28 may 2025,JM,Rose Hall,A1 - North Coast Highway,Point(-77.840211 18.521597),7
28 may 2025,JM,null,A1 - North Coast Highway,Point(-77.486306 18.476519),5
28 may 2025,JM,null,A1 - North Coast Highway,Point(-77.512099 18.464836),6
28 may 2025,JM,null,A1 - North Coast Highway,Point(-77.186773 18.429002),5
28 may 2025,JM,Six Miles,A2 (E) - Washington Blvd,Point(-76.853443 18.026053),6
28 may 2025,JM,null,A2 - Melrose Hill Byp,Point(-77.467091 18.069063),6
28 may 2025,JM,Kingston 8,A3 (N) - Constant Spring Rd,Point(-76.796562 18.038024),9
28 may 2025,JM,null,A3 - Half Way Tree Rd,Point(-76.791467 18.000915),6
28 may 2025,JM,null,A4 - Sir Florizel Glaspole Blvd,Point(-76.730755 17.962058),5
28 may 2025,JM,null,A4 - Sir Florizel Glaspole Blvd,Point(-76.733872 17.964966),5
28 may 2025,JM,null,A4 - Sir Florizel Glaspole Blvd,Point(-76.742983 17.968177),5
28 may 2025,JM,null,B5 - Shooters Hill to Caines Shop Rd,Point(-77.481284 18.107859),5
28 may 2025,JM,Montego Bay,A1 - Howard Cook Blvd,Point(-77.926568 18.461276),7
28 may 2025,JM,null,Braeton Rd,Point(-76.909793 17.951068),8
28 may 2025,JM,Downtown Kingston,Clovelly Rd,Point(-76.784245 17.970763),5
28 may 2025,JM,Kingston 6,Fairway Ave,Point(-76.777952 18.00964),5
28 may 2025,JM,Twickenham Park,Main Rd,Point(-76.934095 17.997382),6
28 may 2025,JM,null,Marcus Garvey Dr,Point(-76.822946 17.983747),9
28 may 2025,JM,null,Michael Manley Blvd,Point(-76.772822 17.966762),5
28 may 2025,JM,null,Municipal Blvd,Point(-76.895404 18.005992),6
28 may 2025,JM,Independence City,Passage Fort Dr W,Point(-76.874825 17.982343),5
28 may 2025,JM,Kingston 6,null,Point(-76.772857 18.016271),5
28 may 2025,JM,Montego Bay,Queens Dr,Point(-77.927905 18.483146),6
28 may 2025,JM,Montego Bay,Queens Dr,Point(-77.920668 18.491107),6
28 may 2025,JM,null,T1 (E) - East West Hwy,Point(-76.959213 17.97346),5
28 may 2025,JM,null,T1 (E) - East West Hwy,Point(-76.996908 17.971628),6
28 may 2025,JM,null,T1 (E) - East West Hwy,Point(-77.408134 18.009328),6
28 may 2025,JM,null,T1 (E) - East West Hwy,Point(-76.904185 17.988387),10
28 may 2025,JM,null,T1 (E) - East West Hwy,Point(-77.013192 17.963344),6
28 may 2025,JM,null,T1 (E) - East West Hwy,Point(-77.166296 17.923489),6
28 may 2025,JM,null,Marcus Garvey Dr,Point(-76.81498 17.97707),5
28 may 2025,JM,null,T1 (W) - East West Hwy,Point(-77.27744 17.962595),10
28 may 2025,JM,null,T1 (W) - East West Hwy,Point(-77.019175 17.960184),5
28 may 2025,JM,null,T1 (W) - East West Hwy,Point(-77.341315 17.958292),5
28 may 2025,JM,null,T1 (W) - East West Hwy,Point(-76.894361 18.007185),7
28 may 2025,JM,null,T1 (W) - East West Hwy,Point(-77.178918 17.929094),6
28 may 2025,JM,null,T1 (W) - East West Hwy,Point(-76.891709 18.01294),10
28 may 2025,JM,null,T1 (W) - East West Hwy,Point(-76.91299 17.985243),7
28 may 2025,JM,null,T1 (W) - East West Hwy,Point(-77.431534 18.033094),10
28 may 2025,JM,Spanish Town,White Church St,Point(-76.953627 17.99567),5
28 may 2025,JM,null,T2 Kingston - Portmore Toll Rd,Point(-76.844865 17.97177),5
28 may 2025,JM,null,T2 Kingston - Portmore Toll Rd,Point(-76.860094 17.967631),7
28 may 2025,JM,null,T2 Kingston - Portmore Toll Rd,Point(-76.835487 17.99376),5
28 may 2025,JM,null,T3 - Edward Seaga Highway,Point(-77.035496 18.162882),5
28 may 2025,JM,null,T3 - Edward Seaga Highway,Point(-76.987789 18.059303),10
28 may 2025,JM,null,T3 - Edward Seaga Highway,Point(-77.040982 18.126793),5
28 may 2025,JM,null,T3 - Edward Seaga Highway,Point(-76.92841 18.027033),8
28 may 2025,JM,null,T3 - Edward Seaga Highway,Point(-77.083517 18.22428),7
28 may 2025,JM,Kingston 6,Upper Montrose Rd,Point(-76.776047 18.012786),5
28 may 2025,JM,null,T3 - Edward Seaga Highway,Point(-77.074243 18.216478),6
28 may 2025,JM,null,T3 - Edward Seaga Highway,Point(-77.03976 18.185218),9
28 may 2025,JM,null,T3 - Edward Seaga Highway,Point(-77.010042 18.096177),5
28 may 2025,JM,null,T3 - Edward Seaga Highway,Point(-76.982838 18.0512),10
28 may 2025,JM,null,T3 - Edward Seaga Highway,Point(-77.154162 18.352773),5
28 may 2025,JM,null,T3 - Edward Seaga Highway,Point(-77.010869 18.090734),10
28 may 2025,JM,null,T3 - Edward Seaga Highway,Point(-77.010143 18.091992),5
28 may 2025,JM,null,T3 - Edward Seaga Highway,Point(-77.13615 18.300239),6
28 may 2025,JM,Montego Bay,Queens Dr,Point(-77.92614 18.479291),5
28 may 2025,JM,null,T3 - Edward Seaga Highway,Point(-77.010454 18.091614),8
28 may 2025,JM,null,T3 - Edward Seaga Highway,Point(-77.153028 18.4161),7
28 may 2025,JM,null,T3 - Edward Seaga Highway,Point(-77.155724 18.420797),5
28 may 2025,JM,null,T3 - Edward Seaga Highway,Point(-77.073585 18.215962),7
28 may 2025,JM,null,T3 - Edward Seaga Highway,Point(-77.036104 18.143003),5
28 may 2025,JM,null,T3 - Edward Seaga Highway,Point(-77.034466 18.145692),5
28 may 2025,JM,null,T3 - Edward Seaga Highway,Point(-77.160749 18.376332),8
28 may 2025,JM,null,T3 - Edward Seaga Highway,Point(-77.04102 18.127625),9
28 may 2025,JM,null,Marcus Garvey Dr,Point(-76.804456 17.968404),5
28 may 2025,JM,null,T3 - Edward Seaga Highway,Point(-76.927614 18.027248),6
28 may 2025,JM,null,T3 - Edward Seaga Highway,Point(-76.903267 18.005865),5
28 may 2025,JM,null,T3 - Edward Seaga Highway,Point(-77.040937 18.131054),7
28 may 2025,JM,null,T3 - Edward Seaga Highway,Point(-77.009724 18.092951),6
28 may 2025,JM,null,T3 - Edward Seaga Highway,Point(-76.955782 18.033413),5
28 may 2025,JM,null,T3 - Edward Seaga Highway,Point(-77.119383 18.264557),9
28 may 2025,JM,null,T3 - Edward Seaga Highway,Point(-76.984096 18.052611),10
28 may 2025,JM,null,T3 - Edward Seaga Highway,Point(-77.085965 18.230804),7
28 may 2025,JM,null,Hope Rd,Point(-76.78328 18.017709),5
28 may 2025,JM,Kingston 10,Upper Waterloo Rd,Point(-76.791887 18.023847),5
28 may 2025,JM,null,to T3 (S),Point(-76.96959 18.039026),5
28 may 2025,JM,null,T3 - Edward Seaga Highway,Point(-77.00976 18.092865),8
28 may 2025,JM,null,T3 - Edward Seaga Highway,Point(-77.040945 18.118401),8
28 may 2025,JM,null,T3 - Edward Seaga Highway,Point(-77.040852 18.118202),10
28 may 2025,JM,null,T3 - Edward Seaga Highway,Point(-77.015174 18.098489),10
28 may 2025,JM,null,A1 - River Rd,Point(-77.00169 18.089435),5
28 may 2025,JM,Mandeville,null,Point(-77.511438 18.036218),5
28 may 2025,JM,Kingston 8,Barbican Rd,Point(-76.783857 18.031491),5
28 may 2025,JM,null,A1 (W) - Nelson Mandela Highway,Point(-76.859408 18.025838),6
28 may 2025,JM,Montego Bay,A1 - Jimmy Cliff Blvd,Point(-77.929398 18.481934),5
28 may 2025,JM,Rose Hall,A1 - North Coast Highway,Point(-77.85643 18.522007),6
28 may 2025,JM,Rose Hall,A1 - North Coast Highway,Point(-77.826366 18.523608),5
28 may 2025,JM,null,A1 - Spanish Town Rd,Point(-76.839847 18.01152),5
28 may 2025,JM,null,A1 - Spanish Town Rd,Point(-76.841735 18.013472),6
28 may 2025,JM,null,A1 - Spanish Town Rd,Point(-76.839383 18.011101),6
28 may 2025,JM,null,A1 - Spanish Town Rd,Point(-76.837453 18.009334),5
28 may 2025,JM,null,A2 - Old Harbour Rd,Point(-76.977423 17.990926),5
28 may 2025,JM,Six Miles,A2 (E) - Washington Blvd,Point(-76.835634 18.025925),5
28 may 2025,JM,null,A2 - Old Harbour Rd,Point(-77.101441 17.940396),5
28 may 2025,JM,null,A2 W - Washington Blvd,Point(-76.816452 18.02671),5
28 may 2025,JM,Half Way Tree,A3 - Eastwood Park Rd,Point(-76.797083 18.019145),6
28 may 2025,JM,Kingston 10,A3 - Half Way Tree Rd,Point(-76.796681 18.008495),5
28 may 2025,JM,Franklyn Town,Albert St,Point(-76.777035 17.978367),5
28 may 2025,JM,Arcadia,Arcadia Dr,Point(-76.784206 18.033244),5
28 may 2025,JM,null,Arthur Wint Dr,Point(-76.775185 18.002941),5
28 may 2025,JM,Montego Bay,A1 - Sunset Blvd,Point(-77.926142 18.490178),5
28 may 2025,JM,Barbican,Barbican Rd,Point(-76.77272 18.030704),5
28 may 2025,JM,Kingston 8,Barbican Rd,Point(-76.783058 18.03171),6
28 may 2025,JM,Montego Bay,Barnett St,Point(-77.916153 18.465908),5
28 may 2025,JM,Kingston 10,Braemar Ave,Point(-76.780624 18.011955),5
28 may 2025,JM,Kingston 5,Collins Green Ave,Point(-76.791085 17.999669),5
28 may 2025,JM,Old Harbour,Gouldburne Ln,Point(-77.109393 17.936967),5
28 may 2025,JM,Downtown Kingston,Hanover St,Point(-76.7886 17.969514),5
28 may 2025,JM,Kingston 10,Kingsway,Point(-76.789958 18.018838),5
28 may 2025,JM,Rose Hall,A1 - North Coast Highway,Point(-77.841012 18.521546),7
28 may 2025,JM,Mandeville,Manchester Rd,Point(-77.505814 18.033249),5
28 may 2025,JM,Martha Brae,Martha Brae to Kinloss Rd,Point(-77.658912 18.471451),5
28 may 2025,JM,null,Molynes Rd,Point(-76.799902 18.011728),7
28 may 2025,JM,Downtown Kingston,Ocean Blvd,Point(-76.791049 17.965253),5
28 may 2025,JM,null,Old Hope Rd,Point(-76.748689 18.016359),5
28 may 2025,JM,Kingston 6,Old Hope Rd,Point(-76.770907 18.015302),5
28 may 2025,JM,Downtown Kingston,Port Royal St,Point(-76.800183 17.966226),5
28 may 2025,JM,Forest Hills,Red Hills Rd,Point(-76.823313 18.04716),7
28 may 2025,JM,null,> Downtown Kingston,Point(-76.829756 17.992425),5
28 may 2025,JM,null,Seaview Ave,Point(-76.777288 18.011173),5
28 may 2025,JM,Spanish Town,Sligoville Main Rd,Point(-76.94808 17.995984),5
28 may 2025,JM,null,T2 Kingston - Portmore Toll Rd,Point(-76.835473 17.99376),5
28 may 2025,JM,null,T3 - Edward Seaga Highway,Point(-77.044078 18.205209),5
28 may 2025,JM,null,Upper Elleston Rd,Point(-76.778361 17.977943),5
28 may 2025,JM,Mandeville,Ward Ave,Point(-77.516096 18.03946),5
28 may 2025,JM,Six Miles,A2 (E) - Washington Blvd,Point(-76.830204 18.02532),5
28 may 2025,JM,Kingston,A2 (W) - Washington Blvd,Point(-76.829349 18.025125),5
28 may 2025,JM,Downtown Kingston,Water Ln,Point(-76.801076 17.967136),5
28 may 2025,JM,Catherine Hall,West Green Ave,Point(-77.925688 18.461055),5
28 may 2025,JM,Wiltshire,null,Point(-77.945854 18.421829),5
28 may 2025,JM,null,A1 (W) - Nelson Mandela Highway,Point(-76.86882 18.025576),5
28 may 2025,JM,null,A1 (W) - Nelson Mandela Highway,Point(-76.892034 18.013184),5
28 may 2025,JM,Kingston,A2 (W) - Washington Blvd,Point(-76.84689 18.025956),5
28 may 2025,JM,Kingston 10,A3 - Balmoral Ave,Point(-76.798174 18.004551),5
28 may 2025,JM,null,B8 - Long Hill Rd,Point(-77.947422 18.424202),5
28 may 2025,JM,Kingston 10,Braemar Ave,Point(-76.780218 18.012282),5
28 may 2025,JM,Kingston 6,Fairway Ave,Point(-76.777381 18.009449),5
28 may 2025,JM,Greater Portmore,Upper West Henderson Blvd,Point(-76.913595 17.948964),6
28 may 2025,JM,May Pen,Glenmuir Rd,Point(-77.254445 17.960807),5
28 may 2025,JM,null,Hagley Park Rd,Point(-76.824168 17.998567),5
28 may 2025,JM,null,Hope Rd,Point(-76.782659 18.018001),6
28 may 2025,JM,Kingston 6,Hope Rd,Point(-76.779039 18.0196),7
28 may 2025,JM,Kingston 10,Kingsway,Point(-76.78947 18.016207),5
28 may 2025,JM,Kingston 3,Mountain View Ave,Point(-76.766921 17.993561),5
28 may 2025,JM,null,Old Hope Rd,Point(-76.762849 18.018628),5
28 may 2025,JM,New Kingston,Trafalgar Rd,Point(-76.784499 18.008976),5
28 may 2025,JM,null,T3 - Edward Seaga Highway,Point(-76.918158 18.026097),6
28 may 2025,JM,null,null,Point(-77.005639 18.101814),5
28 may 2025,JM,null,A1 (W) - Nelson Mandela Highway,Point(-76.888772 18.01538),5
28 may 2025,JM,null,A1 - Bog Walk Gorge,Point(-76.981415 18.048018),5
28 may 2025,JM,Hopewell,A1 - Kew Bridge to Great River Rd,Point(-78.008518 18.456116),5
28 may 2025,JM,Rose Hall,A1 - North Coast Highway,Point(-77.847202 18.521325),7
28 may 2025,JM,null,A1 - North Coast Highway,Point(-77.860279 18.522125),5
28 may 2025,JM,null,A1 - North Coast Highway,Point(-77.191464 18.431275),5
28 may 2025,JM,null,A1 - North Coast Highway,Point(-77.595369 18.480079),6
28 may 2025,JM,null,T3 - Edward Seaga Highway,Point(-77.157649 18.411539),7
28 may 2025,JM,null,A1 - North Coast Highway,Point(-77.23495 18.45154),5
28 may 2025,JM,null,A1 - North Coast Highway,Point(-77.192769 18.432079),5
28 may 2025,JM,null,A1 - Spanish Town By-pass Rd,Point(-76.949194 17.986017),5
28 may 2025,JM,null,A1 - Spanish Town Rd,Point(-76.821797 17.994775),5
28 may 2025,JM,null,A1 - Spanish Town Rd,Point(-76.833864 18.006044),5
28 may 2025,JM,null,A1 - Spanish Town Rd,Point(-76.832992 18.005233),5
28 may 2025,JM,null,to A1,Point(-77.034072 18.159965),5
28 may 2025,JM,null,A1 - Spanish Town Rd,Point(-76.833446 18.00585),10
28 may 2025,JM,null,A1 - Walks Rd,Point(-76.976762 18.024234),5
28 may 2025,JM,null,T3 - Edward Seaga Highway,Point(-77.131279 18.292479),7
28 may 2025,JM,Six Miles,A2 (E) - Washington Blvd,Point(-76.82819 18.025221),5
28 may 2025,JM,Six Miles,A2 (E) - Washington Blvd,Point(-76.834964 18.025831),5
28 may 2025,JM,Spur Tree,A2 - Spur Tree Rd,Point(-77.587334 18.008585),5
28 may 2025,JM,null,A2 W - Washington Blvd,Point(-76.817927 18.026351),5
28 may 2025,JM,Half Way Tree,A3 - Constant Spring Rd,Point(-76.796364 18.020612),5
28 may 2025,JM,Kingston 10,A3 - Half Way Tree Rd,Point(-76.795788 18.007192),5
28 may 2025,JM,Cross Roads,A3 - Half Way Tree Rd,Point(-76.788047 17.993894),5
28 may 2025,JM,Cross Roads,A3 - Slipe Rd,Point(-76.7884 17.992465),5
28 may 2025,JM,null,T3 - Edward Seaga Highway,Point(-77.149329 18.347825),10
28 may 2025,JM,Montego Bay,B15 - Barnett to Adelphi Rd,Point(-77.914013 18.462455),5
28 may 2025,JM,Runaway Bay,B3 - Runaway Bay to Orange Valley Rd,Point(-77.338452 18.453206),5
28 may 2025,JM,Portmore,Braeton Parkway,Point(-76.89275 17.964687),5
28 may 2025,JM,Portmore,Braeton Rd,Point(-76.920176 17.949315),5
28 may 2025,JM,Eastwood Park,Courtney Walsh Dr,Point(-76.800691 18.016108),5
28 may 2025,JM,Downtown Kingston,East St,Point(-76.789528 17.971479),5
28 may 2025,JM,Fairfield,Fairfield Ave,Point(-77.905571 18.452857),5
28 may 2025,JM,Olympic Gardens,Gandhi Rd,Point(-76.834149 18.016237),5
28 may 2025,JM,Gutters (St. Elizabeth),Gutters Main Rd,Point(-77.592875 18.016282),5
28 may 2025,JM,Kingston 10,Lyndhurst Rd,Point(-76.801448 18.001259),5
28 may 2025,JM,null,Marcus Garvey Dr,Point(-76.818586 17.980303),5
28 may 2025,JM,null,Molynes Rd,Point(-76.816288 18.020619),5
28 may 2025,JM,null,Municipal Blvd,Point(-76.890644 17.975212),5
28 may 2025,JM,Hanbury,Old Rd,Point(-77.494445 18.074366),5
28 may 2025,JM,Spanish Town,Orange Blossom Ave,Point(-76.954502 18.004946),5
28 may 2025,JM,Spanish Town,Orange Blossom Ave,Point(-76.954532 18.004947),5
28 may 2025,JM,Spanish Town,Orange Blossom Ave,Point(-76.954531 18.004947),5
28 may 2025,JM,Kingston 11,Penwood Rd,Point(-76.833862 18.016446),5
28 may 2025,JM,Montego Bay,Queens Dr,Point(-77.921597 18.49028),5
28 may 2025,JM,null,Red Hills Rd,Point(-76.80808 18.032922),5
28 may 2025,JM,null,Red Hills Rd,Point(-76.81243 18.037614),5
28 may 2025,JM,Seaforth,Seaforth Main St,Point(-76.457615 17.938535),5
28 may 2025,JM,null,T3 - Edward Seaga Highway,Point(-77.044734 18.205863),7
28 may 2025,JM,null,St. John's Rd,Point(-76.987412 18.004937),6
28 may 2025,JM,null,T1 (E) - East West Hwy,Point(-76.936164 17.977161),5
28 may 2025,JM,null,T1 (W) - East West Hwy,Point(-76.892819 18.011543),6
28 may 2025,JM,null,T3 - Edward Seaga Highway,Point(-76.990292 18.061974),5
28 may 2025,JM,null,Wellington Dr,Point(-76.76219 18.014948),7
28 may 2025,JM,null,Wellington Dr,Point(-76.763036 18.01532),6
28 may 2025,JM,Rose Hall,A1 - North Coast Highway,Point(-77.848476 18.521297),10
28 may 2025,JM,null,A1 - North Coast Highway,Point(-77.599918 18.48409),6
28 may 2025,JM,null,A1 - North Coast Highway,Point(-77.599122 18.484024),5
28 may 2025,JM,Runaway Bay,A1 - North Coast Hwy,Point(-77.334602 18.463253),6
28 may 2025,JM,null,A1 - River Rd,Point(-76.986338 18.070992),5
28 may 2025,JM,null,T1 (W) - East West Hwy,Point(-76.965619 17.97337),7
28 may 2025,JM,null,A1 - Spanish Town Rd,Point(-76.831549 18.004106),5
28 may 2025,JM,Six Miles,A2 (E) - Washington Blvd,Point(-76.841066 18.026189),6
28 may 2025,JM,Broadgate,A3 - Agualta to Broadgate Rd,Point(-76.813188 18.231726),5
28 may 2025,JM,Half Way Tree,A3 - Eastwood Park Rd,Point(-76.799347 18.011348),5
28 may 2025,JM,Cross Roads,A3 - Half Way Tree Rd,Point(-76.788432 17.994641),6
28 may 2025,JM,Temple Hall,A3 - Junction Main Rd,Point(-76.830601 18.126132),5
28 may 2025,JM,Bull Bay,A4 - Harbour View to Bull Bay Rd,Point(-76.664182 17.940973),5
28 may 2025,JM,null,A4 - Muirton to Fair Prospect Rd,Point(-76.321098 18.117042),5
28 may 2025,JM,null,T1 (E) - East West Hwy,Point(-76.942201 17.976436),8
28 may 2025,JM,Bull Bay,A4 - Southern Coastal Highway,Point(-76.662034 17.94139),5
28 may 2025,JM,null,Bernard Lodge Main Rd,Point(-76.934331 17.979805),5
28 may 2025,JM,null,Dyke Rd,Point(-76.862292 17.980564),9
28 may 2025,JM,Spanish Town,Emerald Cl,Point(-76.963558 18.023981),5
28 may 2025,JM,Kingston 6,Hope Rd,Point(-76.770538 18.020912),5
28 may 2025,JM,Twickenham Park,Main Rd,Point(-76.935448 17.997295),5
28 may 2025,JM,null,Marcus Garvey Dr,Point(-76.82418 17.984772),5
28 may 2025,JM,null,T1 (E) - East West Hwy,Point(-76.951908 17.973648),5
28 may 2025,JM,null,Michael Manley Blvd,Point(-76.783163 17.964893),5
28 may 2025,JM,null,T1 (E) - East West Hwy,Point(-77.212821 17.932685),5
28 may 2025,JM,null,T3 - Edward Seaga Highway,Point(-77.032685 18.15573),7
28 may 2025,JM,null,T3 - Edward Seaga Highway,Point(-77.010465 18.091591),5
28 may 2025,JM,null,T3 - Edward Seaga Highway,Point(-77.033385 18.157964),6
28 may 2025,JM,null,T3 - Edward Seaga Highway,Point(-77.044901 18.20616),5
28 may 2025,JM,null,T3 - Edward Seaga Highway,Point(-76.999049 18.076653),5
28 may 2025,JM,Eastwood Park,Westminster Rd,Point(-76.80003 18.021529),5
28 may 2025,JM,Spanish Town,White Church St,Point(-76.953084 17.994352),5
28 may 2025,JM,null,Grange Ln,Point(-76.895957 17.986567),5
28 may 2025,JM,White Water Meadows,White Water Blvd,Point(-76.995251 17.977874),5
28 may 2025,JM,null,A1 (E) - Nelson Mandela Highway,Point(-76.87969 18.021757),7
28 may 2025,JM,null,T3 - Edward Seaga Highway,Point(-77.033276 18.157995),7
28 may 2025,JM,Sandy Bay (Hanover),A1 - Kew Bridge to Great River Rd,Point(-78.080394 18.448905),6
28 may 2025,JM,null,A1 - North Coast Highway,Point(-77.224315 18.446792),8
28 may 2025,JM,null,Braeton Rd,Point(-76.90876 17.951526),5
28 may 2025,JM,null,Camp Rd,Point(-76.779781 17.988169),5
28 may 2025,JM,null,Marcus Garvey Dr,Point(-76.825993 17.986562),9
28 may 2025,JM,null,Braeton Parkway,Point(-76.911777 17.95408),6
28 may 2025,JM,null,Marcus Garvey Dr,Point(-76.8255 17.986043),10
28 may 2025,JM,Liguanea,Munroe Rd,Point(-76.767204 18.017621),6
28 may 2025,JM,null,Passage Fort Dr W,Point(-76.872887 17.981931),8
28 may 2025,JM,Kingston 6,Seaview Ave,Point(-76.774518 18.010403),10
28 may 2025,JM,Kingston 6,Seymour Ave,Point(-76.773945 18.012956),6
28 may 2025,JM,Kingston 6,Seymour Ave,Point(-76.773737 18.014987),10
28 may 2025,JM,null,T2 Kingston - Portmore Toll Rd,Point(-76.838976 17.993348),9
28 may 2025,JM,null,T3 - Edward Seaga Highway,Point(-77.136318 18.328523),5
28 may 2025,JM,null,T3 - Edward Seaga Highway,Point(-77.034088 18.159969),5
28 may 2025,JM,Vineyard Town,Vineyard Rd,Point(-76.774087 17.986181),5
28 may 2025,JM,null,Waltham Park Rd,Point(-76.817026 18.00112),5
28 may 2025,JM,Catherine Hall,West Green Ave,Point(-77.925665 18.461046),5
28 may 2025,JM,null,A1 (W) - Nelson Mandela Highway,Point(-76.896519 18.010111),7
28 may 2025,JM,null,A1 - Linstead Bypass,Point(-77.010951 18.117464),6
28 may 2025,JM,null,A1 - River Rd,Point(-76.993538 18.082912),6
28 may 2025,JM,null,A4 - South Coast Hwy,Point(-76.62457 17.914576),5
28 may 2025,JM,Six Miles,A2 (E) - Washington Blvd,Point(-76.82713 18.025193),5
28 may 2025,JM,null,Arthur Wint Dr,Point(-76.777655 18.001597),6
28 may 2025,JM,null,T3 - Edward Seaga Highway,Point(-77.138285 18.317491),6
28 may 2025,JM,null,T3 - Edward Seaga Highway,Point(-77.123722 18.284225),6
28 may 2025,JM,Portmore,null,Point(-76.894739 17.961581),6
28 may 2025,JM,Arnette Gardents,null,Point(-76.798832 17.991364),5
28 may 2025,JM,null,null,Point(-77.047373 18.192661),7
28 may 2025,JM,null,T3 - Edward Seaga Highway,Point(-77.03213 18.101873),10
28 may 2025,JM,null,Deanery Rd,Point(-76.779534 17.983022),6
28 may 2025,JM,null,A1 (E) - Nelson Mandela Highway,Point(-76.891253 18.013848),8
28 may 2025,JM,null,A1 (W) - Nelson Mandela Highway,Point(-76.904341 18.003877),5
28 may 2025,JM,Unity Hall,A1 - Dr. Aston King Highway,Point(-77.979962 18.451556),7
28 may 2025,JM,null,A1 - Golden Grove to Davis Town Rd,Point(-77.165131 18.365582),8
28 may 2025,JM,null,A1 - Green Island to Negril Rd,Point(-78.334687 18.368478),6
28 may 2025,JM,null,A1 - Kew Bridge to Great River Rd,Point(-77.996389 18.455096),5
28 may 2025,JM,Hopewell,A1 - Kew Bridge to Great River Rd,Point(-78.021351 18.454385),5
28 may 2025,JM,null,A1 - Kew Bridge to Great River Rd,Point(-78.041298 18.452758),6
28 may 2025,JM,Sandy Bay (Hanover),A1 - Kew Bridge to Great River Rd,Point(-78.089794 18.449714),9
28 may 2025,JM,Hopewell,A1 - Kew Bridge to Great River Rd,Point(-78.036481 18.453699),10
28 may 2025,JM,null,A1 - North Coast Highway,Point(-77.88152 18.51515),5
28 may 2025,JM,null,A2 - Bartletts River to Sheffield-Negril,Point(-78.266917 18.251387),9
28 may 2025,JM,Egypt,A2 - Dalling St,Point(-78.176802 18.230011),9
28 may 2025,JM,null,A2 - Old Harbour Rd,Point(-77.059641 17.947628),5
28 may 2025,JM,null,A2 - Old Harbour Rd,Point(-76.988958 17.987592),10
28 may 2025,JM,null,A2 - Old Harbour Rd,Point(-76.972203 17.992167),10
28 may 2025,JM,null,A2 - Old Harbour Rd,Point(-76.975336 17.991205),6
28 may 2025,JM,null,A2 - Scotts Cove to Black River-Luana Rd,Point(-77.924142 18.044203),5
28 may 2025,JM,Temple Hall,A3 - Junction Main Rd,Point(-76.809761 18.09698),7
28 may 2025,JM,null,A1 - North Coast Highway,Point(-77.256821 18.456476),5
28 may 2025,JM,null,A4 - Muirton to Fair Prospect Rd,Point(-76.325168 18.120484),5
28 may 2025,JM,null,A4 - Windward Rd,Point(-76.771771 17.971466),5
28 may 2025,JM,null,B11 - Stewart Town to Rock Rd,Point(-77.61249 18.453344),6
28 may 2025,JM,null,B8 - Anchovy to Shettlewood Rd,Point(-77.933553 18.363585),8
28 may 2025,JM,null,T1 (E) - East West Hwy,Point(-77.063543 17.942848),6
28 may 2025,JM,Shettle Wood,B8 - Shettlewood to Mackfield Rd,Point(-77.946396 18.345559),10
28 may 2025,JM,null,Bernard Lodge Main Rd,Point(-76.921047 17.970252),5
28 may 2025,JM,null,A1 - Walks Rd,Point(-76.974918 18.018419),5
28 may 2025,JM,null,Bernard Lodge Main Rd,Point(-76.904656 17.963493),6
28 may 2025,JM,Heartease (Manchester),Caledonia Road,Point(-77.477687 18.056218),8
28 may 2025,JM,Eastwood Park,Cassia Park Ave,Point(-76.806568 18.021389),7
28 may 2025,JM,Kingston 8,Charlton Ave,Point(-76.792866 18.037829),10
28 may 2025,JM,Constant Spring,Stillwell Rd,Point(-76.796942 18.057544),5
28 may 2025,JM,Kingston,A2 (W) - Washington Blvd,Point(-76.819506 18.025871),6
28 may 2025,JM,Kingston 19,Christopher Blvd,Point(-76.808966 18.040282),5
28 may 2025,JM,Downtown Kingston,Church St,Point(-76.791796 17.970116),5
28 may 2025,JM,"Eltham, Spanish Town",Eltham Parkway Rd,Point(-76.968184 18.016162),6
28 may 2025,JM,Spanish Town,Fairfield Dr,Point(-76.986969 18.012286),8
28 may 2025,JM,Kingston 19,Woodhaven Rd,Point(-76.814518 18.033785),7
28 may 2025,JM,Port Henderson,Fort Augusta Dr,Point(-76.877208 17.951412),6
28 may 2025,JM,Spanish Town,Gordon Blvd,Point(-76.959843 18.006443),10
28 may 2025,JM,null,A1 - North Coast Highway,Point(-77.554955 18.472348),10
28 may 2025,JM,Spanish Town,Gordon Blvd,Point(-76.960064 18.012279),10
28 may 2025,JM,Jones Town,Greenwich Park Rd,Point(-76.79583 17.987214),5
28 may 2025,JM,null,A1 - North Coast Highway,Point(-77.583696 18.47343),7
28 may 2025,JM,Spanish Town,Windsor Rd,Point(-76.957429 17.991589),9
28 may 2025,JM,Gregory Park,Gregory Park Main Road,Point(-76.881779 17.986321),8
28 may 2025,JM,Havendale,Havendale Dr,Point(-76.815036 18.045865),7
28 may 2025,JM,null,Worchester Dr,Point(-76.98263 17.983239),6
28 may 2025,JM,Kingston 10,Kings Ave,Point(-76.803575 18.003433),6
28 may 2025,JM,Kingsland (Manchester),Kingsland Main Rd,Point(-77.547062 18.01009),9
28 may 2025,JM,null,Worchester Dr,Point(-76.983335 17.981401),6
28 may 2025,JM,Stony Hill (St. Andrew),Kingswood Dr,Point(-76.805453 18.071945),5
28 may 2025,JM,null,A2 E - Washington Blvd,Point(-76.813891 18.027467),5
28 may 2025,JM,null,A2 E - Washington Blvd,Point(-76.817904 18.026522),5
28 may 2025,JM,null,A4 - Harbour View to Bull Bay Rd,Point(-76.690231 17.945016),5
28 may 2025,JM,Kingston 5,Beechwood Ave,Point(-76.791912 18.000406),5
28 may 2025,JM,Kingston 10,Hagley Park Rd,Point(-76.813465 18.00674),5
28 may 2025,JM,null,A1 (E) - Nelson Mandela Highway,Point(-76.876583 18.0235),10
28 may 2025,JM,null,A1 (E) - Nelson Mandela Highway,Point(-76.88468 18.018362),8
28 may 2025,JM,null,A1 (W) - Nelson Mandela Highway,Point(-76.868085 18.02563),6
28 may 2025,JM,null,A1 (W) - Nelson Mandela Highway,Point(-76.888628 18.015478),6
28 may 2025,JM,null,A1 (W) - Nelson Mandela Highway,Point(-76.868538 18.025601),7
28 may 2025,JM,Sandy Bay (Hanover),A1 - Kew Bridge to Great River Rd,Point(-78.07823 18.449762),5
28 may 2025,JM,Green Island,A1 - Lucea to Green Island Rd,Point(-78.268825 18.389898),6
28 may 2025,JM,Silkfield,A1 - Moneague to Golden Grove Rd,Point(-77.122639 18.280193),5
28 may 2025,JM,null,A1 - North Coast Highway,Point(-77.598584 18.483888),10
28 may 2025,JM,null,A1 - North Coast Highway,Point(-77.228795 18.449),7
28 may 2025,JM,null,A1 - North Coast Highway,Point(-77.599642 18.484096),10
28 may 2025,JM,null,A1 - North Coast Highway,Point(-77.912885 18.496747),5
28 may 2025,JM,Rose Hall,A1 - North Coast Highway,Point(-77.839333 18.521767),5
28 may 2025,JM,null,A1 - North Coast Highway,Point(-77.223283 18.445993),5
28 may 2025,JM,null,A1 - North Coast Highway,Point(-77.645965 18.472631),6
28 may 2025,JM,Rose Hall,A1 - North Coast Highway,Point(-77.8132 18.519779),6
28 may 2025,JM,null,A1 - North Coast Hwy,Point(-77.385601 18.462242),10
28 may 2025,JM,null,A2 - Old Harbour Rd,Point(-77.003027 17.981964),5
28 may 2025,JM,null,A2 - Winston Jones Hwy,Point(-77.474171 18.068891),8
28 may 2025,JM,null,A2 W - Washington Blvd,Point(-76.817859 18.026373),7
28 may 2025,JM,null,A3 (N) - Constant Spring Rd,Point(-76.796363 18.023452),6
28 may 2025,JM,Cross Roads,A3 - Half Way Tree Rd,Point(-76.788385 17.994548),5
28 may 2025,JM,null,A4 - Sir Florizel Glaspole Blvd,Point(-76.727624 17.958499),5
28 may 2025,JM,null,A4 - South Coast Hwy,Point(-76.625333 17.910397),10
28 may 2025,JM,Mandeville,Brumalia Rd,Point(-77.513316 18.046372),9
28 may 2025,JM,null,Dyke Rd,Point(-76.864408 17.984257),10
28 may 2025,JM,null,Grange Ln,Point(-76.921699 17.983325),5
28 may 2025,JM,Gutters (St. Elizabeth),Gutters Main Rd,Point(-77.592808 18.016268),9
28 may 2025,JM,Kingston 10,Hagley Park Rd,Point(-76.800241 18.009588),5
28 may 2025,JM,Hatfield (Manchester),Hatfield Main Rd,Point(-77.536517 18.030507),9
28 may 2025,JM,null,Lakes Pen Rd,Point(-76.895427 18.004878),6
28 may 2025,JM,null,Marcus Garvey Dr,Point(-76.803988 17.968077),7
28 may 2025,JM,null,A1 - North Coast Highway,Point(-77.220243 18.443595),6
28 may 2025,JM,null,Michael Manley Blvd,Point(-76.769575 17.966967),9
28 may 2025,JM,null,Municipal Blvd,Point(-76.894917 18.008618),5
28 may 2025,JM,Downtown Kingston,Ocean Blvd,Point(-76.792265 17.963757),10
28 may 2025,JM,Kingston 8,Olivier Rd,Point(-76.786023 18.043132),5
28 may 2025,JM,Downtown Kingston,Port Royal St,Point(-76.799548 17.966179),5
28 may 2025,JM,null,St. John's Rd,Point(-76.982999 18.003459),6
28 may 2025,JM,null,T1 (E) - East West Hwy,Point(-77.225697 17.935716),5
28 may 2025,JM,null,T1 (E) - East West Hwy,Point(-77.073784 17.939796),6
28 may 2025,JM,null,T1 (E) - East West Hwy,Point(-77.017142 17.961321),6
28 may 2025,JM,null,T1 (E) - East West Hwy,Point(-77.360196 17.964771),5
28 may 2025,JM,null,T1 (E) - East West Hwy,Point(-76.958468 17.973463),8
28 may 2025,JM,null,T1 (E) - East West Hwy,Point(-76.896591 17.997947),6
28 may 2025,JM,null,T1 (W) - East West Hwy,Point(-77.433566 18.034737),7
28 may 2025,JM,null,T1 (W) - East West Hwy,Point(-76.893631 18.009977),6
28 may 2025,JM,null,T1 (W) - East West Hwy,Point(-76.897675 17.995161),8
28 may 2025,JM,null,T1 (W) - East West Hwy,Point(-77.022321 17.958579),7
28 may 2025,JM,null,T1 (W) - East West Hwy,Point(-77.011212 17.964263),6
28 may 2025,JM,null,T1 (W) - East West Hwy,Point(-76.928144 17.979529),10
28 may 2025,JM,null,T1 (W) - East West Hwy,Point(-77.277482 17.962594),10
28 may 2025,JM,null,T1 (W) - East West Hwy,Point(-76.902404 17.989151),6
28 may 2025,JM,null,T1 (W) - East West Hwy,Point(-77.406775 18.005991),7
28 may 2025,JM,null,T1 (W) - East West Hwy,Point(-76.896267 17.998557),5
28 may 2025,JM,null,T2 Kingston - Portmore Toll Rd,Point(-76.841901 17.975637),6
28 may 2025,JM,null,T2 Kingston - Portmore Toll Rd,Point(-76.841916 17.98452),8
28 may 2025,JM,null,T2 Kingston - Portmore Toll Rd,Point(-76.842484 17.987678),10
28 may 2025,JM,null,T3 - Edward Seaga Highway,Point(-77.033038 18.157249),10
28 may 2025,JM,null,T3 - Edward Seaga Highway,Point(-77.032526 18.155),10
28 may 2025,JM,null,T3 - Edward Seaga Highway,Point(-77.157363 18.42142),5
28 may 2025,JM,null,T3 - Edward Seaga Highway,Point(-77.036772 18.165515),8
28 may 2025,JM,null,T3 - Edward Seaga Highway,Point(-77.138521 18.329435),8
28 may 2025,JM,null,T3 - Edward Seaga Highway,Point(-77.032299 18.153265),10
28 may 2025,JM,null,T3 - Edward Seaga Highway,Point(-76.912622 18.015803),5
28 may 2025,JM,null,Stoney Hill to Parks Road Rd,Point(-76.822953 18.090079),6
28 may 2025,JM,null,T3 - Edward Seaga Highway,Point(-77.040684 18.132536),8
28 may 2025,JM,null,T3 - Edward Seaga Highway,Point(-77.032806 18.156291),10
28 may 2025,JM,null,T3 - Edward Seaga Highway,Point(-77.035002 18.145063),8
28 may 2025,JM,null,T3 - Edward Seaga Highway,Point(-77.086269 18.23124),8
28 may 2025,JM,null,T3 - Edward Seaga Highway,Point(-77.019096 18.099418),9
28 may 2025,JM,null,T3 - Edward Seaga Highway,Point(-77.016562 18.098859),6
28 may 2025,JM,null,T3 - Edward Seaga Highway,Point(-77.038996 18.189235),5
28 may 2025,JM,null,T3 - Edward Seaga Highway,Point(-77.010669 18.096901),9
28 may 2025,JM,null,T3 - Edward Seaga Highway,Point(-77.032695 18.155779),10
28 may 2025,JM,null,T3 - Edward Seaga Highway,Point(-77.039003 18.18852),9
28 may 2025,JM,null,T3 - Edward Seaga Highway,Point(-76.93519 18.027243),5
28 may 2025,JM,null,T3 - Edward Seaga Highway,Point(-76.989646 18.061195),6
28 may 2025,JM,null,T3 - Edward Seaga Highway,Point(-77.15861 18.386587),5
28 may 2025,JM,null,T3 - Edward Seaga Highway,Point(-76.99063 18.062297),6
28 may 2025,JM,null,T3 - Edward Seaga Highway,Point(-76.983697 18.052165),10
28 may 2025,JM,null,T3 - Edward Seaga Highway,Point(-77.004611 18.079872),6
28 may 2025,JM,null,T3 - Edward Seaga Highway,Point(-77.035105 18.144896),10
28 may 2025,JM,null,T3 - Edward Seaga Highway,Point(-77.001122 18.080051),5
28 may 2025,JM,null,T3 - Edward Seaga Highway,Point(-77.016964 18.098966),6
28 may 2025,JM,null,T3 - Edward Seaga Highway,Point(-77.158752 18.411354),9
28 may 2025,JM,null,T3 - Edward Seaga Highway,Point(-77.010846 18.096898),9
28 may 2025,JM,null,T3 - Edward Seaga Highway,Point(-77.044195 18.205327),8
28 may 2025,JM,null,T3 - Edward Seaga Highway,Point(-77.085981 18.230828),10
28 may 2025,JM,null,to T3 (S),Point(-76.969987 18.038708),6
28 may 2025,JM,Montego Bay,A1 - Jimmy Cliff Blvd,Point(-77.928468 18.487044),5
28 may 2025,JM,null,A1 - Spanish Town Rd,Point(-76.844296 18.015672),5
28 may 2025,JM,null,A2 (W) - Melrose Hill Byp,Point(-77.441431 18.051695),5
28 may 2025,JM,null,A2 - Winston Jones Hwy,Point(-77.472637 18.068576),5
28 may 2025,JM,null,T3 - Edward Seaga Highway,Point(-76.992227 18.064105),6
28 may 2025,JM,null,Grange Ln,Point(-76.906035 17.986702),5
28 may 2025,JM,null,T3 - Edward Seaga Highway,Point(-77.023107 18.099516),5
28 may 2025,JM,null,T3 - Edward Seaga Highway,Point(-77.040255 18.123614),5
28 may 2025,JM,null,A1 (W) - Nelson Mandela Highway,Point(-76.877712 18.022714),5
28 may 2025,JM,null,A1 (W) - Nelson Mandela Highway,Point(-76.859807 18.025832),5
28 may 2025,JM,Hopewell,A1 - Kew Bridge to Great River Rd,Point(-78.011578 18.45642),5
28 may 2025,JM,null,A1 - North Coast Highway,Point(-77.878146 18.516239),5
28 may 2025,JM,null,A1 - Spanish Town Rd > Three Miles,Point(-76.848598 18.019628),5
28 may 2025,JM,Montego Bay,A1 - Sunset Blvd,Point(-77.922327 18.492031),5
28 may 2025,JM,null,A2 - Greenvale Rd,Point(-77.53036 18.039107),5
28 may 2025,JM,null,A2 - Old Harbour Rd,Point(-77.100733 17.940432),5
28 may 2025,JM,Half Way Tree,A3 - Constant Spring Rd,Point(-76.797569 18.014177),6
28 may 2025,JM,Montego Bay,Barnett St,Point(-77.915472 18.465385),5
28 may 2025,JM,Constant Spring,Cassava Piece Rd,Point(-76.797348 18.045557),5
28 may 2025,JM,Millsborough,Dillsbury Ave,Point(-76.771637 18.031716),6
28 may 2025,JM,Millsborough,Dillsbury Ave,Point(-76.771758 18.031712),5
28 may 2025,JM,Kingston 8,Innswood Dr,Point(-76.796763 18.066589),5
28 may 2025,JM,Kingston 10,Lady Musgrave Rd,Point(-76.779909 18.004521),5
28 may 2025,JM,Kingston 10,Lady Musgrave Rd,Point(-76.779659 18.004945),5
28 may 2025,JM,Kingston 10,Lady Musgrave Rd,Point(-76.779303 18.005587),5
28 may 2025,JM,Kingston 6,Latham Ave,Point(-76.774907 18.005779),5
28 may 2025,JM,Bogue Industrial Estate,Maffessanti Drive,Point(-77.920778 18.45033),6
28 may 2025,JM,null,Marcus Garvey Dr,Point(-76.826821 17.988254),5
28 may 2025,JM,null,Marcus Garvey Dr,Point(-76.824054 17.984667),6
28 may 2025,JM,Falmouth,Market St,Point(-77.656583 18.483356),5
28 may 2025,JM,null,Molynes Rd,Point(-76.809051 18.017167),5
28 may 2025,JM,null,Molynes Rd,Point(-76.801794 18.012777),5
28 may 2025,JM,Kingston 6,Montrose Rd,Point(-76.776145 18.012691),5
28 may 2025,JM,Mount Salem,Mount Salem Rd,Point(-77.914004 18.467675),5
28 may 2025,JM,Kingston 3,Mountain View Ave,Point(-76.765821 17.990896),5
28 may 2025,JM,null,Municipal Blvd,Point(-76.895097 18.001406),5
28 may 2025,JM,Kingston 10,Musgrave Ave,Point(-76.780331 18.010312),5
28 may 2025,JM,Montego Bay,Queens Dr,Point(-77.922404 18.490153),5
28 may 2025,JM,Olympic Gardens,Seaward Dr,Point(-76.821551 18.019814),5
28 may 2025,JM,Half Way Tree,South Odeon Ave,Point(-76.799208 18.011446),5
28 may 2025,JM,null,St. John's Rd,Point(-76.998963 18.006444),5
28 may 2025,JM,Tucker,Tucker Main Rd,Point(-77.899922 18.451889),5
28 may 2025,JM,null,Upper Elleston Rd,Point(-76.778816 17.973518),5
28 may 2025,JM,Mandeville,Ward Ave,Point(-77.5158 18.039417),5
28 may 2025,JM,Kingston 10,Waterloo Rd,Point(-76.79181 18.01911),5
28 may 2025,JM,New Kingston,Worthington Ave,Point(-76.782218 18.00606),6
28 may 2025,JM,null,A1 - Spanish Town Rd,Point(-76.845732 18.016909),5
28 may 2025,JM,null,A3 (S) - Constant Spring Rd,Point(-76.796322 18.023661),6
28 may 2025,JM,Barbican,Barbican Rd,Point(-76.78012 18.032144),5
28 may 2025,JM,New Kingston,Emmanuelle Rd,Point(-76.782819 18.008264),5
28 may 2025,JM,Spanish Town,Fairfield Rd,Point(-76.986609 18.006632),5
28 may 2025,JM,Kingston 10,Fairway Ave,Point(-76.775085 18.00883),5
28 may 2025,JM,Kingston 10,Kingsway,Point(-76.789948 18.021068),5
28 may 2025,JM,Kingston 10,Kingsway,Point(-76.789844 18.017882),5
28 may 2025,JM,Kingston 10,Kingsway,Point(-76.789973 18.019362),5
28 may 2025,JM,null,Marcus Garvey Dr,Point(-76.828478 17.994184),5
28 may 2025,JM,Kingston 5,Old Hope Rd,Point(-76.779455 18.003234),5
28 may 2025,JM,null,Old Hope Rd,Point(-76.770887 18.016984),5
28 may 2025,JM,null,Red Hills Rd,Point(-76.805073 18.025666),6
28 may 2025,JM,Havendale,Roehampton Cl,Point(-76.805455 18.042176),5
28 may 2025,JM,null,Salt Pond Rd,Point(-76.945318 17.980862),5
28 may 2025,JM,null,> Three Miles,Point(-76.828441 17.990901),5
28 may 2025,JM,null,A1 (W) - Nelson Mandela Highway,Point(-76.885123 18.017856),5
28 may 2025,JM,null,A1 (W) - Nelson Mandela Highway,Point(-76.876493 18.023342),5
28 may 2025,JM,null,A1 (W) - Nelson Mandela Highway,Point(-76.892848 18.012636),5
28 may 2025,JM,null,A1 - Dr. Aston King Highway,Point(-77.950449 18.445079),5
28 may 2025,JM,null,A1 - Kew Bridge to Great River Rd,Point(-78.040406 18.452928),5
28 may 2025,JM,Rose Hall,A1 - North Coast Highway,Point(-77.841605 18.521508),5
28 may 2025,JM,null,A1 - North Coast Highway,Point(-77.777526 18.516094),6
28 may 2025,JM,null,A1 - Spanish Town By-pass Rd,Point(-76.967265 17.995571),5
28 may 2025,JM,null,A1 - Spanish Town Rd,Point(-76.828471 18.001288),5
28 may 2025,JM,null,A1 - Spanish Town Rd,Point(-76.854786 18.025182),5
28 may 2025,JM,null,A1 - Spanish Town Rd,Point(-76.847276 18.01829),5
28 may 2025,JM,null,A1 - Spanish Town Rd,Point(-76.852774 18.023435),5
28 may 2025,JM,null,A1 - Spanish Town Rd,Point(-76.841044 18.01262),5
28 may 2025,JM,null,A2 - Winston Jones Hwy,Point(-77.468932 18.068838),5
28 may 2025,JM,Half Way Tree,A3 - Constant Spring Rd,Point(-76.796562 18.016653),5
28 may 2025,JM,Kingston 10,A3 - Maxfield Ave,Point(-76.800353 18.006084),9
28 may 2025,JM,null,Braeton Rd,Point(-76.893484 17.957269),5
28 may 2025,JM,Williamsfield,Caledonia Rd,Point(-77.468347 18.067887),5
28 may 2025,JM,Eastwood Park,Courtney Walsh Dr,Point(-76.800932 18.015706),5
28 may 2025,JM,Portmore,Dawkins Dr,Point(-76.869433 17.970156),5
28 may 2025,JM,Kingston 10,Dukharan Ave,Point(-76.801901 18.028322),5
28 may 2025,JM,null,Grants Pen Rd,Point(-76.794462 18.033178),5
28 may 2025,JM,null,Hagley Park Rd,Point(-76.81996 18.001682),6
28 may 2025,JM,Kingston 10,Hagley Park Rd,Point(-76.803076 18.009446),5
28 may 2025,JM,null,Hagley Park Rd,Point(-76.819423 18.002081),5
28 may 2025,JM,Downtown Kingston,Harbour St,Point(-76.794535 17.966262),5
28 may 2025,JM,Kingston 10,Lady Musgrave Rd,Point(-76.778974 18.006884),5
28 may 2025,JM,Kingston 10,Lyndhurst Rd,Point(-76.800951 18.000555),5
28 may 2025,JM,"March Pen, Spanish Town",March Pen Rd,Point(-76.954742 17.987454),5
28 may 2025,JM,null,Marcus Garvey Dr,Point(-76.820937 17.982085),10
28 may 2025,JM,null,Marcus Garvey Dr,Point(-76.825854 17.986173),5
28 may 2025,JM,null,Michael Manley Blvd,Point(-76.752522 17.969253),5
28 may 2025,JM,Kingston 6,Montrose Rd,Point(-76.77731 18.01293),6
28 may 2025,JM,Kingston 10,Musgrave Ave,Point(-76.781021 18.00859),5
28 may 2025,JM,Kingston 5,Old Hope Rd,Point(-76.784059 17.998669),5
28 may 2025,JM,New Kingston,Oval Rd,Point(-76.783189 18.00632),5
28 may 2025,JM,New Kingston,Oxford Rd,Point(-76.789141 18.001852),5
28 may 2025,JM,Patrick City,Patrick Dr,Point(-76.837456 18.026647),5
28 may 2025,JM,Kingston 20,Red Hills Blvd,Point(-76.812264 18.03391),5
28 may 2025,JM,null,Red Hills Rd,Point(-76.804949 18.025398),5
28 may 2025,JM,null,Red Hills Rd,Point(-76.805998 18.029843),5
28 may 2025,JM,Havendale,Roehampton Cl,Point(-76.803122 18.044141),5
28 may 2025,JM,Sydenham,Seaton Blvd,Point(-76.992088 17.985235),5
28 may 2025,JM,Half Way Tree,South Odeon Ave,Point(-76.798523 18.011958),5
28 may 2025,JM,null,St. John's Rd,Point(-76.989262 18.005515),5
28 may 2025,JM,null,T3 - Edward Seaga Highway,Point(-76.930231 18.026649),5
28 may 2025,JM,null,Municipal Blvd,Point(-76.894913 18.008835),6
28 may 2025,JM,Junction (St. Elizabeth),null,Point(-77.608824 17.905429),5
28 may 2025,JM,Newport West,2nd St,Point(-76.826718 17.984922),6
28 may 2025,JM,null,A1 - North Coast Highway,Point(-77.487543 18.47606),5
28 may 2025,JM,null,A1 - North Coast Highway,Point(-77.600362 18.484031),5
28 may 2025,JM,null,A1 - River Rd,Point(-76.986432 18.071144),5
28 may 2025,JM,null,A4 - Southern Coastal Highway,Point(-76.654802 17.935719),5
28 may 2025,JM,Spanish Town,Windsor Rd,Point(-76.957252 17.99195),5
28 may 2025,JM,null,Bernard Lodge Main Rd,Point(-76.936033 17.983298),5
28 may 2025,JM,Spanish Town,Job Ln,Point(-76.977182 18.00975),6
28 may 2025,JM,New Kingston,Knutsford Blvd,Point(-76.785441 18.009241),8
28 may 2025,JM,null,Mount Salus Rd,Point(-76.826771 18.063455),5
28 may 2025,JM,null,T1 (W) - East West Hwy,Point(-76.929233 17.97894),6
28 may 2025,JM,null,T3 - Edward Seaga Highway,Point(-77.039314 18.137905),6
28 may 2025,JM,null,T3 - Edward Seaga Highway,Point(-77.159076 18.411334),5
28 may 2025,JM,null,T3 - Edward Seaga Highway,Point(-77.097309 18.244234),5
28 may 2025,JM,null,T3 - Edward Seaga Highway,Point(-76.99112 18.062652),6
28 may 2025,JM,null,T3 - Edward Seaga Highway,Point(-76.989075 18.060647),6
28 may 2025,JM,Spur Tree,A2 - Spur Tree Rd,Point(-77.573723 18.003693),5
28 may 2025,JM,Tower Isle,A3 - Oracabessa to White River Rd,Point(-77.041496 18.420957),7
28 may 2025,JM,Mount Carey,B8 - Anchovy to Shettlewood Rd,Point(-77.934153 18.38749),5
28 may 2025,JM,null,A4 - White Horses to Rozelle Rd,Point(-76.465113 17.872551),5
28 may 2025,JM,Mount Carey,B8 - Anchovy to Shettlewood Rd,Point(-77.934157 18.386264),5
28 may 2025,JM,Liguanea,Munroe Rd,Point(-76.765509 18.019524),6
28 may 2025,JM,Rio Mango,Pear Tree Grove to Riversdale Rd,Point(-76.968547 18.207663),5
28 may 2025,JM,null,A1 - North Coast Highway,Point(-77.903208 18.503024),8
28 may 2025,JM,Downtown Kingston,Harbour St,Point(-76.785929 17.965587),5
28 may 2025,JM,null,T1 (W) - East West Hwy,Point(-77.340959 17.958169),6
28 may 2025,JM,Horizon Park (St. Catherine),null,Point(-76.97655 17.987246),5
28 may 2025,JM,null,null,Point(-76.850458 18.10868),6
28 may 2025,JM,Central Village,A1 (W) - Nelson Mandela Highway,Point(-76.923757 17.997078),5
28 may 2025,JM,Unity Hall,A1 - Dr. Aston King Highway,Point(-77.978767 18.451651),7
28 may 2025,JM,null,A1 (W) - Nelson Mandela Highway,Point(-76.914081 17.996509),6
28 may 2025,JM,Hopewell,A1 - Kew Bridge to Great River Rd,Point(-78.020775 18.454615),8
28 may 2025,JM,null,A1 - Kew Bridge to Great River Rd,Point(-78.071617 18.451378),6
28 may 2025,JM,null,A1 - Kew Bridge to Great River Rd,Point(-78.130056 18.458549),7
28 may 2025,JM,null,A1 - Kew Bridge to Great River Rd,Point(-78.10475 18.449297),9
28 may 2025,JM,null,A1 - Moneague to Mount Diablo Rd,Point(-77.118071 18.257533),5
28 may 2025,JM,Kingston 6,Hope Rd,Point(-76.77039 18.020887),5
28 may 2025,JM,null,A1 - North Coast Highway,Point(-77.690633 18.489447),5
28 may 2025,JM,Vineyard Town,Deanery Rd,Point(-76.771675 17.984882),5
28 may 2025,JM,null,null,Point(-77.050475 18.192432),5
28 may 2025,JM,null,A1 - Spanish Town Rd,Point(-76.829473 18.002209),10
28 may 2025,JM,null,A1 - Spanish Town Rd,Point(-76.822733 17.995731),6
28 may 2025,JM,null,T2 Kingston - Portmore Toll Rd,Point(-76.842506 17.988389),10
28 may 2025,JM,null,A1 - Spanish Town Rd,Point(-76.811616 17.986051),10
28 may 2025,JM,null,A2 - Bartletts River to Sheffield-Negril,Point(-78.304799 18.275734),8
28 may 2025,JM,Kingston 6,Seymour Ave,Point(-76.774151 18.01228),10
28 may 2025,JM,Egypt,A2 - Dalling St,Point(-78.172646 18.22899),6
28 may 2025,JM,null,A2 - Bartletts River to Sheffield-Negril Rd,Point(-78.32015 18.271904),6
28 may 2025,JM,Grants Pen (Kingston),Markland Dr,Point(-76.787168 18.034968),5
28 may 2025,JM,null,Marcus Garvey Dr,Point(-76.825422 17.985978),8
28 may 2025,JM,null,A2 - Old Harbour Rd,Point(-77.03763 17.960462),10
28 may 2025,JM,Middle Quarters,A2 - Luana to Tombstone Rd,Point(-77.82551 18.105301),7
28 may 2025,JM,null,A2 - Old Harbour Rd,Point(-77.007422 17.978493),10
28 may 2025,JM,Amity Hall (St. Catherine),A2 - Old Harbour Rd,Point(-77.047035 17.955728),6
28 may 2025,JM,null,A4 - Grants Pen to Albion Rd,Point(-76.617125 17.900824),5
28 may 2025,JM,null,A2 - Old Harbour Rd,Point(-76.968437 17.993177),8
28 may 2025,JM,null,A2 - Old Harbour Rd,Point(-77.035379 17.962137),7
28 may 2025,JM,Kingston,A2 (W) - Washington Blvd,Point(-76.824392 18.025078),5
28 may 2025,JM,null,A2 - Old Harbour Rd,Point(-76.976726 17.991018),10
28 may 2025,JM,null,A2 - Old Harbour Rd,Point(-76.98716 17.987996),9
28 may 2025,JM,Riverton City,Westmoreland Ave,Point(-76.85044 18.020966),5
28 may 2025,JM,null,A2 - Old Harbour Rd,Point(-76.970906 17.992562),10
28 may 2025,JM,Santa Cruz,A2 - Santa Cruz Main St,Point(-77.702704 18.054564),6
28 may 2025,JM,null,T3 - Edward Seaga Highway,Point(-77.047257 18.206993),5
28 may 2025,JM,Temple Hall,A3 - Junction Main Rd,Point(-76.816189 18.101245),9
28 may 2025,JM,null,A4 - Harbour View to Bull Bay Rd,Point(-76.695145 17.946632),10
28 may 2025,JM,Waltham Gardens,Aloe Rd,Point(-76.821316 18.013629),10
28 may 2025,JM,null,T3 - Edward Seaga Highway,Point(-76.933905 18.02711),5
28 may 2025,JM,null,B2 - Bog Walk to Natural Bridge Rd,Point(-76.984533 18.132535),5
28 may 2025,JM,null,T1 (E) - East West Hwy,Point(-76.998162 17.971004),6
28 may 2025,JM,null,B8 - Anchovy to Shettlewood Rd,Point(-77.941112 18.349904),6
28 may 2025,JM,null,B7,Point(-77.945276 18.343468),10
28 may 2025,JM,null,B8 - Anchovy to Shettlewood Rd,Point(-77.93341 18.378618),5
28 may 2025,JM,null,T3 - Edward Seaga Highway,Point(-77.137957 18.314468),5
28 may 2025,JM,Kingston 8,Mannings Hill Rd,Point(-76.799412 18.041178),5
28 may 2025,JM,null,B8 - Anchovy to Shettlewood Rd,Point(-77.937502 18.4048),9
28 may 2025,JM,Anchovy,B8 - Anchovy to Shettlewood Rd,Point(-77.934005 18.409388),10
28 may 2025,JM,Ramble (Hanover),B8 - Shettlewood to Mackfield Rd,Point(-78.002597 18.327382),5
28 may 2025,JM,Spanish Town,Windsor Rd,Point(-76.959498 17.98909),8
28 may 2025,JM,Kingston 8,Barbican Rd,Point(-76.786044 18.03045),9
28 may 2025,JM,Cockburn Gardens,Mahoe Dr,Point(-76.822678 17.999894),8
28 may 2025,JM,Lakes Pen,Lakes Pen Main Rd,Point(-76.924869 17.984397),10
28 may 2025,JM,Bull Bay,A4 - Southern Coastal Highway,Point(-76.663082 17.941174),5
28 may 2025,JM,null,Bernard Lodge Main Rd,Point(-76.907211 17.963582),7
28 may 2025,JM,Olympic Gardens,Lorraine Ave,Point(-76.819201 18.019673),7
28 may 2025,JM,null,Bernard Lodge Main Rd,Point(-76.924548 17.972578),10
28 may 2025,JM,null,> Spanish Town,Point(-76.964123 17.974498),7
28 may 2025,JM,null,Braeton Rd,Point(-76.908711 17.951547),10
28 may 2025,JM,null,A1 - North Coast Highway,Point(-77.619046 18.48297),6
28 may 2025,JM,null,A1 - North Coast Highway,Point(-77.718088 18.506515),5
28 may 2025,JM,null,A1 - North Coast Highway,Point(-77.640124 18.475393),10
28 may 2025,JM,Hope Pastures,Edgecombe Ave,Point(-76.761942 18.026186),5
28 may 2025,JM,null,A1 - North Coast Highway,Point(-77.292254 18.465658),5
28 may 2025,JM,null,A1 - North Coast Highway,Point(-77.192509 18.431875),10
28 may 2025,JM,Queen Hill,Catherine Dr,Point(-76.826784 18.040954),5
28 may 2025,JM,null,A1 - North Coast Highway,Point(-77.505229 18.464415),8
28 may 2025,JM,null,A1 - North Coast Hwy,Point(-77.363685 18.46142),10
28 may 2025,JM,Three Miles,A1 - Three Mile Overpass,Point(-76.825304 17.998151),5
28 may 2025,JM,Kingston 19,Christopher Blvd,Point(-76.808992 18.040441),5
28 may 2025,JM,null,A2 (W) - Melrose Hill Byp,Point(-77.448854 18.058168),5
28 may 2025,JM,Amity Hall (St. Catherine),A2 - Old Harbour Rd,Point(-77.044536 17.957091),5
28 may 2025,JM,null,A2 - Old Harbour Rd,Point(-77.017057 17.973422),5
28 may 2025,JM,null,A2 - Winston Jones Hwy,Point(-77.473534 18.06876),9
28 may 2025,JM,null,A2 - Winston Jones Hwy,Point(-77.475077 18.069077),5
28 may 2025,JM,null,A4 - Sir Florizel Glaspole Blvd,Point(-76.75079 17.969275),9
28 may 2025,JM,Norman Manley Int'l. Airport,Airport Rd,Point(-76.772752 17.939031),5
28 may 2025,JM,Cockburn Gardens,Cockburn Ave,Point(-76.826183 18.000781),5
28 may 2025,JM,null,Camp Rd,Point(-76.782195 17.991085),5
28 may 2025,JM,null,Dyke Rd,Point(-76.865155 17.985554),6
28 may 2025,JM,Spanish Town,Gordon Blvd,Point(-76.959445 18.023001),6
28 may 2025,JM,null,Grange Ln,Point(-76.922578 17.983373),5
28 may 2025,JM,Montego Bay,Jarrett Terr,Point(-77.913531 18.467332),5
28 may 2025,JM,null,Marcus Garvey Dr,Point(-76.826122 17.986461),8
28 may 2025,JM,null,Grange Ln,Point(-76.923487 17.98391),5
28 may 2025,JM,null,Michael Manley Blvd,Point(-76.765993 17.967402),6
28 may 2025,JM,Greater Portmore,NW 6th St,Point(-76.914869 17.946796),6
28 may 2025,JM,Downtown Kingston,Port Royal St,Point(-76.787455 17.964748),5
28 may 2025,JM,null,T1 (E) - East West Hwy,Point(-76.925253 17.982391),7
28 may 2025,JM,null,T1 (E) - East West Hwy,Point(-77.431414 18.033221),5
28 may 2025,JM,null,T1 (E) - East West Hwy,Point(-76.98304 17.973462),5
28 may 2025,JM,Gutters (St. Elizabeth),Gutters Main Rd,Point(-77.589269 18.012621),10
28 may 2025,JM,null,T1 (W) - East West Hwy,Point(-77.430923 18.032717),5
28 may 2025,JM,null,T1 (W) - East West Hwy,Point(-76.937976 17.976906),10
28 may 2025,JM,null,T1 (W) - East West Hwy,Point(-77.377983 17.974614),6
28 may 2025,JM,null,T1 - East West Hwy,Point(-77.079127 17.938813),6
28 may 2025,JM,null,T2 Kingston - Portmore Toll Rd,Point(-76.848906 17.969951),7
28 may 2025,JM,null,T2 Kingston - Portmore Toll Rd,Point(-76.845844 17.971476),8
28 may 2025,JM,null,T2 Kingston - Portmore Toll Rd,Point(-76.842454 17.988898),5
28 may 2025,JM,null,T3 - Edward Seaga Highway,Point(-77.032382 18.149727),10
28 may 2025,JM,null,T3 - Edward Seaga Highway,Point(-77.00938 18.084039),9
28 may 2025,JM,null,T3 - Edward Seaga Highway,Point(-77.032461 18.154003),7
28 may 2025,JM,null,T3 - Edward Seaga Highway,Point(-76.966445 18.035179),9
28 may 2025,JM,null,T3 - Edward Seaga Highway,Point(-77.01018 18.08438),6
28 may 2025,JM,null,T3 - Edward Seaga Highway,Point(-77.024668 18.100053),10
28 may 2025,JM,null,T3 - Edward Seaga Highway,Point(-76.984484 18.053046),5
28 may 2025,JM,Kingston 6,Hope Rd,Point(-76.770457 18.020898),10
28 may 2025,JM,null,T3 - Edward Seaga Highway,Point(-77.145015 18.337428),9
28 may 2025,JM,null,T3 - Edward Seaga Highway,Point(-77.137887 18.313895),6
28 may 2025,JM,null,Marcus Garvey Dr,Point(-76.825808 17.986328),9
28 may 2025,JM,null,T3 - Edward Seaga Highway,Point(-77.043821 18.204951),10
28 may 2025,JM,null,T3 - Edward Seaga Highway,Point(-77.036955 18.141898),10
28 may 2025,JM,null,T3 - Edward Seaga Highway,Point(-77.039988 18.136619),7
28 may 2025,JM,null,Maxfield Ave,Point(-76.803267 18.000829),10
28 may 2025,JM,null,T3 - Edward Seaga Highway,Point(-77.026967 18.100642),7
28 may 2025,JM,null,T3 - Edward Seaga Highway,Point(-77.033482 18.158292),9
28 may 2025,JM,null,T3 - Edward Seaga Highway,Point(-77.138495 18.310989),5
28 may 2025,JM,null,T3 - Edward Seaga Highway,Point(-77.116148 18.257567),10
28 may 2025,JM,Three Miles,Three Mile Overpass,Point(-76.826484 17.996647),10
28 may 2025,JM,Kingston 10,Upper Waterloo Rd,Point(-76.791822 18.024211),5
28 may 2025,JM,Portmore,Municipal Blvd,Point(-76.902126 17.962887),10
28 may 2025,JM,Portmore,Municipal Blvd,Point(-76.902107 17.962818),10
28 may 2025,JM,null,Worchester Dr,Point(-76.974155 17.991007),10
28 may 2025,JM,null,T3 - Edward Seaga Highway,Point(-77.038086 18.108221),7
28 may 2025,JM,Epsom (Greater Portmore),NW 2nd Avenue,Point(-76.914918 17.946427),7
28 may 2025,JM,null,Strathbogie Rd,Point(-78.115897 18.241633),5
28 may 2025,JM,null,T3 - Edward Seaga Highway,Point(-77.140193 18.3042),5
28 may 2025,JM,null,T3 - Edward Seaga Highway,Point(-77.013738 18.097976),6
28 may 2025,JM,Havendale,Oregon Dr,Point(-76.812873 18.04722),10
28 may 2025,JM,Montego Bay,A1 - Alice Eldemire Dr,Point(-77.922486 18.454235),5
28 may 2025,JM,Montego Bay,A1 - Jimmy Cliff Blvd,Point(-77.926986 18.478531),5
28 may 2025,JM,Montego Bay,A1 - Jimmy Cliff Blvd,Point(-77.928067 18.479143),5
28 may 2025,JM,null,A1 - North Coast Highway,Point(-77.77414 18.515144),5
28 may 2025,JM,null,A1 - Spanish Town Rd,Point(-76.838317 18.010137),5
28 may 2025,JM,null,A1 - Spanish Town Rd,Point(-76.839355 18.011269),5
28 may 2025,JM,Hampshire,Pear Tree Grove to Riversdale Rd,Point(-76.962956 18.173993),5
28 may 2025,JM,Downtown Kingston,Port Royal St,Point(-76.792747 17.965639),5
28 may 2025,JM,Kingston,A2 (W) - Washington Blvd,Point(-76.84066 18.026064),5
28 may 2025,JM,null,A2 - Greenvale Rd,Point(-77.530855 18.038658),5
28 may 2025,JM,Horizon Park (St. Catherine),Queens Ave,Point(-76.976842 17.987453),5
28 may 2025,JM,null,A2 - Old Harbour Rd,Point(-76.980058 17.990446),5
28 may 2025,JM,null,A2 E - Washington Blvd,Point(-76.804799 18.026626),5
28 may 2025,JM,Kingston 10,A3 - Half Way Tree Rd,Point(-76.79619 18.007731),6
28 may 2025,JM,null,Race Course to Parnassus Rd,Point(-77.282294 17.884147),6
28 may 2025,JM,Barbican,Barbican Road,Point(-76.781857 18.031909),6
28 may 2025,JM,Portmore,Bridgeport Rd,Point(-76.878571 17.962761),5
28 may 2025,JM,Mandeville,Greenvale Rd,Point(-77.512169 18.036269),5
28 may 2025,JM,Kingston 10,Lady Musgrave Rd,Point(-76.77919 18.005853),5
28 may 2025,JM,Kingston 10,Lady Musgrave Rd,Point(-76.780262 18.003931),5
28 may 2025,JM,Twickenham Park,Main Rd,Point(-76.931221 17.997554),5
28 may 2025,JM,null,Salt Pond Rd,Point(-76.945816 17.981835),5
28 may 2025,JM,null,Salt Pond Rd,Point(-76.944071 17.978479),10
28 may 2025,JM,null,Marcus Garvey Dr,Point(-76.827902 17.990224),5
28 may 2025,JM,null,Old Hope Rd,Point(-76.764329 18.019317),5
28 may 2025,JM,New Kingston,Oval Rd,Point(-76.783019 18.00625),5
28 may 2025,JM,Kingston 10,Richmond Park Ave,Point(-76.804659 18.00668),5
28 may 2025,JM,Sydenham,Seaton Blvd,Point(-76.99195 17.984606),6
28 may 2025,JM,Kingston 6,Seymour Ave,Point(-76.774847 18.010203),5
28 may 2025,JM,null,Salt Pond Rd,Point(-76.94432 17.97897),6
28 may 2025,JM,Kingston 10,Upper Musgrave Ave,Point(-76.779717 18.010691),5
28 may 2025,JM,null,Waltham Park Rd,Point(-76.810607 18.01705),6
28 may 2025,JM,Kingston 10,Waterloo Rd,Point(-76.791849 18.018834),5
28 may 2025,JM,Ferry Pen,null,Point(-76.875502 18.023676),5
28 may 2025,JM,null,null,Point(-76.964122 17.976136),5
28 may 2025,JM,Kingston 10,Kingsway,Point(-76.789324 18.015714),5
28 may 2025,JM,Cavaliers,St. Christopher to Glengoffe Rd,Point(-76.835585 18.095358),5
28 may 2025,JM,null,St. Christopher to Glengoffe Rd,Point(-76.840591 18.105479),5
28 may 2025,JM,null,Stoney Hill to Parks Road Rd,Point(-76.807265 18.088643),10
28 may 2025,JM,null,Old Hope Rd,Point(-76.778238 18.004079),5
28 may 2025,JM,Kingston 10,Waterloo Rd,Point(-76.791804 18.020664),5
28 may 2025,JM,Kingston 10,West Kings House Rd,Point(-76.791144 18.021447),5
28 may 2025,JM,null,> Downtown Kingston,Point(-76.830251 17.992807),5
28 may 2025,JM,null,A1 (W) - Nelson Mandela Highway,Point(-76.87692 18.023139),5
28 may 2025,JM,null,A1 - Bog Walk Gorge,Point(-76.98373 18.056035),5
28 may 2025,JM,null,Stoney Hill to Parks Road Rd,Point(-76.80488 18.088537),6
28 may 2025,JM,null,A1 - North Coast Highway,Point(-77.27277 18.459105),5
28 may 2025,JM,null,A1 - North Coast Highway,Point(-77.265772 18.457193),5
28 may 2025,JM,Rose Hall,A1 - North Coast Highway,Point(-77.848363 18.5213),5
28 may 2025,JM,null,A1 - Spanish Town By-pass Rd,Point(-76.937298 17.992567),5
28 may 2025,JM,null,A1 - Spanish Town By-pass Rd,Point(-76.956864 17.987715),5
28 may 2025,JM,null,A1 - Spanish Town Rd,Point(-76.854448 18.024868),5
28 may 2025,JM,Jones Town,Studley Park Rd,Point(-76.794037 17.981258),10
28 may 2025,JM,null,A1 - Spanish Town Rd,Point(-76.844209 18.015591),5
28 may 2025,JM,null,A1 - Spanish Town Rd,Point(-76.830283 18.002951),5
28 may 2025,JM,null,A1 - Spanish Town Rd,Point(-76.845045 18.016473),5
28 may 2025,JM,Kingston,A2 (W) - Washington Blvd,Point(-76.840363 18.026068),8
28 may 2025,JM,Spur Tree,A2 - Spur Tree Rd,Point(-77.583082 18.009679),9
28 may 2025,JM,Kingston 10,A3 (N) - Constant Spring Rd,Point(-76.795951 18.030767),5
28 may 2025,JM,Half Way Tree,A3 - Eastwood Park Rd,Point(-76.799172 18.0122),5
28 may 2025,JM,Cross Roads,A3 - Half Way Tree Rd,Point(-76.788274 17.994332),5
28 may 2025,JM,Cross Roads,A3 - Slipe Rd,Point(-76.788439 17.99236),5
28 may 2025,JM,Stony Hill (St. Andrew),A3 - Stony Hill Rd,Point(-76.791645 18.075337),5
28 may 2025,JM,null,A4 - Rozelle to Morant Bay Rd,Point(-76.434688 17.876275),5
28 may 2025,JM,Runaway Bay,B3 - Runaway Bay to Orange Valley Rd,Point(-77.336536 18.456322),5
28 may 2025,JM,Barbican,Barbican Rd,Point(-76.771722 18.029878),5
28 may 2025,JM,Havendale,Vermont Ave,Point(-76.809984 18.047015),5
28 may 2025,JM,Cross Roads,Caledonia Cr,Point(-76.786592 17.992673),5
28 may 2025,JM,null,Exit to Red Hills Rd,Point(-76.806241 18.026972),5
28 may 2025,JM,New Kingston,Knutsford Blvd,Point(-76.785796 18.008826),5
28 may 2025,JM,Kingston 5,Lyndhurst Rd,Point(-76.799364 17.998483),5
28 may 2025,JM,null,Main St,Point(-77.238519 17.964649),5
28 may 2025,JM,null,Mannings Hill Rd,Point(-76.801766 18.046032),5
28 may 2025,JM,Mount Salem,Mount Salem Rd,Point(-77.91116 18.467696),5
28 may 2025,JM,null,Old Hope Rd,Point(-76.781667 18.001931),5
28 may 2025,JM,Downtown Kingston,Port Royal St,Point(-76.791441 17.965547),5
28 may 2025,JM,Montego Bay,Queens Dr,Point(-77.926223 18.486174),5
28 may 2025,JM,Havendale,Roehampton Cl,Point(-76.804248 18.043355),5
28 may 2025,JM,Kingston 6,Seymour Ave,Point(-76.774773 18.010471),5
28 may 2025,JM,Kingston 6,Seymour Ave,Point(-76.774184 18.012168),5
28 may 2025,JM,Sydenham,Sydenham Villa Dr,Point(-76.991983 17.985565),5
28 may 2025,JM,null,T3 - Edward Seaga Highway,Point(-77.034983 18.161823),9
28 may 2025,JM,null,T3 - Edward Seaga Highway,Point(-77.041133 18.128765),5
28 may 2025,JM,Tucker,Tucker Main Rd,Point(-77.894807 18.450879),5
28 may 2025,JM,Runaway Bay,B3 - Runaway Bay to Orange Valley Rd,Point(-77.339087 18.45061),5
28 may 2025,JM,null,Fairfield to Point Rd,Point(-77.892571 18.446115),5
28 may 2025,JM,null,null,Point(-78.050508 18.311004),5
28 may 2025,JM,Three Miles,> Portia Miller Simpson Sq,Point(-76.826589 17.999523),5
28 may 2025,JM,null,A1 (E) - Nelson Mandela Highway,Point(-76.861521 18.025933),6
28 may 2025,JM,null,A1 (W) - Nelson Mandela Highway,Point(-76.875749 18.02368),5
28 may 2025,JM,null,A2 - Bartletts River to Sheffield-Negril,Point(-78.297552 18.273602),5
28 may 2025,JM,Middle Quarters,A2 - Luana to Tombstone Rd,Point(-77.825572 18.105253),5
28 may 2025,JM,Cross Roads,A3 - Half Way Tree Rd,Point(-76.788817 17.995482),6
28 may 2025,JM,Mandeville,Ward Ave,Point(-77.522663 18.040271),5
28 may 2025,JM,Mandeville,West Rd,Point(-77.523991 18.045323),9
28 may 2025,JM,Tower Isle,A3 - Oracabessa to White River Rd,Point(-77.040431 18.420103),5
28 may 2025,JM,null,A4 - Harbour View to Bull Bay Rd,Point(-76.685915 17.941665),5
28 may 2025,JM,Downtown Kingston,Beeston St,Point(-76.790892 17.973922),5
28 may 2025,JM,Cumberland (Portmore),Cumberland Blvd,Point(-76.883338 17.980048),5
28 may 2025,JM,Manchester Pastures,Gladioli Dr,Point(-77.459198 18.068807),5
28 may 2025,JM,Kingsland (Manchester),Kingsland Main Rd,Point(-77.547478 18.009581),5
28 may 2025,JM,null,Marcus Garvey Dr,Point(-76.825352 17.985919),5
28 may 2025,JM,null,Michael Manley Blvd,Point(-76.754579 17.969079),6
28 may 2025,JM,null,Michael Manley Blvd,Point(-76.77195 17.966886),5
28 may 2025,JM,null,Michael Manley Blvd,Point(-76.768773 17.967092),5
28 may 2025,JM,null,Municipal Blvd,Point(-76.894987 18.009231),5
28 may 2025,JM,Kingston 6,Retreat Ave,Point(-76.77195 18.012512),5
28 may 2025,JM,null,Salt Pond Rd,Point(-76.944645 17.979574),5
28 may 2025,JM,null,T1 (W) - East West Hwy,Point(-77.269837 17.962866),5
28 may 2025,JM,null,T2 Kingston - Portmore Toll Rd,Point(-76.842098 17.985899),8
28 may 2025,JM,null,T3 - Edward Seaga Highway,Point(-77.038995 18.188664),8
28 may 2025,JM,null,T3 - Edward Seaga Highway,Point(-77.121445 18.276951),6
28 may 2025,JM,null,T3 - Edward Seaga Highway,Point(-77.04035 18.124175),6
28 may 2025,JM,null,T3 - Edward Seaga Highway,Point(-77.131461 18.292847),10
28 may 2025,JM,Tower Isle,A3 - Oracabessa to White River Rd,Point(-77.040846 18.420306),6
28 may 2025,JM,null,A4 - Eleven Miles to Grants Pen Rd,Point(-76.629147 17.915782),5
28 may 2025,JM,Bull Bay,A4 - Harbour View to Bull Bay Rd,Point(-76.665996 17.940587),8
28 may 2025,JM,null,A4 - Southern Coastal Highway,Point(-76.660183 17.940871),7
28 may 2025,JM,null,A4 - White Horses to Rozelle Rd,Point(-76.458034 17.872298),5
28 may 2025,JM,null,Braeton Rd,Point(-76.90842 17.951676),6
28 may 2025,JM,null,Marcus Garvey Dr,Point(-76.825575 17.986106),10
28 may 2025,JM,Unity Hall,A1 - Dr. Aston King Highway,Point(-77.980346 18.451489),5
28 may 2025,JM,null,A4 - Eleven Miles to Grants Pen Rd,Point(-76.624621 17.914825),7
28 may 2025,JM,null,Camp Rd,Point(-76.779385 17.987104),10
28 may 2025,JM,null,T1 (W) - East West Hwy,Point(-77.268072 17.962917),5
28 may 2025,JM,Mount Salem,null,Point(-77.900729 18.463626),5
28 may 2025,JM,null,null,Point(-77.048879 18.192724),5
28 may 2025,JM,Hopewell,A1 - Kew Bridge to Great River Rd,Point(-78.021427 18.454356),10
28 may 2025,JM,null,A1 - Kew Bridge to Great River Rd,Point(-78.10297 18.450488),5
28 may 2025,JM,Kew,A1 - Kew Bridge to Lucea Rd,Point(-78.153305 18.442967),10
28 may 2025,JM,Davis Cove,A1 - Lucea to Green Island Rd,Point(-78.248651 18.41108),6
28 may 2025,JM,null,A1 - Spanish Town Rd,Point(-76.845865 18.017145),6
28 may 2025,JM,null,A2 - Dalling St,Point(-78.197499 18.234638),6
28 may 2025,JM,Savanna La Mar,A2 - East St,Point(-78.128929 18.22307),10
28 may 2025,JM,null,A2 - Old Harbour Rd,Point(-76.984556 17.988928),10
28 may 2025,JM,Spanish Town,Salt Pond Rd,Point(-76.94726 17.984976),9
28 may 2025,JM,Stony Hill (St. Andrew),A3 - Stony Hill Rd,Point(-76.80288 18.094111),6
28 may 2025,JM,Anchovy,B8 - Anchovy to Shettlewood Rd,Point(-77.935661 18.406328),10
28 may 2025,JM,Cottage Pen,B8 - Anchovy to Shettlewood Rd,Point(-77.937201 18.393171),5
28 may 2025,JM,Downtown Kingston,Barry St,Point(-76.793788 17.968513),7
28 may 2025,JM,null,Bernard Lodge Main Rd,Point(-76.926366 17.973967),5
28 may 2025,JM,Cockburn Gardens,Broad Leaf Rd,Point(-76.821543 18.005118),5
28 may 2025,JM,Trench Town,Collie Smith Dr,Point(-76.804204 17.982132),6
28 may 2025,JM,Downtown Kingston,East St,Point(-76.789003 17.979043),5
28 may 2025,JM,Spanish Town,Ensom Ave,Point(-76.963438 18.003007),5
28 may 2025,JM,Spanish Town,Gordon Blvd,Point(-76.959358 18.016761),5
28 may 2025,JM,Downtown Kingston,Harbour St,Point(-76.786239 17.965616),6
28 may 2025,JM,Kingston 10,Kings Cr,Point(-76.803533 18.003199),5
28 may 2025,JM,Lakes Pen,Lakes Pen Main Rd,Point(-76.933216 17.984571),10
28 may 2025,JM,Lakes Pen,Lakes Pen Main Rd,Point(-76.932897 17.984527),6
28 may 2025,JM,null,Marcus Garvey Dr,Point(-76.805368 17.969046),7
28 may 2025,JM,Kingston 10,Montgomery Ave,Point(-76.805762 18.006628),10
28 may 2025,JM,Kingston 11,Olympic Way,Point(-76.826139 18.000844),7
28 may 2025,JM,Riversdale,Pear Tree Grove to Riversdale Rd,Point(-76.962866 18.170297),5
28 may 2025,JM,Downtown Kingston,Port Royal St,Point(-76.792455 17.965619),10
28 may 2025,JM,Kingston 10,Queens Ave,Point(-76.805019 18.003972),5
28 may 2025,JM,Montego Bay,Queens Dr,Point(-77.9265 18.479462),6
28 may 2025,JM,Forest Hills,Red Hills Rd,Point(-76.831629 18.047086),10
28 may 2025,JM,Forest Hills,Red Hills Rd,Point(-76.829865 18.051974),10
28 may 2025,JM,null,Salt Pond Rd,Point(-76.942189 17.974555),7
28 may 2025,JM,Olympic Gardens,Seaward Dr,Point(-76.820406 18.022186),8
28 may 2025,JM,Kingston 10,Skibo Ave,Point(-76.797203 18.006321),10
28 may 2025,JM,null,St. John's Rd,Point(-76.98732 18.004908),10
28 may 2025,JM,null,Stoney Hill to Parks Road Rd,Point(-76.832051 18.092114),5
28 may 2025,JM,null,Stoney Hill to Parks Road Rd,Point(-76.855752 18.100778),5
28 may 2025,JM,null,Strathbogie Rd,Point(-78.116026 18.241488),8
28 may 2025,JM,null,A1 - Green Island to Negril Rd,Point(-78.320709 18.368683),5
28 may 2025,JM,null,Torrington Rd,Point(-76.790716 17.98516),8
28 may 2025,JM,Torrington,Torrington to Galloway Rd,Point(-78.111462 18.246506),5
28 may 2025,JM,Horizon Park (St. Catherine),Westminster Dr,Point(-76.978467 17.985676),5
28 may 2025,JM,Six Miles,A2 (E) - Washington Blvd,Point(-76.826532 18.025178),7
28 may 2025,JM,Downtown Kingston,Duke St,Point(-76.790624 17.971127),5
28 may 2025,JM,null,> Downtown Kingston,Point(-76.827716 17.989971),7
28 may 2025,JM,Spanish Town,White Church St,Point(-76.953199 17.994559),10
28 may 2025,JM,Half Way Tree,A3 - Eastwood Park Rd,Point(-76.799361 18.01131),5
27 may 2025,JM,Spanish Town,Wellington St,Point(-76.957715 17.994188),5
27 may 2025,JM,Spanish Town,null,Point(-76.94838 17.989465),5
27 may 2025,JM,null,> Spanish Town,Point(-76.871815 18.025042),6
27 may 2025,JM,null,A1 (E) - Nelson Mandela Highway,Point(-76.906965 18.001146),5
27 may 2025,JM,null,A1 (E) - Nelson Mandela Highway,Point(-76.893087 18.012631),5
27 may 2025,JM,null,A1 (W) - Nelson Mandela Highway,Point(-76.886118 18.017181),5
27 may 2025,JM,null,A1 (W) - Nelson Mandela Highway,Point(-76.894967 18.011209),6
27 may 2025,JM,null,A1 (W) - Nelson Mandela Highway,Point(-76.885596 18.017535),5
27 may 2025,JM,null,A1 (W) - Nelson Mandela Highway,Point(-76.877337 18.022936),5
27 may 2025,JM,Hopewell,A1 - Kew Bridge to Great River Rd,Point(-78.02869 18.454563),6
27 may 2025,JM,null,A1 - North Coast Highway,Point(-77.630922 18.481095),5
27 may 2025,JM,Rose Hall,A1 - North Coast Highway,Point(-77.823094 18.523277),5
27 may 2025,JM,Rose Hall,A1 - North Coast Highway,Point(-77.821443 18.522471),5
27 may 2025,JM,null,A1 - North Coast Highway,Point(-77.573393 18.472458),10
27 may 2025,JM,null,A1 - North Coast Highway,Point(-77.570726 18.472688),7
27 may 2025,JM,null,A1 - North Coast Highway,Point(-77.23586 18.451933),5
27 may 2025,JM,null,A1 - Spanish Town By-pass Rd,Point(-76.946544 17.986849),5
27 may 2025,JM,null,A1 - Spanish Town Rd,Point(-76.838778 18.01074),5
27 may 2025,JM,Three Miles,A1 - Three Mile Overpass,Point(-76.824908 17.997905),5
27 may 2025,JM,Kingston,A2 (W) - Washington Blvd,Point(-76.839577 18.026064),5
27 may 2025,JM,Kingston,A2 (W) - Washington Blvd,Point(-76.85045 18.025912),6
27 may 2025,JM,Kingston,A2 (W) - Washington Blvd,Point(-76.848 18.025943),5
27 may 2025,JM,null,A2 - Old Harbour Rd,Point(-76.995459 17.9857),5
27 may 2025,JM,null,A2 - Tombstone to Gutters Rd,Point(-77.716959 18.058128),5
27 may 2025,JM,null,A2 - Winston Jones Hwy,Point(-77.506035 18.06773),5
27 may 2025,JM,Dover,A4 - Dover to Agualta Vale Rd,Point(-76.708099 18.261438),5
27 may 2025,JM,null,A4 - South Coast Hwy,Point(-76.625473 17.910872),7
27 may 2025,JM,May Pen,Anderson Dr,Point(-77.247223 17.962456),5
27 may 2025,JM,Montego Bay,B15 - Barnett to Adelphi Rd,Point(-77.90902 18.460062),5
27 may 2025,JM,Barbican,Barbican Road,Point(-76.781811 18.031926),7
27 may 2025,JM,Kingston 10,Cargill Ave,Point(-76.7958 18.006785),5
27 may 2025,JM,null,Dyke Rd,Point(-76.877263 18.003306),10
27 may 2025,JM,null,Dyke Rd,Point(-76.890236 18.003549),9
27 may 2025,JM,null,null,Point(-76.745865 18.016826),5
27 may 2025,JM,null,null,Point(-76.929485 17.996574),5
27 may 2025,JM,null,Dyke Rd,Point(-76.891412 18.003622),6
27 may 2025,JM,Downtown Kingston,East St,Point(-76.789545 17.971257),5
27 may 2025,JM,Reading,A1 - A.G.S. Coombs Highway,Point(-77.946274 18.444512),5
27 may 2025,JM,Downtown Kingston,Heywood St,Point(-76.79393 17.97232),5
27 may 2025,JM,null,Hope Rd,Point(-76.78934 18.014308),5
27 may 2025,JM,Bogue,A1 - Bogue Main Rd,Point(-77.920654 18.452887),5
27 may 2025,JM,Kingston 10,Kew Rd,Point(-76.797936 18.002865),5
27 may 2025,JM,Barbican,Liguanea Ave,Point(-76.76988 18.023244),5
27 may 2025,JM,Kendal,Main Rd,Point(-77.487803 18.08432),5
27 may 2025,JM,null,Marcus Garvey Dr,Point(-76.816758 17.978627),6
27 may 2025,JM,null,A1 - North Coast Highway,Point(-77.224919 18.447288),5
27 may 2025,JM,null,A1 - North Coast Highway,Point(-77.569652 18.472565),5
27 may 2025,JM,null,Marcus Garvey Dr,Point(-76.823183 17.984122),5
27 may 2025,JM,null,Maxfield Ave,Point(-76.803721 18.000191),9
27 may 2025,JM,Spanish Town,McVickers Ln,Point(-76.97268 17.988888),5
27 may 2025,JM,Kingston 10,Montgomery Ave,Point(-76.806323 18.005477),5
27 may 2025,JM,Mount Salem,Mount Salem Rd,Point(-77.913791 18.467593),5
27 may 2025,JM,Mount Salem,Mount Salem Rd,Point(-77.91071 18.467515),5
27 may 2025,JM,null,Municipal Blvd,Point(-76.895254 18.006667),9
27 may 2025,JM,Kingston 8,Old Church Rd,Point(-76.790739 18.026611),5
27 may 2025,JM,null,A1 - North Coast Highway,Point(-77.899567 18.507484),8
27 may 2025,JM,null,A1 - Spanish Town By-pass Rd,Point(-76.957923 17.988095),5
27 may 2025,JM,null,A1 - Spanish Town Rd,Point(-76.85278 18.023441),9
27 may 2025,JM,Kingston,A2 (W) - Washington Blvd,Point(-76.846154 18.025965),6
27 may 2025,JM,Liguanea,Old Hope Rd,Point(-76.767434 18.020086),5
27 may 2025,JM,Kingston 20,Pamela Ave,Point(-76.810492 18.03189),5
27 may 2025,JM,null,A2 - East St,Point(-77.10525 17.938769),5
27 may 2025,JM,Downtown Kingston,Port Royal St,Point(-76.796989 17.965955),6
27 may 2025,JM,null,Red Hills Rd,Point(-76.806064 18.031251),5
27 may 2025,JM,Amity Hall (St. Catherine),A2 - Old Harbour Rd,Point(-77.048122 17.955138),5
27 may 2025,JM,Montego Bay,Sewell Ave,Point(-77.924782 18.482105),5
27 may 2025,JM,null,T2 Kingston - Portmore Toll Rd,Point(-76.845375 17.971523),10
27 may 2025,JM,null,T3 - Edward Seaga Highway,Point(-76.920482 18.027316),5
27 may 2025,JM,New Kingston,Trafalgar Rd,Point(-76.781171 18.007762),5
27 may 2025,JM,null,A2 - Old Harbour Rd,Point(-77.040619 17.958594),5
27 may 2025,JM,null,A2 - Old Harbour Rd,Point(-76.973364 17.991693),5
27 may 2025,JM,New Kingston,Trafalgar Rd,Point(-76.790345 18.01193),5
27 may 2025,JM,Mandeville,Ward Ave,Point(-77.513758 18.039028),5
27 may 2025,JM,null,A2 E - Dunrobin Ave,Point(-76.803993 18.026468),5
27 may 2025,JM,Mosquito Cove,A1 - Kew Bridge to Lucea Rd,Point(-78.110688 18.44284),5
27 may 2025,JM,null,A1 - North Coast Highway,Point(-77.701556 18.495728),5
27 may 2025,JM,null,A3 (N) - Constant Spring Rd,Point(-76.796391 18.022738),5
27 may 2025,JM,null,A1 E - Nelson Mandela Hwy,Point(-76.859521 18.025961),10
27 may 2025,JM,null,A3 (N) - Constant Spring Rd,Point(-76.793411 18.05071),5
27 may 2025,JM,Bull Bay,A4 - Harbour View to Bull Bay Rd,Point(-76.665642 17.940589),5
27 may 2025,JM,Harbour View,A4 - Harbour View to Bull Bay Rd,Point(-76.71023 17.949701),6
27 may 2025,JM,Half Way Tree,A3 (S) - Constant Spring Rd,Point(-76.796273 18.02172),5
27 may 2025,JM,Kingston 10,A3 - Maxfield Ave,Point(-76.799837 18.00768),5
27 may 2025,JM,Nain,Alpart Road,Point(-77.593703 17.979667),5
27 may 2025,JM,null,Angels Toll Plaza,Point(-76.972939 18.038362),5
27 may 2025,JM,Buff Bay,A4 - Thompson Ave,Point(-76.659516 18.234195),5
27 may 2025,JM,Delacree Pen,East Bell Rd,Point(-76.821526 17.991241),5
27 may 2025,JM,Kingston 10,Hagley Park Rd,Point(-76.814397 18.005977),6
27 may 2025,JM,Montego Bay,Alice Eldemire Dr,Point(-77.929719 18.458132),5
27 may 2025,JM,null,T1 (E) - East West Hwy,Point(-77.024283 17.957688),6
27 may 2025,JM,null,T1 (W) - East West Hwy,Point(-77.401726 18.000508),6
27 may 2025,JM,null,T2 > Spanish Town Portmore,Point(-76.853808 17.967269),5
27 may 2025,JM,Falmouth,Tharpe St,Point(-77.651375 18.491328),5
27 may 2025,JM,Barbican,Barbican Rd,Point(-76.778903 18.031623),9
27 may 2025,JM,Montego Bay,Corinaldi Ave,Point(-77.915924 18.469745),5
27 may 2025,JM,Three Miles,Three Mile Overpass,Point(-76.826722 17.996368),5
27 may 2025,JM,Kingston,A2 (W) - Washington Blvd,Point(-76.852443 18.025897),10
27 may 2025,JM,Spur Tree,A2 - Spur Tree Rd,Point(-77.572674 18.002387),10
27 may 2025,JM,null,A2 - Tombstone to Gutters Rd,Point(-77.751326 18.077043),6
27 may 2025,JM,null,Dyke Rd,Point(-76.876832 18.003056),5
27 may 2025,JM,null,A2 W,Point(-76.814105 18.027332),9
27 may 2025,JM,null,A2 W - Washington Blvd,Point(-76.816232 18.026881),5
27 may 2025,JM,Morant Bay,A4 - Morant Bay to Lyssons Rd,Point(-76.400946 17.88213),5
27 may 2025,JM,null,A4 - Port Morant to Stokes Hall Rd,Point(-76.321556 17.890527),5
27 may 2025,JM,null,Dyke Rd,Point(-76.877959 18.00361),5
27 may 2025,JM,null,E Kings House Rd,Point(-76.776462 18.029919),5
27 may 2025,JM,null,Exit to Red Hills Rd,Point(-76.806126 18.026999),5
27 may 2025,JM,Leith Hall,A4 - Prospect to Port Morant Rd,Point(-76.341191 17.87505),5
27 may 2025,JM,null,A4 - Southern Coastal Highway,Point(-76.655027 17.936028),6
27 may 2025,JM,Downtown Kingston,Harbour St,Point(-76.785988 17.965593),6
27 may 2025,JM,null,A4 - White Horses to Rozelle Rd,Point(-76.464152 17.872342),6
27 may 2025,JM,null,Braeton Rd,Point(-76.908426 17.951674),7
27 may 2025,JM,null,Hope Rd,Point(-76.787232 18.01582),5
27 may 2025,JM,Kingston 6,Hope Rd,Point(-76.770561 18.020916),6
27 may 2025,JM,null,Marcus Garvey Dr,Point(-76.826073 17.986666),6
27 may 2025,JM,null,Marcus Garvey Dr,Point(-76.825768 17.986281),6
27 may 2025,JM,null,T1 (E) - East West Hwy,Point(-77.007951 17.966024),7
27 may 2025,JM,Delacree Pen,Hopewell Ln,Point(-76.818454 17.98885),5
27 may 2025,JM,Kingston 10,Kings Ave,Point(-76.801715 18.004814),5
27 may 2025,JM,null,T1 (W) - East West Hwy,Point(-77.139161 17.920962),10
27 may 2025,JM,null,T3 - Edward Seaga Highway,Point(-77.166987 18.411357),6
27 may 2025,JM,Kingston 10,Lady Musgrave Rd,Point(-76.77859 18.012487),9
27 may 2025,JM,null,T3 - Edward Seaga Highway,Point(-77.034103 18.159718),7
27 may 2025,JM,null,A1 - North Coast Highway,Point(-77.898785 18.507842),5
27 may 2025,JM,Delacree Pen,Little Bell Rd,Point(-76.823682 17.996238),5
27 may 2025,JM,null,A1 - Spanish Town Rd,Point(-76.812806 17.987088),5
27 may 2025,JM,null,A3 (S) - Constant Spring Rd,Point(-76.795621 18.031786),10
27 may 2025,JM,Bull Bay,A4 - Harbour View to Bull Bay Rd,Point(-76.664984 17.940783),9
27 may 2025,JM,Bull Bay,A4 - Southern Coastal Highway,Point(-76.663093 17.941172),6
27 may 2025,JM,null,Marescaux Rd,Point(-76.7862 17.988501),5
27 may 2025,JM,null,Molynes Rd,Point(-76.801766 18.012764),5
27 may 2025,JM,Mandeville,null,Point(-77.528756 18.012225),5
27 may 2025,JM,Mandeville,null,Point(-77.486128 18.05345),5
27 may 2025,JM,Kingston 3,Mountain View Ave,Point(-76.76212 17.982668),5
27 may 2025,JM,null,null,Point(-76.898955 17.960565),5
27 may 2025,JM,Montego Bay,A1 - Alice Eldemire Dr,Point(-77.923143 18.454483),5
27 may 2025,JM,Delacree Pen,Oakland Rd,Point(-76.817514 17.995555),5
27 may 2025,JM,Hopewell,A1 - Kew Bridge to Great River Rd,Point(-78.021405 18.454364),10
27 may 2025,JM,Hopewell,A1 - Kew Bridge to Great River Rd,Point(-78.020528 18.454718),8
27 may 2025,JM,null,A1 - Kew Bridge to Lucea Rd,Point(-78.111073 18.450133),6
27 may 2025,JM,null,A1 - Lucea to Green Island Rd,Point(-78.211678 18.453361),5
27 may 2025,JM,Downtown Kingston,Ocean Blvd,Point(-76.797098 17.965878),5
27 may 2025,JM,Kingston 5,Old Hope Rd,Point(-76.778926 18.003532),5
27 may 2025,JM,Kingsland (Manchester),A2 - Greenvale Rd,Point(-77.547729 18.009291),8
27 may 2025,JM,null,A2 - Old Harbour Rd,Point(-76.975975 17.991117),8
27 may 2025,JM,null,A2 - Old Harbour Rd,Point(-76.984669 17.988884),10
27 may 2025,JM,null,A2 - Old Harbour Rd,Point(-76.975755 17.991147),10
27 may 2025,JM,null,A2 - Winston Jones Hwy,Point(-77.53023 18.040581),7
27 may 2025,JM,Golden Grove (St. Thomas),A4 - Golden Grove to Belle Castle Rd,Point(-76.272928 17.933605),5
27 may 2025,JM,Seven Miles,A4 - Harbour View to Bull Bay Rd,Point(-76.703564 17.948786),10
27 may 2025,JM,null,A4 - Port Morant to Stokes Hall Rd,Point(-76.317714 17.892293),10
27 may 2025,JM,Kingston 6,Old Hope Rd,Point(-76.771073 18.012508),5
27 may 2025,JM,null,Old Hope Rd,Point(-76.764835 18.019473),5
27 may 2025,JM,Downtown Kingston,Pechon St,Point(-76.79703 17.966085),5
27 may 2025,JM,Downtown Kingston,Port Royal St,Point(-76.800033 17.966215),6
27 may 2025,JM,Leith Hall,A4 - Prospect to Port Morant Rd,Point(-76.335319 17.882119),5
27 may 2025,JM,null,A4 - Prospect to Port Morant Rd,Point(-76.33374 17.884689),6
27 may 2025,JM,Greater Portmore,SE 4th Street,Point(-76.897352 17.939003),5
27 may 2025,JM,Nain,Alpart Road,Point(-77.594154 17.979296),5
27 may 2025,JM,Gutters (St. Elizabeth),Alpart Sports Club Rd,Point(-77.591944 17.985512),5
27 may 2025,JM,null,St. John's Rd,Point(-76.992097 18.006538),5
27 may 2025,JM,null,B5 - Main Rd,Point(-77.50189 18.199985),5
27 may 2025,JM,Beaufort,B7,Point(-77.947894 18.228769),6
27 may 2025,JM,null,B7,Point(-77.936338 18.21255),5
27 may 2025,JM,Chester Castle,B7 - Shettlewood to Chester Castle Rd,Point(-77.951213 18.331602),5
27 may 2025,JM,Kingston 10,Surbiton Rd,Point(-76.794426 18.013744),5
27 may 2025,JM,null,T1 (E) - East West Hwy,Point(-77.330668 17.95591),5
27 may 2025,JM,null,B7 - Shettlewood to Chester Castle Rd,Point(-77.951122 18.317384),10
27 may 2025,JM,null,B8 - Anchovy to Shettlewood Rd,Point(-77.937804 18.35708),6
27 may 2025,JM,null,T1 (W) - East West Hwy,Point(-77.251303 17.944106),5
27 may 2025,JM,Kingston 20,Blissett Ave,Point(-76.81142 18.03164),10
27 may 2025,JM,null,Braeton Rd,Point(-76.903423 17.953876),6
27 may 2025,JM,New Kingston,Trafalgar Rd,Point(-76.788316 18.010778),5
27 may 2025,JM,Waltham Gardens,Campbell Blvd,Point(-76.817994 18.012233),5
27 may 2025,JM,Waltham Gardens,Campbell Blvd,Point(-76.817538 18.012076),5
27 may 2025,JM,Franklyn Town,Camperdown Rd,Point(-76.771051 17.97577),5
27 may 2025,JM,Allerdyce Gardens,Charlton Ave,Point(-76.792833 18.037792),10
27 may 2025,JM,Kingston 10,Waterloo Rd,Point(-76.791831 18.021194),7
27 may 2025,JM,Kingston 10,Waterloo Rd,Point(-76.791092 18.01329),5
27 may 2025,JM,Washington Gardens,Coleyville Ave,Point(-76.845015 18.019479),7
27 may 2025,JM,Duhaney Park,Conway Dr,Point(-76.837657 18.036684),5
27 may 2025,JM,Kingston 10,West Kings House Rd,Point(-76.791303 18.02145),5
27 may 2025,JM,Kingston 20,Denver Cr,Point(-76.826243 18.025604),6
27 may 2025,JM,null,Dyke Rd,Point(-76.878048 18.003643),5
27 may 2025,JM,Six Miles,A1 - Spanish Town Rd,Point(-76.856257 18.025849),10
27 may 2025,JM,Greater Portmore,E Mid St,Point(-76.902606 17.946251),10
27 may 2025,JM,null,Entry to A2 - Dunrobin Ave,Point(-76.805353 18.026984),8
27 may 2025,JM,Meadowbrook,Fairdene Ave,Point(-76.81767 18.043356),7
27 may 2025,JM,Spanish Town,Fairfield Rd,Point(-76.986719 18.007204),6
27 may 2025,JM,null,A1 - Green Island to Negril Rd,Point(-78.334803 18.368374),5
27 may 2025,JM,null,A1 - North Coast Highway,Point(-77.469981 18.476438),6
27 may 2025,JM,Spanish Town,Gordon Blvd,Point(-76.95771 18.002203),10
27 may 2025,JM,Spanish Town,Gordon Blvd,Point(-76.957316 18.000131),5
27 may 2025,JM,Gutters (St. Elizabeth),Gutters to Downs Rd,Point(-77.588107 17.991992),7
27 may 2025,JM,Kingston 10,Hagley Park Rd,Point(-76.814132 18.006214),5
27 may 2025,JM,null,A1 - Spanish Town Rd,Point(-76.834878 18.006955),6
27 may 2025,JM,Havendale,Havendale Dr,Point(-76.812408 18.046325),10
27 may 2025,JM,New Kingston,Holborn Rd,Point(-76.789784 18.010264),10
27 may 2025,JM,Kingsland (Manchester),Kingsland Main Rd,Point(-77.549809 18.008152),10
27 may 2025,JM,Kingsland (Manchester),Kingsland Main Rd,Point(-77.547373 18.009703),10
27 may 2025,JM,Bull Bay,A4 - Harbour View to Bull Bay Rd,Point(-76.664376 17.940944),6
27 may 2025,JM,Leith Hall,A4 - Prospect to Port Morant Rd,Point(-76.337777 17.878007),5
27 may 2025,JM,Bull Bay,A4 - Southern Coastal Highway,Point(-76.662148 17.941373),5
27 may 2025,JM,Kingsland (Manchester),Kingsland Main Rd,Point(-77.55128 18.006664),9
27 may 2025,JM,Bog Walk,Linstead Main Rd,Point(-77.023633 18.126095),5
27 may 2025,JM,Kingston 10,Dukharan Ave,Point(-76.802023 18.028099),5
27 may 2025,JM,Bog Walk,Linstead Main Rd,Point(-77.022823 18.125174),5
27 may 2025,JM,Montego Bay,Lower Bevin Ave,Point(-77.921202 18.465944),6
27 may 2025,JM,null,Industrial Ter,Point(-76.803018 17.97721),5
27 may 2025,JM,Liguanea,Old Hope Rd,Point(-76.765551 18.019626),10
27 may 2025,JM,null,Pedro Cross to Junction Rd,Point(-77.705624 17.884278),5
27 may 2025,JM,Mandeville,Perth Rd,Point(-77.521409 18.026078),5
27 may 2025,JM,Downtown Kingston,Port Royal St,Point(-76.795595 17.965844),5
27 may 2025,JM,null,Mahoe Dr,Point(-76.763636 18.011888),5
27 may 2025,JM,null,T1 (E) - East West Hwy,Point(-76.954898 17.973477),5
27 may 2025,JM,Downtown Kingston,Port Royal St,Point(-76.796071 17.965884),6
27 may 2025,JM,Downtown Kingston,Port Royal St,Point(-76.7924 17.965616),10
27 may 2025,JM,null,T1 (W) - East West Hwy,Point(-76.919299 17.984706),7
27 may 2025,JM,Kingston 6,Seymour Ave,Point(-76.773721 18.015844),10
27 may 2025,JM,Kingston 10,St. James Ave,Point(-76.802697 17.998595),6
27 may 2025,JM,Spanish Town,Twickenham Dr,Point(-76.943234 17.997985),5
27 may 2025,JM,null,Sundown Cr,Point(-76.815853 18.020434),5
27 may 2025,JM,Kingston 10,Surbiton Rd,Point(-76.794796 18.015222),8
27 may 2025,JM,Kingston 8,Whitehall Ave,Point(-76.802913 18.040558),5
27 may 2025,JM,Old England,Wind Hill to Patrick Town Rd,Point(-77.466341 17.986121),5
27 may 2025,JM,null,T3 - Edward Seaga Highway,Point(-77.038604 18.202355),10
27 may 2025,JM,null,A1 (W) - Nelson Mandela Highway,Point(-76.872747 18.024785),6
27 may 2025,JM,Downtown Kingston,A4 - East Queen St,Point(-76.790974 17.9711),5
27 may 2025,JM,Downtown Kingston,A4 - East Queen St,Point(-76.791099 17.971137),5
27 may 2025,JM,null,A2 E - Washington Blvd,Point(-76.816775 18.026869),7
27 may 2025,JM,Downtown Kingston,A4 - East Queen St,Point(-76.790728 17.97109),5
27 may 2025,JM,Downtown Kingston,Duke St,Point(-76.790644 17.970879),5
27 may 2025,JM,null,A2 W - Washington Blvd,Point(-76.814761 18.027218),10
27 may 2025,JM,Spanish Town,Ferdie Nieta Blvd,Point(-76.945428 17.995898),5
27 may 2025,JM,Three Miles,> Portia Miller Simpson Sq,Point(-76.82653 17.999477),9
27 may 2025,JM,null,A1 (W) - Nelson Mandela Highway,Point(-76.888182 18.01578),10
27 may 2025,JM,null,A1 (W) - Nelson Mandela Highway,Point(-76.886342 18.017029),5
27 may 2025,JM,null,A2 W - Washington Blvd,Point(-76.812827 18.027426),5
27 may 2025,JM,null,A1 (W) - Nelson Mandela Highway,Point(-76.889663 18.01478),7
27 may 2025,JM,null,A1 (W) - Nelson Mandela Highway,Point(-76.877681 18.022733),6
27 may 2025,JM,null,A1 (W) - Nelson Mandela Highway,Point(-76.857312 18.025861),6
27 may 2025,JM,null,A1 (W) - Nelson Mandela Highway,Point(-76.874327 18.024265),5
27 may 2025,JM,null,A1 - North Coast Highway,Point(-77.567439 18.472558),7
27 may 2025,JM,null,A1 - North Coast Highway,Point(-77.590774 18.475309),5
27 may 2025,JM,Rose Hall,A1 - North Coast Highway,Point(-77.813397 18.519923),5
27 may 2025,JM,null,A1 - Spanish Town Rd,Point(-76.834257 18.006398),5
27 may 2025,JM,Stokes Hall,A4 - Golden Grove to Belle Castle Rd,Point(-76.285816 17.924878),5
27 may 2025,JM,Stokes Hall,A4 - Golden Grove to Belle Castle Rd,Point(-76.284056 17.925175),5
27 may 2025,JM,Golden Grove (St. Thomas),A4 - Golden Grove to Belle Castle Rd,Point(-76.280975 17.927989),5
27 may 2025,JM,Bull Bay,A4 - Harbour View to Bull Bay Rd,Point(-76.666107 17.940591),5
27 may 2025,JM,Morant Bay,A4 - Morant Bay to Lyssons Rd,Point(-76.40292 17.881436),6
27 may 2025,JM,Six Miles,A2 (E) - Washington Blvd,Point(-76.853105 18.026018),5
27 may 2025,JM,null,A2 (W) - Melrose Hill Byp,Point(-77.446336 18.056422),8
27 may 2025,JM,null,A4 - White Horses to Rozelle Rd,Point(-76.465193 17.872568),7
27 may 2025,JM,Kingston,A2 (W) - Washington Blvd,Point(-76.852599 18.025896),5
27 may 2025,JM,Kingston,A2 (W) - Washington Blvd,Point(-76.849367 18.025924),5
27 may 2025,JM,Shettle Wood,B7 - Shettlewood to Chester Castle Rd,Point(-77.946477 18.338631),5
27 may 2025,JM,null,A2 - Melrose Hill Byp,Point(-77.463421 18.067366),8
27 may 2025,JM,null,A2 - Melrose Hill Byp,Point(-77.463912 18.067778),8
27 may 2025,JM,Spur Tree,A2 - Spur Tree Rd,Point(-77.583549 18.013073),6
27 may 2025,JM,null,A2 E - Dunrobin Ave,Point(-76.798003 18.025078),9
27 may 2025,JM,Shettle Wood,B8 - Shettlewood to Mackfield Rd,Point(-77.948957 18.345),5
27 may 2025,JM,Liguanea,Munroe Rd,Point(-76.767156 18.017684),9
27 may 2025,JM,null,A3 - North Coast Highway,Point(-77.129003 18.416279),5
27 may 2025,JM,null,A4 - Grants Pen to Albion Rd,Point(-76.610036 17.895353),5
27 may 2025,JM,Kingston 6,Seaview Ave,Point(-76.77477 18.01047),6
27 may 2025,JM,null,B8 - Long Hill Rd,Point(-77.947598 18.435511),5
27 may 2025,JM,null,Braeton Rd,Point(-76.912457 17.949902),6
27 may 2025,JM,null,T1 (W) - East West Hwy,Point(-76.964686 17.973369),5
27 may 2025,JM,Allerdyce Gardens,Charlton Ave,Point(-76.791019 18.037688),5
27 may 2025,JM,null,Hope Rd,Point(-76.79089 18.013257),6
27 may 2025,JM,null,Hope Rd,Point(-76.783895 18.017427),8
27 may 2025,JM,null,T1 (E) - East West Hwy,Point(-77.202033 17.932276),7
27 may 2025,JM,null,T2 Kingston - Portmore Toll Rd,Point(-76.858976 17.966847),8
27 may 2025,JM,null,T3 - Edward Seaga Highway,Point(-77.150145 18.349055),6
27 may 2025,JM,null,T1 (E) - East West Hwy,Point(-77.407347 18.007089),5
27 may 2025,JM,null,T1 (W) - East West Hwy,Point(-77.318622 17.956186),5
27 may 2025,JM,null,T3 - Edward Seaga Highway,Point(-76.934831 18.0273),10
27 may 2025,JM,null,T1 (W) - East West Hwy,Point(-77.227793 17.936065),9
27 may 2025,JM,null,T1 (W) - East West Hwy,Point(-77.399476 17.99826),5
27 may 2025,JM,null,T3 - Edward Seaga Highway,Point(-77.041097 18.127374),6
27 may 2025,JM,null,T2 Kingston - Portmore Toll Rd,Point(-76.828606 17.990941),8
27 may 2025,JM,null,T3 - Edward Seaga Highway,Point(-76.945291 18.028327),6
27 may 2025,JM,null,T3 - Edward Seaga Highway,Point(-77.037511 18.200648),10
27 may 2025,JM,null,T3 - Edward Seaga Highway,Point(-76.940802 18.027873),5
27 may 2025,JM,null,T3 - Edward Seaga Highway,Point(-77.039228 18.138044),8
27 may 2025,JM,null,T3 - Edward Seaga Highway,Point(-77.033781 18.159011),9
27 may 2025,JM,null,T3 - Edward Seaga Highway,Point(-77.08134 18.220935),5
27 may 2025,JM,null,T3 - Edward Seaga Highway,Point(-76.938229 18.027495),10
27 may 2025,JM,null,T3 - Edward Seaga Highway,Point(-77.025182 18.100234),6
27 may 2025,JM,null,T3 - Edward Seaga Highway,Point(-76.968589 18.036719),10
27 may 2025,JM,null,T3 - Edward Seaga Highway,Point(-77.033567 18.158534),10
27 may 2025,JM,null,T3 - Edward Seaga Highway,Point(-76.959769 18.034888),8
27 may 2025,JM,null,T3 - Edward Seaga Highway,Point(-77.010741 18.090747),10
27 may 2025,JM,null,T3 - Edward Seaga Highway,Point(-77.03966 18.16968),6
27 may 2025,JM,null,T3 - Edward Seaga Highway,Point(-77.123559 18.283614),10
27 may 2025,JM,null,T3 - Edward Seaga Highway,Point(-77.03893 18.191024),8
27 may 2025,JM,Kingston 10,null,Point(-76.779283 18.007431),5
27 may 2025,JM,Holland Mountain,A2 - Luana to Tombstone Rd,Point(-77.797756 18.108126),5
27 may 2025,JM,Kingston 10,Waterloo Rd,Point(-76.791839 18.015317),6
27 may 2025,JM,null,A1 - North Coast Highway,Point(-77.558257 18.471656),5
27 may 2025,JM,null,Maxfield Ave,Point(-76.810552 17.986846),6
27 may 2025,JM,null,A1 - North Coast Highway,Point(-77.568664 18.472542),6
27 may 2025,JM,null,A1 - North Coast Highway,Point(-77.595829 18.480915),7
27 may 2025,JM,null,A1 - Kew Bridge to Great River Rd,Point(-78.103602 18.450202),10
27 may 2025,JM,Falmouth,Falmouth St,Point(-77.652118 18.491816),5
27 may 2025,JM,Montego Bay,Queens Dr,Point(-77.927184 18.480643),6
27 may 2025,JM,null,T3 - Edward Seaga Highway,Point(-77.044187 18.20532),7
27 may 2025,JM,null,T3 - Edward Seaga Highway,Point(-77.14632 18.341786),9
27 may 2025,JM,Sandy Bay (Hanover),A1 - Kew Bridge to Great River Rd,Point(-78.086468 18.449784),5
27 may 2025,JM,Point,A1 - Kew Bridge to Great River Rd,Point(-78.142887 18.459465),5
27 may 2025,JM,null,T3 - Edward Seaga Highway,Point(-77.150907 18.349863),7
27 may 2025,JM,null,T3 - Edward Seaga Highway,Point(-77.037431 18.141126),6
27 may 2025,JM,Hopewell,A1 - Kew Bridge to Great River Rd,Point(-78.035628 18.453911),10
27 may 2025,JM,Montego Bay,A1 - Howard Cook Blvd,Point(-77.924309 18.470073),7
27 may 2025,JM,Montego Bay,Barnett St,Point(-77.914881 18.463954),5
27 may 2025,JM,null,A1 - North Coast Highway,Point(-77.691399 18.489865),8
27 may 2025,JM,Montego Bay,Montego Bay Sport Complex,Point(-77.920957 18.458822),6
27 may 2025,JM,null,T3 - Edward Seaga Highway,Point(-76.999562 18.078567),8
27 may 2025,JM,null,T3 - Edward Seaga Highway,Point(-77.110794 18.251574),5
27 may 2025,JM,null,T3 - Edward Seaga Highway,Point(-77.040305 18.121872),5
27 may 2025,JM,null,A1 - Spanish Town Rd,Point(-76.830983 18.003409),7
27 may 2025,JM,Lacovia,A2 - Luana to Tombstone Rd,Point(-77.774452 18.096275),5
27 may 2025,JM,null,A1 (W) - Nelson Mandela Highway,Point(-76.893267 18.012354),7
27 may 2025,JM,null,A1 (W) - Nelson Mandela Highway,Point(-76.868224 18.025622),5
27 may 2025,JM,Golden Grove (St. Thomas),A4 - Golden Grove to Belle Castle Rd,Point(-76.276471 17.931608),5
27 may 2025,JM,null,A1 (W) - Nelson Mandela Highway,Point(-76.865606 18.025733),5
27 may 2025,JM,null,A1 (W) - Nelson Mandela Highway,Point(-76.878622 18.022171),5
27 may 2025,JM,Bull Bay,A4 - Harbour View to Bull Bay Rd,Point(-76.666742 17.940651),9
27 may 2025,JM,null,A1 (W) - Nelson Mandela Highway,Point(-76.872268 18.024938),5
27 may 2025,JM,null,A1 - North Coast Highway,Point(-77.777949 18.516204),5
27 may 2025,JM,null,A1 - Spanish Town Rd,Point(-76.810336 17.984875),5
27 may 2025,JM,null,A1 - Spanish Town Rd,Point(-76.847904 18.018872),5
27 may 2025,JM,null,A4 - Port Morant to Stokes Hall Rd,Point(-76.308862 17.897979),5
27 may 2025,JM,null,A4 - Port Morant to Stokes Hall Rd,Point(-76.311525 17.897163),5
27 may 2025,JM,null,A1 - Spanish Town Rd > Six Miles,Point(-76.852751 18.023236),6
27 may 2025,JM,Kingston,A2 (W) - Washington Blvd,Point(-76.842967 18.026022),5
27 may 2025,JM,Kingston,A2 (W) - Washington Blvd,Point(-76.842743 18.026026),5
27 may 2025,JM,Kingston,A2 (W) - Washington Blvd,Point(-76.856066 18.025868),8
27 may 2025,JM,null,A3 (S) - Constant Spring Rd,Point(-76.795443 18.033239),5
27 may 2025,JM,Half Way Tree,A3 - Eastwood Park Rd,Point(-76.797492 18.018083),5
27 may 2025,JM,Cross Roads,A3 - Half Way Tree Rd,Point(-76.788319 17.99442),5
27 may 2025,JM,Barbican,Barbican Rd,Point(-76.772754 18.030731),5
27 may 2025,JM,Leith Hall,A4 - Prospect to Port Morant Rd,Point(-76.338941 17.876286),5
27 may 2025,JM,null,A4 - Sir Florizel Glaspole Blvd,Point(-76.750351 17.969234),10
27 may 2025,JM,Nain,Alpart Road,Point(-77.591022 17.986802),6
27 may 2025,JM,Nain,Alpart Road,Point(-77.598498 17.976359),8
27 may 2025,JM,Barbican,Barbican Rd,Point(-76.779669 18.031782),5
27 may 2025,JM,Kingston 8,Barbican Rd,Point(-76.78559 18.030783),5
27 may 2025,JM,null,B5 - Main Rd,Point(-77.500115 18.185937),5
27 may 2025,JM,Barbican,Barbican Rd,Point(-76.767408 18.028319),5
27 may 2025,JM,Spanish Town,Brunswick Ave,Point(-76.963407 18.002874),5
27 may 2025,JM,Bryce,B5 - Main Rd,Point(-77.500167 18.194051),6
27 may 2025,JM,Seaview Gardens,Chesterfield Dr,Point(-76.836481 18.006927),5
27 may 2025,JM,Kingston 10,Chisholm Ave,Point(-76.804591 18.002102),5
27 may 2025,JM,Montego Bay,Dudley Kassin Dr,Point(-77.91475 18.465205),5
27 may 2025,JM,Kingston 6,E Kings House Rd,Point(-76.779681 18.024375),6
27 may 2025,JM,null,B7,Point(-77.956621 18.271763),6
27 may 2025,JM,Woodstock,B7 - Darliston to Woodstock Rd,Point(-77.957465 18.252917),5
27 may 2025,JM,Eltham,Exchange Rd,Point(-77.069808 18.407898),6
27 may 2025,JM,Eltham,Exchange Rd,Point(-77.071931 18.411614),5
27 may 2025,JM,null,B8 - Anchovy to Shettlewood Rd,Point(-77.933228 18.376528),8
27 may 2025,JM,Port Henderson,Fort Augusta Dr,Point(-76.874341 17.95165),5
27 may 2025,JM,Kingston 10,Lady Musgrave Rd,Point(-76.780008 18.014355),5
27 may 2025,JM,Shettle Wood,B8 - Shettlewood to Mackfield Rd,Point(-77.95859 18.347208),5
27 may 2025,JM,null,Marcus Garvey Dr,Point(-76.820957 17.982101),5
27 may 2025,JM,null,Marcus Garvey Dr,Point(-76.827536 17.989569),7
27 may 2025,JM,Downtown Kingston,Ocean Blvd,Point(-76.797137 17.965179),5
27 may 2025,JM,New Kingston,Oxford Rd,Point(-76.789445 18.001926),5
27 may 2025,JM,null,Braeton Rd,Point(-76.905732 17.952868),7
27 may 2025,JM,null,Carifta Avenue,Point(-76.841444 18.013366),6
27 may 2025,JM,null,Red Hills Rd,Point(-76.805997 18.030058),5
27 may 2025,JM,null,Red Hills Rd,Point(-76.814423 18.04141),5
27 may 2025,JM,New Kingston,Chelsea Ave,Point(-76.791883 18.007565),6
27 may 2025,JM,null,T2 Kingston - Portmore Toll Rd,Point(-76.838442 17.993567),5
27 may 2025,JM,New Kingston,Trafalgar Rd,Point(-76.786693 18.010018),5
27 may 2025,JM,Kingston 10,Chisholm Ave,Point(-76.803657 18.001343),10
27 may 2025,JM,null,null,Point(-76.78892 18.007321),5
27 may 2025,JM,null,A1 (W) - Nelson Mandela Highway,Point(-76.881261 18.020483),5
27 may 2025,JM,null,A1 - North Coast Highway,Point(-77.767577 18.513285),5
27 may 2025,JM,null,A2 E - Washington Blvd,Point(-76.807442 18.027086),6
27 may 2025,JM,Old Harbour,Claremont Dr,Point(-77.113849 17.947019),5
27 may 2025,JM,Duhaney Park,Conway Dr,Point(-76.837513 18.035702),6
27 may 2025,JM,null,A4 - Port Antonia to Boundbrook Rd,Point(-76.466437 18.185235),6
27 may 2025,JM,Arcadia,Arcadia Dr,Point(-76.783641 18.037063),5
27 may 2025,JM,Portmore,Braeton Parkway,Point(-76.891299 17.964751),5
27 may 2025,JM,Spanish Town,Brunswick Ave,Point(-76.961931 18.001733),5
27 may 2025,JM,Kingston 10,Crescent Road,Point(-76.799204 18.002923),5
27 may 2025,JM,Spanish Town,Brunswick St,Point(-76.959809 18.000401),5
27 may 2025,JM,null,E Kings House Rd,Point(-76.775992 18.030241),5
27 may 2025,JM,null,Grants Pen Rd,Point(-76.792172 18.032189),5
27 may 2025,JM,Spanish Town,White Church St,Point(-76.953114 17.994371),5
27 may 2025,JM,Spanish Town,Ferdie Nieta Blvd,Point(-76.942081 17.996677),8
27 may 2025,JM,Spanish Town,Gordon Blvd,Point(-76.959442 18.022998),6
27 may 2025,JM,Kingston 10,Grove Rd,Point(-76.796447 18.004155),5
27 may 2025,JM,Kingston 20,Hughenden Ave,Point(-76.821816 18.026673),7
27 may 2025,JM,Kingston 5,Ivy Green Cr,Point(-76.792389 17.998278),9
27 may 2025,JM,Linstead,King St,Point(-77.031301 18.135006),5
27 may 2025,JM,Kingsland (Manchester),Kingsland Main Rd,Point(-77.549958 18.008099),10
27 may 2025,JM,Bog Walk,Linstead Main Rd,Point(-77.021248 18.12266),6
27 may 2025,JM,null,Michael Manley Blvd,Point(-76.770359 17.966992),10
27 may 2025,JM,null,Municipal Blvd,Point(-76.895195 18.006932),5
27 may 2025,JM,Delacree Pen,Oakland Rd,Point(-76.815485 17.997421),7
27 may 2025,JM,Delacree Pen,Oakland Rd,Point(-76.81571 17.997185),10
27 may 2025,JM,Kingston 8,Old Stony Hill Rd,Point(-76.79807 18.067622),6
27 may 2025,JM,Spanish Town,Oxford Rd.,Point(-76.956816 17.993926),5
27 may 2025,JM,Molynes Gardens,Padmore Ave,Point(-76.81341 18.016626),6
27 may 2025,JM,Molynes Gardens,Padmore Ave,Point(-76.813431 18.016172),5
27 may 2025,JM,Kingston 20,Pamela Ave,Point(-76.810545 18.031721),6
27 may 2025,JM,Havendale,Park Ave,Point(-76.807455 18.048019),5
27 may 2025,JM,null,Passage Fort Dr W,Point(-76.874464 17.982274),8
27 may 2025,JM,null,Pedro Cross to Junction Rd,Point(-77.707604 17.885219),8
27 may 2025,JM,null,Pedro Cross to Junction Rd,Point(-77.705473 17.884228),5
27 may 2025,JM,Pepper,Pepper Main Rd,Point(-77.614217 18.030848),10
27 may 2025,JM,Mandeville,Perth Rd,Point(-77.515335 18.02545),5
27 may 2025,JM,Downtown Kingston,Port Royal St,Point(-76.790465 17.965451),5
27 may 2025,JM,Downtown Kingston,Port Royal St,Point(-76.796092 17.965886),10
27 may 2025,JM,Rollington Town,Rashford Ave,Point(-76.769789 17.978341),5
27 may 2025,JM,null,Red Hills Rd,Point(-76.805676 18.027491),10
27 may 2025,JM,Kingston 6,Retreat Ave,Point(-76.771722 18.012478),10
27 may 2025,JM,null,Salt Pond Rd,Point(-76.943697 17.977738),10
27 may 2025,JM,Kingston 6,Seymour Ave,Point(-76.77378 18.014325),10
27 may 2025,JM,Kingston 6,Seymour Ave,Point(-76.774076 18.012525),10
27 may 2025,JM,null,St. Josephs Ave,Point(-76.771992 17.981258),6
27 may 2025,JM,null,Stoney Hill to Parks Road Rd,Point(-76.81839 18.089217),8
27 may 2025,JM,Downtown Kingston,Water Ln,Point(-76.799156 17.966989),10
27 may 2025,JM,Beverley (St. Ann),null,Point(-77.311076 18.461988),5
27 may 2025,JM,Kingston 20,West Main Dr,Point(-76.825734 18.026392),7
27 may 2025,JM,Mandeville,West Rd,Point(-77.523991 18.045374),5
27 may 2025,JM,Kingston 19,Woodlawn Ave,Point(-76.820444 18.037051),6
27 may 2025,JM,Linstead,King St,Point(-77.029623 18.132147),6
27 may 2025,JM,null,T3 - Edward Seaga Highway,Point(-77.033275 18.147866),5
27 may 2025,JM,null,null,Point(-76.895506 18.010572),5
27 may 2025,JM,null,> Old Harbour,Point(-77.10796 17.932835),6
27 may 2025,JM,null,A1 (E) - Nelson Mandela Highway,Point(-76.863569 18.025897),5
27 may 2025,JM,null,A1 (E) - Nelson Mandela Highway,Point(-76.875722 18.023888),5
27 may 2025,JM,null,A1 (E) - Nelson Mandela Highway,Point(-76.886022 18.017451),8
27 may 2025,JM,null,A1 (W) - Nelson Mandela Highway,Point(-76.859376 18.025839),5
27 may 2025,JM,null,A1 (W) - Nelson Mandela Highway,Point(-76.88861 18.01549),5
27 may 2025,JM,null,A1 (W) - Nelson Mandela Highway,Point(-76.886397 18.016991),10
27 may 2025,JM,null,A1 (W) - Nelson Mandela Highway,Point(-76.889629 18.014803),7
27 may 2025,JM,null,A1 (W) - Nelson Mandela Highway,Point(-76.890096 18.014488),10
27 may 2025,JM,Montego Bay,A1 - Alice Eldemire Dr,Point(-77.9216 18.454005),5
27 may 2025,JM,null,A1 - North Coast Highway,Point(-77.6952 18.490673),9
27 may 2025,JM,null,A1 - North Coast Highway,Point(-77.649108 18.473014),8
27 may 2025,JM,null,A1 - North Coast Highway,Point(-77.569252 18.472545),6
27 may 2025,JM,null,A1 - North Coast Highway,Point(-77.516031 18.465564),5
27 may 2025,JM,null,A1 - North Coast Highway,Point(-77.591483 18.475575),10
27 may 2025,JM,null,A1 - Spanish Town Rd,Point(-76.838818 18.010591),9
27 may 2025,JM,null,A1 E - Nelson Mandela Hwy,Point(-76.857435 18.026043),5
27 may 2025,JM,null,A2 - Melrose Hill Byp,Point(-77.465293 18.068595),5
27 may 2025,JM,null,A2 - Winston Jones Hwy,Point(-77.531295 18.042871),6
27 may 2025,JM,null,A2 E - Washington Blvd,Point(-76.813875 18.027468),10
27 may 2025,JM,null,A2 E - Washington Blvd,Point(-76.815774 18.027121),10
27 may 2025,JM,null,A2 E - Washington Blvd,Point(-76.811706 18.027538),6
27 may 2025,JM,null,A2 E - Washington Blvd,Point(-76.810697 18.02749),5
27 may 2025,JM,Constant Spring,A3 - Stony Hill Rd,Point(-76.793675 18.055723),5
27 may 2025,JM,Goshen (St. Elizabeth),Goshen Main Rd,Point(-77.631862 18.043994),10
27 may 2025,JM,Gutters (St. Elizabeth),Gutters Main Rd,Point(-77.591583 18.015864),10
27 may 2025,JM,null,Hope Rd,Point(-76.784428 18.017194),5
27 may 2025,JM,Kingston 10,Lady Musgrave Rd,Point(-76.77883 18.008797),5
27 may 2025,JM,Three Miles,Marcus Garvey Dr,Point(-76.827137 17.995594),8
27 may 2025,JM,null,Marcus Garvey Dr,Point(-76.826375 17.9871),5
27 may 2025,JM,New Kingston,Oxford Rd,Point(-76.790169 18.002095),6
27 may 2025,JM,null,Pedro Cross to Junction Rd,Point(-77.693534 17.882754),5
27 may 2025,JM,Downtown Kingston,Port Royal St,Point(-76.798784 17.966122),7
27 may 2025,JM,Kingston 4,South Camp Rd,Point(-76.779853 17.982695),8
27 may 2025,JM,null,T1 (E) - East West Hwy,Point(-76.951065 17.973808),5
27 may 2025,JM,null,T1 (E) - East West Hwy,Point(-77.027655 17.956129),8
27 may 2025,JM,null,T1 (E) - East West Hwy,Point(-76.949058 17.974324),6
27 may 2025,JM,null,T1 (E) - East West Hwy,Point(-77.009592 17.965186),6
27 may 2025,JM,null,T1 (E) - East West Hwy,Point(-77.053064 17.949821),6
27 may 2025,JM,null,T1 (E) - East West Hwy,Point(-76.931987 17.977864),5
27 may 2025,JM,null,T1 (E) - East West Hwy,Point(-77.180934 17.92932),5
27 may 2025,JM,null,T1 (E) - East West Hwy,Point(-76.952621 17.973552),8
27 may 2025,JM,null,T1 (E) - East West Hwy,Point(-77.279027 17.962567),9
27 may 2025,JM,null,T1 (E) - East West Hwy,Point(-77.435299 18.03911),5
27 may 2025,JM,null,T1 (E) - East West Hwy,Point(-77.416954 18.020784),5
27 may 2025,JM,null,T1 (W) - East West Hwy,Point(-77.034005 17.954974),5
27 may 2025,JM,null,T1 (W) - East West Hwy,Point(-77.00329 17.968297),6
27 may 2025,JM,null,T1 (W) - East West Hwy,Point(-77.425876 18.029158),6
27 may 2025,JM,null,T1 (W) - East West Hwy,Point(-77.006689 17.966568),5
27 may 2025,JM,null,T1 (W) - East West Hwy,Point(-77.289926 17.95938),8
27 may 2025,JM,null,T1 (W) - East West Hwy,Point(-76.920307 17.984642),5
27 may 2025,JM,null,T1 (W) - East West Hwy,Point(-77.375937 17.973159),7
27 may 2025,JM,null,T1 (W) - East West Hwy,Point(-77.131487 17.926923),7
27 may 2025,JM,null,T1 - East West Hwy,Point(-77.106995 17.933527),10
27 may 2025,JM,null,T3 - Edward Seaga Highway,Point(-77.073436 18.215864),9
27 may 2025,JM,null,T3 - Edward Seaga Highway,Point(-77.111942 18.252598),6
27 may 2025,JM,null,T3 - Edward Seaga Highway,Point(-77.137965 18.315089),10
27 may 2025,JM,null,T3 - Edward Seaga Highway,Point(-77.114858 18.255835),6
27 may 2025,JM,null,T3 - Edward Seaga Highway,Point(-77.00784 18.082634),6
27 may 2025,JM,null,T3 - Edward Seaga Highway,Point(-77.072928 18.215528),5
27 may 2025,JM,New Kingston,Trafalgar Rd,Point(-76.790941 18.012929),6
27 may 2025,JM,Tryall (Hanover),A1 - Kew Bridge to Great River Rd,Point(-78.054561 18.449846),5
27 may 2025,JM,null,A1 - North Coast Highway,Point(-77.623698 18.483474),6
27 may 2025,JM,null,A1 - North Coast Highway,Point(-77.580495 18.471981),6
27 may 2025,JM,null,Mannings Hill Rd,Point(-76.802327 18.047541),5
27 may 2025,JM,null,T3 - Edward Seaga Highway,Point(-76.996803 18.073859),8
27 may 2025,JM,null,T3 - Edward Seaga Highway,Point(-77.003673 18.07982),6
27 may 2025,JM,null,T3 - Edward Seaga Highway,Point(-76.996065 18.073006),5
27 may 2025,JM,null,T3 - Edward Seaga Highway,Point(-77.035444 18.16255),5
27 may 2025,JM,null,T3 - Edward Seaga Highway,Point(-77.03254 18.149262),6
27 may 2025,JM,null,T3 - Edward Seaga Highway,Point(-77.040227 18.123368),7
27 may 2025,JM,null,A1 (W) - Nelson Mandela Highway,Point(-76.857434 18.02586),5
27 may 2025,JM,null,A1 (W) - Nelson Mandela Highway,Point(-76.876253 18.023453),5
27 may 2025,JM,null,A1 - North Coast Highway,Point(-77.770101 18.514029),5
27 may 2025,JM,null,A1 - Spanish Town Rd,Point(-76.831598 18.003979),6
27 may 2025,JM,null,A1 - Spanish Town Rd,Point(-76.834605 18.006913),5
27 may 2025,JM,null,A1 - Spanish Town Rd,Point(-76.812192 17.986571),5
27 may 2025,JM,Montego Bay,A1 - Sunset Blvd,Point(-77.922897 18.49166),5
27 may 2025,JM,Kingston,A2 (W) - Washington Blvd,Point(-76.833843 18.025551),5
27 may 2025,JM,Kingston,A2 (W) - Washington Blvd,Point(-76.827352 18.025059),5
27 may 2025,JM,null,A2 E - Dunrobin Ave,Point(-76.802518 18.025965),5
27 may 2025,JM,null,A2 E - Dunrobin Ave,Point(-76.801858 18.025778),5
27 may 2025,JM,null,A3 - Half Way Tree Rd,Point(-76.790072 17.998415),5
27 may 2025,JM,Ocho Rios,A3 - Milford Rd,Point(-77.100818 18.398217),5
27 may 2025,JM,Kingston 10,Ardenne Rd,Point(-76.784022 18.015399),5
27 may 2025,JM,Delacree Pen,Ashenheim Rd,Point(-76.825824 17.992647),7
27 may 2025,JM,Barbican,Barbican Rd,Point(-76.772778 18.030746),5
27 may 2025,JM,Kingston 5,Beechwood Ave,Point(-76.79509 17.99973),5
27 may 2025,JM,New Kingston,Belmont Rd,Point(-76.783502 18.003436),5
27 may 2025,JM,Kingston 10,Cargill Ave,Point(-76.797305 18.006123),6
27 may 2025,JM,Duhaney Park,Duhaney Dr,Point(-76.84655 18.030298),5
27 may 2025,JM,null,Dyke Rd,Point(-76.880117 18.004035),5
27 may 2025,JM,Montego Bay,Hart St,Point(-77.919148 18.469369),5
27 may 2025,JM,null,Hope Rd,Point(-76.784834 18.017016),5
27 may 2025,JM,null,Marcus Garvey Dr,Point(-76.81704 17.978893),5
27 may 2025,JM,null,Marescaux Rd,Point(-76.786272 17.987915),5
27 may 2025,JM,Catherine Hall,Montego Bay Sport Complex,Point(-77.923566 18.458948),5
27 may 2025,JM,null,Old Hope Rd,Point(-76.787249 17.994849),5
27 may 2025,JM,null,Red Hills Rd,Point(-76.798345 18.021128),5
27 may 2025,JM,null,Red Hills Rd,Point(-76.814557 18.041702),5
27 may 2025,JM,Montego Bay,Salt Spring Rd,Point(-77.906808 18.479118),5
27 may 2025,JM,Olympic Gardens,Seaward Dr,Point(-76.820828 18.021344),5
27 may 2025,JM,Spanish Town,Sligoville Main Rd,Point(-76.948368 17.997128),5
27 may 2025,JM,null,South Camp Rd,Point(-76.78079 17.980134),5
27 may 2025,JM,Mineral Heights,Trenton Rd,Point(-77.240053 17.943042),5
27 may 2025,JM,Kingston 10,West Ave,Point(-76.800416 18.030781),5
27 may 2025,JM,Westgate Hills,Westgate Hills Blvd,Point(-77.912066 18.461825),5
27 may 2025,JM,null,A1 (W) - Nelson Mandela Highway,Point(-76.87675 18.02322),10
27 may 2025,JM,null,A1 (W) - Nelson Mandela Highway,Point(-76.861318 18.025806),5
27 may 2025,JM,null,A1 - Spanish Town Rd,Point(-76.818742 17.992),5
27 may 2025,JM,null,A1 - Spanish Town Rd,Point(-76.841138 18.012709),5
27 may 2025,JM,null,A1 - Spanish Town Rd,Point(-76.841056 18.012631),6
27 may 2025,JM,Reading,B8 - Long Hill Rd,Point(-77.947003 18.435496),5
27 may 2025,JM,null,Dyke Rd,Point(-76.890743 18.00358),5
27 may 2025,JM,Delacree Pen,East Bell Rd,Point(-76.821177 17.990945),5
27 may 2025,JM,null,Grants Pen Rd,Point(-76.791068 18.031722),6
27 may 2025,JM,Arnette Gardents,Greenwich Rd,Point(-76.796332 17.991478),5
27 may 2025,JM,Kingston 10,Lady Musgrave Rd,Point(-76.781091 18.002563),5
27 may 2025,JM,Three Miles,Marcus Garvey Dr,Point(-76.826039 17.996891),5
27 may 2025,JM,Three Miles,Marcus Garvey Dr,Point(-76.825599 17.997441),6
27 may 2025,JM,null,A1 - North Coast Highway,Point(-77.23982 18.453856),5
27 may 2025,JM,Rose Hall,A1 - North Coast Highway,Point(-77.81877 18.520824),5
27 may 2025,JM,null,A1 - Spanish Town Rd,Point(-76.822519 17.995504),6
27 may 2025,JM,null,A1 - Spanish Town Rd,Point(-76.819408 17.992556),8
27 may 2025,JM,Montego Bay,A1 - Sunset Blvd,Point(-77.924515 18.490623),5
27 may 2025,JM,Montego Bay,A1 - Sunset Blvd,Point(-77.923336 18.49137),5
27 may 2025,JM,Three Miles,A1 - Three Mile Overpass,Point(-76.825106 17.997959),5
27 may 2025,JM,null,A2 - Old Harbour Rd,Point(-77.013689 17.97512),5
27 may 2025,JM,null,A2 E - Dunrobin Ave,Point(-76.797167 18.025041),5
27 may 2025,JM,Half Way Tree,A3 (N) - Constant Spring Rd,Point(-76.79641 18.021366),5
27 may 2025,JM,Port Maria,A3 - Stennett St,Point(-76.896017 18.360141),5
27 may 2025,JM,Seven Miles,A4 - Harbour View to Bull Bay Rd,Point(-76.699957 17.947659),5
27 may 2025,JM,Mount Salem,Austin Ave,Point(-77.905483 18.468083),5
27 may 2025,JM,Portmore,Braeton Rd,Point(-76.919255 17.948178),5
27 may 2025,JM,Spanish Town,Burke Rd,Point(-76.951502 17.991557),5
27 may 2025,JM,Duhaney Park,Daytona Dr,Point(-76.840128 18.035389),5
27 may 2025,JM,null,Dyke Rd,Point(-76.877865 18.003574),10
27 may 2025,JM,null,Dyke Rd,Point(-76.892387 18.003682),6
27 may 2025,JM,Poor Mans Corner,Factory Rd,Point(-76.586007 17.88421),5
27 may 2025,JM,Kingston 10,Fairlane Dr,Point(-76.80551 18.024816),5
27 may 2025,JM,Gregory Park,Gregory Park Main Rd,Point(-76.892544 18.002925),5
27 may 2025,JM,Kingston 10,Hagley Park Rd,Point(-76.806946 18.008769),10
27 may 2025,JM,Downtown Kingston,Harbour St,Point(-76.785603 17.965561),5
27 may 2025,JM,null,Hellshire Main Rd,Point(-76.89803 17.953878),5
27 may 2025,JM,null,Hellshire Main Rd,Point(-76.897713 17.952216),6
27 may 2025,JM,null,Junction to Downs Rd,Point(-77.602337 17.926756),5
27 may 2025,JM,New Kingston,Knutsford Blvd,Point(-76.78748 18.004984),5
27 may 2025,JM,Barbican,Liguanea Ave,Point(-76.769782 18.024098),5
27 may 2025,JM,null,Mannings Hill Rd,Point(-76.801903 18.046453),5
27 may 2025,JM,null,Old Hope Road,Point(-76.746271 18.015945),5
27 may 2025,JM,Kingston 8,Olivier Rd,Point(-76.788504 18.045179),5
27 may 2025,JM,Kingston 6,Seymour Ave,Point(-76.774773 18.010471),5
27 may 2025,JM,null,T3 - Edward Seaga Highway,Point(-76.969969 18.038903),5
27 may 2025,JM,Falmouth,Tharpe St,Point(-77.651381 18.491326),5
27 may 2025,JM,Three Miles,Three Mile Overpass,Point(-76.826663 17.996438),5
27 may 2025,JM,Kingston 10,Waterloo Rd,Point(-76.791939 18.016276),5
27 may 2025,JM,Kingston 10,West Kings House Rd,Point(-76.796185 18.021052),5
27 may 2025,JM,Spanish Town,White Church St,Point(-76.948055 17.987001),5
27 may 2025,JM,null,T2 Kingston - Portmore Toll Rd,Point(-76.845758 17.971338),8
27 may 2025,JM,null,A1 (W) - Nelson Mandela Highway,Point(-76.895092 18.011126),5
27 may 2025,JM,null,A1 - Golden Grove to Davis Town Rd,Point(-77.165451 18.366682),5
27 may 2025,JM,null,A1 - North Coast Highway,Point(-77.62451 18.483332),5
27 may 2025,JM,Bull Bay,A4 - Harbour View to Bull Bay Rd,Point(-76.664886 17.940813),5
27 may 2025,JM,Bull Bay,A4 - Southern Coastal Highway,Point(-76.663447 17.941094),5
27 may 2025,JM,Vineyard Town,Antrim Cres,Point(-76.774868 17.990639),5
27 may 2025,JM,Kingston 6,Hope Rd,Point(-76.770623 18.020927),5
27 may 2025,JM,null,Kew to Mosquito Cove Rd,Point(-78.137009 18.426417),5
27 may 2025,JM,Olympic Gardens,Locksley Hemmings Way,Point(-76.821562 18.017608),5
27 may 2025,JM,null,St. John's Rd,Point(-76.991726 18.006392),5
27 may 2025,JM,null,Sundown Cr,Point(-76.815864 18.020408),5
27 may 2025,JM,null,T1 (E) - East West Hwy,Point(-77.299889 17.959144),6
27 may 2025,JM,null,T1 (E) - East West Hwy,Point(-77.053278 17.949685),5
27 may 2025,JM,null,T3 - Edward Seaga Highway,Point(-77.166265 18.391194),6
27 may 2025,JM,null,A2 E - Washington Blvd,Point(-76.812315 18.027538),10
27 may 2025,JM,null,A2 E - Washington Blvd,Point(-76.814604 18.027341),5
27 may 2025,JM,Stokes Hall,A4 - Golden Grove to Belle Castle Rd,Point(-76.284862 17.924853),5
27 may 2025,JM,null,A4 - Grants Pen to Albion Rd,Point(-76.610011 17.895317),6
27 may 2025,JM,Morant Bay,A4 - Morant Bay to Lyssons Rd,Point(-76.40054 17.882278),5
27 may 2025,JM,Yallahs,A4 - Yallahs to Pomfret Rd,Point(-76.562497 17.872842),5
27 may 2025,JM,null,B8 - Anchovy to Shettlewood Rd,Point(-77.933154 18.37568),5
27 may 2025,JM,null,B8 - Anchovy to Shettlewood Rd,Point(-77.934006 18.384022),5
27 may 2025,JM,null,Braeton Rd,Point(-76.907974 17.951874),6
27 may 2025,JM,Cumberland (Portmore),New Land Rd,Point(-76.887636 17.971584),5
27 may 2025,JM,Delacree Pen,Payne Ave,Point(-76.820954 17.997082),5
27 may 2025,JM,Kingston 6,Seymour Ave,Point(-76.774871 18.010117),5
27 may 2025,JM,null,South Camp Rd,Point(-76.781723 17.977403),5
27 may 2025,JM,null,T3 - Edward Seaga Highway,Point(-76.99389 18.067606),8
27 may 2025,JM,null,T3 - Edward Seaga Highway,Point(-77.161424 18.367832),8
27 may 2025,JM,null,T3 - Edward Seaga Highway,Point(-77.036801 18.165577),8
27 may 2025,JM,null,T3 - Edward Seaga Highway,Point(-77.118314 18.261978),7
27 may 2025,JM,null,null,Point(-77.722442 17.892772),6
27 may 2025,JM,null,A1 - Green Island to Negril Rd,Point(-78.302208 18.375983),10
27 may 2025,JM,null,A1 - Spanish Town Rd,Point(-76.846428 18.017621),9
27 may 2025,JM,null,A1 - Spanish Town Rd,Point(-76.821585 17.994489),9
27 may 2025,JM,Lucea,A1 - Watson Taylor Dr,Point(-78.172085 18.451816),6
27 may 2025,JM,Six Miles,A2 (E) - Washington Blvd,Point(-76.822911 18.025293),7
27 may 2025,JM,Kingston 10,A3 - Balmoral Ave,Point(-76.800066 18.005103),8
27 may 2025,JM,Colegate,A3 - Hopewell to Colegate Rd,Point(-77.087359 18.348958),6
27 may 2025,JM,Temple Hall,A3 - Main Rd,Point(-76.815494 18.100489),10
27 may 2025,JM,Stokes Hall,A4 - Golden Grove to Belle Castle Rd,Point(-76.282184 17.926985),6
27 may 2025,JM,null,A4 - Port Morant to Stokes Hall Rd,Point(-76.313819 17.895287),5
27 may 2025,JM,Leith Hall,A4 - Prospect to Port Morant Rd,Point(-76.341916 17.873458),6
27 may 2025,JM,Nain,Alpart Road,Point(-77.59412 17.979308),5
27 may 2025,JM,Nain,Alpart Road,Point(-77.593369 17.981512),9
27 may 2025,JM,Nain,Alpart Road,Point(-77.59554 17.978955),5
27 may 2025,JM,null,B7,Point(-77.945838 18.340806),5
27 may 2025,JM,null,B7,Point(-77.957159 18.268097),5
27 may 2025,JM,null,B7,Point(-77.95652 18.241984),6
27 may 2025,JM,null,B8 - Anchovy to Shettlewood Rd,Point(-77.933657 18.380329),5
27 may 2025,JM,Reading,B8 - Long Hill Rd,Point(-77.94824 18.438036),8
27 may 2025,JM,null,B8 - Shettlewood to Mackfield Rd,Point(-77.966902 18.345692),7
27 may 2025,JM,Olympic Gardens,Brettford Ave,Point(-76.821067 18.018347),10
27 may 2025,JM,Waltham Gardens,Campbell Blvd,Point(-76.819179 18.01264),7
27 may 2025,JM,Waltham Gardens,Campbell Blvd,Point(-76.81807 18.012259),8
27 may 2025,JM,Franklyn Town,Camperdown Rd,Point(-76.771223 17.974598),6
27 may 2025,JM,null,Deanery Rd,Point(-76.772323 17.981357),9
27 may 2025,JM,null,Dump to Craig Head Rd,Point(-77.525558 18.224408),6
27 may 2025,JM,Kingston 19,Emerald Dr,Point(-76.819084 18.038956),5
27 may 2025,JM,Gutters (St. Elizabeth),Gutters to Downs Rd,Point(-77.589549 17.995831),8
27 may 2025,JM,Havendale,Havendale Dr,Point(-76.812939 18.046136),5
27 may 2025,JM,Spanish Town,King St,Point(-76.95529 17.997511),10
27 may 2025,JM,Linstead,King St,Point(-77.030818 18.133684),6
27 may 2025,JM,Kingston 10,Kings Cr,Point(-76.803263 18.003004),5
27 may 2025,JM,Kingsland (Manchester),Kingsland Main Rd,Point(-77.547054 18.010101),7
27 may 2025,JM,Bog Walk,Linstead Main Rd,Point(-77.021967 18.12383),5
27 may 2025,JM,null,Maxfield Ave,Point(-76.803434 18.000606),10
27 may 2025,JM,Olympic Gardens,Mimosa Ave,Point(-76.82059 18.016427),7
27 may 2025,JM,null,Molynes Rd,Point(-76.821444 18.04257),8
27 may 2025,JM,Portmore,Municipal Blvd,Point(-76.901307 17.961459),10
27 may 2025,JM,Rhyne Park Village,N View Dr,Point(-77.7999 18.501685),6
27 may 2025,JM,Greater Portmore,NW 6th St,Point(-76.91368 17.947667),7
27 may 2025,JM,Spanish Town,Old Harbour Rd,Point(-76.964813 17.993298),5
27 may 2025,JM,Molynes Gardens,Padmore Ave,Point(-76.813398 18.016857),5
27 may 2025,JM,null,Pedro Cross to Junction Rd,Point(-77.684936 17.877158),5
27 may 2025,JM,Mandeville,Perth Rd,Point(-77.522885 18.026306),5
27 may 2025,JM,Downtown Kingston,Port Royal St,Point(-76.792516 17.965622),10
27 may 2025,JM,null,Red Hills Rd,Point(-76.816643 18.043429),5
27 may 2025,JM,Spanish Town,Salt Pond Rd,Point(-76.947648 17.985953),10
27 may 2025,JM,Olympic Gardens,Seaward Dr,Point(-76.820656 18.021688),10
27 may 2025,JM,Spanish Town,Sligoville Main Rd,Point(-76.951234 18.01034),5
27 may 2025,JM,null,Stoney Hill to Parks Road Rd,Point(-76.815364 18.086165),9
27 may 2025,JM,null,T3 - Edward Seaga Highway,Point(-76.952561 18.031781),5
27 may 2025,JM,Kingston 10,Wentworth Ave,Point(-76.800461 18.031357),8
27 may 2025,JM,Kingston 10,West Kings House Rd,Point(-76.793771 18.021381),6
27 may 2025,JM,Spanish Town,William St,Point(-76.964284 17.997987),5
27 may 2025,JM,Kingston 19,Woodhaven Rd,Point(-76.81464 18.033924),5
27 may 2025,JM,Sandy Bay (Hanover),A1 - Kew Bridge to Great River Rd,Point(-78.087854 18.450017),5
27 may 2025,JM,null,A1 - Spanish Town By-pass Rd,Point(-76.959298 17.988588),5
27 may 2025,JM,null,Dyke Rd,Point(-76.877673 18.003503),5
27 may 2025,JM,Spanish Town,Main Rd,Point(-76.945222 17.996068),5
27 may 2025,JM,null,null,Point(-76.894245 18.003437),6
27 may 2025,JM,Unity Valley,null,Point(-77.115716 18.259646),5
27 may 2025,JM,null,A1 (E) - Nelson Mandela Highway,Point(-76.877209 18.023218),7
27 may 2025,JM,null,A1 (E) - Nelson Mandela Highway,Point(-76.892119 18.013273),8
27 may 2025,JM,null,A1 (W) - Nelson Mandela Highway,Point(-76.884655 18.018174),5
27 may 2025,JM,Kingston 8,Whitehall Ave,Point(-76.803021 18.040463),6
27 may 2025,JM,null,A1 (W) - Nelson Mandela Highway,Point(-76.857853 18.025857),10
27 may 2025,JM,null,A1 (W) - Nelson Mandela Highway,Point(-76.894878 18.01127),10
27 may 2025,JM,null,A1 (W) - Nelson Mandela Highway,Point(-76.866091 18.025725),6
27 may 2025,JM,null,A1 (W) - Nelson Mandela Highway,Point(-76.891232 18.013724),8
27 may 2025,JM,null,Stoney Hill to Parks Road Rd,Point(-76.82084 18.089503),6
27 may 2025,JM,null,Salt Pond Rd,Point(-76.940847 17.972135),10
27 may 2025,JM,null,A1 (W) - Nelson Mandela Highway,Point(-76.863512 18.025769),5
27 may 2025,JM,null,A1 (W) - Nelson Mandela Highway,Point(-76.886346 18.017027),9
27 may 2025,JM,null,A1 - North Coast Highway,Point(-77.724985 18.508452),7
27 may 2025,JM,null,A1 - North Coast Highway,Point(-77.515331 18.465425),6
27 may 2025,JM,null,A1 - River Rd,Point(-76.993637 18.087875),6
27 may 2025,JM,null,A1 - River Rd,Point(-76.997538 18.089742),6
27 may 2025,JM,null,A1 - Spanish Town Rd,Point(-76.827848 18.000553),9
27 may 2025,JM,Kingston,A2 (W) - Washington Blvd,Point(-76.836331 18.025873),6
27 may 2025,JM,Delacree Pen,Oakland Rd,Point(-76.815593 17.997317),5
27 may 2025,JM,null,A2 E - Dunrobin Ave,Point(-76.801758 18.025754),6
27 may 2025,JM,null,A2 W - Washington Blvd,Point(-76.815161 18.027127),7
27 may 2025,JM,Kingston 10,A3 (S) - Constant Spring Rd,Point(-76.796442 18.025175),5
27 may 2025,JM,Constant Spring,A3 - Stony Hill Rd,Point(-76.793657 18.055401),7
27 may 2025,JM,Kingston 20,Molynes Rd,Point(-76.82078 18.024204),6
27 may 2025,JM,null,A4 - Sir Florizel Glaspole Blvd,Point(-76.735423 17.966141),7
27 may 2025,JM,Cottage Pen,B8 - Anchovy to Shettlewood Rd,Point(-77.937172 18.393311),5
27 may 2025,JM,Reading,B8 - Long Hill Rd,Point(-77.947921 18.437733),5
27 may 2025,JM,Reading,B8 - Long Hill Rd,Point(-77.946792 18.435291),5
27 may 2025,JM,Bog Walk,Linstead Main Rd,Point(-77.024274 18.126773),6
27 may 2025,JM,null,Dyke Rd,Point(-76.890551 18.003568),9
27 may 2025,JM,null,Hope Rd,Point(-76.784341 18.017234),5
27 may 2025,JM,null,Lakes Pen Rd,Point(-76.895663 18.003995),6
27 may 2025,JM,null,Marcus Garvey Dr,Point(-76.809602 17.972391),5
27 may 2025,JM,Portmore,Municipal Blvd,Point(-76.900748 17.964685),6
27 may 2025,JM,null,Munroe Rd,Point(-76.770634 18.01637),6
27 may 2025,JM,Downtown Kingston,Port Royal St,Point(-76.797364 17.965988),5
27 may 2025,JM,null,T1 (E) - East West Hwy,Point(-76.997065 17.971551),5
27 may 2025,JM,Spanish Town,Gordon Blvd,Point(-76.959705 18.016259),5
27 may 2025,JM,Molynes Gardens,Colbeck Ave,Point(-76.813994 18.018518),6
27 may 2025,JM,null,T1 (E) - East West Hwy,Point(-77.052625 17.950094),10
27 may 2025,JM,null,T1 (E) - East West Hwy,Point(-77.207647 17.932075),6
27 may 2025,JM,null,T1 (E) - East West Hwy,Point(-77.005668 17.967189),5
27 may 2025,JM,null,T1 (E) - East West Hwy,Point(-77.026156 17.95674),10
27 may 2025,JM,Waltham Gardens,Campbell Blvd,Point(-76.816072 18.011542),7
27 may 2025,JM,null,T1 (E) - East West Hwy,Point(-77.00381 17.968137),10
27 may 2025,JM,null,T1 (W) - East West Hwy,Point(-77.269219 17.962884),5
27 may 2025,JM,null,T1 (W) - East West Hwy,Point(-77.407783 18.007836),5
27 may 2025,JM,null,T1 (W) - East West Hwy,Point(-76.998369 17.970792),7
27 may 2025,JM,null,T1 (W) - East West Hwy,Point(-77.31627 17.956573),9
27 may 2025,JM,null,T1 (W) - East West Hwy,Point(-76.916241 17.984778),6
27 may 2025,JM,null,B7,Point(-77.937041 18.203545),5
27 may 2025,JM,null,T1 (W) - East West Hwy,Point(-77.311207 17.957404),6
27 may 2025,JM,null,T1 (W) - East West Hwy,Point(-76.916473 17.984772),7
27 may 2025,JM,null,T1 (W) - East West Hwy,Point(-76.945334 17.975438),7
27 may 2025,JM,null,T1 (W) - East West Hwy,Point(-77.393082 17.988389),7
27 may 2025,JM,null,T1 (W) - East West Hwy,Point(-77.199586 17.932483),8
27 may 2025,JM,null,T1 (W) - East West Hwy,Point(-76.955672 17.973373),6
27 may 2025,JM,Leith Hall,A4 - Prospect to Port Morant Rd,Point(-76.336616 17.878342),6
27 may 2025,JM,Amity Hall (St. Thomas),A4 - Golden Grove to Belle Castle Rd,Point(-76.249363 17.955221),5
27 may 2025,JM,null,T1 (W) - East West Hwy,Point(-77.433951 18.035209),8
27 may 2025,JM,null,T1 (W) - East West Hwy,Point(-76.899306 17.992286),5
27 may 2025,JM,null,T1 (W) - East West Hwy,Point(-77.014139 17.962764),5
27 may 2025,JM,null,T1 - East West Hwy,Point(-76.964474 17.973462),7
27 may 2025,JM,null,T1 - May Pen Toll Plaza,Point(-77.237804 17.938834),6
27 may 2025,JM,null,T2 Kingston - Portmore Toll Rd,Point(-76.843112 17.97274),5
27 may 2025,JM,null,T2 Kingston - Portmore Toll Rd,Point(-76.841256 17.981676),8
27 may 2025,JM,null,T2 Kingston - Portmore Toll Rd,Point(-76.846866 17.970967),6
27 may 2025,JM,null,T3 - Edward Seaga Highway,Point(-77.088055 18.236868),5
27 may 2025,JM,null,T3 - Edward Seaga Highway,Point(-76.970418 18.039908),5
27 may 2025,JM,null,T3 - Edward Seaga Highway,Point(-77.124455 18.285293),5
27 may 2025,JM,null,T3 - Edward Seaga Highway,Point(-77.000094 18.079475),10
27 may 2025,JM,null,T3 - Edward Seaga Highway,Point(-77.040365 18.121523),5
27 may 2025,JM,null,T3 - Edward Seaga Highway,Point(-76.916132 18.024114),6
27 may 2025,JM,null,T3 - Edward Seaga Highway,Point(-76.967263 18.03555),6
27 may 2025,JM,null,T3 - Edward Seaga Highway,Point(-77.011626 18.097436),5
27 may 2025,JM,null,T3 - Edward Seaga Highway,Point(-77.040541 18.125133),6
27 may 2025,JM,Kingston 6,Seymour Ave,Point(-76.773859 18.013585),5
27 may 2025,JM,null,T3 - Edward Seaga Highway,Point(-77.072812 18.21545),10
27 may 2025,JM,null,T3 - Edward Seaga Highway,Point(-77.037666 18.201077),5
27 may 2025,JM,null,T3 - Edward Seaga Highway,Point(-76.926337 18.027481),8
27 may 2025,JM,null,T3 - Edward Seaga Highway,Point(-77.124747 18.285757),10
27 may 2025,JM,null,A4 - Prospect to Port Morant Rd,Point(-76.333189 17.885337),5
27 may 2025,JM,null,T3 - Edward Seaga Highway,Point(-77.039055 18.110942),5
27 may 2025,JM,null,T3 - Edward Seaga Highway,Point(-77.138094 18.315226),9
27 may 2025,JM,null,T3 - Edward Seaga Highway,Point(-77.043144 18.204354),5
27 may 2025,JM,null,Waltham Park Rd,Point(-76.817425 18.008675),5
27 may 2025,JM,null,A4 - Eleven Miles to Grants Pen Rd,Point(-76.632421 17.91827),10
27 may 2025,JM,null,T3 - Edward Seaga Highway,Point(-77.040848 18.116428),8
27 may 2025,JM,Spanish Town,Young St,Point(-76.955397 17.993338),5
27 may 2025,JM,null,T3 - Edward Seaga Highway,Point(-77.121839 18.279281),5
27 may 2025,JM,null,T3 - Edward Seaga Highway,Point(-77.037505 18.106816),8
27 may 2025,JM,null,T3 - Edward Seaga Highway,Point(-77.10205 18.244999),6
27 may 2025,JM,null,T3 - Edward Seaga Highway,Point(-77.027927 18.100605),5
27 may 2025,JM,null,T3 - Edward Seaga Highway,Point(-77.120598 18.266422),7
27 may 2025,JM,null,T3 - Edward Seaga Highway,Point(-77.039664 18.137567),6
27 may 2025,JM,null,null,Point(-76.965552 17.992475),5
27 may 2025,JM,null,null,Point(-76.965455 17.992815),5
27 may 2025,JM,null,A1 (W) - Nelson Mandela Highway,Point(-76.885326 18.017719),5
27 may 2025,JM,Forest Hills,Elmwood Ter,Point(-76.824741 18.047436),6
27 may 2025,JM,null,A1 (W) - Nelson Mandela Highway,Point(-76.866191 18.025724),5
27 may 2025,JM,null,A1 (W) - Nelson Mandela Highway,Point(-76.893202 18.012398),5
27 may 2025,JM,null,A1 - Spanish Town Rd,Point(-76.836278 18.008232),6
27 may 2025,JM,Hopewell,A1 - Kew Bridge to Great River Rd,Point(-78.008559 18.456111),5
27 may 2025,JM,null,A1 - Spanish Town Rd,Point(-76.819137 17.992326),5
27 may 2025,JM,null,A1 - Spanish Town Rd,Point(-76.850881 18.021704),5
27 may 2025,JM,null,A1 - Spanish Town Rd,Point(-76.843432 18.014871),5
27 may 2025,JM,Montego Bay,null,Point(-77.917646 18.495016),5
27 may 2025,JM,null,A1 - Spanish Town Rd,Point(-76.821352 17.994326),5
27 may 2025,JM,null,A1 - Spanish Town Rd,Point(-76.847601 18.018699),5
27 may 2025,JM,null,A1 - Spanish Town Rd,Point(-76.823299 17.996342),5
27 may 2025,JM,null,A1 - Spanish Town Rd,Point(-76.83614 18.008322),5
27 may 2025,JM,null,A1 - Spanish Town Rd,Point(-76.836006 18.007977),5
27 may 2025,JM,Three Miles,A1 - Spanish Town Rd,Point(-76.826836 17.999649),6
27 may 2025,JM,null,A1 - Walks Rd,Point(-76.977807 18.028213),5
27 may 2025,JM,null,A1 - Walks Rd,Point(-76.977691 18.027518),5
27 may 2025,JM,null,St. John's Rd,Point(-76.9924 18.006658),5
27 may 2025,JM,null,A2 - Old Harbour Rd,Point(-76.969762 17.992878),5
27 may 2025,JM,Cross Roads,A3 - Slipe Rd,Point(-76.788063 17.993412),5
27 may 2025,JM,Mount Salem,Mount Salem Rd,Point(-77.905 18.466795),5
27 may 2025,JM,Barbican,Barbican Rd,Point(-76.768772 18.028762),5
27 may 2025,JM,Barbican,Barbican Rd,Point(-76.774469 18.030807),5
27 may 2025,JM,Kingston 10,Kingsway,Point(-76.789137 18.015167),6
27 may 2025,JM,null,Braeton Rd,Point(-76.904317 17.953486),5
27 may 2025,JM,null,Dyke Rd,Point(-76.882247 18.003852),5
27 may 2025,JM,null,Dyke Rd,Point(-76.879428 18.003957),5
27 may 2025,JM,Eltham,Exchange Rd,Point(-77.069215 18.405165),5
27 may 2025,JM,Fairfield,Fairfield Ave,Point(-77.911769 18.453224),5
27 may 2025,JM,null,Hope Rd,Point(-76.783748 18.017492),7
27 may 2025,JM,Kingsland (Manchester),Kingsland Main Rd,Point(-77.541265 18.013158),5
27 may 2025,JM,Kingston 8,Mannings Hill Rd,Point(-76.798765 18.039997),5
27 may 2025,JM,Fairfield,Fairfield Ave,Point(-77.905966 18.452763),5
27 may 2025,JM,null,Marcus Garvey Dr,Point(-76.829102 17.993266),5
27 may 2025,JM,null,Marcus Garvey Dr,Point(-76.828359 17.994315),6
27 may 2025,JM,null,Melrose Ave,Point(-76.802898 18.00038),5
27 may 2025,JM,Portmore,New Land Rd,Point(-76.8879 17.967483),5
27 may 2025,JM,Montego Bay,Dudley Kassin Dr,Point(-77.914595 18.465602),5
27 may 2025,JM,Kingston 5,Old Hope Rd,Point(-76.778963 18.003505),5
27 may 2025,JM,Downtown Kingston,Pechon St,Point(-76.797019 17.966215),5
27 may 2025,JM,Barbican,Barbican Rd,Point(-76.779084 18.031719),10
27 may 2025,JM,Montego Bay,Queens Dr,Point(-77.926559 18.479491),5
27 may 2025,JM,null,Red Hills Rd,Point(-76.81459 18.041922),5
27 may 2025,JM,Olympic Gardens,Seaward Dr,Point(-76.821487 18.020003),5
27 may 2025,JM,Kingston 10,South Ave,Point(-76.796237 18.017974),5
27 may 2025,JM,null,St. John's Rd,Point(-76.998445 18.006745),5
27 may 2025,JM,Three Miles,Three Mile Overpass,Point(-76.825812 17.997296),5
27 may 2025,JM,Three Miles,A1 - Three Mile Overpass,Point(-76.825776 17.99861),9
27 may 2025,JM,Kingston 10,Upper Waterloo Road,Point(-76.791825 18.021713),5
27 may 2025,JM,Kingston 10,Waterloo Rd,Point(-76.791791 18.020573),5
27 may 2025,JM,Kingston 10,Waterloo Rd,Point(-76.791581 18.014448),5
27 may 2025,JM,Kingston 10,West Kings House Rd,Point(-76.790497 18.021436),6
27 may 2025,JM,null,null,Point(-76.834572 17.992382),5
27 may 2025,JM,null,A1 (W) - Nelson Mandela Highway,Point(-76.873286 18.024613),10
27 may 2025,JM,Montego Bay,A1 - Howard Cook Blvd,Point(-77.924147 18.469695),5
27 may 2025,JM,Montego Bay,A1 - Jimmy Cliff Blvd,Point(-77.929376 18.48098),5
27 may 2025,JM,Six Miles,A1 - Spanish Town Rd,Point(-76.855783 18.025757),10
27 may 2025,JM,null,A1 - North Coast Highway,Point(-77.900121 18.507127),6
27 may 2025,JM,null,A1 - Spanish Town Rd,Point(-76.829357 18.001907),5
27 may 2025,JM,null,A1 - Spanish Town Rd,Point(-76.822871 17.995772),5
27 may 2025,JM,null,A1 - Walks Rd,Point(-76.977787 18.028057),5
27 may 2025,JM,Kingston 8,Barbican Rd,Point(-76.784716 18.031242),5
27 may 2025,JM,Delacree Pen,Bell Rd,Point(-76.824991 17.995014),5
27 may 2025,JM,Montego Bay,Blood Ln,Point(-77.905745 18.482615),5
27 may 2025,JM,Portmore,Braeton Parkway,Point(-76.892949 17.964651),5
27 may 2025,JM,null,Dyke Rd,Point(-76.892726 18.003687),5
27 may 2025,JM,null,Dyke Rd,Point(-76.891961 18.003656),8
27 may 2025,JM,Downtown Kingston,Port Royal St,Point(-76.795767 17.965859),6
27 may 2025,JM,Kingston 8,Shortwood Rd,Point(-76.793591 18.031797),5