Day,Country,City,Street,Cause,Avg Length (Meters),Avg Delay (Seconds),Impacted Wazers
1 ene 2024,MX,Morelia,,HAZARD,741,539.2857142857143,35
2 ene 2024,MX,Morelia,Av. Francisco I. Madero Poniente,null,1211.8857142857144,669.6857142857143,375
2 ene 2024,MX,Morelia,Ing. Pascual Ortiz Rubio,null,775.25,362.5,11
2 ene 2024,MX,Morelia,MEX-15 / Morelia - Jiquilpan,null,1294.8974358974358,496,412
2 ene 2024,MX,Morelia,Av. Morelos (N),null,968.4444444444445,485.22222222222223,79
2 ene 2024,MX,Morelia,MEX-14 / Morelia - Pátzcuaro,null,611,395.875,46
2 ene 2024,MX,Morelia,Calz. la Huerta,null,904.1428571428571,143.57142857142858,87
2 ene 2024,MX,Morelia,Av. Gral. Lázaro Cárdenas,null,767.5,507.3,78
2 ene 2024,MX,Morelia,Av. Héroes de Nocupétaro,null,562,393,42
3 ene 2024,MX,Morelia,Av. Gral. Lázaro Cárdenas,null,922.2727272727273,597.030303030303,169
3 ene 2024,MX,Morelia,20 de Noviembre,null,750,469,38
3 ene 2024,MX,Morelia,Juan Ortega y Montañes,null,557,517,15
3 ene 2024,MX,Morelia,Periférico Paseo de la República (Sector Revolución),null,1183.671052631579,219.31578947368422,1190
3 ene 2024,MX,Morelia,Allende,null,811,769.125,44
3 ene 2024,MX,Morelia,Lateral Francisco I. Madero Ote.,null,539,536,5
3 ene 2024,MX,Morelia,Av. Morelos (N),null,816.2,614.4,57
3 ene 2024,MX,Morelia,Vicente Santa María,null,601.5714285714286,542.1428571428571,24
3 ene 2024,MX,Morelia,Av. Francisco I. Madero Poniente,null,750.1666666666666,477.21666666666664,423
3 ene 2024,MX,Morelia,MEX-15 / Morelia - Jiquilpan,HAZARD,1485,545,6
3 ene 2024,MX,Morelia,Virrey Antonio de Mendoza,null,940.7592592592592,636.2962962962963,384
3 ene 2024,MX,Morelia,MEX-15 / Morelia - Jiquilpan,null,1959,710.5,7
3 ene 2024,MX,Morelia,Abasolo,null,628.2222222222222,478.6111111111111,160
3 ene 2024,CO,Morelia,Vda. Frascate,null,530,916,4
3 ene 2024,MX,Morelia,Av. Pedregal,null,1096.5,473,8
3 ene 2024,MX,Morelia,Av. Francisco I. Madero Oriente,null,775.2926829268292,375.5853658536585,319
3 ene 2024,MX,Morelia,MICH-171 / Antigua Carretera a Pátzcuaro,null,1169,74,3
4 ene 2024,MX,Morelia,Vicente Santa María,null,543,540.25,12
4 ene 2024,MX,Morelia,Av. Morelos Sur,null,1017.6290322580645,566.4032258064516,479
4 ene 2024,MX,Morelia,Allende,null,937.5,628.5,24
4 ene 2024,MX,Morelia,Av. Guadalupe Victoria,HAZARD,683.8571428571429,635.9428571428572,186
4 ene 2024,MX,Morelia,Batallón de Matamoros,null,533,764,4
4 ene 2024,MX,Morelia,20 de Noviembre,null,697.2,568.8,32
4 ene 2024,MX,Morelia,Héroe de Nacozari,null,615,527,149
4 ene 2024,MX,Morelia,Aquiles Serdán,null,571.8,586.2,25
4 ene 2024,MX,Morelia,Av. Acueducto,null,747,692,8
4 ene 2024,MX,Morelia,Periférico Paseo de la República (Sector Nueva España),null,1231,464.09090909090907,197
4 ene 2024,MX,Morelia,Virrey Antonio de Mendoza,null,896.5373134328358,621.4328358208955,496
4 ene 2024,MX,Morelia,Av. Francisco I. Madero Oriente,null,727.8125,421.5625,217
4 ene 2024,MX,Morelia,Av. Gral. Lázaro Cárdenas,null,839,670.25,20
4 ene 2024,MX,Morelia,Periférico Paseo de la República (Sector Independencia),null,1469.1176470588234,354.6470588235294,115
4 ene 2024,MX,Morelia,Av. Michoacán,null,639.3333333333334,410.5,23
4 ene 2024,MX,Morelia,Av. Francisco I. Madero Poniente,null,985.8548387096774,575.6290322580645,686
4 ene 2024,MX,Morelia,Av. Guadalupe Victoria,null,509,217,3
4 ene 2024,MX,Morelia,Periférico Paseo de la República (Sector Revolución),null,1071.3333333333333,282.4166666666667,306
4 ene 2024,MX,Morelia,Av. Morelos (N),null,799,389.25,44
4 ene 2024,MX,Morelia,Periférico Paseo de la República (Sector Independencia),ACCIDENT,2062.6363636363635,499.6363636363636,100
4 ene 2024,MX,Morelia,Av. Héroes de Nocupétaro,null,586.4,444.6,44
4 ene 2024,MX,Morelia,Juan Ortega y Montañes,null,598.6,624.2,42
4 ene 2024,MX,Morelia,Periférico Paseo de la República (Sector Revolución),ACCIDENT,1239.25,670.9,1292
4 ene 2024,MX,Morelia,Paseo de la República (Sector República),null,917.6666666666666,279.1666666666667,28
5 ene 2024,MX,Morelia,Abasolo,null,577.5555555555555,750.2222222222222,58
5 ene 2024,MX,Morelia,Guillermo Prieto,HAZARD,743.8,588.2,40
5 ene 2024,MX,Morelia,Av. Francisco I. Madero Oriente,null,1557.0833333333333,544.25,123
5 ene 2024,MX,Morelia,Av. Francisco I. Madero Oriente,ACCIDENT,1943.5,385.2857142857143,137
5 ene 2024,MX,Morelia,Corregidora,null,1124.5555555555557,486.1111111111111,47
5 ene 2024,MX,Morelia,Héroe de Nacozari,null,670.0666666666667,604.2,151
5 ene 2024,MX,Morelia,MEX-15 / Morelia - Jiquilpan,null,1590.1363636363637,608.0454545454545,250
5 ene 2024,MX,Morelia,Av. Gral. Lázaro Cárdenas,null,903.1363636363636,685.1363636363636,182
5 ene 2024,MX,Morelia,Av. Guadalupe Victoria,HAZARD,604.8125,692.9375,128
5 ene 2024,MX,Morelia,Av. Solidaridad,null,834.2285714285714,501.9142857142857,261
5 ene 2024,MX,Morelia,Aquiles Serdán,null,729.7692307692307,677.5384615384615,77
5 ene 2024,MX,Morelia,Paseo de la República (Sector República),null,991.9375,433,68
5 ene 2024,MX,Morelia,Vasco de Quiroga,null,980,640.25,30
5 ene 2024,MX,Morelia,Av. Héroes de Nocupétaro,null,705.8461538461538,540.5384615384615,101
5 ene 2024,MX,Morelia,Antonio Alzate,null,563.8571428571429,614.3333333333334,95
5 ene 2024,MX,Morelia,Av. Morelos Sur,null,922.3853211009174,570.1651376146789,870
5 ene 2024,MX,Morelia,Allende,null,922.9677419354839,585.5483870967741,243
5 ene 2024,MX,Morelia,Periférico Paseo de la República (Sector Independencia),null,1266.6666666666667,340.05555555555554,314
5 ene 2024,MX,Morelia,Virrey Antonio de Mendoza,null,1017.8965517241379,797.948275862069,468
5 ene 2024,MX,Morelia,Av. Guadalupe Victoria,null,1367,623,12
5 ene 2024,MX,Morelia,Juan Ortega y Montañes,null,623.4,739.8,30
5 ene 2024,MX,Morelia,Av. Francisco I. Madero Poniente,null,979.7567567567568,648.081081081081,265
6 ene 2024,MX,Morelia,Av. Francisco I. Madero Oriente,null,1024.5454545454545,504.1212121212121,376
6 ene 2024,MX,Morelia,Av. Gral. Lázaro Cárdenas,null,864.5,567.6666666666666,164
6 ene 2024,MX,Morelia,Av. Tata Vasco,null,615.4074074074074,591.1481481481482,324
6 ene 2024,MX,Morelia,Francisco Márquez,null,608.4,759.1,68
6 ene 2024,MX,Morelia,Ocampo,null,709.8333333333334,479.0833333333333,60
6 ene 2024,MX,Morelia,Corregidora,null,634,439,6
6 ene 2024,MX,Morelia,Abasolo,null,534,954,9
6 ene 2024,MX,Morelia,Av. del Estudiante,null,680,507.3333333333333,32
6 ene 2024,MX,Morelia,Periférico Paseo de la República (Sector Revolución),HAZARD,1118.5675675675675,426.7837837837838,839
6 ene 2024,MX,Morelia,Av. Francisco I. Madero Poniente,null,1163.1142857142856,378.37142857142857,313
6 ene 2024,MX,Morelia,Carpinteros de Paracho,null,669.5357142857143,716.25,234
6 ene 2024,MX,Morelia,Aquiles Serdán,null,668.1818181818181,637.9545454545455,149
6 ene 2024,MX,Morelia,20 de Noviembre,null,691.0714285714286,456.57142857142856,83
6 ene 2024,MX,Morelia,Guillermo Prieto,null,709,568.5,11
6 ene 2024,MX,Morelia,Manuel Muñiz,null,625.9473684210526,666.1578947368421,91
6 ene 2024,MX,Morelia,Virrey Antonio de Bucareli,null,1178.4444444444443,851.3333333333334,73
6 ene 2024,MX,Morelia,Héroe de Nacozari,null,635,843,20
6 ene 2024,MX,Morelia,Andrés Quintana Roo,null,597,466.6666666666667,19
6 ene 2024,MX,Morelia,Blvd. García de León,null,635,621.5,22
6 ene 2024,MX,Morelia,Vicente Guerrero,null,732,460,8
6 ene 2024,MX,Morelia,Av. Morelos (N),null,1157.8333333333333,646.8333333333334,117
6 ene 2024,MX,Morelia,Cuautla,null,707.2592592592592,406.48148148148147,158
6 ene 2024,MX,Morelia,Virrey Antonio de Mendoza,null,963.4347826086956,803.7391304347826,198
6 ene 2024,MX,Morelia,Av. Guadalupe Victoria,HAZARD,720.1333333333333,723.7333333333333,91
6 ene 2024,MX,Morelia,Lago de Pátzcuaro,null,558,520.5,8
6 ene 2024,MX,Morelia,Plan de Ayala,null,705.1176470588235,545.5294117647059,107
6 ene 2024,MX,Morelia,Av. Periodismo,null,527,1087.5,8
6 ene 2024,MX,Morelia,Av. Solidaridad,null,858.9638554216867,435.6024096385542,1244
6 ene 2024,MX,Morelia,Juan Ortega y Montañes,null,536.5,446.125,34
6 ene 2024,MX,Morelia,Galeana,null,675,491.2857142857143,145
6 ene 2024,MX,Morelia,Allende,null,755.7272727272727,435.3636363636364,55
6 ene 2024,MX,Morelia,Av. Héroes de Nocupétaro,null,649.3333333333334,540.9166666666666,85
6 ene 2024,MX,Morelia,Ignacio Rayón,null,653,541.4285714285714,40
6 ene 2024,MX,Morelia,Av. Morelos Sur,null,761.65625,474.5625,165
6 ene 2024,MX,Morelia,Periférico Paseo de la República (Sector República),ACCIDENT,1879,707.4285714285714,153
6 ene 2024,MX,Morelia,Av. Guadalupe Victoria,null,680.8,343,26
6 ene 2024,MX,Morelia,Antonio Alzate,null,875.0769230769231,740.6923076923077,87
6 ene 2024,MX,Morelia,Serapio Rendón,null,599,603.5714285714286,72
6 ene 2024,MX,Morelia,Santiago Tapia,null,586.1666666666666,575,25
6 ene 2024,MX,Morelia,Periférico Paseo de la República (Sector República),null,1850.4,470.26666666666665,241
6 ene 2024,MX,Morelia,Av. Manuel Buendía,null,540.2,594.6,20
6 ene 2024,MX,Morelia,,null,1000.4,270.93333333333334,49
7 ene 2024,MX,Morelia,Mayas,null,612.1,600.5,109
7 ene 2024,MX,Morelia,Periférico Paseo de la República (Sector República),null,2150.133333333333,413.4,76
7 ene 2024,MX,Morelia,Av. Morelos (N),null,985.5,346.125,62
7 ene 2024,MX,Morelia,Periférico Paseo de la República (Sector Revolución),null,816.1818181818181,591.2272727272727,437
7 ene 2024,MX,Morelia,Allende,null,572,660,12
7 ene 2024,MX,Morelia,Calz. Juárez,null,983.3333333333334,219,28
7 ene 2024,MX,Morelia,Av. Francisco I. Madero Poniente,null,936.6818181818181,527.7272727272727,554
7 ene 2024,MX,Morelia,Heber Soto Fierro,null,509,398.4,25
7 ene 2024,MX,Morelia,Periférico Paseo de la República (Sector Revolución),HAZARD,1283.3214285714287,849.8214285714286,549
7 ene 2024,MX,Morelia,Av. Francisco I. Madero Oriente,null,953,480,44
7 ene 2024,MX,Morelia,Av. Gral. Lázaro Cárdenas,null,638,400,12
8 ene 2024,MX,Morelia,Av. Michoacán,null,866.8333333333334,727.3333333333334,26
8 ene 2024,MX,Morelia,Av. Guadalupe Victoria,null,655.6153846153846,783.5384615384615,83
8 ene 2024,MX,Morelia,Antiguo Camino a la Huerta,null,628,1259.3333333333333,16
8 ene 2024,MX,Morelia,Av. Héroes de Nocupétaro,null,727.8888888888889,722.3333333333334,29
8 ene 2024,MX,Morelia,Av. San Juanito Itzícuaro,null,630,590.4,20
8 ene 2024,MX,Morelia,Periférico Paseo de la República (Sector República),HAZARD,2606.909090909091,794.6363636363636,410
8 ene 2024,MX,Morelia,Periférico Paseo de la República (Sector República),null,4429.5,1139.5,48
8 ene 2024,MX,Morelia,Periférico Paseo de la República (Sector Revolución),ACCIDENT,911.8571428571429,315.42857142857144,127
8 ene 2024,MX,Morelia,Av. Francisco I. Madero Poniente,HAZARD,539,672,12
8 ene 2024,MX,Morelia,Av. Francisco I. Madero Poniente,null,1154.1284403669724,581.4587155963303,1333
8 ene 2024,MX,Morelia,Periférico Paseo de la República (Sector Independencia),null,1256.7142857142858,472.7857142857143,195
8 ene 2024,MX,Morelia,Paseo de la República (Sector República),null,1319.8,425.65,300
8 ene 2024,CO,Morelia,Morelia-Belén de los Andaquíes / RN65-02,null,3003.75,2243.21875,118
8 ene 2024,MX,Morelia,Av. Michoacán,HAZARD,656,575,3
8 ene 2024,MX,Morelia,Av. Morelos (N),null,715.90625,292.96875,317
8 ene 2024,MX,Morelia,Av. Gral. Lázaro Cárdenas,null,1174.25,511.25,32
8 ene 2024,MX,Morelia,Av. Periodismo,null,1268,590,8
9 ene 2024,MX,Morelia,Av. Francisco I. Madero Oriente,null,1757.2857142857142,394.57142857142856,18
9 ene 2024,MX,Morelia,Av. Universidad,null,827.8,730.8,22
9 ene 2024,MX,Morelia,MEX-15 / Morelia - Jiquilpan,null,1718.9464285714287,718.5178571428571,583
9 ene 2024,MX,Morelia,Rey Tariácuri,null,509,499,4
9 ene 2024,MX,Morelia,Av. Francisco I. Madero Poniente,HAZARD,995.047619047619,463.5238095238095,135
9 ene 2024,MX,Morelia,Av. Guadalupe Victoria,null,608.6666666666666,553.4444444444445,39
9 ene 2024,MX,Morelia,Paseo de la República (Sector Nueva España),null,767.5416666666666,585.5833333333334,303
9 ene 2024,MX,Morelia,Francisco Márquez,null,644.3333333333334,688.3333333333334,18
9 ene 2024,MX,Morelia,Av. Periodismo,null,727.8,450.6,15
9 ene 2024,MX,Morelia,Av. Juan Pablo II,null,942.0526315789474,633.5263157894736,137
9 ene 2024,MX,Morelia,Periférico Paseo de la República (Sector Independencia),ACCIDENT,1263,563.5,15
9 ene 2024,MX,Morelia,Av. Héroes de Nocupétaro,null,846.75,406,46
9 ene 2024,MX,Morelia,Periférico Paseo de la República (Sector Independencia),null,1186.3636363636363,457.1818181818182,149
9 ene 2024,MX,Morelia,Av. Gral. Lázaro Cárdenas,null,905.2857142857143,564.7142857142857,45
9 ene 2024,MX,Morelia,Paseo de la República (Sector República),null,684.1666666666666,687.5,41
9 ene 2024,MX,Morelia,Av. Francisco I. Madero Poniente,null,600.2,315.1333333333333,150
10 ene 2024,MX,Morelia,Av. Morelos (N),null,801.9583333333334,335.25,315
10 ene 2024,MX,Morelia,Periférico Paseo de la República (Sector República),ACCIDENT,1815.0555555555557,631.2222222222222,73
10 ene 2024,MX,Morelia,Oriente - Poniente,null,527,1296,18
10 ene 2024,MX,Morelia,Periférico Paseo de la República (Sector República),null,2681,201,164
10 ene 2024,MX,Morelia,Antiguo Camino a la Huerta,null,899.2727272727273,586.9090909090909,25
10 ene 2024,MX,Morelia,Av. Gral. Lázaro Cárdenas,null,821.5,549,16
10 ene 2024,MX,Morelia,Rey Tariácuri,null,596,602,5
10 ene 2024,MX,Morelia,Av. Francisco I. Madero Poniente,null,871.8095238095239,506.1904761904762,100
10 ene 2024,MX,Morelia,Periférico Paseo de la República (Sector Revolución),null,1591.5714285714287,468.65714285714284,1684
10 ene 2024,MX,Morelia,Av. Juan Pablo II,null,1149,2388,5
10 ene 2024,MX,Morelia,Av. Universidad,null,606.8333333333334,430.1666666666667,43
10 ene 2024,MX,Morelia,Av. Acueducto,null,871.0952380952381,566.1904761904761,188
11 ene 2024,MX,Morelia,Av. Siervo de la Nación,null,963.75,615.125,62
11 ene 2024,MX,Morelia,MEX-43 / Morelia - Salamanca,null,1477.6415094339623,668.7735849056604,718
11 ene 2024,MX,Morelia,Av. Francisco I. Madero Oriente,null,859.825,404.775,202
11 ene 2024,MX,Morelia,Av. Siervo de la Nación,HAZARD,695.1428571428571,642.2857142857143,27
11 ene 2024,MX,Morelia,Periférico Paseo de la República (Sector Revolución),null,1505.2421052631578,393.7263157894737,1784
11 ene 2024,MX,Morelia,Periférico Paseo de la República (Sector Independencia),null,1215.764705882353,401.3529411764706,152
11 ene 2024,MX,Morelia,Periférico Paseo de la República (Sector Revolución),ACCIDENT,748.1333333333333,274.06666666666666,176
11 ene 2024,MX,Morelia,Abasolo,null,632,852,10
11 ene 2024,MX,Morelia,MEX-43 / Morelia - Salamanca,ACCIDENT,1108.9285714285713,662.2142857142857,334
11 ene 2024,MX,Morelia,MEX-15 / Morelia - Jiquilpan,null,1212,552.0909090909091,78
11 ene 2024,MX,Morelia,Av. Acueducto,null,837.8125,695.9375,165
11 ene 2024,CO,Morelia,Morelia-Belén de los Andaquíes / RN65-02,null,3426,744.9230769230769,46
11 ene 2024,MX,Morelia,Av. Francisco I. Madero Poniente,null,990.9375,605.4375,179
11 ene 2024,MX,Morelia,Av. Morelos (N),null,868.3548387096774,615.9354838709677,459
11 ene 2024,MX,Morelia,MEX-15 / Morelia - Jiquilpan,HAZARD,1186.5333333333333,317.06666666666666,71
12 ene 2024,MX,Morelia,Héroe de Nacozari,null,709,897,13
12 ene 2024,MX,Morelia,Av. Morelos (N),null,767.9444444444445,423.1666666666667,298
12 ene 2024,MX,Morelia,Ventura Puente,null,920,386.85714285714283,77
12 ene 2024,MX,Morelia,Guillermo Prieto,null,553.3333333333334,584.8333333333334,37
12 ene 2024,MX,Morelia,Av. Acueducto,null,805.7,711.4,49
12 ene 2024,MX,Morelia,Av. Michoacán,null,890.7142857142857,412.2857142857143,21
12 ene 2024,MX,Morelia,Periférico Paseo de la República (Sector República),null,1011,394.85714285714283,42
12 ene 2024,MX,Morelia,Gral. Mariano Monterde,null,524,550.2,48
12 ene 2024,MX,Morelia,Manuel Pérez Coronado,null,550.5,970.5,10
12 ene 2024,MX,Morelia,Av. Periodismo,null,780.8,685,40
12 ene 2024,MX,Morelia,Av. Universidad,HAZARD,742.1111111111111,622.7777777777778,33
12 ene 2024,MX,Morelia,Paseo de la República (Sector Nueva España),null,918,510,9
12 ene 2024,MX,Morelia,Periférico Paseo de la República (Sector Nueva España),null,1072.5384615384614,627.0769230769231,216
12 ene 2024,MX,Morelia,Av. Gral. Lázaro Cárdenas,null,909.8571428571429,436.57142857142856,68
12 ene 2024,MX,Morelia,Av. Francisco I. Madero Oriente,null,735,205,6
12 ene 2024,MX,Morelia,Periférico Paseo de la República (Sector República),ACCIDENT,756,95.8,59
12 ene 2024,MX,Morelia,Periférico Paseo de la República (Sector Revolución),null,1706.603305785124,603.4297520661157,2420
12 ene 2024,MX,Morelia,Av. Guadalupe Victoria,null,657.3,962.1,48
12 ene 2024,MX,Morelia,Lateral Francisco I. Madero Ote.,null,620,568,8
12 ene 2024,MX,Morelia,Av. Francisco I. Madero Poniente,null,963.2272727272727,591.0909090909091,209
12 ene 2024,MX,Morelia,Periférico Paseo de la República (Sector Revolución),ACCIDENT,1737.7777777777778,502.962962962963,862
13 ene 2024,MX,Morelia,Periférico Paseo de la República (Sector Revolución),null,1494.2222222222222,293.77777777777777,190
13 ene 2024,MX,Morelia,Av. Juan Pablo II,null,1943,563,12
13 ene 2024,MX,Morelia,Paseo de la República (Sector República),null,925.25,568.375,46
13 ene 2024,MX,Morelia,Av. Michoacán,null,723.8571428571429,505.7142857142857,30
13 ene 2024,MX,Morelia,Manuel Muñiz,null,575,967,20
13 ene 2024,MX,Morelia,Av. Juan Pablo II,ACCIDENT,690.7272727272727,471.3636363636364,176
13 ene 2024,MX,Morelia,Av. Universidad,HAZARD,711,625,32
13 ene 2024,MX,Morelia,Av. Francisco I. Madero Poniente,null,815,569.8333333333334,46
13 ene 2024,MX,Morelia,Av. Guadalupe Victoria,null,670.3333333333334,544.5555555555555,63
13 ene 2024,MX,Morelia,Av. Acueducto,null,776.9545454545455,839.2727272727273,205
13 ene 2024,MX,Morelia,Av. Morelos Sur,null,638.2857142857143,612,36
14 ene 2024,MX,Morelia,Av. Pedregal,null,533,563,3
14 ene 2024,MX,Morelia,Periférico Paseo de la República (Sector Independencia),null,1096.2,652.8,78
14 ene 2024,MX,Morelia,Av. Juan Pablo II,ACCIDENT,599.6666666666666,451.3333333333333,205
14 ene 2024,MX,Morelia,Av. Michoacán,null,701.7333333333333,370.73333333333335,130
14 ene 2024,MX,Morelia,Av. Acueducto,null,770.75,711,35
14 ene 2024,MX,Morelia,Allende,null,912,683.25,16
14 ene 2024,MX,Morelia,Av. Francisco I. Madero Poniente,null,1011.28125,572.8125,443
14 ene 2024,MX,Morelia,Av. Héroes de Nocupétaro,null,772.6818181818181,445.22727272727275,125
14 ene 2024,MX,Morelia,Av. Juan Pablo II,null,699.0909090909091,405.90909090909093,86
15 ene 2024,MX,Morelia,Av. Acueducto,null,740.125,666.625,125
15 ene 2024,MX,Morelia,Periférico Paseo de la República (Sector Revolución),ACCIDENT,1721.4642857142858,830.2857142857143,580
15 ene 2024,MX,Morelia,Lateral Francisco I. Madero Ote.,null,764,742,72
15 ene 2024,MX,Morelia,Periférico Paseo de la República (Sector Independencia),null,1276.1176470588234,562.0588235294117,141
15 ene 2024,MX,Morelia,Av. Morelos (N),null,1014.2631578947369,567.7368421052631,317
15 ene 2024,MX,Morelia,Av. Héroes de Nocupétaro,null,674,495.5,37
15 ene 2024,MX,Morelia,Av. Francisco I. Madero Oriente,null,1265.4,629.6,75
15 ene 2024,MX,Morelia,Av. Francisco I. Madero Poniente,null,1354.0645161290322,579.5806451612904,438
15 ene 2024,MX,Morelia,Antiguo Camino a la Huerta,null,889.5,673.5833333333334,24
15 ene 2024,MX,Morelia,Av. Gral. Lázaro Cárdenas,null,1513.4285714285713,658.9285714285714,376
15 ene 2024,MX,Morelia,Periférico Paseo de la República (Sector Nueva España),ACCIDENT,793,333,124
15 ene 2024,MX,Morelia,Héroe de Nacozari,null,709,607,14
15 ene 2024,MX,Morelia,Periférico Paseo de la República (Sector Revolución),null,1576.6363636363637,481.6363636363636,205
15 ene 2024,MX,Morelia,Periférico Paseo de la República (Sector Nueva España),null,1296,374.5,37
16 ene 2024,MX,Morelia,Av. Acueducto,null,814.3157894736842,744.5263157894736,255
16 ene 2024,MX,Morelia,Av. Morelos (N),null,847.8571428571429,499.25,301
16 ene 2024,MX,Morelia,Av. Gral. Lázaro Cárdenas,null,788.1111111111111,466.1111111111111,101
16 ene 2024,MX,Morelia,Lateral Francisco I. Madero Ote.,null,785.6666666666666,356,23
16 ene 2024,MX,Morelia,Periférico Paseo de la República (Sector Independencia),null,929.4444444444445,390.22222222222223,64
16 ene 2024,MX,Morelia,Av. Héroes de Nocupétaro,null,662.2857142857143,447,46
16 ene 2024,MX,Morelia,Periférico Paseo de la República (Sector Revolución),null,1612.25,487.14285714285717,614
16 ene 2024,MX,Morelia,Rey Tangaxoan II,null,682,507.1111111111111,43
16 ene 2024,MX,Morelia,Calz. Juárez,null,992,984.75,8
17 ene 2024,MX,Morelia,Av. Acueducto,null,854.4444444444445,725.6666666666666,200
17 ene 2024,MX,Morelia,20 de Noviembre,null,605,602,6
17 ene 2024,MX,Morelia,Av. Universidad,null,744,622,4
17 ene 2024,MX,Morelia,Av. Francisco I. Madero Poniente,null,1375.5,573.4,157
17 ene 2024,MX,Morelia,Virrey Antonio de Mendoza,null,887,614.4,30
17 ene 2024,MX,Morelia,Paseo de la República (Sector Nueva España),null,899.48,523.04,475
17 ene 2024,MX,Morelia,Periférico Paseo de la República (Sector Independencia),null,1617.6,547.2,111
17 ene 2024,MX,Morelia,Av. Francisco I. Madero Oriente,null,819.8235294117648,346.70588235294116,234
17 ene 2024,MX,Morelia,Blvd. García de León,null,612,508,55
17 ene 2024,MX,Morelia,Periférico Paseo de la República (Sector Nueva España),null,1351.021582733813,443.3021582733813,3039
17 ene 2024,MX,Morelia,Rey Tangaxoan II,ACCIDENT,789.7368421052631,480.2631578947368,185
17 ene 2024,MX,Morelia,Av. Río Grande de Morelia,null,886,550,2
17 ene 2024,MX,Morelia,Rey Tangaxoan II,null,901.9066666666666,598.2933333333333,702
18 ene 2024,MX,Morelia,Av. Morelos (N),null,597,628,7
18 ene 2024,MX,Morelia,Manuel Muñiz,null,671,529.6666666666666,42
18 ene 2024,MX,Morelia,Rey Tangaxoan II,null,844.1621621621622,606.8648648648649,280
18 ene 2024,MX,Morelia,Av. Guadalupe Victoria,null,586,747.5,12
18 ene 2024,MX,Morelia,Periférico Paseo de la República (Sector República),null,907.8235294117648,806.6470588235294,59
18 ene 2024,MX,Morelia,Av. Acueducto,null,747,558.7777777777778,70
18 ene 2024,MX,Morelia,Paseo de la República (Sector Nueva España),null,1076.6842105263158,435.7368421052632,414
18 ene 2024,MX,Morelia,Av. Universidad,null,950.3076923076923,539.6153846153846,93
18 ene 2024,MX,Morelia,Periférico Paseo de la República (Sector Independencia),null,1278.7076923076922,475.03076923076924,1166
18 ene 2024,MX,Morelia,Av. Francisco I. Madero Poniente,null,1026.7142857142858,418.57142857142856,63
18 ene 2024,MX,Morelia,Av. Gral. Lázaro Cárdenas,null,1115,653,18
18 ene 2024,MX,Morelia,Luis de León Romano,null,644,574,5
18 ene 2024,MX,Morelia,Av. Periodismo,null,534,750.3333333333334,12
18 ene 2024,MX,Morelia,Periférico Paseo de la República (Sector Nueva España),null,1211.576923076923,364.65384615384613,488
19 ene 2024,MX,Morelia,Plan de Ayala,null,747,818,2
19 ene 2024,MX,Morelia,20 de Noviembre,null,615,485.6,17
19 ene 2024,MX,Morelia,Av. Guadalupe Victoria,null,698.0833333333334,746,86
19 ene 2024,MX,Morelia,Av. Héroes de Nocupétaro,null,677.5,635.75,102
19 ene 2024,MX,Morelia,Antiguo Camino a la Huerta,null,1135,373,6
19 ene 2024,MX,Morelia,Periférico Paseo de la República (Sector Nueva España),null,816.952380952381,465.23809523809524,240
19 ene 2024,MX,Morelia,Av. Francisco I. Madero Poniente,null,1074.578431372549,775.9117647058823,1003
19 ene 2024,MX,Morelia,Av. Francisco I. Madero Oriente,null,613.7777777777778,632.1111111111111,97
19 ene 2024,MX,Morelia,Av. Universidad,null,982.3,831.3,91
19 ene 2024,MX,Morelia,Av. Michoacán,null,889.32,723.32,189
19 ene 2024,MX,Morelia,Calz. la Huerta,null,1249.5714285714287,375.85714285714283,59
19 ene 2024,MX,Morelia,Margarita Maza de Juárez,null,978,604.6,54
19 ene 2024,MX,Morelia,Vicente Santa María,null,1251.4285714285713,501.42857142857144,45
19 ene 2024,MX,Morelia,Periférico Paseo de la República (Sector Independencia),null,1344.7831325301204,494.31325301204816,1542
19 ene 2024,MX,Morelia,Av. Siervo de la Nación,null,948.25,376.8333333333333,76
19 ene 2024,MX,Morelia,Lateral Francisco I. Madero Ote.,null,620,542.8888888888889,56
19 ene 2024,MX,Morelia,Cuautla,null,614,754,4
19 ene 2024,MX,Morelia,Av. Morelos (N),null,996.0769230769231,544.3846153846154,184
19 ene 2024,MX,Morelia,Héroe de Nacozari,null,600,964,8
19 ene 2024,MX,Morelia,Guillermo Prieto,null,847,601,9
19 ene 2024,MX,Morelia,Anáhuac,null,584,660,3
19 ene 2024,MX,Morelia,Av. Periodismo,null,657,863.25,39
19 ene 2024,MX,Morelia,Av. Gral. Lázaro Cárdenas,null,1482.375,630.9375,185
19 ene 2024,MX,Morelia,Guillermo Prieto,HAZARD,967.9,680.2,113
20 ene 2024,MX,Morelia,Av. Guadalupe Victoria,null,688.9285714285714,816.4285714285714,83
20 ene 2024,MX,Morelia,Av. Francisco I. Madero Poniente,HAZARD,1311.5,1027,153
20 ene 2024,MX,Morelia,Virrey Antonio de Mendoza,null,887,593,5
20 ene 2024,MX,Morelia,Francisco Márquez,null,556,447,38
20 ene 2024,MX,Morelia,Periférico Paseo de la República (Sector Nueva España),null,856,282,57
20 ene 2024,MX,Morelia,Lateral Francisco I. Madero Ote.,null,696.2727272727273,714.0909090909091,59
20 ene 2024,MX,Morelia,Av. Francisco I. Madero Oriente,null,952.8571428571429,451.98571428571427,827
20 ene 2024,MX,Morelia,Isidro Huarte,null,707,538,7
20 ene 2024,MX,Morelia,Carpinteros de Paracho,null,658.8888888888889,608,217
20 ene 2024,MX,Morelia,Av. Francisco I. Madero Poniente,null,1055.5076923076922,609.9538461538461,1776
20 ene 2024,MX,Morelia,Av. Universidad,null,711,820,2
20 ene 2024,MX,Morelia,Av. Héroes de Nocupétaro,null,949.875,627.375,55
20 ene 2024,MX,Morelia,Av. Periodismo,null,770.1111111111111,378.77777777777777,45
20 ene 2024,MX,Morelia,Av. Acueducto,null,855.125,672.375,247
20 ene 2024,MX,Morelia,Guillermo Prieto,HAZARD,683,544.375,70
20 ene 2024,MX,Morelia,Guillermo Prieto,null,972,570.5,14
20 ene 2024,MX,Morelia,Virrey Antonio de Bucareli,null,1345.8,614.6,50
20 ene 2024,MX,Morelia,Aquiles Serdán,null,742.2857142857143,786.1904761904761,102
20 ene 2024,MX,Morelia,Héroe de Nacozari,null,735,635.4285714285714,59
20 ene 2024,MX,Morelia,Periférico Paseo de la República (Sector Independencia),null,2467.3333333333335,755.2222222222222,270
20 ene 2024,MX,Morelia,Av. Gral. Lázaro Cárdenas,null,1288.85,657.4,209
21 ene 2024,MX,Morelia,Periférico Paseo de la República (Sector Independencia),null,1611.6666666666667,521.6666666666666,69
21 ene 2024,MX,Morelia,Abasolo,null,626.6666666666666,760.3333333333334,49
21 ene 2024,MX,Morelia,Av. Juan Pablo II,null,889,563.7142857142857,46
21 ene 2024,MX,Morelia,Allende,null,644,686,7
21 ene 2024,MX,Morelia,Av. Francisco I. Madero Poniente,null,977.2,553.4,80
21 ene 2024,MX,Morelia,Av. Francisco I. Madero Oriente,null,788,536,8
22 ene 2024,MX,Morelia,Periférico Paseo de la República (Sector Revolución),null,744.4285714285714,411.92857142857144,210
22 ene 2024,MX,Morelia,Miguel de Cervantes Saavedra,null,508,348,3
22 ene 2024,MX,Morelia,Paseo de la República (Sector República),null,578,440.2,36
22 ene 2024,MX,Morelia,Lateral Francisco I. Madero Ote.,null,720.9473684210526,579.6315789473684,78
22 ene 2024,MX,Morelia,Periférico Paseo de la República (Sector Independencia),null,1628.9166666666667,735.8125,1036
22 ene 2024,MX,Morelia,Av. Morelos (N),null,613.5555555555555,360.22222222222223,75
22 ene 2024,MX,Morelia,Av. Acueducto,null,537.375,334,77
22 ene 2024,MX,Morelia,Av. Gral. Lázaro Cárdenas,null,905.5,395,35
22 ene 2024,MX,Morelia,Av. Francisco I. Madero Oriente,null,1558.4871794871794,448.7564102564103,713
22 ene 2024,MX,Morelia,Virrey Antonio de Mendoza,null,540,1055.6666666666667,10
22 ene 2024,MX,Morelia,Ventura Puente,null,624.7,371.5,75
22 ene 2024,MX,Morelia,Av. Morelos Sur,null,969,542.25,43
23 ene 2024,MX,Morelia,Av. Universidad,null,744,643.3333333333334,20
23 ene 2024,MX,Morelia,Av. Guadalupe Victoria,null,894.1666666666666,521.1666666666666,38
23 ene 2024,MX,Morelia,Av. Héroes de Nocupétaro,null,743,604.8888888888889,40
23 ene 2024,MX,Morelia,Periférico Paseo de la República (Sector Revolución),null,1507.025641025641,553.1666666666666,1432
23 ene 2024,MX,Morelia,Paseo de la República (Sector Nueva España),null,1466.25,547,54
23 ene 2024,MX,Morelia,Av. Francisco I. Madero Poniente,null,1348.96,623.04,710
23 ene 2024,MX,Morelia,Av. Morelos (N),null,766.078125,592.109375,636
23 ene 2024,MX,Morelia,Periférico Paseo de la República (Sector Independencia),null,1770.3333333333333,736.1827956989247,1961
23 ene 2024,MX,Morelia,Av. Gral. Lázaro Cárdenas,null,907,332,23
23 ene 2024,MX,Morelia,Periférico Paseo de la República (Sector Nueva España),null,1112.6842105263158,601.8421052631579,186
23 ene 2024,MX,Morelia,Francisco R. Romero,null,759,461,2
23 ene 2024,MX,Morelia,Rey Tariácuri,null,629,494,4
24 ene 2024,MX,Morelia,Rey Tangaxoan II,null,604.5,549.5,25
24 ene 2024,MX,Morelia,Av. Morelos (N),null,848.3064516129032,640.5483870967741,807
24 ene 2024,MX,Morelia,Periférico Paseo de la República (Sector República),null,707.7619047619048,329.6190476190476,276
24 ene 2024,MX,Morelia,Av. Francisco I. Madero Poniente,null,1915.3478260869565,784.7391304347826,369
24 ene 2024,MX,Morelia,Av. Guadalupe Victoria,null,678,482.2857142857143,42
24 ene 2024,MX,Morelia,Av. Miguel Hidalgo,null,780.78125,587.875,353
24 ene 2024,MX,Morelia,Periférico Paseo de la República (Sector Nueva España),null,916.0555555555555,474,223
24 ene 2024,MX,Morelia,Artilleros de 1847,null,626,1001.6,21
24 ene 2024,MX,Morelia,Periférico Paseo de la República (Sector Revolución),null,1891,981.6666666666666,1517
24 ene 2024,MX,Morelia,Periférico Paseo de la República (Sector Nueva España),HAZARD,2070.0172413793102,1007.9655172413793,1482
24 ene 2024,MX,Morelia,Periférico Paseo de la República (Sector Independencia),null,1332.3492063492063,525.6984126984127,1037
24 ene 2024,MX,Morelia,Blvd. García de León,null,787,495.75,57
25 ene 2024,MX,Morelia,Av. Michoacán,null,694.25,669.75,12
25 ene 2024,MX,Morelia,Av. Francisco I. Madero Poniente,null,1094.078947368421,719.7631578947369,480
25 ene 2024,MX,Morelia,Av. Morelos (N),null,740.9090909090909,550.4545454545455,92
25 ene 2024,MX,Morelia,Gertrudis Bocanegra,null,756,1100,5
25 ene 2024,MX,Morelia,Corregidora,null,925,491,6
25 ene 2024,MX,Morelia,Periférico Paseo de la República (Sector Nueva España),HAZARD,1483.1162790697674,756.8837209302326,716
25 ene 2024,MX,Morelia,Paseo de la República (Sector Nueva España),null,951.8333333333334,566.5,30
25 ene 2024,MX,Morelia,Margarita Maza de Juárez,null,1262.875,622.125,69
25 ene 2024,MX,Morelia,Rey Tariácuri,null,527.75,609.625,64
25 ene 2024,MX,Morelia,MICH-171 / Antigua Carretera a Pátzcuaro,HAZARD,714.2,213.8,31
25 ene 2024,MX,Morelia,Calz. la Huerta,null,1063,445.6666666666667,30
25 ene 2024,MX,Morelia,Av. Héroes de Nocupétaro,null,634,736.75,22
25 ene 2024,MX,Morelia,MICH-171 / Antigua Carretera a Pátzcuaro,null,1529,519,7
25 ene 2024,MX,Morelia,Periférico Paseo de la República (Sector Nueva España),null,1336.8,599.2,216
26 ene 2024,MX,Morelia,Abasolo,null,742.1428571428571,670,73
26 ene 2024,MX,Morelia,Héroe de Nacozari,null,663,401.8333333333333,75
26 ene 2024,MX,Morelia,Av. Francisco I. Madero Poniente,ACCIDENT,1743.5,518.5,24
26 ene 2024,MX,Morelia,Antiguo Camino a la Huerta,null,732.304347826087,729.1304347826087,77
26 ene 2024,MX,Morelia,Ventura Puente,null,787.4,487.4,60
26 ene 2024,MX,Morelia,Av. Francisco I. Madero Poniente,null,1130.060606060606,540.530303030303,667
26 ene 2024,MX,Morelia,Allende,null,855,625,5
26 ene 2024,MX,Morelia,Av. Universidad,null,1030,525,11
27 ene 2024,MX,Morelia,20 de Noviembre,null,583.5,1353.75,17
27 ene 2024,MX,Morelia,Av. Periodismo,null,807,526.75,45
27 ene 2024,MX,Morelia,MEX-15 / Morelia - Jiquilpan,null,1462.6923076923076,516.4615384615385,95
27 ene 2024,MX,Morelia,Periférico Paseo de la República (Sector Revolución),ACCIDENT,1734.1818181818182,738.3636363636364,249
27 ene 2024,MX,Morelia,Av. Francisco I. Madero Poniente,null,1273.3291139240507,885.4177215189874,1341
27 ene 2024,MX,Morelia,Abasolo,null,653,644.2,47
27 ene 2024,MX,Morelia,Av. Morelos (N),null,763.2,345.5,71
28 ene 2024,MX,Morelia,Av. Francisco I. Madero Oriente,null,619.4,591.4,22
28 ene 2024,MX,Morelia,Av. Francisco I. Madero Poniente,null,1042.7777777777778,439.44444444444446,206
28 ene 2024,MX,Morelia,Virrey Antonio de Mendoza,null,739.7777777777778,855.1111111111111,53
28 ene 2024,MX,Morelia,Antonio Alzate,null,522.1666666666666,580,32
29 ene 2024,MX,Morelia,MEX-15 / Morelia - Jiquilpan,null,1466.857142857143,477.39285714285717,188
29 ene 2024,MX,Morelia,Calz. la Huerta,null,999.5806451612904,499.35483870967744,207
29 ene 2024,MX,Morelia,Periférico Paseo de la República (Sector Nueva España),null,1114.5833333333333,799.0833333333334,209
29 ene 2024,MX,Morelia,,null,700,649.625,36
29 ene 2024,MX,Morelia,Guillermo Prieto,null,958.8333333333334,595.1666666666666,79
29 ene 2024,MX,Morelia,Luis de León Romano,null,507,531,27
29 ene 2024,MX,Morelia,Av. Universidad,null,928.9032258064516,772.9032258064516,377
29 ene 2024,MX,Morelia,Av. Francisco I. Madero Poniente,null,1073.3076923076924,551.2307692307693,141
29 ene 2024,MX,Morelia,Av. Francisco I. Madero Oriente,null,1991.1739130434783,352.9130434782609,217
29 ene 2024,MX,Morelia,Periférico Paseo de la República (Sector Independencia),null,1644.78,880.16,1012
29 ene 2024,MX,Morelia,Av. Guadalupe Victoria,null,879,585,10
29 ene 2024,MX,Morelia,Héroe de Nacozari,null,535,536.25,32
29 ene 2024,MX,Morelia,Virrey Antonio de Mendoza,null,1640.3333333333333,608.3333333333334,34
29 ene 2024,MX,Morelia,Av. Morelos (N),null,966.0243902439024,599.0731707317074,581
29 ene 2024,MX,Morelia,Av. Torreón Nuevo,null,549,493,3
29 ene 2024,MX,Morelia,Rey Tangaxoan II,null,580,510.75,24
29 ene 2024,MX,Morelia,Periférico Paseo de la República (Sector Independencia),HAZARD,1139.142857142857,786,66
30 ene 2024,MX,Morelia,Antiguo Camino a la Huerta,HAZARD,628,572.9,20
30 ene 2024,MX,Morelia,Guillermo Prieto,null,632,496.5,25
30 ene 2024,MX,Morelia,Av. Gral. Lázaro Cárdenas,null,1153,615.0769230769231,197
30 ene 2024,MX,Morelia,Juán José de Lejarza,null,560,492,26
30 ene 2024,MX,Morelia,Ventura Puente,null,695,524,6
30 ene 2024,MX,Morelia,Héroe de Nacozari,null,684.25,678.25,64
30 ene 2024,MX,Morelia,Paseo de la República (Sector República),null,640,645,9
30 ene 2024,MX,Morelia,Av. Morelos (N),HAZARD,1090.2,547.8,115
30 ene 2024,MX,Morelia,Av. Universidad,null,720.2857142857143,633,24
30 ene 2024,MX,Morelia,Av. Periodismo,null,1168.6511627906978,511.86046511627904,249
30 ene 2024,MX,Morelia,Av. Francisco I. Madero Poniente,null,1030.9545454545455,631.7727272727273,201
30 ene 2024,MX,Morelia,Periférico Paseo de la República (Sector Independencia),null,1393.8931297709923,759.3511450381679,2493
30 ene 2024,MX,Morelia,Ventura Puente,ACCIDENT,623.6153846153846,431.15384615384613,139
30 ene 2024,MX,Morelia,Av. Morelos (N),null,966.2727272727273,365.90909090909093,998
30 ene 2024,MX,Morelia,Calz. la Huerta,null,955.2941176470588,406.79411764705884,449
30 ene 2024,MX,Morelia,Periférico Paseo de la República (Sector Independencia),ACCIDENT,1224,129,69
30 ene 2024,MX,Morelia,Av. Michoacán,null,751.2857142857143,440.14285714285717,21
30 ene 2024,MX,Morelia,Av. Guadalupe Victoria,null,851,647.3333333333334,21
31 ene 2024,MX,Morelia,Eduardo Ruiz,null,598.5,382.0833333333333,61
31 ene 2024,MX,Morelia,Virrey Antonio de Mendoza,null,990.0714285714286,496,116
31 ene 2024,MX,Morelia,Periférico Paseo de la República (Sector Independencia),null,1096.5084745762713,497.8474576271187,965
31 ene 2024,MX,Morelia,Margarita Maza de Juárez,null,1223,533,36
31 ene 2024,MX,Morelia,Av. Francisco I. Madero Oriente,null,819.52,523.32,284
31 ene 2024,MX,Morelia,Antiguo Camino a la Huerta,null,1345,1093.5,4
31 ene 2024,MX,Morelia,Av. Francisco I. Madero Poniente,null,1203.826923076923,502.2307692307692,455
31 ene 2024,MX,Morelia,MICH-171 / Antigua Carretera a Pátzcuaro,null,602,244,8
31 ene 2024,MX,Morelia,Av. Gral. Lázaro Cárdenas,null,1067.142857142857,561.3333333333334,182
31 ene 2024,MX,Morelia,Av. Morelos Sur,null,1162,603,13
31 ene 2024,MX,Morelia,Av. Acueducto,null,773,505,12
31 ene 2024,MX,Morelia,Av. Guadalupe Victoria,null,692.7142857142857,803.8571428571429,26
31 ene 2024,MX,Morelia,Virrey Antonio de Bucareli,null,560,667.8,35
31 ene 2024,MX,Morelia,Lateral Francisco I. Madero Ote.,null,858.4666666666667,328.53333333333336,108
31 ene 2024,MX,Morelia,Av. Francisco I. Madero Oriente,ACCIDENT,1643.1707317073171,526.439024390244,355
31 ene 2024,MX,Morelia,20 de Noviembre,null,723.6666666666666,373.6666666666667,12
31 ene 2024,MX,Morelia,MEX-43 / Morelia - Salamanca,ACCIDENT,1337,596.0769230769231,220
31 ene 2024,MX,Morelia,Plan de Ayala,null,1141.5,597.1666666666666,40
31 ene 2024,MX,Morelia,Carpinteros de Paracho,null,767.25,566.75,21
31 ene 2024,MX,Morelia,Aquiles Serdán,null,750,590,7
31 ene 2024,MX,Morelia,Av. Morelos (N),null,769.6666666666666,662.5333333333333,119
1 feb 2024,MX,Morelia,Av. Francisco I. Madero Poniente,null,1379.625,824.9166666666666,889
1 feb 2024,MX,Morelia,Paseo de la República (Sector Nueva España),null,718.5714285714286,398.14285714285717,40
1 feb 2024,MX,Morelia,Guillermo Prieto,null,727.6666666666666,617.75,135
1 feb 2024,MX,Morelia,Vicente Santa María,null,941.5,446,20
1 feb 2024,MX,Morelia,Carpinteros de Paracho,null,575,574.5,7
1 feb 2024,MX,Morelia,Av. Acueducto,null,840.4285714285714,606,65
1 feb 2024,MX,Morelia,Av. del Estudiante,null,673,344.7,80
1 feb 2024,MX,Morelia,Paseo de la República (Sector Revolución),null,538,253.33333333333334,74
1 feb 2024,MX,Morelia,Héroe de Nacozari,null,613.1875,747.59375,412
1 feb 2024,MX,Morelia,Av. Gral. Lázaro Cárdenas,null,1222.4,491.45,183
1 feb 2024,MX,Morelia,20 de Noviembre,null,611.25,529.75,20
1 feb 2024,MX,Morelia,Av. Guadalupe Victoria,null,735,653,12
1 feb 2024,MX,Morelia,Av. Francisco I. Madero Oriente,null,957.2666666666667,630.9333333333333,186
1 feb 2024,MX,Morelia,Lateral Francisco I. Madero Ote.,null,880.4090909090909,643.2272727272727,197
1 feb 2024,MX,Morelia,Av. Torreón Nuevo,null,616,577,2
1 feb 2024,MX,Morelia,Rey Tariácuri,null,538,520.6666666666666,14
1 feb 2024,MX,Morelia,Virrey Antonio de Bucareli,null,962.7142857142857,501.5,88
1 feb 2024,MX,Morelia,Margarita Maza de Juárez,null,772.9,449.1,68
1 feb 2024,MX,Morelia,Av. Morelos (N),null,697.5454545454545,541.4090909090909,141
1 feb 2024,MX,Morelia,Av. Universidad,null,778,459.2,42
1 feb 2024,MX,Morelia,Olivares de Tzintzuntzan,null,816.75,442.25,15
1 feb 2024,MX,Morelia,Periférico Paseo de la República (Sector Independencia),null,1024.4084507042253,412.98591549295776,811
1 feb 2024,MX,Morelia,Héroes Anónimos de la Independencia,null,1132,1165.6363636363637,23
2 feb 2024,MX,Morelia,Periférico Paseo de la República (Sector Nueva España),null,1143.04,446.36,373
2 feb 2024,MX,Morelia,Paseo de la República (Sector Nueva España),null,1105.875,469.375,63
2 feb 2024,MX,Morelia,Av. Universidad,null,743.5625,604.125,88
2 feb 2024,MX,Morelia,Av. Morelos (N),HAZARD,999.8,565,107
2 feb 2024,MX,Morelia,Héroes Anónimos de la Independencia,null,1718.4285714285713,381.14285714285717,19
2 feb 2024,MX,Morelia,Antiguo Camino a la Huerta,null,628,471.85714285714283,11
2 feb 2024,MX,Morelia,La Huerta,null,567,758.3333333333334,30
2 feb 2024,MX,Morelia,Periférico Paseo de la República (Sector Revolución),null,1658.6603773584907,531.1132075471698,1527
2 feb 2024,MX,Morelia,Periférico Paseo de la República (Sector Nueva España),ACCIDENT,1058,616,29
2 feb 2024,MX,Morelia,Av. Guadalupe Victoria,null,708,748.5625,112
2 feb 2024,MX,Morelia,Av. Gral. Lázaro Cárdenas,null,1289.25,425.875,165
2 feb 2024,MX,Morelia,Av. San José del Cerrito,null,817.5,588.25,32
2 feb 2024,MX,Morelia,Calz. la Huerta,null,1297,599.6428571428571,125
2 feb 2024,MX,Morelia,Rey Tariácuri,null,549.8,674.2,32
2 feb 2024,MX,Morelia,Av. Francisco I. Madero Poniente,null,1323.3529411764705,877.8235294117648,309
2 feb 2024,MX,Morelia,Av. Morelos (N),null,1264.4722222222222,602.4166666666666,969
2 feb 2024,MX,Morelia,Guillermo Prieto,null,802,650,8
2 feb 2024,MX,Morelia,Av. Michoacán,null,734.4,435.8,72
2 feb 2024,MX,Morelia,Av. Solidaridad,null,825.5,464.25,150
2 feb 2024,MX,Morelia,Periférico Paseo de la República (Sector Independencia),null,1500.638888888889,465.52777777777777,553
2 feb 2024,MX,Morelia,Av. Periodismo,null,937.8333333333334,555.1666666666666,34
3 feb 2024,MX,Morelia,Av. Universidad,null,876,442.2,40
3 feb 2024,MX,Morelia,Cuautla,null,832,495.3333333333333,23
3 feb 2024,MX,Morelia,Periférico Paseo de la República (Sector Independencia),null,2123.84375,665.96875,481
3 feb 2024,MX,Morelia,Av. Guadalupe Victoria,null,792.7,1105.4,67
3 feb 2024,MX,Morelia,Av. Francisco I. Madero Poniente,null,913.3181818181819,537.1363636363636,487
3 feb 2024,MX,Morelia,Héroe de Nacozari,null,676,679,13
3 feb 2024,MX,Morelia,Nicolás Bravo,null,612,437,12
3 feb 2024,MX,Morelia,Periférico Paseo de la República (Sector Revolución),null,816.3333333333334,401.73333333333335,170
3 feb 2024,MX,Morelia,General Francisco J. Múgica,null,795.375,839.4375,108
3 feb 2024,MX,Morelia,Puente Río Colorado,null,739.6,636,29
3 feb 2024,MX,Morelia,Calz. Juárez,null,962,253.66666666666666,15
3 feb 2024,MX,Morelia,Periférico Paseo de la República (Sector Nueva España),null,668,476.4,45
3 feb 2024,MX,Morelia,Av. Escuadrón 201,null,769,643,7
3 feb 2024,MX,Morelia,Av. Michoacán,null,871.6,782.15,127
3 feb 2024,MX,Morelia,Av. Héroes de Nocupétaro,null,721.4761904761905,645.047619047619,229
3 feb 2024,MX,Morelia,Calz. la Huerta,null,1195.3333333333333,738.2777777777778,334
3 feb 2024,MX,Morelia,Manuel Muñiz,null,609.6666666666666,571.6666666666666,15
4 feb 2024,MX,Morelia,Mayas,null,558,579.5714285714286,28
4 feb 2024,MX,Morelia,Vicente Santa María,null,730,685.3333333333334,38
4 feb 2024,MX,Morelia,Av. Francisco I. Madero Oriente,null,872.2727272727273,659.2272727272727,347
4 feb 2024,MX,Morelia,Antonio Alzate,null,720,571,14
4 feb 2024,MX,Morelia,Mártires de la Plaza,null,597.2857142857143,653.2857142857143,51
4 feb 2024,MX,Morelia,Av. Francisco I. Madero Poniente,ACCIDENT,1163.7692307692307,630.2307692307693,104
4 feb 2024,MX,Morelia,Aquiles Serdán,null,512,812.25,34
4 feb 2024,MX,Morelia,Av. Francisco I. Madero Poniente,null,1137.8108108108108,472.05405405405406,452
4 feb 2024,MX,Morelia,Allende,null,921,612.25,20
5 feb 2024,MX,Morelia,Av. Francisco I. Madero Poniente,null,896.56,425.16,132
5 feb 2024,MX,Morelia,Allende,null,859,730.1111111111111,58
5 feb 2024,MX,Morelia,20 de Noviembre,null,564,671.5,6
5 feb 2024,MX,Morelia,Av. Guadalupe Victoria,null,907,531,5
5 feb 2024,MX,Morelia,MEX-15 / Morelia - Jiquilpan,null,1804.7777777777778,472.72222222222223,282
5 feb 2024,MX,Morelia,Av. Torreón Nuevo,null,502,737,2
6 feb 2024,MX,Morelia,Av. Guadalupe Victoria,null,851,641,4
6 feb 2024,MX,Morelia,Av. Universidad,null,733.2,641.5,63
6 feb 2024,MX,Morelia,Av. Francisco I. Madero Poniente,null,1165.035294117647,603.2470588235294,898
6 feb 2024,MX,Morelia,Gertrudis Bocanegra,HAZARD,607,773,7
6 feb 2024,MX,Morelia,Av. Gral. Lázaro Cárdenas,null,947,912,9
6 feb 2024,MX,Morelia,Héroe de Nacozari,null,541,779,5
6 feb 2024,MX,Morelia,Av. Michoacán,null,944.0769230769231,604.3076923076923,81
6 feb 2024,MX,Morelia,Av. Héroes de Nocupétaro,null,1145.1818181818182,954.9090909090909,69
6 feb 2024,MX,Morelia,Periférico Paseo de la República (Sector Revolución),null,1000.1515151515151,421.6969696969697,566
6 feb 2024,MX,Morelia,Periférico Paseo de la República (Sector Nueva España),null,849.4782608695652,405.3478260869565,240
6 feb 2024,MX,Morelia,Av. Francisco I. Madero Oriente,null,1346.3,363.7,127
6 feb 2024,MX,Morelia,División del Norte,null,514,469.75,16
6 feb 2024,MX,Morelia,Av. Morelos (N),null,1298.8144329896907,677.6082474226804,1924
6 feb 2024,MX,Morelia,Guillermo Prieto,null,816.7058823529412,783.7058823529412,154
6 feb 2024,MX,Morelia,Periférico Paseo de la República (Sector Independencia),null,1260.360655737705,468.7704918032787,826
7 feb 2024,MX,Morelia,Cuautla,null,834.1627906976744,647.2558139534884,330
7 feb 2024,MX,Morelia,Av. Michoacán,null,840.7714285714286,696.6,185
7 feb 2024,MX,Morelia,Independencia,null,506,540.6666666666666,9
7 feb 2024,MX,Morelia,Periférico Paseo de la República (Sector Nueva España),null,759,521.8333333333334,50
7 feb 2024,MX,Morelia,Av. Guadalupe Victoria,null,776.8461538461538,547.9230769230769,54
7 feb 2024,MX,Morelia,Guillermo Prieto,null,786,799,24
7 feb 2024,MX,Morelia,Av. Universidad,null,735.0555555555555,601.1111111111111,124
7 feb 2024,MX,Morelia,Héroe de Nacozari,null,703.5,471.875,79
7 feb 2024,MX,Morelia,Rey Tariácuri,null,530,735,33
7 feb 2024,MX,Morelia,Calz. la Huerta,HAZARD,936.6,503.2,34
7 feb 2024,MX,Morelia,Periférico Paseo de la República (Sector Independencia),null,1370.1630434782608,510.55434782608694,1373
7 feb 2024,MX,Morelia,Calz. la Huerta,null,1082,624,11
7 feb 2024,MX,Morelia,Nicolás Bravo,null,679.1538461538462,494.38461538461536,95
7 feb 2024,MX,Morelia,General Francisco J. Múgica,null,680.2933333333333,625.24,474
7 feb 2024,MX,Morelia,Av. Morelos (N),null,999.7121212121212,540.7575757575758,1237
7 feb 2024,MX,Morelia,Francisco Márquez,null,556,509,4
7 feb 2024,MX,Morelia,Av. Héroes de Nocupétaro,null,872.8,520.8,22
7 feb 2024,MX,Morelia,Calz. Arnulfo Ávila,null,577,659.3333333333334,23
7 feb 2024,MX,Morelia,Av. Periodismo,null,733.421052631579,528.1052631578947,112
7 feb 2024,MX,Morelia,Paseo de la República (Sector Nueva España),null,603.5,534.8333333333334,70
7 feb 2024,MX,Morelia,Av. Francisco I. Madero Poniente,null,1017.609022556391,737.6015037593985,1364
8 feb 2024,MX,Morelia,Av. Guadalupe Victoria,null,789.0909090909091,517,62
8 feb 2024,MX,Morelia,Periférico Paseo de la República (Sector Independencia),HAZARD,1319.6666666666667,477.5,212
8 feb 2024,MX,Morelia,Av. Héroes de Nocupétaro,null,751.5555555555555,744.6666666666666,131
8 feb 2024,CO,Morelia,Pereira-Alcalá / RD29-03,null,1501.8,368.2,16
8 feb 2024,MX,Morelia,Periférico Paseo de la República (Sector Revolución),ACCIDENT,646,467,9
8 feb 2024,MX,Morelia,Periférico Paseo de la República (Sector Independencia),null,1750.8815789473683,584.1578947368421,978
8 feb 2024,MX,Morelia,Av. Morelos (N),null,1335.2666666666667,658.5333333333333,279
8 feb 2024,MX,Morelia,Virrey Antonio de Mendoza,null,659,782.5,14
8 feb 2024,MX,Morelia,Guillermo Prieto,null,642.4,840.7,49
8 feb 2024,MX,Morelia,Francisco Márquez,null,623,546,7
8 feb 2024,MX,Morelia,Av. Acueducto,null,919.6,656.2,44
8 feb 2024,MX,Morelia,Av. Francisco I. Madero Poniente,null,1362,763.4722222222222,518
8 feb 2024,MX,Morelia,Cuautla,null,682,384.75,19
8 feb 2024,MX,Morelia,Juán José de Lejarza,null,600.4285714285714,588.8571428571429,35
8 feb 2024,MX,Morelia,Av. Juan Pablo II,null,1561.0714285714287,225,228
8 feb 2024,MX,Morelia,Guillermo Prieto,HAZARD,1079,699.6666666666666,23
8 feb 2024,MX,Morelia,Héroe de Nacozari,null,735,732.6666666666666,21
8 feb 2024,MX,Morelia,Isidro Huarte,null,841,896.6666666666666,13
8 feb 2024,MX,Morelia,General Francisco J. Múgica,null,658.9333333333333,415.8,93
8 feb 2024,MX,Morelia,Av. Periodismo,null,559.5,614,21
8 feb 2024,MX,Morelia,Av. Michoacán,null,1025.3636363636363,928.7272727272727,62
8 feb 2024,MX,Morelia,Periférico Paseo de la República (Sector Revolución),null,1944.2631578947369,812.578947368421,302
8 feb 2024,MX,Morelia,Av. Universidad,null,828.516129032258,670.8387096774194,211
9 feb 2024,MX,Morelia,Calz. la Huerta,null,904.3333333333334,749.6666666666666,77
9 feb 2024,MX,Morelia,Av. Guadalupe Victoria,null,798.5833333333334,766.8333333333334,91
9 feb 2024,CO,Morelia,Pereira-Alcalá / RD29-03,ACCIDENT,615.4,934.4,46
9 feb 2024,MX,Morelia,Av. Francisco I. Madero Poniente,null,1068.4545454545455,570.4545454545455,76
9 feb 2024,MX,Morelia,Calz. la Huerta,HAZARD,811.5384615384615,693.3461538461538,183
9 feb 2024,MX,Morelia,Av. Gral. Lázaro Cárdenas,null,1300.6666666666667,701,31
9 feb 2024,MX,Morelia,Av. Morelos (N),HAZARD,821.8,180.4,221
9 feb 2024,MX,Morelia,Av. Morelos (N),null,1116.36,515.6,1103
9 feb 2024,MX,Morelia,Av. Acueducto,null,874.3333333333334,566.6666666666666,23
9 feb 2024,MX,Morelia,Av. Universidad,null,957.9767441860465,596.4651162790698,323
9 feb 2024,MX,Morelia,General Francisco J. Múgica,null,861,524.3076923076923,124
9 feb 2024,MX,Morelia,Lateral Francisco I. Madero Ote.,null,936.3529411764706,547.5882352941177,188
9 feb 2024,MX,Morelia,Antiguo Camino a la Huerta,null,632.9,2656,21
9 feb 2024,MX,Morelia,Av. Francisco I. Madero Oriente,null,672,512,26
9 feb 2024,MX,Morelia,La Huerta,null,635.5833333333334,419.75,77
9 feb 2024,MX,Morelia,Periférico Paseo de la República (Sector Nueva España),null,1002.75,628.25,62
9 feb 2024,MX,Morelia,Guillermo Prieto,HAZARD,786,550,28
9 feb 2024,MX,Morelia,Periférico Paseo de la República (Sector Independencia),null,1160.4615384615386,466.15384615384613,949
9 feb 2024,CO,Morelia,Pereira-Alcalá / RD29-03,null,862.5,559,48
9 feb 2024,MX,Morelia,Periférico Paseo de la República (Sector Independencia),ACCIDENT,502,153,11
9 feb 2024,MX,Morelia,Av. Carlos Rovirosa,null,613,564.5,4
10 feb 2024,MX,Morelia,Periférico Paseo de la República (Sector Nueva España),null,946,342.625,119
10 feb 2024,MX,Morelia,Av. Guadalupe Victoria,null,744,873.4,29
10 feb 2024,MX,Morelia,Av. Michoacán,null,880.5,812.6,101
10 feb 2024,MX,Morelia,20 de Noviembre,null,781.8,569.5333333333333,153
10 feb 2024,MX,Morelia,Abasolo,null,534,315.7142857142857,88
10 feb 2024,MX,Morelia,Cuautla,null,919.5909090909091,610.8636363636364,173
10 feb 2024,MX,Morelia,Héroe de Nacozari,null,686.4285714285714,619.1428571428571,90
10 feb 2024,MX,Morelia,Av. Periodismo,null,633.1666666666666,345.4166666666667,109
10 feb 2024,MX,Morelia,Guillermo Prieto,null,1010.0714285714286,810.9285714285714,149
10 feb 2024,MX,Morelia,Santiago Tapia,null,695.25,541.25,122
10 feb 2024,MX,Morelia,Av. Tata Vasco,null,598.1076923076923,403.33846153846156,591
10 feb 2024,MX,Morelia,Virrey Antonio de Bucareli,null,962.6666666666666,455,24
10 feb 2024,MX,Morelia,Aquiles Serdán,null,929,593,13
10 feb 2024,MX,Morelia,Allende,null,829.25,618.5,182
10 feb 2024,MX,Morelia,Av. Francisco I. Madero Poniente,null,1186.6236559139784,761.5591397849462,1060
10 feb 2024,MX,Morelia,Carpinteros de Paracho,null,581,458,44
10 feb 2024,MX,Morelia,Av. Morelos Sur,null,922.7,514.5,62
10 feb 2024,MX,Morelia,Vicente Santa María,null,559,859.2,17
10 feb 2024,MX,Morelia,Av. Francisco I. Madero Oriente,null,843,583.75,36
10 feb 2024,MX,Morelia,Calz. la Huerta,null,1175.4761904761904,954.4761904761905,245
10 feb 2024,MX,Morelia,General Francisco J. Múgica,null,572.7142857142857,632.1428571428571,97
10 feb 2024,MX,Morelia,Av. Manuel Buendía,null,525,519,5
10 feb 2024,MX,Morelia,Periférico Paseo de la República (Sector Independencia),null,1602.8055555555557,559.0833333333334,528
10 feb 2024,MX,Morelia,Av. Morelos (N),null,826.8823529411765,517.4705882352941,364
10 feb 2024,MX,Morelia,Av. Héroes de Nocupétaro,null,832.5263157894736,1096.140350877193,473
11 feb 2024,MX,Morelia,Av. Tata Vasco,null,556.3333333333334,521.3333333333334,17
11 feb 2024,MX,Morelia,José del Río,null,540.625,546.125,73
11 feb 2024,CO,Morelia,Vía Rural,null,652,1468,4
11 feb 2024,MX,Morelia,Av. Leandro Valle,null,1132,402,9
11 feb 2024,MX,Morelia,Paseo de la República (Sector República),null,1358.4868421052631,488.13157894736844,2254
11 feb 2024,MX,Morelia,Periférico Paseo de la República (Sector Independencia),null,996.8333333333334,645.8888888888889,275
11 feb 2024,MX,Morelia,Av. Gral. Lázaro Cárdenas,null,657,719,2
11 feb 2024,MX,Morelia,Av. Francisco I. Madero Poniente,null,683,243.5,90
12 feb 2024,MX,Morelia,Lateral Francisco I. Madero Ote.,null,1437,591,11
12 feb 2024,MX,Morelia,Av. Michoacán,null,602.8888888888889,367,53
12 feb 2024,MX,Morelia,Santiago Tapia,null,730.75,583,11
12 feb 2024,MX,Morelia,Av. Universidad,null,690.7,495.6,39
12 feb 2024,MX,Morelia,Av. Francisco I. Madero Oriente,null,942.75,523.75,53
12 feb 2024,MX,Morelia,Av. Miguel Hidalgo,null,624.2,478.3,36
12 feb 2024,MX,Morelia,Av. Morelos (N),null,918.2962962962963,707.925925925926,255
12 feb 2024,MX,Morelia,Av. Guadalupe Victoria,null,925.5,546,13
12 feb 2024,MX,Morelia,Periférico Paseo de la República (Sector República),HAZARD,754.9545454545455,353.3181818181818,384
12 feb 2024,MX,Morelia,Av. Francisco I. Madero Poniente,null,955.4285714285714,474.04761904761904,183
12 feb 2024,MX,Morelia,Paseo de la República (Sector Nueva España),null,670,517,15
12 feb 2024,MX,Morelia,Periférico Paseo de la República (Sector Nueva España),null,959.1666666666666,359.1666666666667,58
12 feb 2024,MX,Morelia,Guillermo Prieto,null,914.3333333333334,569.7777777777778,61
12 feb 2024,MX,Morelia,Periférico Paseo de la República (Sector República),null,845.1090909090909,305.96363636363634,899
12 feb 2024,MX,Morelia,Periférico Paseo de la República (Sector Independencia),null,1127.9423076923076,536.4326923076923,1474
13 feb 2024,MX,Morelia,Av. Paseo del Punhuato,null,764,623,2
13 feb 2024,MX,Morelia,Av. Héroes de Nocupétaro,null,674,624,4
13 feb 2024,MX,Morelia,Av. Guadalupe Victoria,null,901.5,544.5,8
13 feb 2024,MX,Morelia,Av. Morelos Sur,null,656,486.5,6
13 feb 2024,MX,Morelia,Av. Francisco I. Madero Poniente,null,1126.25,584.8571428571429,258
13 feb 2024,MX,Morelia,5 de Febrero,null,668,816,24
13 feb 2024,MX,Morelia,Gertrudis Bocanegra,null,658.2,560.2,29
13 feb 2024,MX,Morelia,Av. Gral. Lázaro Cárdenas,null,1222,568,81
13 feb 2024,MX,Morelia,Av. Fuentes de Morelia,null,717.5833333333334,340.8333333333333,84
13 feb 2024,MX,Morelia,Paseo de la República (Sector Nueva España),null,971.3636363636364,808.7272727272727,79
13 feb 2024,MX,Morelia,Blvd. García de León,null,709.2857142857143,259.57142857142856,131
13 feb 2024,MX,Morelia,Artilleros de 1847,null,753.3333333333334,503.1666666666667,51
13 feb 2024,MX,Morelia,Santiago Tapia,null,948.6666666666666,484.6666666666667,42
13 feb 2024,MX,Morelia,Héroe de Nacozari,null,722,413.5,45
13 feb 2024,MX,Morelia,Periférico Paseo de la República (Sector Independencia),null,502,118,12
13 feb 2024,MX,Morelia,Av. Guadalupe Victoria,HAZARD,586,487.25,12
14 feb 2024,MX,Morelia,Héroe de Nacozari,null,575,529,48
14 feb 2024,MX,Morelia,Carpinteros de Paracho,null,631.25,471.25,41
14 feb 2024,MX,Morelia,Av. Francisco I. Madero Oriente,null,1030.6,841.4,116
14 feb 2024,MX,Morelia,Antiguo Camino a la Huerta,null,1146.4,481.8,21
14 feb 2024,MX,Morelia,Periférico Paseo de la República (Sector Nueva España),null,899.7272727272727,297.54545454545456,297
14 feb 2024,MX,Morelia,Héroes Anónimos de la Independencia,null,1174.3333333333333,668,13
14 feb 2024,MX,Morelia,Gral. Mariano Monterde,null,524,416,15
14 feb 2024,MX,Morelia,Periférico Paseo de la República (Sector Independencia),null,1038.25,461.69444444444446,517
14 feb 2024,MX,Morelia,Av. Universidad,null,1020.5116279069767,384.7906976744186,403
14 feb 2024,MX,Morelia,Margarita Maza de Juárez,null,745.6666666666666,442.8888888888889,45
14 feb 2024,MX,Morelia,Av. Torreón Nuevo,null,903.1428571428571,411.42857142857144,18
14 feb 2024,MX,Morelia,Av. Michoacán,null,841.9090909090909,698.8181818181819,75
14 feb 2024,MX,Morelia,Av. Acueducto,null,986.5,590.5,14
14 feb 2024,MX,Morelia,Vicente Santa María,null,913.5,1105,33
14 feb 2024,MX,Morelia,Av. Francisco I. Madero Poniente,null,1266.6910994764398,861.8324607329843,1985
14 feb 2024,MX,Morelia,Paseo de la República (Sector Nueva España),null,986.3333333333334,680.3333333333334,45
14 feb 2024,MX,Morelia,Av. Guadalupe Victoria,HAZARD,677.4545454545455,753.8181818181819,48
14 feb 2024,MX,Morelia,Av. Morelos (N),null,803.8333333333334,318.44444444444446,242
14 feb 2024,MX,Morelia,Francisco Márquez,null,623,610,48
14 feb 2024,MX,Morelia,Av. Morelos Sur,null,502,508,7
14 feb 2024,MX,Morelia,Av. Guadalupe Victoria,null,549,706.3333333333334,8
14 feb 2024,MX,Morelia,Av. Héroes de Nocupétaro,null,676.5454545454545,1649,65
14 feb 2024,MX,Morelia,Av. Periodismo,null,1083.5,658.25,23
14 feb 2024,MX,Morelia,Av. Solidaridad,null,638.8,598,35
14 feb 2024,MX,Morelia,Av. Universidad,HAZARD,719,755,13
14 feb 2024,MX,Morelia,General Francisco J. Múgica,null,677.375,618.125,28
15 feb 2024,MX,Morelia,Av. Acueducto,null,830.9090909090909,428.59090909090907,292
15 feb 2024,MX,Morelia,Allende,null,822,566,5
15 feb 2024,MX,Morelia,Av. Guadalupe Victoria,HAZARD,622,598,12
15 feb 2024,MX,Morelia,Abasolo,null,637.7272727272727,595.9090909090909,88
15 feb 2024,MX,Morelia,Av. Francisco I. Madero Oriente,null,1024,556.6666666666666,66
15 feb 2024,MX,Morelia,Periférico Paseo de la República (Sector Independencia),null,1121.6279069767443,452.04651162790697,711
15 feb 2024,MX,Morelia,José Juan Tablada,null,817,463.1666666666667,30
15 feb 2024,MX,Morelia,Santiago Tapia,null,771.3333333333334,379,63
15 feb 2024,MX,Morelia,Periférico Paseo de la República (Sector Independencia),ACCIDENT,940,293,13
15 feb 2024,MX,Morelia,Av. Morelos (N),null,861.9428571428572,477.48571428571427,497
15 feb 2024,MX,Morelia,Av. Universidad,null,828.0434782608696,498.6304347826087,326
15 feb 2024,MX,Morelia,Av. Francisco I. Madero Poniente,null,1181.3333333333333,894.1794871794872,363
15 feb 2024,MX,Morelia,Antonio Alzate,null,582.5,492,26
16 feb 2024,MX,Morelia,Juan Ortega y Montañes,null,726.6,489,30
16 feb 2024,MX,Morelia,Periférico Paseo de la República (Sector Independencia),null,1226.9285714285713,467.8809523809524,716
16 feb 2024,MX,Morelia,Rey Tariácuri,null,567,583.3333333333334,42
16 feb 2024,MX,Morelia,Av. Gral. Lázaro Cárdenas,null,1779.6483516483515,928.7032967032967,1647
16 feb 2024,MX,Morelia,Periférico Paseo de la República (Sector Revolución),null,1881.1176470588234,715.9117647058823,821
16 feb 2024,MX,Morelia,Periférico Paseo de la República (Sector Nueva España),null,1217.4444444444443,627.6666666666666,174
16 feb 2024,MX,Morelia,Carpinteros de Paracho,null,776.047619047619,927,158
16 feb 2024,MX,Morelia,20 de Noviembre,null,1130.8,496,25
16 feb 2024,MX,Morelia,Francisco Manuel Sánchez de Tagle,null,715.8571428571429,653.4285714285714,69
16 feb 2024,MX,Morelia,Antonio Alzate,null,726,527,8
16 feb 2024,MX,Morelia,Av. Acueducto,null,885.4666666666667,524.6333333333333,1005
16 feb 2024,MX,Morelia,Periférico Paseo de la República (Sector República),HAZARD,2243.03125,668.9375,585
16 feb 2024,MX,Morelia,Isidro Huarte,null,775.0384615384615,994.0769230769231,267
16 feb 2024,MX,Morelia,Antiguo Camino a la Huerta,null,957.28,518,54
16 feb 2024,MX,Morelia,Av. Universidad,null,905.1481481481482,524.0370370370371,197
16 feb 2024,MX,Morelia,Av. Tata Vasco,null,580,836.7727272727273,210
16 feb 2024,MX,Morelia,Av. Morelos (N),null,938.8333333333334,684.5,67
16 feb 2024,MX,Morelia,Francisco Márquez,null,680.24,553.88,245
16 feb 2024,MX,Morelia,Paseo de la República (Sector República),null,1578.6666666666667,367.8484848484849,496
16 feb 2024,MX,Morelia,Guillermo Prieto,null,1075,780.3333333333334,25
16 feb 2024,MX,Morelia,Av. Guadalupe Victoria,HAZARD,693.7142857142857,975.1428571428571,69
16 feb 2024,MX,Morelia,Paseo de la República (Sector República),HAZARD,1180,560.8,85
16 feb 2024,MX,Morelia,Blvd. García de León,null,566.2857142857143,449.85714285714283,76
16 feb 2024,MX,Morelia,Periférico Paseo de la República (Sector República),null,2155.8888888888887,715.1111111111111,195
16 feb 2024,MX,Morelia,Av. Fray Antonio de San Miguel Iglesias,null,659,479.5,52
16 feb 2024,MX,Morelia,Héroe de Nacozari,null,709,712.5,54
16 feb 2024,MX,Morelia,Av. Héroes de Nocupétaro,null,674,567.75,31
16 feb 2024,MX,Morelia,Av. Francisco I. Madero Oriente,null,1094.483870967742,650.8709677419355,443
16 feb 2024,MX,Morelia,Gral. Mariano Monterde,null,524,549.1,89
16 feb 2024,MX,Morelia,Av. San Juanito Itzícuaro,null,538,553.4,25
16 feb 2024,MX,Morelia,Virrey Antonio de Bucareli,null,1263.6842105263158,481.2631578947368,265
16 feb 2024,MX,Morelia,Av. Michoacán,null,738.1764705882352,494.47058823529414,127
16 feb 2024,MX,Morelia,MEX-15 / Morelia - Jiquilpan,null,847,467,6
16 feb 2024,MX,Morelia,Gertrudis Bocanegra,null,607,530.5,16
16 feb 2024,MX,Morelia,Juán José de Lejarza,null,745.125,593.3125,209
16 feb 2024,MX,Morelia,Calz. Juárez,null,1154,1971,20
16 feb 2024,MX,Morelia,Av. Francisco I. Madero Poniente,null,938.2424242424242,589.3636363636364,367
16 feb 2024,MX,Morelia,Av. Periodismo,null,743.2727272727273,765.4545454545455,48
17 feb 2024,MX,Morelia,Lateral Francisco I. Madero Ote.,null,704.8571428571429,676,46
17 feb 2024,MX,Morelia,Allende,null,743,639.5,17
17 feb 2024,MX,Morelia,Periférico Paseo de la República (Sector Revolución),ACCIDENT,1663.8529411764705,583.6176470588235,675
17 feb 2024,MX,Morelia,MEX-43 / Morelia - Salamanca,null,2890,98,2
17 feb 2024,MX,Morelia,Periférico Paseo de la República (Sector Revolución),null,1294.75,655,66
17 feb 2024,MX,Morelia,Periférico Paseo de la República (Sector Nueva España),null,1051.578947368421,410.7368421052632,443
17 feb 2024,MX,Morelia,Virrey Antonio de Mendoza,null,872.7272727272727,666.1818181818181,69
17 feb 2024,MX,Morelia,Av. Morelos (N),null,983.6363636363636,497.5,452
17 feb 2024,MX,Morelia,Rey Tangaxoan II,null,599.1304347826087,575.0434782608696,186
17 feb 2024,MX,Morelia,Héroe de Nacozari,null,674.5,699.4166666666666,167
17 feb 2024,MX,Morelia,Paseo de la República (Sector Nueva España),null,985.1,500.15,489
17 feb 2024,MX,Morelia,5 de Febrero,null,650,498,3
17 feb 2024,MX,Morelia,Av. Héroes de Nocupétaro,null,756.5625,762.875,140
17 feb 2024,MX,Morelia,Aquiles Serdán,null,709.6,498.2,67
17 feb 2024,MX,Morelia,Av. Francisco I. Madero Poniente,null,1231.4444444444443,637.9444444444445,267
17 feb 2024,MX,Morelia,Guillermo Prieto,null,1178,906,8
17 feb 2024,MX,Morelia,Av. Francisco I. Madero Oriente,null,713.75,495.375,136
17 feb 2024,MX,Morelia,Av. Guadalupe Victoria,null,672.6428571428571,658.6428571428571,89
17 feb 2024,MX,Morelia,Guillermo Prieto,HAZARD,961,766.3333333333334,75
17 feb 2024,MX,Morelia,Av. Universidad,null,763.304347826087,700.4782608695652,93
17 feb 2024,MX,Morelia,General Francisco J. Múgica,null,548.55,557.25,91
17 feb 2024,MX,Morelia,Periférico Paseo de la República (Sector Independencia),null,1820.7857142857142,827.2857142857143,442
17 feb 2024,MX,Morelia,Mariano Michelena,null,517,528,11
18 feb 2024,MX,Morelia,Av. Gral. Lázaro Cárdenas,null,1334.142857142857,480.3333333333333,294
18 feb 2024,MX,Morelia,Mayas,null,531,596,2
18 feb 2024,MX,Morelia,Vicente Santa María,null,581,623,3
18 feb 2024,MX,Morelia,Aquiles Serdán,null,858.516129032258,749,318
18 feb 2024,MX,Morelia,Santiago Tapia,null,698.875,400.75,79
18 feb 2024,MX,Morelia,Av. Francisco I. Madero Oriente,null,820,490.6666666666667,75
18 feb 2024,MX,Morelia,Virrey Antonio de Mendoza,null,685.25,480.5,52
18 feb 2024,MX,Morelia,Av. Tata Vasco,null,558.8571428571429,526.7142857142857,49
18 feb 2024,MX,Morelia,Abasolo,null,678.5,634.75,24
18 feb 2024,MX,Morelia,Allende,null,718.5714285714286,807.5714285714286,41
18 feb 2024,MX,Morelia,20 de Noviembre,null,1076,551.5,20
18 feb 2024,MX,Morelia,Av. Francisco I. Madero Poniente,null,975.35,701.25,324
19 feb 2024,MX,Morelia,Av. Morelos (N),null,814.0454545454545,701.6590909090909,516
19 feb 2024,MX,Morelia,Av. Universidad,null,753.5,708,34
19 feb 2024,MX,Morelia,Periférico Paseo de la República (Sector Nueva España),null,511,479,26
19 feb 2024,MX,Morelia,Av. Héroes de Nocupétaro,null,634,533,8
19 feb 2024,MX,Morelia,Av. Guadalupe Victoria,null,694.1666666666666,478.6666666666667,31
19 feb 2024,MX,Morelia,Periférico Paseo de la República (Sector Independencia),null,1285.8461538461538,458.0576923076923,1669
19 feb 2024,MX,Morelia,Av. Guadalupe Victoria,HAZARD,847.0625,547.1875,90
20 feb 2024,MX,Morelia,Periférico Paseo de la República (Sector Nueva España),null,2023.5,555.5,37
20 feb 2024,MX,Morelia,Av. Francisco I. Madero Poniente,null,1309.1153846153845,783.7564102564103,1019
20 feb 2024,MX,Morelia,Av. Michoacán,null,848.7,666.9,65
20 feb 2024,MX,Morelia,Periférico Paseo de la República (Sector Independencia),null,784.3333333333334,121.33333333333333,20
20 feb 2024,MX,Morelia,Isidro Huarte,null,931,615,4
20 feb 2024,MX,Morelia,Héroe de Nacozari,null,735,645,13
20 feb 2024,MX,Morelia,Blvd. García de León,null,538,456,13
20 feb 2024,MX,Morelia,Av. Universidad,null,1037.5,491,41
20 feb 2024,MX,Morelia,Periférico Paseo de la República (Sector Independencia),ACCIDENT,1240.7142857142858,624.2380952380952,194
20 feb 2024,MX,Morelia,Av. Guadalupe Victoria,null,1258.3333333333333,609.3333333333334,26
20 feb 2024,MX,Morelia,Av. Francisco I. Madero Oriente,null,1964.4444444444443,646.3333333333334,147
20 feb 2024,MX,Morelia,Rey Tariácuri,null,552.5,563,8
20 feb 2024,MX,Morelia,Av. Héroes de Nocupétaro,null,664.3809523809524,478.9047619047619,95
20 feb 2024,MX,Morelia,Av. Francisco I. Madero Poniente,HAZARD,2141.6666666666665,473.6666666666667,35
20 feb 2024,MX,Morelia,Av. Morelos (N),null,1043.3703703703704,658.0370370370371,372
20 feb 2024,MX,Morelia,20 de Noviembre,null,511,520,6
21 feb 2024,MX,Morelia,Margarita Maza de Juárez,null,1070.2941176470588,681.4117647058823,160
21 feb 2024,MX,Morelia,Rey Tangaxoan II,null,934.1818181818181,572.3636363636364,34
21 feb 2024,MX,Morelia,Periférico Paseo de la República (Sector Revolución),null,1589.1,440.625,622
21 feb 2024,MX,Morelia,Periférico Paseo de la República (Sector Independencia),null,1481.5853658536585,784.0731707317074,801
21 feb 2024,MX,Morelia,Av. Francisco I. Madero Poniente,null,1319.4444444444443,842.7777777777778,123
21 feb 2024,MX,Morelia,Av. Morelos (N),null,742.9666666666667,628.5333333333333,284
21 feb 2024,MX,Morelia,Rey Tariácuri,null,567.5,655,8
21 feb 2024,MX,Morelia,Av. Acueducto,null,936.8,397.2,50
21 feb 2024,MX,Morelia,Antiguo Camino a la Huerta,null,1046,325,2
22 feb 2024,MX,Morelia,Av. Francisco I. Madero Oriente,null,747,465.1818181818182,141
22 feb 2024,MX,Morelia,Av. San José del Cerrito,null,643,379,5
22 feb 2024,MX,Morelia,Aquiles Serdán,null,817.0714285714286,514.0714285714286,93
22 feb 2024,MX,Morelia,Ignacio Rayón,null,625.7692307692307,593.3076923076923,100
22 feb 2024,MX,Morelia,Av. Francisco I. Madero Poniente,null,767.7894736842105,492.4736842105263,97
22 feb 2024,MX,Morelia,Periférico Paseo de la República (Sector Nueva España),HAZARD,1096.923076923077,407.2307692307692,862
22 feb 2024,MX,Morelia,Lateral Francisco I. Madero Ote.,null,822.875,364.125,56
22 feb 2024,MX,Morelia,General Francisco J. Múgica,null,815.7,580.4,53
22 feb 2024,MX,Morelia,Rey Tariácuri,null,588.7142857142857,632.1428571428571,66
22 feb 2024,MX,Morelia,Manuel Muñiz,null,638.3333333333334,469.3333333333333,13
22 feb 2024,MX,Morelia,Rey Tangaxoan II,null,731.2857142857143,580.8571428571429,15
22 feb 2024,MX,Morelia,Av. Francisco I. Madero Poniente,HAZARD,737.1538461538462,328,61
22 feb 2024,MX,Morelia,Paseo de la República (Sector Nueva España),null,710.0833333333334,487.1666666666667,54
22 feb 2024,MX,Morelia,Periférico Paseo de la República (Sector Nueva España),null,1120.8260869565217,394.39130434782606,384
22 feb 2024,MX,Morelia,Virrey Antonio de Mendoza,null,696.5,881.6,53
22 feb 2024,MX,Morelia,MEX-15 / Morelia - Jiquilpan,null,1146.05,557.55,336
22 feb 2024,MX,Morelia,José Juan Tablada,null,879,677,8
22 feb 2024,MX,Morelia,Paseo de la República (Sector República),null,2540,443,15
23 feb 2024,MX,Morelia,Periférico Paseo de la República (Sector Revolución),ACCIDENT,1240.142857142857,492.42857142857144,445
23 feb 2024,MX,Morelia,Oriente - Poniente,null,861,1386,8
23 feb 2024,MX,Morelia,Rey Tangaxoan II,null,700.6666666666666,562.1111111111111,40
23 feb 2024,MX,Morelia,20 de Noviembre,null,666,756,4
23 feb 2024,MX,Morelia,Abasolo,null,571.7142857142857,622.1428571428571,46
23 feb 2024,MX,Morelia,Av. Morelos (N),null,1492,772.5,83
23 feb 2024,MX,Morelia,Lateral Francisco I. Madero Ote.,null,941,581.5,25
23 feb 2024,MX,Morelia,Corregidora,null,683.375,594.3125,100
23 feb 2024,MX,Morelia,Av. Francisco I. Madero Oriente,null,698.2222222222222,728.1111111111111,47
23 feb 2024,MX,Morelia,Allende,null,1076,584,6
23 feb 2024,MX,Morelia,Antiguo Camino a la Huerta,null,770.7142857142857,984,17
23 feb 2024,MX,Morelia,Aquiles Serdán,null,649.6666666666666,655.3333333333334,31
23 feb 2024,MX,Morelia,Av. Guadalupe Victoria,null,628,723,30
23 feb 2024,MX,Morelia,MEX-15 / Morelia - Jiquilpan,null,1055.6,295.5,78
23 feb 2024,MX,Morelia,Lateral Francisco I. Madero Ote.,HAZARD,620,418,55
23 feb 2024,MX,Morelia,Periférico Paseo de la República (Sector Revolución),null,1794,758,24
23 feb 2024,MX,Morelia,Virrey Antonio de Mendoza,null,962.047619047619,676.5714285714286,193
24 feb 2024,MX,Morelia,Allende,null,678.3888888888889,591.8888888888889,113
24 feb 2024,MX,Morelia,Paseo de la República (Sector Nueva España),null,625,538,13
24 feb 2024,MX,Morelia,Virrey Antonio de Mendoza,null,1031.1875,652.9375,153
24 feb 2024,MX,Morelia,Av. Francisco I. Madero Poniente,null,1279.7857142857142,572.3809523809524,322
24 feb 2024,MX,Morelia,Periférico Paseo de la República (Sector Revolución),ACCIDENT,1826,787.7142857142857,197
24 feb 2024,MX,Morelia,Abasolo,null,576.4444444444445,594.2777777777778,144
24 feb 2024,MX,Morelia,Periférico Paseo de la República (Sector Revolución),null,1372,295.6666666666667,464
24 feb 2024,MX,Morelia,Av. Gral. Lázaro Cárdenas,null,897,505.6666666666667,27
24 feb 2024,MX,Morelia,Aquiles Serdán,null,572.8823529411765,592.3529411764706,157
24 feb 2024,MX,Morelia,Periférico Paseo de la República (Sector Independencia),HAZARD,721,522,14
24 feb 2024,MX,Morelia,Av. Francisco I. Madero Oriente,null,692,497.25,78
24 feb 2024,MX,Morelia,Periférico Paseo de la República (Sector Independencia),ACCIDENT,750.0714285714286,413.7857142857143,166
24 feb 2024,MX,Morelia,Corregidora,null,667.0909090909091,561.4545454545455,104
25 feb 2024,MX,Morelia,Av. Juan Pablo II,null,534,442,8
25 feb 2024,MX,Morelia,Luis de León Romano,null,580,495.625,99
25 feb 2024,MX,Morelia,Av. Francisco I. Madero Oriente,null,642.8,560.6,58
25 feb 2024,MX,Morelia,Abasolo,null,653,547.4285714285714,50
25 feb 2024,MX,Morelia,Aquiles Serdán,null,641.4666666666667,550.4666666666667,92
25 feb 2024,MX,Morelia,Av. Francisco I. Madero Poniente,null,946.972972972973,433.35135135135135,487
26 feb 2024,MX,Morelia,Av. Francisco I. Madero Poniente,null,991.2666666666667,702.3333333333334,154
29 feb 2024,MX,Morelia,Av. Miguel Hidalgo,null,633.2857142857143,463,34
29 feb 2024,MX,Morelia,Antiguo Camino a la Huerta,null,628,447.75,8
29 feb 2024,MX,Morelia,Periférico Paseo de la República (Sector Independencia),null,1562.6666666666667,536.2222222222222,63
29 feb 2024,MX,Morelia,Av. Francisco I. Madero Poniente,null,804.8571428571429,391.85714285714283,47
29 feb 2024,MX,Morelia,Av. Francisco I. Madero Poniente,ACCIDENT,913,560,11
29 feb 2024,MX,Morelia,Av. Francisco I. Madero Oriente,null,1000.7272727272727,333.90909090909093,70
29 feb 2024,MX,Morelia,Allende,null,848.6,377.4,15
29 feb 2024,MX,Morelia,Av. Morelos (N),null,842.8421052631579,797.7894736842105,248
29 feb 2024,MX,Morelia,Av. Morelos Sur,null,804,678.3333333333334,21
29 feb 2024,MX,Morelia,Periférico Paseo de la República (Sector Nueva España),null,759,525,20
29 feb 2024,MX,Morelia,Av. Guadalupe Victoria,null,749.75,533.5,21
29 feb 2024,MX,Morelia,Carpinteros de Paracho,null,513,563.5,6
29 feb 2024,MX,Morelia,Lateral Francisco I. Madero Ote.,null,664,443,20
29 feb 2024,MX,Morelia,Av. Acueducto,null,1161,802,24
1 mar 2024,MX,Morelia,Lateral Francisco I. Madero Ote.,null,1126.625,1042,127
1 mar 2024,MX,Morelia,Av. Morelos (N),null,1287.5,701.5,41
1 mar 2024,MX,Morelia,Allende,null,830,441.8,89
1 mar 2024,MX,Morelia,Av. Periodismo,null,630.4,565.4,27
1 mar 2024,MX,Morelia,Paseo de la República (Sector República),null,604,407,13
1 mar 2024,MX,Morelia,Margarita Maza de Juárez,null,745.2222222222222,497,84
1 mar 2024,MX,Morelia,Av. Juárez,null,1066,469.5,18
1 mar 2024,MX,Morelia,Francisco Márquez,null,673,577,3
1 mar 2024,MX,Morelia,Antiguo Camino a la Huerta,null,862.7083333333334,703.5416666666666,67
1 mar 2024,MX,Morelia,Av. Solidaridad,null,624.5384615384615,711.7692307692307,144
1 mar 2024,MX,Morelia,Calz. Juárez,null,621,76.66666666666667,21
1 mar 2024,MX,Morelia,Santiago Tapia,null,667.5714285714286,425.2857142857143,74
1 mar 2024,MX,Morelia,Periférico Paseo de la República (Sector Independencia),null,1615.8809523809523,552.8333333333334,1358
1 mar 2024,MX,Morelia,Guillermo Prieto,null,893,977.6666666666666,33
1 mar 2024,MX,Morelia,Francisco Márquez,HAZARD,690,508,12
1 mar 2024,MX,Morelia,Av. Universidad,null,981.9354838709677,835,295
1 mar 2024,MX,Morelia,Ventura Puente,null,840.5,490,65
1 mar 2024,MX,Morelia,Periférico Paseo de la República (Sector Independencia),HAZARD,1136.5384615384614,764.2307692307693,339
1 mar 2024,MX,Morelia,Rey Tangaxoan II,null,931.6875,937.4375,157
1 mar 2024,MX,Morelia,Rey Tariácuri,null,516.9090909090909,384.6363636363636,92
1 mar 2024,MX,Morelia,Av. Fuentes de Morelia,null,767.8125,429.4375,204
1 mar 2024,MX,Morelia,Corregidora,null,671,488.25,14
1 mar 2024,MX,Morelia,Periférico Paseo de la República (Sector Independencia),ACCIDENT,1148.9375,1010.125,351
1 mar 2024,MX,Morelia,Periférico Paseo de la República (Sector Nueva España),null,1229.4705882352941,382.29411764705884,563
1 mar 2024,MX,Morelia,Virrey Antonio de Mendoza,null,1079.2,397.8,61
1 mar 2024,MX,Morelia,Av. Francisco I. Madero Poniente,null,1590.4038461538462,862.5769230769231,734
1 mar 2024,MX,Morelia,Teniente Coronel Felipe Páramo,null,756,405.5,28
1 mar 2024,MX,Morelia,Av. Guadalupe Victoria,null,702,553,3
1 mar 2024,MX,Morelia,Av. Francisco I. Madero Oriente,ACCIDENT,1275,652.6923076923077,117
1 mar 2024,MX,Morelia,Av. Francisco I. Madero Oriente,null,2075.28,551.68,299
1 mar 2024,MX,Morelia,General Francisco J. Múgica,null,874.8,722.2,38
1 mar 2024,MX,Morelia,José Juan Tablada,null,799.5,433,136
2 mar 2024,MX,Morelia,Av. del Maestro,null,608,394.25,8
2 mar 2024,MX,Morelia,Av. Morelos Sur,null,668,463,5
2 mar 2024,MX,Morelia,Av. Gral. Lázaro Cárdenas,null,702.4444444444445,493.3333333333333,46
2 mar 2024,MX,Morelia,Paseo de la República (Sector Nueva España),null,811.25,303.5,49
2 mar 2024,MX,Morelia,Héroe de Nacozari,null,710.7142857142857,747,119
2 mar 2024,MX,Morelia,Av. Universidad,null,911.2857142857143,657.4285714285714,34
2 mar 2024,MX,Morelia,Av. Francisco I. Madero Oriente,null,717.3333333333334,346,31
2 mar 2024,MX,Morelia,Virrey Antonio de Bucareli,null,582,545.6666666666666,9
2 mar 2024,MX,Morelia,Periférico Paseo de la República (Sector Nueva España),null,759,523.1666666666666,87
2 mar 2024,MX,Morelia,Av. Periodismo,null,556.1,569.2,78
2 mar 2024,MX,Morelia,Periférico Paseo de la República (Sector Independencia),null,905.125,305.8125,525
2 mar 2024,MX,Morelia,Av. Michoacán,null,1019,458.5,88
2 mar 2024,MX,Morelia,Calz. la Huerta,null,856,342.6666666666667,28
2 mar 2024,MX,Morelia,Av. Guadalupe Victoria,null,708,646,24
2 mar 2024,MX,Morelia,Av. Acueducto,null,1128,515.5,13
2 mar 2024,MX,Morelia,Periférico Paseo de la República (Sector Independencia),ACCIDENT,852.1176470588235,287.8235294117647,605
2 mar 2024,MX,Morelia,Av. Francisco I. Madero Poniente,null,1278.53125,633.13125,2170
2 mar 2024,MX,Morelia,Abasolo,null,612.8333333333334,589.6666666666666,41
2 mar 2024,MX,Morelia,Av. Héroes de Nocupétaro,null,903.15,590.3,138
3 mar 2024,MX,Morelia,Av. Francisco I. Madero Oriente,null,862.1666666666666,476.5,54
3 mar 2024,MX,Morelia,Allende,null,1053,855.6666666666666,21
3 mar 2024,MX,Morelia,Blvd. García de León,null,641.2,391.8,43
3 mar 2024,MX,Morelia,Av. Francisco I. Madero Poniente,null,755.2,419.8,26
3 mar 2024,MX,Morelia,Av. Morelos (N),null,1168.5652173913043,666.304347826087,529
3 mar 2024,MX,Morelia,Abasolo,null,627.7,659.3,123
3 mar 2024,MX,Morelia,Manuel Muñiz,null,577,742,4
4 mar 2024,MX,Morelia,Periférico Paseo de la República (Sector República),ACCIDENT,1909.5384615384614,675.8461538461538,143
4 mar 2024,MX,Morelia,General Francisco J. Múgica,null,861,591.8571428571429,86
4 mar 2024,MX,Morelia,División del Norte,null,563,456.3333333333333,6
4 mar 2024,MX,Morelia,Paseo de la República (Sector Nueva España),null,965.6,370.8666666666667,104
4 mar 2024,MX,Morelia,Artilleros de 1847,null,771.6666666666666,517,19
4 mar 2024,MX,Morelia,Av. Gral. Lázaro Cárdenas,null,1078.3333333333333,346.77777777777777,62
4 mar 2024,MX,Morelia,Paseo de la República (Sector República),null,1446.857142857143,469.23809523809524,199
4 mar 2024,MX,Morelia,Av. Morelos (N),null,868,833.5,27
4 mar 2024,MX,Morelia,Periférico Paseo de la República (Sector Independencia),null,1402.9512195121952,716.0487804878048,332
4 mar 2024,MX,Morelia,Av. Héroes de Nocupétaro,null,634,386,8
4 mar 2024,MX,Morelia,Gob. Aristeo Mercado,null,869.8571428571429,360,40
4 mar 2024,MX,Morelia,Av. Universidad,null,928.2222222222222,536.6666666666666,77
4 mar 2024,MX,Morelia,Paseo de la República (Sector Nueva España),ACCIDENT,760,331.35714285714283,197
4 mar 2024,MX,Morelia,Periférico Paseo de la República (Sector República),null,2408.5,694.3333333333334,59
4 mar 2024,MX,Morelia,Av. Solidaridad,null,831.6666666666666,699.3333333333334,83
4 mar 2024,MX,Morelia,Av. Francisco I. Madero Poniente,null,875.2608695652174,490.5652173913044,292
5 mar 2024,MX,Morelia,Av. Morelos (N),null,728.25,886.5,19
5 mar 2024,MX,Morelia,Santiago Tapia,null,915,709,14
5 mar 2024,MX,Morelia,Antiguo Camino a la Huerta,null,775.5,390.75,18
5 mar 2024,MX,Morelia,Manuel Muñiz,null,616,482.6666666666667,15
5 mar 2024,MX,Morelia,Av. Universidad,null,734.3333333333334,521.1111111111111,56
5 mar 2024,MX,Morelia,Av. San José del Cerrito,null,734.3125,426.5625,46
5 mar 2024,MX,Morelia,Av. Gral. Lázaro Cárdenas,null,792,597,15
5 mar 2024,MX,Morelia,Av. Francisco I. Madero Poniente,null,598,567,5
5 mar 2024,MX,Morelia,Lateral Francisco I. Madero Ote.,null,972.5714285714286,660.7142857142857,92
6 mar 2024,MX,Morelia,Av. Universidad,null,711,582.6666666666666,9
6 mar 2024,MX,Morelia,Av. Gral. Lázaro Cárdenas,null,1951.4444444444443,640.4444444444445,177
6 mar 2024,MX,Morelia,Calz. Juárez,null,999.5,362,6
6 mar 2024,MX,Morelia,Av. Francisco I. Madero Oriente,null,867.7755102040817,428.6938775510204,422
6 mar 2024,MX,Morelia,Av. Tata Vasco,null,574,803,3
6 mar 2024,MX,Morelia,Av. Bosques de los Olivos,null,626,2917,6
6 mar 2024,MX,Morelia,Paseo de la República (Sector Nueva España),null,938,509,12
6 mar 2024,MX,Morelia,Ventura Puente,null,1287.7142857142858,529.8571428571429,104
6 mar 2024,MX,Morelia,Antiguo Camino a la Huerta,null,976.3333333333334,404.8333333333333,12
6 mar 2024,MX,Morelia,Av. Francisco I. Madero Poniente,null,903,431.25,110
6 mar 2024,MX,Morelia,Ventura Puente,HAZARD,677.3846153846154,440.84615384615387,155
6 mar 2024,MX,Morelia,Cuautla,null,519,587,5
6 mar 2024,MX,Morelia,Av. Morelos (N),null,674.3333333333334,625.75,149
7 mar 2024,MX,Morelia,Av. Guadalupe Victoria,null,734,598.3333333333334,20
7 mar 2024,MX,Morelia,Ramal Camelinas,null,2133.5714285714284,234.14285714285714,70
7 mar 2024,MX,Morelia,Av. Solidaridad,null,548,1525,10
7 mar 2024,MX,Morelia,Paseo de la República (Sector Nueva España),null,732,734.5,22
7 mar 2024,MX,Morelia,Calz. la Huerta,null,1073.857142857143,488.2857142857143,71
7 mar 2024,MX,Morelia,Ventura Puente,null,1356,765,17
7 mar 2024,MX,Morelia,Guillermo Prieto,HAZARD,897.6666666666666,445.5,70
7 mar 2024,MX,Morelia,Av. Morelos (N),null,756.2564102564103,682.7948717948718,434
7 mar 2024,MX,Morelia,Av. Francisco I. Madero Poniente,null,1190.6891891891892,730.9459459459459,700
7 mar 2024,MX,Morelia,Galeana,null,675,517,3
7 mar 2024,MX,Morelia,Abasolo,null,618.75,604.25,71
7 mar 2024,MX,Morelia,Periférico Paseo de la República (Sector Independencia),null,1222.2857142857142,675,75
7 mar 2024,MX,Morelia,Av. Francisco I. Madero Oriente,null,1482.4166666666667,351.5,106
7 mar 2024,MX,Morelia,Rey Tariácuri,null,520.1818181818181,649,59
7 mar 2024,MX,Morelia,Juán José de Lejarza,null,518,495,7
7 mar 2024,MX,Morelia,Av. Acueducto,null,914.125,585.375,88
7 mar 2024,MX,Morelia,General Francisco J. Múgica,null,634,253.66666666666666,15
7 mar 2024,MX,Morelia,Lateral Francisco I. Madero Ote.,null,837.8333333333334,701.5,24
7 mar 2024,MX,Morelia,Calz. la Huerta,ACCIDENT,678.5,334.25,31
8 mar 2024,MX,Morelia,20 de Noviembre,null,1010.6666666666666,369.3333333333333,48
8 mar 2024,MX,Morelia,Blvd. García de León,null,681.5,585.1666666666666,261
8 mar 2024,MX,Morelia,Av. Francisco Medina García Sur,null,862,789,4
8 mar 2024,MX,Morelia,Av. Gral. Lázaro Cárdenas,null,1157.75,601.75,33
8 mar 2024,MX,Morelia,Batalla de Casa Mata,null,531,428.5,14
8 mar 2024,MX,Morelia,Antonio Alzate,null,1027,607,11
8 mar 2024,MX,Morelia,Av. Solidaridad,null,575,769,19
8 mar 2024,MX,Morelia,Periférico Paseo de la República (Sector Independencia),null,1330.5263157894738,667.5263157894736,414
8 mar 2024,MX,Morelia,Carpinteros de Paracho,null,684.1176470588235,639.9411764705883,222
8 mar 2024,MX,Morelia,Av. Francisco I. Madero Poniente,null,939,398.0833333333333,261
8 mar 2024,MX,Morelia,Av. Michoacán,null,595.1666666666666,735.3333333333334,42
8 mar 2024,MX,Morelia,Dr. Ignacio Chávez,null,609,598,11
8 mar 2024,MX,Morelia,Virrey Antonio de Bucareli,null,542,818,10
8 mar 2024,MX,Morelia,Margarita Maza de Juárez,null,677,716,18
8 mar 2024,MX,Morelia,Santiago Tapia,null,788.8,526.4,47
8 mar 2024,MX,Morelia,Antiguo Camino a la Huerta,null,902.9444444444445,937.6666666666666,37
8 mar 2024,MX,Morelia,Av. Periodismo,null,1326.625,696.0833333333334,242
8 mar 2024,MX,Morelia,General Francisco J. Múgica,null,925.0555555555555,567.9444444444445,157
8 mar 2024,MX,Morelia,Allende,null,965,753,15
8 mar 2024,MX,Morelia,La Huerta,null,845.5454545454545,509.09090909090907,113
8 mar 2024,MX,Morelia,Av. Guadalupe Victoria,null,797,635,6
8 mar 2024,MX,Morelia,Calz. la Huerta,null,773.1428571428571,1109.2857142857142,131
8 mar 2024,MX,Morelia,Oriente - Poniente,null,710.6,988.6,27
8 mar 2024,MX,Morelia,Av. Morelos Sur,null,686.3333333333334,637.6666666666666,48
8 mar 2024,MX,Morelia,Rey Tangaxoan II,null,739.0909090909091,475.54545454545456,125
8 mar 2024,MX,Morelia,Av. Universidad,null,955.8,838.575,407
8 mar 2024,MX,Morelia,Virrey Antonio de Mendoza,null,839.8333333333334,543.5,29
8 mar 2024,MX,Morelia,Isidro Huarte,null,1090,552,8
8 mar 2024,MX,Morelia,Av. Francisco I. Madero Oriente,null,1178.4893617021276,556.8085106382979,497
8 mar 2024,MX,Morelia,Corregidora,null,572,386.25,23
8 mar 2024,MX,Morelia,Francisco Márquez,null,656.5,559.25,44
9 mar 2024,MX,Morelia,Periférico Paseo de la República (Sector Independencia),null,724.5384615384615,220.30769230769232,125
9 mar 2024,MX,Morelia,Virrey Antonio de Bucareli,null,542,807,9
9 mar 2024,MX,Morelia,Guillermo Prieto,null,547,719,8
9 mar 2024,MX,Morelia,Abasolo,null,534,513.4444444444445,93
9 mar 2024,MX,Morelia,Av. Periodismo,null,846.5,508.5,115
9 mar 2024,MX,Morelia,Guillermo Prieto,HAZARD,585,799.4,37
9 mar 2024,MX,Morelia,Av. Gral. Lázaro Cárdenas,null,1020.6666666666666,569.6666666666666,8
9 mar 2024,MX,Morelia,20 de Noviembre,null,867.8163265306123,556.0612244897959,740
9 mar 2024,MX,Morelia,Av. Guadalupe Victoria,null,628,462.26666666666665,127
9 mar 2024,MX,Morelia,Lateral Francisco I. Madero Ote.,null,673,577.2,25
9 mar 2024,MX,Morelia,Av. Michoacán,null,524,277.25,24
9 mar 2024,MX,Morelia,Vasco de Quiroga,null,574,657,12
9 mar 2024,MX,Morelia,Carpinteros de Paracho,null,804.5,661.375,74
9 mar 2024,MX,Morelia,Héroe de Nacozari,null,735,757,12
9 mar 2024,MX,Morelia,Paseo de la República (Sector República),null,1024.0873015873017,504.1190476190476,1479
9 mar 2024,MX,Morelia,Antiguo Camino a la Huerta,null,1627,567,14
9 mar 2024,MX,Morelia,Av. Francisco I. Madero Poniente,null,928.697247706422,434.6880733944954,1423
9 mar 2024,MX,Morelia,Periférico Paseo de la República (Sector República),null,2464.27868852459,533.7377049180328,1002
9 mar 2024,MX,Morelia,Calz. la Huerta,null,1494.4186046511627,434.25581395348837,966
9 mar 2024,MX,Morelia,Av. Universidad,null,727.8,853.7,59
10 mar 2024,MX,Morelia,Av. Francisco I. Madero Poniente,ACCIDENT,990.5,640.75,29
10 mar 2024,MX,Morelia,Allende,null,856.6,372.3,103
10 mar 2024,MX,Morelia,Aquiles Serdán,null,623,818,7
10 mar 2024,MX,Morelia,Av. Francisco I. Madero Poniente,null,1500.6,669.2,46
10 mar 2024,MX,Morelia,Virrey Antonio de Mendoza,null,1002,688,4
11 mar 2024,MX,Morelia,Av. Francisco I. Madero Poniente,null,954.2222222222222,442.8888888888889,183
11 mar 2024,MX,Morelia,MEX-15 / Morelia - Jiquilpan,null,2572,639,15
11 mar 2024,MX,Morelia,Av. Universidad,null,817,470.25,31
11 mar 2024,MX,Morelia,Av. Guadalupe Victoria,null,896,658.5,5
11 mar 2024,MX,Morelia,Av. Acueducto,null,814,597.75,31
11 mar 2024,MX,Morelia,Av. Morelos (N),null,761.2727272727273,641.0454545454545,277
11 mar 2024,MX,Morelia,Calz. la Huerta,null,912.6842105263158,291.1578947368421,147
11 mar 2024,MX,Morelia,Antiguo Camino a la Huerta,null,673.3333333333334,1291.6666666666667,7
11 mar 2024,MX,Morelia,Blvd. García de León,null,786.2790697674419,715.3255813953489,481
12 mar 2024,MX,Morelia,Rey Tariácuri,null,509,636,4
12 mar 2024,MX,Morelia,Av. Siervo de la Nación,null,506,466.5,8
12 mar 2024,MX,Morelia,Antiguo Camino a la Huerta,null,1095,538.3333333333334,8
12 mar 2024,MX,Morelia,Virrey Antonio de Mendoza,null,657,1041,8
12 mar 2024,MX,Morelia,Periférico Paseo de la República (Sector Nueva España),null,811.6153846153846,381.2307692307692,197
12 mar 2024,MX,Morelia,Av. Morelos (N),null,891.75,930.25,116
12 mar 2024,MX,Morelia,Av. Gral. Lázaro Cárdenas,null,1181.6666666666667,717.5,43
12 mar 2024,MX,Morelia,Av. Universidad,null,630,531.5,10
12 mar 2024,MX,Morelia,Galeana,null,675,498,8
12 mar 2024,MX,Morelia,Av. Michoacán,null,803,522.5,8
12 mar 2024,MX,Morelia,Cuautla,null,519,769.6666666666666,9
12 mar 2024,MX,Morelia,Calz. Juárez,null,734,170.33333333333334,12
12 mar 2024,MX,Morelia,Av. Juan Pablo II,null,1214.25,461.0833333333333,131
12 mar 2024,MX,Morelia,Av. Francisco I. Madero Poniente,null,1007.9444444444445,638.7222222222222,227
13 mar 2024,MX,Morelia,Av. Gral. Lázaro Cárdenas,null,978,717.3333333333334,32
13 mar 2024,MX,Morelia,Av. Guadalupe Victoria,HAZARD,775,690.5,10
13 mar 2024,MX,Morelia,Héroe de Nacozari,null,616,507,6
13 mar 2024,MX,Morelia,Av. Héroes de Nocupétaro,null,974.3333333333334,522,12
13 mar 2024,MX,Morelia,Av. Juárez,null,991.5,404.75,25
13 mar 2024,MX,Morelia,Av. Francisco I. Madero Poniente,null,1246.2380952380952,667,327
13 mar 2024,MX,Morelia,Periférico Paseo de la República (Sector Independencia),null,934,715,13
13 mar 2024,MX,Morelia,Av. Acueducto,null,2114,614,22
13 mar 2024,MX,Morelia,Lateral Francisco I. Madero Ote.,null,695.4,366.6,35
13 mar 2024,MX,Morelia,Rey Tariácuri,null,509,698.5,6
13 mar 2024,MX,Morelia,General Francisco J. Múgica,null,982.5,597.5,13
13 mar 2024,MX,Morelia,Av. Universidad,null,859.3333333333334,565.1666666666666,39
14 mar 2024,MX,Morelia,Av. Francisco I. Madero Oriente,null,1136.2,381,61
14 mar 2024,MX,Morelia,Lateral Francisco I. Madero Ote.,null,566,671,6
14 mar 2024,MX,Morelia,Av. Periodismo,null,669.1666666666666,555.6666666666666,111
14 mar 2024,MX,Morelia,La Huerta,null,645.75,716.5,16
14 mar 2024,MX,Morelia,Av. Siervo de la Nación,null,886.5,673.75,28
14 mar 2024,CO,Morelia,Morelia-Belén de los Andaquíes / RN65-02,null,4020,540,28
14 mar 2024,MX,Morelia,Av. Francisco I. Madero Poniente,null,1329.5185185185185,539.9629629629629,309
14 mar 2024,MX,Morelia,Calz. la Huerta,ACCIDENT,934.52,598.56,256
14 mar 2024,MX,Morelia,MEX-14 / Morelia - Pátzcuaro,null,611,472.3636363636364,28
14 mar 2024,MX,Morelia,Antiguo Camino a la Huerta,null,883.8,589,16
14 mar 2024,MX,Morelia,Periférico Paseo de la República (Sector Nueva España),null,692.4,283.8,74
14 mar 2024,MX,Morelia,Av. Gral. Lázaro Cárdenas,null,902.1666666666666,565.1666666666666,45
14 mar 2024,MX,Morelia,Abasolo,null,569.6666666666666,341.22222222222223,88
14 mar 2024,MX,Morelia,Paseo de la República (Sector Nueva España),null,728,430,26
14 mar 2024,MX,Morelia,Av. Torreón Nuevo,null,595,407,15
14 mar 2024,MX,Morelia,Periférico Paseo de la República (Sector Independencia),null,1192.2096774193549,704.3064516129032,1037
14 mar 2024,MX,Morelia,Calz. la Huerta,null,1246.3333333333333,1039.1333333333334,243
14 mar 2024,MX,Morelia,Av. Morelos (N),null,842.9487179487179,916.8461538461538,563
14 mar 2024,MX,Morelia,Av. Michoacán,null,531,483,6
14 mar 2024,MX,Morelia,Av. Universidad,null,902,692.6666666666666,31
14 mar 2024,MX,Morelia,Calz. la Huerta,HAZARD,1366.909090909091,678.0909090909091,205
14 mar 2024,MX,Morelia,Francisco R. Romero,null,518,487.6666666666667,18
15 mar 2024,MX,Morelia,Abasolo,null,531,564,10
15 mar 2024,MX,Morelia,Rey Tangaxoan II,null,837.8,658,19
15 mar 2024,MX,Morelia,Av. Héroes de Nocupétaro,null,686,625,39
15 mar 2024,MX,Morelia,Av. Siervo de la Nación,null,780.3333333333334,521.3333333333334,7
15 mar 2024,MX,Morelia,Av. Francisco Medina García Norte,null,654,624,4
15 mar 2024,MX,Morelia,General Francisco J. Múgica,null,515,576,6
15 mar 2024,MX,Morelia,Margarita Maza de Juárez,null,891.5,751.25,82
15 mar 2024,MX,Morelia,Periférico Paseo de la República (Sector Nueva España),null,1166.6666666666667,548,57
15 mar 2024,MX,Morelia,Av. Gral. Lázaro Cárdenas,null,1174.6176470588234,499.52941176470586,378
15 mar 2024,MX,Morelia,Av. Francisco I. Madero Oriente,null,1449,221,104
15 mar 2024,MX,Morelia,Virrey Antonio de Mendoza,null,1051,900.5,15
15 mar 2024,MX,Morelia,Av. Universidad,null,904.463768115942,657.6376811594203,579
15 mar 2024,MX,Morelia,Guillermo Prieto,null,638,541.1,91
15 mar 2024,MX,Morelia,Av. Morelos Sur,HAZARD,509,569,13
15 mar 2024,MX,Morelia,Av. Acueducto,null,729.7,516.6,75
15 mar 2024,MX,Morelia,Periférico Paseo de la República (Sector Independencia),null,2092.4848484848485,962.969696969697,965
15 mar 2024,MX,Morelia,Antiguo Camino a la Huerta,null,628,597.25,8
15 mar 2024,MX,Morelia,Av. Guadalupe Victoria,null,855,442,20
15 mar 2024,MX,Morelia,MEX-15 / Morelia - Jiquilpan,null,2195,508,8
15 mar 2024,MX,Morelia,La Huerta,null,870,579,3
15 mar 2024,MX,Morelia,Av. Periodismo,null,676,477,7
15 mar 2024,MX,Morelia,Av. Francisco I. Madero Poniente,null,1095,545.6666666666666,93
15 mar 2024,MX,Morelia,Av. Francisco I. Madero Oriente,HAZARD,1178.5666666666666,534.8333333333334,354
16 mar 2024,MX,Morelia,Av. Universidad,null,711,577.3333333333334,18
16 mar 2024,MX,Morelia,MEX-15 / Morelia - Jiquilpan,HAZARD,671,214,3
16 mar 2024,MX,Morelia,Av. Periodismo,null,784.5,575.25,46
16 mar 2024,MX,Morelia,Av. Acueducto,null,779.8571428571429,548.6190476190476,235
16 mar 2024,MX,Morelia,MEX-15 / Morelia - Jiquilpan,null,1496.8333333333333,591.6666666666666,46
16 mar 2024,MX,Morelia,Periférico Paseo de la República (Sector Nueva España),null,819.875,388.125,187
16 mar 2024,MX,Morelia,Paseo de la República (Sector República),null,1079,536.5,53
16 mar 2024,MX,Morelia,Allende,null,632,519,16
16 mar 2024,MX,Morelia,Manuel Muñiz,null,1003.8333333333334,502.3333333333333,70
16 mar 2024,MX,Morelia,Av. Guadalupe Victoria,null,625.1,738.4,51
16 mar 2024,MX,Morelia,Av. Francisco I. Madero Poniente,null,1015.3541666666666,778.9375,862
16 mar 2024,MX,Morelia,Abasolo,null,599.8571428571429,386,58
17 mar 2024,MX,Morelia,Av. Michoacán,null,1146,456.875,99
17 mar 2024,MX,Morelia,Aquiles Serdán,null,851.9285714285714,506.2142857142857,524
17 mar 2024,MX,Morelia,Av. Francisco I. Madero Poniente,null,1012.6060606060606,731.6969696969697,1246
17 mar 2024,MX,Morelia,Av. Gral. Lázaro Cárdenas,null,828,563.4,25
17 mar 2024,MX,Morelia,Av. Héroes de Nocupétaro,null,814.8421052631579,853.8947368421053,143
17 mar 2024,MX,Morelia,Abasolo,null,653,651.75,110
17 mar 2024,MX,Morelia,Av. Pedregal,null,656,1074,11
17 mar 2024,MX,Morelia,Av. Francisco I. Madero Oriente,null,654,443.2,268
17 mar 2024,MX,Morelia,Av. Guadalupe Victoria,null,556,501.57142857142856,55
18 mar 2024,MX,Morelia,Av. Francisco I. Madero Poniente,null,685,589,19
19 mar 2024,MX,Morelia,Av. Acueducto,null,821.25,491,58
19 mar 2024,MX,Morelia,Av. Morelos Sur,null,1310,543,18
19 mar 2024,MX,Morelia,Periférico Paseo de la República (Sector Nueva España),null,801.4,539.45,305
19 mar 2024,MX,Morelia,Av. Morelos (N),HAZARD,1007.6363636363636,727.9090909090909,120
19 mar 2024,MX,Morelia,Calz. la Huerta,null,1908.3333333333333,513.6666666666666,59
19 mar 2024,MX,Morelia,Héroe de Nacozari,null,725.25,539.625,65
19 mar 2024,MX,Morelia,Dr. Miguel Silva G.,null,600,455,8
19 mar 2024,MX,Morelia,Av. Gral. Lázaro Cárdenas,null,1090.6785714285713,698.5357142857143,272
19 mar 2024,MX,Morelia,Av. Guadalupe Victoria,null,786.5,649.75,54
19 mar 2024,MX,Morelia,Av. Morelos (N),null,1003.8070175438596,643.1929824561404,742
19 mar 2024,MX,Morelia,Batalla de Casa Mata,null,688.3157894736842,384.63157894736844,217
19 mar 2024,MX,Morelia,Periférico Paseo de la República (Sector Independencia),null,1866.7777777777778,1616.4444444444443,180
19 mar 2024,MX,Morelia,Av. Francisco I. Madero Oriente,null,1917,682,10
19 mar 2024,MX,Morelia,Av. Francisco I. Madero Poniente,null,1077.55,496.55,273
19 mar 2024,MX,Morelia,Periférico Paseo de la República (Sector Revolución),null,2003,786,70
19 mar 2024,MX,Morelia,Periférico Paseo de la República (Sector Independencia),ACCIDENT,1905.3111111111111,1163.5111111111112,1281
20 mar 2024,MX,Morelia,Av. Gral. Lázaro Cárdenas,null,1332.5,666.75,30
20 mar 2024,MX,Morelia,Av. Morelos (N),null,702,579,58
20 mar 2024,MX,Morelia,Av. Solidaridad,null,595.5,456,27
20 mar 2024,MX,Morelia,Av. Francisco I. Madero Poniente,null,1098.5,595.1111111111111,232
20 mar 2024,MX,Morelia,Av. Héroes de Nocupétaro,null,674,458,2
20 mar 2024,MX,Morelia,Periférico Paseo de la República (Sector Independencia),null,921.1666666666666,280.1666666666667,57
20 mar 2024,MX,Morelia,Virrey Antonio de Mendoza,null,1099,476.3333333333333,18
20 mar 2024,MX,Morelia,Carpinteros de Paracho,null,574,796.8,47
20 mar 2024,MX,Morelia,Av. Acueducto,null,871.425,899.05,307
21 mar 2024,MX,Morelia,Aquiles Serdán,null,813.8235294117648,681.4117647058823,119
21 mar 2024,MX,Morelia,Av. Francisco I. Madero Oriente,null,1576.3846153846155,606.3846153846154,186
21 mar 2024,MX,Morelia,Paseo de la República (Sector Nueva España),null,857,501.25,46
21 mar 2024,MX,Morelia,Periférico Paseo de la República (Sector República),ACCIDENT,1031.8636363636363,474.6818181818182,212
21 mar 2024,MX,Morelia,Av. Juan Pablo II,null,1273.4,1642,29
21 mar 2024,MX,Morelia,Av. Morelos (N),null,805.421052631579,592.7368421052631,230
21 mar 2024,MX,Morelia,Plan de Ayala,null,752.5,570.5,10
21 mar 2024,MX,Morelia,Av. Guadalupe Victoria,null,820,572.8,20
21 mar 2024,MX,Morelia,Av. Morelos (N),HAZARD,854.5,521.25,113
21 mar 2024,MX,Morelia,Periférico Paseo de la República (Sector Nueva España),null,925.05,628.25,437
21 mar 2024,MX,Morelia,Periférico Paseo de la República (Sector Independencia),null,1302.6666666666667,571.1666666666666,55
21 mar 2024,CO,Morelia,,null,3402.125,756,32
21 mar 2024,MX,Morelia,Ventura Puente,null,686,546,27
21 mar 2024,MX,Morelia,Allende,null,953.1111111111111,645.3333333333334,54
21 mar 2024,MX,Morelia,Av. Tata Vasco,null,583.4,527.88,206
21 mar 2024,MX,Morelia,Maestro Rubén Valencia Cortés,null,995,2681,16
21 mar 2024,MX,Morelia,Carpinteros de Paracho,null,732.9473684210526,511.94736842105266,156
21 mar 2024,MX,Morelia,Av. Universidad,null,856.5,542.8333333333334,30
21 mar 2024,MX,Morelia,Av. Francisco I. Madero Poniente,null,999.2,483.26666666666665,438
21 mar 2024,MX,Morelia,20 de Noviembre,null,804.7894736842105,635.5263157894736,134
21 mar 2024,MX,Morelia,Rey Tariácuri,null,538,580.6666666666666,19
21 mar 2024,MX,Morelia,Blvd. García de León,null,661,294.25,111
21 mar 2024,MX,Morelia,Abasolo,null,582.375,441.875,49
21 mar 2024,MX,Morelia,Av. Acueducto,null,567.75,683,26
21 mar 2024,MX,Morelia,Santiago Tapia,null,733.8461538461538,540.3846153846154,90
21 mar 2024,MX,Morelia,Galeana,null,675,418.5,35
21 mar 2024,MX,Morelia,Periférico Paseo de la República (Sector República),null,688.75,561,39
22 mar 2024,MX,Morelia,Paseo de la República (Sector República),ACCIDENT,668.2222222222222,459.55555555555554,76
22 mar 2024,MX,Morelia,Periférico Paseo de la República (Sector Revolución),HAZARD,2235.48,2455,855
22 mar 2024,MX,Morelia,Paseo de la República (Sector República),HAZARD,999.6,637.6,36
22 mar 2024,MX,Morelia,Antiguo Camino a la Huerta,null,1007.7222222222222,818.5,37
22 mar 2024,MX,Morelia,Periférico Paseo de la República (Sector Revolución),null,1517.48,667.32,744
22 mar 2024,MX,Morelia,Av. Guadalupe Victoria,null,644,622,16
22 mar 2024,MX,Morelia,Guillermo Prieto,null,785.7777777777778,782,175
22 mar 2024,MX,Morelia,Lateral Francisco I. Madero Ote.,null,756.7777777777778,716.7777777777778,191
22 mar 2024,MX,Morelia,Av. Miguel Hidalgo,null,739.7948717948718,538.0512820512821,425
22 mar 2024,MX,Morelia,Héroe de Nacozari,null,733.7619047619048,636.6190476190476,455
22 mar 2024,MX,Morelia,Virrey Antonio de Mendoza,null,754,487.5,16
22 mar 2024,MX,Morelia,Av. Francisco I. Madero Oriente,null,1444.1333333333334,464.31111111111113,751
22 mar 2024,MX,Morelia,Abasolo,null,693.8,439.8,46
22 mar 2024,MX,Morelia,Periférico Paseo de la República (Sector Independencia),null,587,283.6666666666667,21
22 mar 2024,MX,Morelia,Av. Francisco I. Madero Poniente,null,886.3846153846154,461.61538461538464,111
22 mar 2024,MX,Morelia,Marcos Moriana y Zafrilla,null,566,461,25
22 mar 2024,MX,Morelia,Blvd. García de León,null,904.3333333333334,444.3333333333333,168
22 mar 2024,MX,Morelia,Periférico Paseo de la República (Sector República),ACCIDENT,976.5283018867924,359.52830188679246,565
22 mar 2024,MX,Morelia,Paseo de la República (Sector Revolución),null,692,684.6666666666666,22
22 mar 2024,MX,Morelia,Paseo de la República (Sector República),null,855.6363636363636,510.6818181818182,124
22 mar 2024,MX,Morelia,Oriente 6,null,940.5882352941177,490.8235294117647,87
22 mar 2024,MX,Morelia,Periférico Paseo de la República (Sector Independencia),ACCIDENT,1079,704,29
23 mar 2024,MX,Morelia,Av. Francisco I. Madero Oriente,null,644,375,38
23 mar 2024,MX,Morelia,Abasolo,null,648.7142857142857,533.4285714285714,44
23 mar 2024,MX,Morelia,Guillermo Prieto,null,731,664.2,39
23 mar 2024,MX,Morelia,Av. Guadalupe Victoria,null,659.8333333333334,668,58
23 mar 2024,MX,Morelia,Av. Gral. Lázaro Cárdenas,null,1102.5,630,21
23 mar 2024,MX,Morelia,Av. Francisco I. Madero Poniente,null,702,234.45454545454547,77
23 mar 2024,MX,Morelia,Av. Francisco I. Madero Poniente,ACCIDENT,898.3333333333334,407,30
23 mar 2024,MX,Morelia,20 de Noviembre,null,782.3333333333334,445,12
23 mar 2024,MX,Morelia,Aquiles Serdán,null,750,666.25,20
23 mar 2024,MX,Morelia,Av. Morelos (N),null,874.6969696969697,400.54545454545456,3063
23 mar 2024,MX,Morelia,Av. Héroes de Nocupétaro,null,557.3333333333334,483.3333333333333,61
24 mar 2024,MX,Morelia,Av. Constituyentes de 1824,null,553,564,3
24 mar 2024,MX,Morelia,Av. Guadalupe Victoria,null,628,553,5
24 mar 2024,MX,Morelia,Allende,null,785.7916666666666,607.7916666666666,174
24 mar 2024,MX,Morelia,Abasolo,null,610.6222222222223,622.6222222222223,506
24 mar 2024,MX,Morelia,Virrey Antonio de Mendoza,null,785,561.25,24
24 mar 2024,MX,Morelia,Av. Francisco I. Madero Oriente,null,711.375,667.5,85
24 mar 2024,MX,Morelia,Aquiles Serdán,null,876.1428571428571,589.1428571428571,44
25 mar 2024,MX,Morelia,Av. Francisco I. Madero Poniente,ACCIDENT,678.7692307692307,593.2307692307693,70
25 mar 2024,MX,Morelia,Av. Morelos (N),null,940.5510204081633,388.7755102040816,1253
25 mar 2024,MX,Morelia,Av. Francisco I. Madero Poniente,null,812.8,685.8,47
25 mar 2024,MX,Morelia,Allende,null,604.8571428571429,697.5714285714286,37
25 mar 2024,MX,Morelia,Periférico Paseo de la República (Sector Independencia),null,890.9166666666666,292.8333333333333,106
25 mar 2024,MX,Morelia,Virrey Antonio de Mendoza,null,1051.75,456,27
25 mar 2024,MX,Morelia,Periférico Paseo de la República (Sector Independencia),ACCIDENT,1081.25,458.125,398
25 mar 2024,MX,Morelia,Lateral Francisco I. Madero Ote.,null,819,580.75,39
26 mar 2024,MX,Morelia,Periférico Paseo de la República (Sector Independencia),null,878.3529411764706,361.52941176470586,168
26 mar 2024,MX,Morelia,Av. Francisco I. Madero Poniente,null,955.0571428571428,474.57142857142856,316
26 mar 2024,MX,Morelia,Av. Morelos (N),null,1302.2857142857142,607.4285714285714,228
26 mar 2024,MX,Morelia,Guillermo Prieto,null,570,602,7
26 mar 2024,MX,Morelia,Periférico Paseo de la República (Sector Independencia),ACCIDENT,1163.9375,513.5625,377
27 mar 2024,MX,Morelia,Av. Morelos (N),null,777.75,377.2,552
27 mar 2024,MX,Morelia,Paseo de la República (Sector Revolución),null,653,430.8,37
27 mar 2024,MX,Morelia,Lateral Francisco I. Madero Ote.,null,560,471,14
27 mar 2024,MX,Morelia,Plan de Ayala,null,859,833.5,10
27 mar 2024,MX,Morelia,Av. Francisco I. Madero Poniente,null,894,449.36842105263156,294
27 mar 2024,MX,Morelia,MEX-15 / Morelia - Jiquilpan,null,1628.7931034482758,410.7931034482759,325
27 mar 2024,MX,Morelia,Calz. Juárez,null,996.6666666666666,459,6
27 mar 2024,MX,Morelia,Periférico Paseo de la República (Sector Revolución),null,742,486.6666666666667,45
27 mar 2024,MX,Morelia,Av. Acueducto,null,1101.2,393.8,54
27 mar 2024,MX,Morelia,Av. Idelfonso de Portugal,null,878.1666666666666,418.25,78
27 mar 2024,MX,Morelia,La Huerta,null,797,567.5,11
28 mar 2024,MX,Morelia,Paseo de la República (Sector Revolución),null,653,370.4166666666667,83
28 mar 2024,MX,Morelia,Av. Idelfonso de Portugal,null,869.1764705882352,420.47058823529414,84
28 mar 2024,MX,Morelia,MEX-15 / Morelia - Jiquilpan,null,1992.71875,445.65625,353
28 mar 2024,MX,Morelia,Periférico Paseo de la República (Sector República),null,1017.5833333333334,405.3333333333333,79
28 mar 2024,MX,Morelia,MEX-15 / Morelia - Jiquilpan,HAZARD,1323,573.75,93
29 mar 2024,MX,Morelia,Aquiles Serdán,null,845.4,547.7,87
29 mar 2024,MX,Morelia,Abasolo,null,674.2727272727273,511.3636363636364,94
29 mar 2024,MX,Morelia,Av. Morelos Sur,null,820,528,5
29 mar 2024,MX,Morelia,Allende,HAZARD,698.7692307692307,593.1538461538462,85
29 mar 2024,CO,Morelia,La Unión-Roldanillo / RN23-02,null,2895,630,2
29 mar 2024,MX,Morelia,Virrey Antonio de Mendoza,null,906.25,771,19
29 mar 2024,MX,Morelia,Allende,null,565.2857142857143,704.5714285714286,48
29 mar 2024,MX,Morelia,Calz. Juárez,null,766,1294,2
30 mar 2024,MX,Morelia,Av. Francisco I. Madero Poniente,null,919.0731707317074,475.780487804878,722
30 mar 2024,MX,Morelia,Virrey Antonio de Mendoza,null,666.3333333333334,792.1666666666666,133
30 mar 2024,MX,Morelia,Antonio Alzate,null,735.0769230769231,626,121
30 mar 2024,MX,Morelia,Allende,null,537,629.6666666666666,48
30 mar 2024,MX,Morelia,20 de Noviembre,null,1183,512.75,55
30 mar 2024,MX,Morelia,Aldama,null,576,564.6,148
30 mar 2024,MX,Morelia,Aquiles Serdán,null,816.3846153846154,501.38461538461536,187
30 mar 2024,MX,Morelia,Galeana,null,654.8260869565217,653.9565217391304,238
30 mar 2024,MX,Morelia,Calz. Juárez,null,890.3076923076923,222.69230769230768,78
30 mar 2024,MX,Morelia,Mayas,null,600.8333333333334,578.5,18
30 mar 2024,MX,Morelia,Abasolo,null,579.2307692307693,530.5384615384615,175
31 mar 2024,MX,Morelia,Abasolo,null,648.5,604.2222222222222,209
31 mar 2024,MX,Morelia,Av. Francisco I. Madero Oriente,null,690,615.75,67
31 mar 2024,MX,Morelia,Artilleros de 1847,null,694,1474.25,28
31 mar 2024,MX,Morelia,Allende,null,826.35,488.8,178
31 mar 2024,MX,Morelia,Aquiles Serdán,null,512,682,12
31 mar 2024,MX,Morelia,Virrey Antonio de Mendoza,null,963.6666666666666,441.6666666666667,11
31 mar 2024,MX,Morelia,Av. Gral. Lázaro Cárdenas,null,844.3333333333334,375,24
1 abr 2024,MX,Morelia,Av. Héroes de Nocupétaro,null,674,475,4
1 abr 2024,MX,Morelia,Abasolo,null,531,622,6
1 abr 2024,MX,Morelia,Av. Francisco I. Madero Poniente,null,1016.1764705882352,464.4117647058824,280
1 abr 2024,MX,Morelia,División del Norte,null,676.7142857142857,688.2857142857143,27
1 abr 2024,MX,Morelia,Eréndira,null,783.25,420.5,8
2 abr 2024,MX,Morelia,MEX-15 / Morelia - Jiquilpan,null,1361.8181818181818,443.6818181818182,139
2 abr 2024,MX,Morelia,20 de Noviembre,null,565,739,8
2 abr 2024,MX,Morelia,Av. Morelos Sur,null,699,661,8
2 abr 2024,MX,Morelia,MEX-15 / Morelia - Jiquilpan,HAZARD,1098.7777777777778,382.3333333333333,37
2 abr 2024,MX,Morelia,Av. Francisco I. Madero Poniente,null,1185.7619047619048,845.5238095238095,554
3 abr 2024,MX,Morelia,Av. Morelos (N),null,1161,867.2,119
3 abr 2024,MX,Morelia,Batalla de Casa Mata,null,963,441.6666666666667,14
3 abr 2024,MX,Morelia,Calz. la Huerta,null,892.7857142857143,237.07142857142858,481
3 abr 2024,MX,Morelia,Av. Morelos (N),ACCIDENT,1206.111111111111,1148.4444444444443,226
3 abr 2024,MX,Morelia,Av. Francisco I. Madero Poniente,null,1070,544.7058823529412,172
4 abr 2024,MX,Morelia,Paseo de la República (Sector República),HAZARD,1722.3333333333333,436.1666666666667,125
4 abr 2024,MX,Morelia,Av. Morelos Sur,null,737.4285714285714,661.8571428571429,40
4 abr 2024,MX,Morelia,Periférico Paseo de la República (Sector República),null,2142.4174757281553,616.7087378640776,1173
4 abr 2024,MX,Morelia,Av. Morelos (N),null,798.5,545.3,142
4 abr 2024,MX,Morelia,Batalla de Casa Mata,null,526,430.5,8
4 abr 2024,MX,Morelia,MEX-14 / Morelia - Pátzcuaro,null,611,594.5,17
4 abr 2024,MX,Morelia,Paseo de la República (Sector República),ACCIDENT,1777,375,16
4 abr 2024,MX,Morelia,Av. Francisco I. Madero Poniente,null,1073.3428571428572,563.1428571428571,350
4 abr 2024,MX,Morelia,Av. Universidad,null,749.1111111111111,389.55555555555554,60
4 abr 2024,MX,Morelia,,null,583,1349,3
4 abr 2024,MX,Morelia,Periférico Paseo de la República (Sector Independencia),null,1515.4166666666667,366.5833333333333,129
4 abr 2024,MX,Morelia,Paseo de la República (Sector República),null,1610.6451612903227,462.30645161290323,1039
5 abr 2024,MX,Morelia,Periférico Paseo de la República (Sector Independencia),null,837.1,602.9666666666667,446
5 abr 2024,MX,Morelia,Av. Fuentes de Morelia,null,815,401,12
5 abr 2024,MX,Morelia,Periférico Paseo de la República (Sector Revolución),HAZARD,1591,842,20
5 abr 2024,MX,Morelia,Periférico Paseo de la República (Sector República),ACCIDENT,1900.032258064516,662.1935483870968,416
5 abr 2024,MX,Morelia,Periférico Paseo de la República (Sector República),null,2244.7868852459014,785.3934426229508,1906
5 abr 2024,MX,Morelia,Av. Francisco I. Madero Poniente,null,1083.9166666666667,619.5833333333334,448
5 abr 2024,MX,Morelia,Paseo de la República (Sector República),null,1318.52688172043,375.2903225806452,1515
5 abr 2024,MX,Morelia,Paseo de la República (Sector República),HAZARD,1936.968253968254,508.76190476190476,1332
5 abr 2024,MX,Morelia,Vicente Santa María,null,954.5714285714286,880.8571428571429,26
5 abr 2024,MX,Morelia,Periférico Paseo de la República (Sector República),HAZARD,1822.472972972973,592.6891891891892,862
5 abr 2024,MX,Morelia,Av. Michoacán,null,934.125,685.6875,98
5 abr 2024,MX,Morelia,General Francisco J. Múgica,null,595.3333333333334,476.8333333333333,56
5 abr 2024,MX,Morelia,Av. Gral. Lázaro Cárdenas,null,1062,632,8
5 abr 2024,MX,Morelia,Margarita Maza de Juárez,null,897.8,557.6,207
5 abr 2024,MX,Morelia,Virrey Antonio de Bucareli,null,559,474,4
5 abr 2024,MX,Morelia,Rey Tangaxoan II,null,880.375,562.46875,232
5 abr 2024,MX,Morelia,Artilleros de 1847,null,694,435,27
5 abr 2024,MX,Morelia,Av. Héroes de Nocupétaro,null,808,458.875,97
5 abr 2024,MX,Morelia,Blvd. García de León,null,1088,533.6666666666666,6
5 abr 2024,MX,Morelia,Periférico Paseo de la República (Sector Revolución),null,1320.3119266055046,287.0642201834862,2556
5 abr 2024,MX,Morelia,Av. Solidaridad,null,677,653.0833333333334,114
5 abr 2024,MX,Morelia,Av. Universidad,null,1247.734693877551,1379.5102040816328,671
6 abr 2024,MX,Morelia,Guadalajara - Salamanca - Aeropuerto,null,545,854.8,44
6 abr 2024,MX,Morelia,Periférico Paseo de la República (Sector República),HAZARD,1796.392857142857,735.6547619047619,1060
6 abr 2024,MX,Morelia,Paseo de la República (Sector República),null,1221.041095890411,329.83561643835617,1037
6 abr 2024,MX,Morelia,Periférico Paseo de la República (Sector República),null,2076.2241379310344,695.0172413793103,852
6 abr 2024,MX,Morelia,Av. Héroes de Nocupétaro,null,752.4,528.8,129
6 abr 2024,MX,Morelia,Av. Solidaridad,null,897.75,384.75,18
6 abr 2024,MX,Morelia,Av. Francisco I. Madero Poniente,null,1033.6315789473683,556.6184210526316,846
6 abr 2024,MX,Morelia,Héroe de Nacozari,null,735,530,18
6 abr 2024,MX,Morelia,Paseo de la República (Sector República),HAZARD,1745.0833333333333,502.5833333333333,253
6 abr 2024,MX,Morelia,Antiguo Camino a la Huerta,null,748.3333333333334,543.625,96
6 abr 2024,MX,Morelia,Calz. la Huerta,null,874.3076923076923,376.9230769230769,181
6 abr 2024,MX,Morelia,Av. Morelos (N),ACCIDENT,638,613,39
6 abr 2024,MX,Morelia,Av. Michoacán,null,722.3333333333334,477,20
6 abr 2024,MX,Morelia,Virrey Antonio de Mendoza,null,628.3333333333334,444.75,81
6 abr 2024,MX,Morelia,Calz. la Huerta,HAZARD,867.7,225.4,331
7 abr 2024,MX,Morelia,MEX-15 / Toluca - Morelia,null,878.1666666666666,193.33333333333334,7
7 abr 2024,MX,Morelia,Allende,null,644,778,6
7 abr 2024,MX,Morelia,Abasolo,null,617.2857142857143,739.5714285714286,66
7 abr 2024,MX,Morelia,Aquiles Serdán,null,774.8,456.8,60
7 abr 2024,MX,Morelia,,null,798.3333333333334,788.3333333333334,12
7 abr 2024,MX,Morelia,Vasco de Quiroga,null,682,673.5,63
7 abr 2024,MX,Morelia,Av. Francisco I. Madero Oriente,null,915,547,7
7 abr 2024,MX,Morelia,Antonio Alzate,null,660.8,399.4,37
7 abr 2024,MX,Morelia,Calz. la Huerta,null,735,666.1428571428571,35
7 abr 2024,MX,Morelia,Av. Morelos Sur,null,1527,1280,8
7 abr 2024,MX,Morelia,Av. Acueducto,null,773,484,5
7 abr 2024,MX,Morelia,Av. Francisco I. Madero Poniente,null,823.6296296296297,580.5185185185185,303
8 abr 2024,MX,Morelia,Ventura Puente,null,632,443,6
8 abr 2024,MX,Morelia,Av. Acueducto,null,809.5,537,8
8 abr 2024,MX,Morelia,Av. Francisco I. Madero Poniente,null,1174.9444444444443,619.3888888888889,107
9 abr 2024,MX,Morelia,Av. Francisco I. Madero Poniente,null,1132,595.0833333333334,93
9 abr 2024,MX,Morelia,Margarita Maza de Juárez,null,665.5,615.5,21
9 abr 2024,MX,Morelia,Marcos Moriana y Zafrilla,null,678,536,3
9 abr 2024,MX,Morelia,Av. Morelos (N),null,1051.076923076923,627.3846153846154,170
9 abr 2024,MX,Morelia,Av. Francisco I. Madero Oriente,null,1384,840,15
9 abr 2024,MX,Morelia,Av. Guadalupe Victoria,null,759.3333333333334,696.3333333333334,19
9 abr 2024,MX,Morelia,Periférico Paseo de la República (Sector Revolución),ACCIDENT,1292,1434.892857142857,456
9 abr 2024,MX,Morelia,Av. Francisco I. Madero Oriente,ACCIDENT,2258.909090909091,1008,206
9 abr 2024,MX,Morelia,Antiguo Camino a la Huerta,null,628,850.6666666666666,6
9 abr 2024,MX,Morelia,Periférico Paseo de la República (Sector Revolución),null,1040.904761904762,619.8571428571429,337
9 abr 2024,MX,Morelia,Av. Manuel Buendía,null,544,613,12
9 abr 2024,MX,Morelia,Lateral Francisco I. Madero Ote.,null,1085.5,324.6,123
9 abr 2024,MX,Morelia,Oriente 6,null,1560,395,26
9 abr 2024,MX,Morelia,Paseo de la República (Sector Revolución),HAZARD,604,485.5,17
9 abr 2024,MX,Morelia,Av. Miguel Hidalgo,null,744.7407407407408,611.7777777777778,237
9 abr 2024,MX,Morelia,Periférico Paseo de la República (Sector Independencia),null,1548.6666666666667,474.6666666666667,62
9 abr 2024,MX,Morelia,Av. Río Grande de Morelia,null,561,497.5,12
10 abr 2024,MX,Morelia,Av. Guadalupe Victoria,null,621.875,558.875,55
10 abr 2024,MX,Morelia,Aquiles Serdán,null,750,674.7142857142857,49
10 abr 2024,MX,Morelia,20 de Noviembre,null,751,763,3
10 abr 2024,MX,Morelia,Av. Francisco I. Madero Oriente,null,664.8,549.6,43
10 abr 2024,MX,Morelia,Ventura Puente,null,611,524,4
10 abr 2024,MX,Morelia,Av. Francisco Medina García Sur,null,663,539,6
10 abr 2024,MX,Morelia,Av. Acueducto,null,584,246.66666666666666,30
10 abr 2024,MX,Morelia,Paseo de la República (Sector República),null,626,497,2
10 abr 2024,MX,Morelia,Av. Morelos (N),null,720.8571428571429,776.2857142857143,98
10 abr 2024,MX,Morelia,Av. Francisco I. Madero Poniente,null,1274.5813953488373,627.0697674418604,259
10 abr 2024,MX,Morelia,MEX-15 / Morelia - Jiquilpan,null,558,583.6666666666666,6
10 abr 2024,MX,Morelia,Periférico Paseo de la República (Sector Independencia),null,1562.909090909091,514.7272727272727,92
10 abr 2024,MX,Morelia,MEX-14 / Morelia - Pátzcuaro,null,611,411.6666666666667,7
11 abr 2024,MX,Morelia,Av. Morelos (N),null,943.6666666666666,757.8333333333334,110
11 abr 2024,MX,Morelia,Calz. Juárez,null,818,658.5,19
11 abr 2024,MX,Morelia,Av. Gral. Lázaro Cárdenas,null,1132.5,532,83
11 abr 2024,MX,Morelia,Av. Universidad,null,739.8,491.6,20
11 abr 2024,MX,Morelia,Av. Acueducto,null,1294.6666666666667,301.6666666666667,44
11 abr 2024,MX,Morelia,Av. Francisco I. Madero Poniente,null,846.5,502.75,22
11 abr 2024,MX,Morelia,Juan Escutia,null,594,541,3
11 abr 2024,MX,Morelia,Av. Francisco Medina García Sur,null,649,423.2,24
11 abr 2024,MX,Morelia,Periférico Paseo de la República (Sector Independencia),null,2151.190476190476,768.3809523809524,385
12 abr 2024,MX,Morelia,Ventura Puente,null,1350.2857142857142,659.2857142857143,172
12 abr 2024,MX,Morelia,Paseo de la República (Sector República),null,1083,731.625,35
12 abr 2024,MX,Morelia,Blvd. García de León,null,742,499,190
12 abr 2024,MX,Morelia,MEX-15 / Morelia - Jiquilpan,null,1452.6122448979593,471.7755102040816,365
12 abr 2024,MX,Morelia,Av. Francisco I. Madero Oriente,null,1391,555,24
12 abr 2024,MX,Morelia,Periférico Paseo de la República (Sector Nueva España),null,1100.2222222222222,473.77777777777777,147
12 abr 2024,MX,Morelia,Rey Tariácuri,null,552.5,572.5,11
12 abr 2024,MX,Morelia,Periférico Paseo de la República (Sector Nueva España),ACCIDENT,1266.111111111111,626.6666666666666,756
12 abr 2024,MX,Morelia,Av. Solidaridad,null,1223.3333333333333,542.5333333333333,284
12 abr 2024,MX,Morelia,Iretiticateme,null,801.7142857142857,391.42857142857144,68
12 abr 2024,MX,Morelia,Periférico Paseo de la República (Sector Independencia),null,1049.5714285714287,584.8571428571429,76
12 abr 2024,MX,Morelia,Francisco Márquez,null,684.5,614.75,24
12 abr 2024,MX,Morelia,Calz. Juárez,null,953.2857142857143,501.42857142857144,31
12 abr 2024,MX,Morelia,Av. Guadalupe Victoria,null,576.125,713.75,37
12 abr 2024,MX,Morelia,Av. Universidad,null,1085,618.75,28
12 abr 2024,MX,Morelia,Antiguo Camino a la Huerta,null,1137,611.875,18
12 abr 2024,MX,Morelia,Av. Francisco I. Madero Poniente,HAZARD,620.4,419.2,48
12 abr 2024,MX,Morelia,Av. Solidaridad,HAZARD,570,526,30
12 abr 2024,MX,Morelia,Av. Acueducto,null,813,448.3333333333333,38
12 abr 2024,MX,Morelia,Av. Morelos (N),null,771,769.4545454545455,168
12 abr 2024,MX,Morelia,Av. Francisco I. Madero Poniente,null,1013.8684210526316,551.8421052631579,312
13 abr 2024,MX,Morelia,Rey Tangaxoan II,null,734.75,618.75,16
13 abr 2024,MX,Morelia,Av. Universidad,null,937.2857142857143,353.57142857142856,104
13 abr 2024,MX,Morelia,Calz. la Huerta,null,708,508,22
13 abr 2024,MX,Morelia,Periférico Paseo de la República (Sector Revolución),null,871,607.5,44
13 abr 2024,CO,Morelia,Florencia-Morelia / RN65-02,null,3007.1111111111113,504.1111111111111,40
13 abr 2024,MX,Morelia,Av. Acueducto,null,950.6666666666666,593.3333333333334,41
13 abr 2024,MX,Morelia,Av. Gral. Lázaro Cárdenas,null,985.5,560.75,19
13 abr 2024,CO,Morelia,Morelia-Belén de los Andaquíes / RN65-02,null,3833.8333333333335,760.9444444444445,36
13 abr 2024,MX,Morelia,Av. Francisco I. Madero Oriente,null,1302.3333333333333,480.3333333333333,39
13 abr 2024,MX,Morelia,Ventura Puente,null,1031.3333333333333,446.5,75
14 abr 2024,MX,Morelia,Abasolo,null,588.36,773.48,177
14 abr 2024,MX,Morelia,Av. Acueducto,null,1434.7142857142858,483.57142857142856,124
14 abr 2024,MX,Morelia,Av. del Estudiante,null,680,470.5,16
14 abr 2024,MX,Morelia,Allende,null,1001.875,730,55
14 abr 2024,MX,Morelia,Aquiles Serdán,null,623,618,6
14 abr 2024,MX,Morelia,Allende,HAZARD,816.8,1057,33
15 abr 2024,MX,Morelia,Av. Gral. Lázaro Cárdenas,null,879.3333333333334,841.6666666666666,26
15 abr 2024,MX,Morelia,Av. Guadalupe Victoria,null,754.2,654.8,32
15 abr 2024,MX,Morelia,MEX-15 / Morelia - Jiquilpan,null,1707.8333333333333,587,76
15 abr 2024,MX,Morelia,Av. Morelos (N),null,714,578,18
15 abr 2024,MX,Morelia,Av. Héroes de Nocupétaro,null,734,472,3
15 abr 2024,MX,Morelia,Periférico Paseo de la República (Sector República),ACCIDENT,1256.5,678.2,77
15 abr 2024,MX,Morelia,Av. Acueducto,null,742.1666666666666,381,16
15 abr 2024,MX,Morelia,Periférico Paseo de la República (Sector República),null,1384.2222222222222,383.44444444444446,287
15 abr 2024,MX,Morelia,Héroe de Nacozari,null,735,744.6666666666666,27
15 abr 2024,MX,Morelia,Margarita Maza de Juárez,null,701,479,5
15 abr 2024,MX,Morelia,Av. Francisco I. Madero Poniente,null,1116.9285714285713,548.9285714285714,125
15 abr 2024,MX,Morelia,Av. Francisco I. Madero Oriente,null,697.5,435,8
16 abr 2024,MX,Morelia,Rey Tangaxoan II,null,821.625,569.5,70
16 abr 2024,MX,Morelia,Av. Francisco I. Madero Oriente,null,1051.157894736842,548.3157894736842,189
16 abr 2024,MX,Morelia,Av. Guadalupe Victoria,null,732.0625,687.4375,97
16 abr 2024,MX,Morelia,General Francisco J. Múgica,null,589.6666666666666,546.6666666666666,18
16 abr 2024,MX,Morelia,Av. Francisco I. Madero Poniente,null,1330.0192307692307,840.2692307692307,529
16 abr 2024,MX,Morelia,Ventura Puente,null,844.8333333333334,499,129
16 abr 2024,MX,Morelia,Antiguo Camino a la Huerta,null,1078.6666666666667,536.8333333333334,14
16 abr 2024,MX,Morelia,José Juan Tablada,null,687.6666666666666,453.3333333333333,10
16 abr 2024,MX,Morelia,Av. Periodismo,null,931.8,552.2,30
16 abr 2024,MX,Morelia,Aquiles Serdán,null,512,503,18
16 abr 2024,MX,Morelia,Periférico Paseo de la República (Sector Independencia),null,1332.5185185185185,299.25925925925924,278
16 abr 2024,MX,Morelia,Margarita Maza de Juárez,null,890.5,443.3,92
16 abr 2024,MX,Morelia,Paseo de la República (Sector Nueva España),null,861.1666666666666,499,70
16 abr 2024,MX,Morelia,Blvd. García de León,null,1154.2857142857142,532.1428571428571,56
16 abr 2024,MX,Morelia,Guillermo Prieto,null,758.3333333333334,569.3333333333334,56
16 abr 2024,MX,Morelia,Virrey Antonio de Mendoza,null,916.25,653.25,21
16 abr 2024,MX,Morelia,Av. Universidad,null,606.8333333333334,393.8333333333333,32
16 abr 2024,MX,Morelia,Calz. la Huerta,null,646.3333333333334,436.3333333333333,18
16 abr 2024,MX,Morelia,Rey Tariácuri,null,563.4285714285714,552,30
16 abr 2024,MX,Morelia,Héroe de Nacozari,null,575,712.4,60
16 abr 2024,MX,Morelia,Av. Morelos (N),null,772.5882352941177,720.4117647058823,187
16 abr 2024,MX,Morelia,Av. Gral. Lázaro Cárdenas,null,1071,531.6666666666666,35
16 abr 2024,MX,Morelia,Periférico Paseo de la República (Sector Nueva España),null,856,464,10
17 abr 2024,MX,Morelia,Calz. la Huerta,null,1126.5,402.5,15
17 abr 2024,MX,Morelia,Av. Morelos (N),null,858.2142857142857,732.4285714285714,155
17 abr 2024,MX,Morelia,Paseo de la República (Sector República),ACCIDENT,1533.3333333333333,501.4166666666667,198
17 abr 2024,MX,Morelia,Av. Guadalupe Victoria,null,677.7142857142857,387.14285714285717,22
17 abr 2024,MX,Morelia,Av. Río Grande de Morelia,null,666,470,8
17 abr 2024,MX,Morelia,Guadalajara - Salamanca - Aeropuerto,null,545,787.7777777777778,49
17 abr 2024,MX,Morelia,Av. Francisco I. Madero Poniente,null,1279.6304347826087,688.304347826087,486
17 abr 2024,MX,Morelia,Av. Héroes de Nocupétaro,null,534,124.5,16
17 abr 2024,MX,Morelia,Av. Universidad,null,909,561.5833333333334,95
17 abr 2024,MX,Morelia,Periférico Paseo de la República (Sector República),null,2125.681818181818,852.2727272727273,252
17 abr 2024,MX,Morelia,Av. Acueducto,null,575.75,541.5,36
17 abr 2024,MX,Morelia,Av. Francisco I. Madero Oriente,null,756,524,22
17 abr 2024,MX,Morelia,Paseo de la República (Sector República),null,1307.1666666666667,824.0833333333334,78
17 abr 2024,MX,Morelia,Av. Morelos (N),ACCIDENT,1171.6666666666667,374.6666666666667,49
17 abr 2024,MX,Morelia,Aquiles Serdán,null,729,472.3333333333333,17
17 abr 2024,MX,Morelia,Allende,null,741,575,9
17 abr 2024,MX,Morelia,División del Norte,null,594,487.8,15
17 abr 2024,MX,Morelia,Rey Tangaxoan II,null,580,630.6666666666666,7
17 abr 2024,MX,Morelia,Guillermo Prieto,null,947.5,581,18
18 abr 2024,MX,Morelia,Av. Francisco I. Madero Poniente,ACCIDENT,1581.4444444444443,1257.6666666666667,141
18 abr 2024,MX,Morelia,Av. del Estudiante,null,628,799,3
18 abr 2024,MX,Morelia,Paseo de la República (Sector Nueva España),null,754.5,519,26
18 abr 2024,MX,Morelia,Guillermo Prieto,null,800.5,512,17
18 abr 2024,MX,Morelia,Av. Acueducto,null,1160,645.5,28
18 abr 2024,MX,Morelia,Av. Francisco I. Madero Poniente,null,1060.625,628.9583333333334,545
18 abr 2024,MX,Morelia,Av. Guadalupe Victoria,null,776.6363636363636,484.27272727272725,50
18 abr 2024,MX,Morelia,Av. Gral. Lázaro Cárdenas,null,1506,696,20
18 abr 2024,MX,Morelia,Héroe de Nacozari,null,709,623.3333333333334,32
18 abr 2024,MX,Morelia,Av. Morelos (N),null,808.5,745.5555555555555,237
18 abr 2024,MX,Morelia,Ventura Puente,null,611,360.3333333333333,26
18 abr 2024,MX,Morelia,Periférico Paseo de la República (Sector Revolución),null,1581.2,622.4,79
19 abr 2024,MX,Morelia,Av. del Estudiante,null,555.7142857142857,478.2857142857143,26
19 abr 2024,MX,Morelia,Francisco Manuel Sánchez de Tagle,null,558,572.5,13
19 abr 2024,MX,Morelia,Periférico Paseo de la República (Sector Independencia),ACCIDENT,1729.157894736842,534.8421052631579,490
19 abr 2024,MX,Morelia,Antiguo Camino a la Huerta,null,669.3,551.4,16
19 abr 2024,MX,Morelia,Paseo de la República (Sector República),null,1807.5,337,25
19 abr 2024,MX,Morelia,Periférico Paseo de la República (Sector Independencia),null,2250,487,25
19 abr 2024,MX,Morelia,Margarita Maza de Juárez,null,693,517.6666666666666,15
19 abr 2024,MX,Morelia,Av. Morelos (N),null,821.4615384615385,781.8461538461538,170
19 abr 2024,MX,Morelia,Periférico Paseo de la República (Sector Nueva España),null,967.3636363636364,594,136
19 abr 2024,MX,Morelia,Av. Francisco I. Madero Poniente,null,1302.2592592592594,609.2592592592592,230
19 abr 2024,MX,Morelia,Av. Acueducto,null,589.8,471.4,17
19 abr 2024,MX,Morelia,Blvd. García de León,null,688,317.3333333333333,33
19 abr 2024,MX,Morelia,Ventura Puente,null,833.8,406.6,61
20 abr 2024,MX,Morelia,Abasolo,null,653,631,16
20 abr 2024,MX,Morelia,Av. Guadalupe Victoria,null,614,609,36
20 abr 2024,MX,Morelia,Av. Francisco I. Madero Poniente,null,1226.3,579.3,172
20 abr 2024,MX,Morelia,Periférico Paseo de la República (Sector Revolución),null,1608.6851851851852,393.68518518518516,1271
20 abr 2024,MX,Morelia,Blvd. García de León,null,1050,488,8
20 abr 2024,MX,Morelia,MEX-43 / Morelia - Salamanca,ACCIDENT,2017.5714285714287,523,224
20 abr 2024,MX,Morelia,Av. Tata Vasco,null,630.5714285714286,484.14285714285717,94
20 abr 2024,MX,Morelia,Rey Tangaxoan II,null,692.1666666666666,434,17
20 abr 2024,MX,Morelia,MEX-43 / Morelia - Salamanca,null,1770.6666666666667,93.33333333333333,119
20 abr 2024,MX,Morelia,Paseo de la República (Sector República),null,627,651,9
20 abr 2024,MX,Morelia,Av. Acueducto,null,712,803,3
20 abr 2024,MX,Morelia,Av. Gral. Lázaro Cárdenas,null,1157.357142857143,573.3571428571429,89
20 abr 2024,MX,Morelia,General Francisco J. Múgica,null,515,464,15
21 abr 2024,MX,Morelia,Virrey Antonio de Mendoza,null,859.25,434,24
21 abr 2024,MX,Morelia,Allende,null,980,525.8,40
21 abr 2024,MX,Morelia,Abasolo,null,694.5,613.25,123
21 abr 2024,MX,Morelia,Periférico Paseo de la República (Sector Independencia),null,666.2857142857143,243.57142857142858,102
21 abr 2024,MX,Morelia,Mayas,null,531,528.5,6
21 abr 2024,CO,Morelia,Antigua Carrilera,null,750,82.33333333333333,12
21 abr 2024,MX,Morelia,Av. Morelos Sur,null,888.8,523.2,62
21 abr 2024,MX,Morelia,Av. Francisco I. Madero Poniente,null,1062.9333333333334,480.6666666666667,170
21 abr 2024,MX,Morelia,Antiguo Camino a la Huerta,null,1314.4545454545455,385.54545454545456,40
21 abr 2024,MX,Morelia,La Huerta,null,1075,387.5,8
21 abr 2024,MX,Morelia,Antonio Alzate,null,554,477,18
21 abr 2024,MX,Morelia,Av. Francisco I. Madero Oriente,null,690.3333333333334,449,46
21 abr 2024,MX,Morelia,Av. Periodismo,null,560.4,495.6,30
21 abr 2024,MX,Morelia,Av. Universidad,null,680.8,1355,20
21 abr 2024,MX,Morelia,Aquiles Serdán,null,865.8,596.05,157
22 abr 2024,MX,Morelia,Antiguo Camino a la Huerta,null,871,580.1666666666666,13
22 abr 2024,MX,Morelia,Periférico Paseo de la República (Sector Independencia),null,925.65,332.55,335
22 abr 2024,MX,Morelia,Periférico Paseo de la República (Sector Independencia),ACCIDENT,1042,630,42
22 abr 2024,MX,Morelia,Av. Morelos (N),null,1145.5,712.375,146
22 abr 2024,MX,Morelia,Av. Guadalupe Victoria,null,734,743.5,14
22 abr 2024,MX,Morelia,Av. Francisco I. Madero Poniente,null,1109.764705882353,680.6470588235294,145
22 abr 2024,MX,Morelia,Av. Francisco Medina García Sur,null,663,416.7142857142857,83
22 abr 2024,MX,Morelia,Rey Tangaxoan II,null,580,553,8
22 abr 2024,MX,Morelia,Av. Francisco I. Madero Oriente,null,855.7272727272727,651.6363636363636,82
22 abr 2024,MX,Morelia,Guillermo Prieto,null,836,602,6
22 abr 2024,MX,Morelia,Paseo de la República (Sector Nueva España),null,927.5,530,28
23 abr 2024,MX,Morelia,Periférico Paseo de la República (Sector Revolución),ACCIDENT,843.4,418.6,58
23 abr 2024,MX,Morelia,Av. Morelos (N),ACCIDENT,868.5714285714286,1052,90
23 abr 2024,MX,Morelia,Av. Morelos (N),null,783.3333333333334,700.8333333333334,50
23 abr 2024,MX,Morelia,Margarita Maza de Juárez,null,1054.857142857143,518.8571428571429,67
23 abr 2024,MX,Morelia,Periférico Paseo de la República (Sector Independencia),null,1911.090909090909,477.54545454545456,77
23 abr 2024,MX,Morelia,División del Norte,null,981,927.4,40
23 abr 2024,MX,Morelia,Av. Guadalupe Victoria,null,541,610.5,6
23 abr 2024,MX,Morelia,Av. Francisco I. Madero Poniente,null,1011,624.6578947368421,523
23 abr 2024,MX,Morelia,Blvd. García de León,null,672.25,395.75,11
23 abr 2024,CO,Morelia,Pereira-Alcalá / RD29-03,null,1272.6,516.4,20
23 abr 2024,MX,Morelia,Rey Tangaxoan II,null,799.5,582.1666666666666,32
23 abr 2024,MX,Morelia,Periférico Paseo de la República (Sector Revolución),null,1527.5348837209303,492.6511627906977,825
24 abr 2024,MX,Morelia,Periférico Paseo de la República (Sector Nueva España),null,814.3333333333334,470,48
24 abr 2024,MX,Morelia,Puente Río Colorado,null,755,430,4
24 abr 2024,MX,Morelia,Rey Tangaxoan II,null,731.4285714285714,548,15
24 abr 2024,MX,Morelia,Av. Morelos (N),HAZARD,797,318,65
24 abr 2024,MX,Morelia,Av. Guadalupe Victoria,null,731.8571428571429,862.8571428571429,38
24 abr 2024,MX,Morelia,Antiguo Camino a la Huerta,null,1086.8,671.8,10
24 abr 2024,MX,Morelia,Paseo de la República (Sector República),null,1105.5,612,11
24 abr 2024,MX,Morelia,Av. Morelos (N),null,790.625,680.75,62
24 abr 2024,MX,Morelia,Av. Héroes de Nocupétaro,null,774.6666666666666,546.6111111111111,183
24 abr 2024,MX,Morelia,Dr. Ignacio Chávez,null,576,737,6
24 abr 2024,MX,Morelia,Periférico Paseo de la República (Sector Revolución),null,1348.4285714285713,328.2857142857143,360
24 abr 2024,MX,Morelia,Guillermo Prieto,null,723.1111111111111,432.1111111111111,75
24 abr 2024,MX,Morelia,Av. Francisco I. Madero Poniente,null,1074.2857142857142,738.8571428571429,232
24 abr 2024,MX,Morelia,Av. Solidaridad,null,587,748.3333333333334,25
25 abr 2024,MX,Morelia,Antiguo Camino a la Huerta,null,837,489.6666666666667,7
25 abr 2024,MX,Morelia,Margarita Maza de Juárez,null,1049.2,735,37
25 abr 2024,MX,Morelia,Av. Morelos (N),null,809.6363636363636,812.6363636363636,125
25 abr 2024,MX,Morelia,Periférico Paseo de la República (Sector Independencia),null,1528.388888888889,438.5,272
25 abr 2024,CO,Morelia,Pereira-Alcalá / RD29-03,null,627.5,413.5,8
25 abr 2024,MX,Morelia,Av. Fuentes de Morelia,null,775,497,48
25 abr 2024,MX,Morelia,Gertrudis Bocanegra,null,871,510,21
25 abr 2024,MX,Morelia,Av. Francisco I. Madero Poniente,null,1332.1666666666667,630.8333333333334,69
25 abr 2024,MX,Morelia,Mariano Michelena,null,504,422.25,21
25 abr 2024,MX,Morelia,Periférico Paseo de la República (Sector Nueva España),null,1349,609,66
25 abr 2024,MX,Morelia,José Juan Tablada,null,879,480,24
25 abr 2024,MX,Morelia,Av. Guadalupe Victoria,null,624.6666666666666,692.6666666666666,17
25 abr 2024,MX,Morelia,Plan de Ayala,null,1639.75,225,18
25 abr 2024,MX,Morelia,Av. Acueducto,null,1771,243.66666666666666,33
25 abr 2024,CO,Morelia,La Unión-Roldanillo / RN23-02,null,5004,555.75,18
26 abr 2024,MX,Morelia,Cuautla,null,610.5714285714286,516.7142857142857,49
26 abr 2024,MX,Morelia,Av. Francisco I. Madero Poniente,null,1110.8,803.1333333333333,914
26 abr 2024,MX,Morelia,Margarita Maza de Juárez,null,829,506.5,8
26 abr 2024,MX,Morelia,Calz. la Huerta,null,894.5,428.8,135
26 abr 2024,MX,Morelia,Av. Tata Vasco,null,566,514.6666666666666,16
26 abr 2024,MX,Morelia,Av. Morelos (N),null,762,446,8
26 abr 2024,MX,Morelia,Paseo de la República (Sector Revolución),null,864,364,12
26 abr 2024,MX,Morelia,General Francisco J. Múgica,null,531.9,333.5,65
26 abr 2024,MX,Morelia,MEX-43 / Morelia - Salamanca,null,1023,507,14
26 abr 2024,MX,Morelia,Av. Héroes de Nocupétaro,null,813.2857142857143,996.5714285714286,103
26 abr 2024,MX,Morelia,Artilleros de 1847,null,999,570,8
26 abr 2024,MX,Morelia,Periférico Paseo de la República (Sector Independencia),null,1848.820512820513,616.9487179487179,567
26 abr 2024,MX,Morelia,Av. Fuentes de Morelia,null,643.8,358,15
26 abr 2024,MX,Morelia,Abasolo,null,701.5,578.1666666666666,70
26 abr 2024,CO,Morelia,La Unión-Roldanillo / RN23-02,null,5980.8,465,24
26 abr 2024,MX,Morelia,Av. Guadalupe Victoria,null,665.2857142857143,706.7142857142857,33
26 abr 2024,MX,Morelia,Av. Morelos Sur,null,737.2222222222222,535,82
26 abr 2024,MX,Morelia,Luis de León Romano,null,622,851.5,22
26 abr 2024,MX,Morelia,Av. Michoacán,null,640,509,42
26 abr 2024,MX,Morelia,Av. Francisco I. Madero Oriente,null,962.0857142857143,489.57142857142856,463
26 abr 2024,MX,Morelia,Av. Acueducto,null,776.8709677419355,702.516129032258,202
26 abr 2024,MX,Morelia,Antiguo Camino a la Huerta,null,905,833.6666666666666,6
27 abr 2024,MX,Morelia,Av. Tata Vasco,null,640,511,22
27 abr 2024,MX,Morelia,Av. Acueducto,null,791.4888888888889,747.2222222222222,338
27 abr 2024,MX,Morelia,Virrey Antonio de Bucareli,null,665,502,4
27 abr 2024,MX,Morelia,Virrey Antonio de Mendoza,null,912.6,416.8,41
27 abr 2024,MX,Morelia,Av. Solidaridad,null,1220.6666666666667,436.6666666666667,127
27 abr 2024,MX,Morelia,Periférico Paseo de la República (Sector Nueva España),null,1113,333.48387096774195,532
27 abr 2024,MX,Morelia,Lateral Francisco I. Madero Ote.,null,956,390,13
27 abr 2024,MX,Morelia,Av. Morelos (N),null,575,475.5,22
27 abr 2024,MX,Morelia,Periférico Paseo de la República (Sector Revolución),null,1371.7692307692307,259.38461538461536,381
27 abr 2024,MX,Morelia,Eduardo Ruiz,null,614,585.5,10
27 abr 2024,MX,Morelia,Av. Gral. Lázaro Cárdenas,null,857,557,6
27 abr 2024,MX,Morelia,Av. Francisco I. Madero Oriente,null,856.8461538461538,411.9230769230769,127
27 abr 2024,MX,Morelia,Periférico Paseo de la República (Sector Independencia),null,1138.2,412.4,29
27 abr 2024,MX,Morelia,Av. Guadalupe Victoria,null,648,657,12
28 abr 2024,MX,Morelia,Abasolo,null,618.6666666666666,692,14
28 abr 2024,MX,Morelia,Virrey Antonio de Mendoza,null,1002,592,9
28 abr 2024,MX,Morelia,Ventura Puente,null,760.0172413793103,308.48275862068965,942
28 abr 2024,MX,Morelia,Calz. Juárez,null,1088.1666666666667,338.1666666666667,16
28 abr 2024,MX,Morelia,Av. Gral. Lázaro Cárdenas,null,893.5,458.6666666666667,42
28 abr 2024,MX,Morelia,Av. Francisco I. Madero Oriente,null,904.5862068965517,413.7586206896552,309
28 abr 2024,MX,Morelia,Av. Morelos Sur,null,1162,540,18
29 abr 2024,MX,Morelia,MEX-43 / Morelia - Salamanca,null,1387.7,471.1,184
29 abr 2024,MX,Morelia,Héroes Anónimos de la Independencia,null,651.5,574,6
29 abr 2024,MX,Morelia,Av. Francisco I. Madero Poniente,null,1275,726.3333333333334,73
29 abr 2024,MX,Morelia,Paseo de la República (Sector Nueva España),null,1091,495,14
29 abr 2024,MX,Morelia,Av. Morelos (N),null,866.1666666666666,832.1666666666666,46
29 abr 2024,MX,Morelia,Periférico Paseo de la República (Sector Independencia),null,1329.3037974683543,814.0253164556962,1292
29 abr 2024,MX,Morelia,Av. Guadalupe Victoria,null,774,433,4
29 abr 2024,MX,Morelia,Av. Periodismo,null,894.0243902439024,522.2682926829268,295
29 abr 2024,MX,Morelia,Av. Francisco I. Madero Oriente,null,1280.4666666666667,374.93333333333334,132
29 abr 2024,MX,Morelia,Ventura Puente,null,715,354.3333333333333,47
29 abr 2024,MX,Morelia,Loma del Rey,null,801.3333333333334,497,23
29 abr 2024,MX,Morelia,MEX-15 / Morelia - Jiquilpan,HAZARD,1047.2222222222222,513.6666666666666,72
29 abr 2024,MX,Morelia,Av. Francisco I. Madero Oriente,ACCIDENT,1310.1875,400.9375,164
29 abr 2024,MX,Morelia,Liberales Insurgentes,HAZARD,542,915,2
29 abr 2024,MX,Morelia,Av. Gral. Lázaro Cárdenas,null,1210.7142857142858,530.2857142857143,69
29 abr 2024,MX,Morelia,Av. Francisco I. Madero Oriente,HAZARD,1592,224,16
30 abr 2024,MX,Morelia,Iretiticateme,null,737.5,503,5
30 abr 2024,MX,Morelia,Av. Francisco I. Madero Poniente,null,657.6923076923077,490.0769230769231,121
30 abr 2024,MX,Morelia,MEX-15 / Morelia - Jiquilpan,null,1207.3,435.3,86
30 abr 2024,MX,Morelia,Manuel Muñiz,null,599.6666666666666,729.8333333333334,31
30 abr 2024,MX,Morelia,Av. Solidaridad,null,520,567,4
30 abr 2024,MX,Morelia,Santiago Tapia,null,920.5,793.1666666666666,67
30 abr 2024,MX,Morelia,Av. Universidad,null,1148.8181818181818,613.3636363636364,95
30 abr 2024,MX,Morelia,Antonio Alzate,null,641,640.6666666666666,16
30 abr 2024,MX,Morelia,Av. Francisco I. Madero Oriente,null,981.5555555555555,560.4444444444445,92
30 abr 2024,MX,Morelia,Aquiles Serdán,null,750,293,10
30 abr 2024,MX,Morelia,Abasolo,null,534,640.5,14
30 abr 2024,MX,Morelia,20 de Noviembre,null,830.1538461538462,496.3076923076923,74
30 abr 2024,MX,Morelia,Ventura Puente,null,875.8076923076923,372.9230769230769,320
30 abr 2024,MX,Morelia,Antiguo Camino a la Huerta,null,893.6,569.4,10
30 abr 2024,MX,Morelia,Periférico Paseo de la República (Sector Independencia),ACCIDENT,1155,385,145
30 abr 2024,MX,Morelia,Carpinteros de Paracho,null,614.5,489,18
30 abr 2024,MX,Morelia,Corregidora,null,709,762.1666666666666,42
30 abr 2024,MX,Morelia,Av. Gral. Lázaro Cárdenas,null,849,346.5,16
30 abr 2024,MX,Morelia,Periférico Paseo de la República (Sector Nueva España),null,1049,288,10
30 abr 2024,MX,Morelia,Paseo de la República (Sector Nueva España),null,738,787,6
30 abr 2024,MX,Morelia,Av. Francisco Medina García Sur,null,645,411.75,43
30 abr 2024,MX,Morelia,Av. Morelos Sur,null,764.7368421052631,807.7368421052631,148
30 abr 2024,MX,Morelia,Periférico Paseo de la República (Sector Independencia),null,1830.75,596.85,407
30 abr 2024,MX,Morelia,General Francisco J. Múgica,null,711.5,454.5,4
30 abr 2024,MX,Morelia,Cuautla,null,620.75,395.25,18
30 abr 2024,MX,Morelia,Av. Héroes de Nocupétaro,null,678.25,479.5,59
30 abr 2024,MX,Morelia,Av. Guadalupe Victoria,null,660,538.5,5
30 abr 2024,MX,Morelia,Juán José de Lejarza,null,574,746.5,18
30 abr 2024,MX,Morelia,Lateral Francisco I. Madero Ote.,null,992.9090909090909,610.7272727272727,78
30 abr 2024,MX,Morelia,Av. Morelos (N),null,558,448,14
30 abr 2024,MX,Morelia,Aldama,null,576,347,5
30 abr 2024,MX,Morelia,Av. Tata Vasco,null,625.75,573.5625,151
1 may 2024,MX,Morelia,Rey Tangaxoan II,null,668.8235294117648,456.7647058823529,129
1 may 2024,MX,Morelia,Av. Acueducto,null,834.3333333333334,317.44444444444446,58
1 may 2024,MX,Morelia,Ventura Puente,null,716.0833333333334,505.4166666666667,97
1 may 2024,MX,Morelia,Av. Gral. Lázaro Cárdenas,null,738,657,3
1 may 2024,MX,Morelia,20 de Noviembre,null,572.75,1341.25,12
1 may 2024,MX,Morelia,Periférico Paseo de la República (Sector Nueva España),null,1165.05,401.35,273
1 may 2024,MX,Morelia,Antiguo Camino a la Huerta,null,1037.7142857142858,490.7142857142857,11
1 may 2024,MX,Morelia,Gertrudis Bocanegra,null,699,609.5,12
1 may 2024,MX,Morelia,MEX-14 / Morelia - Pátzcuaro,null,1426.5227272727273,1089.5227272727273,530
2 may 2024,MX,Morelia,Av. Solidaridad,null,866.6551724137931,619.0689655172414,283
2 may 2024,MX,Morelia,Av. Francisco I. Madero Oriente,ACCIDENT,1869,797.25,46
2 may 2024,MX,Morelia,Virrey Antonio de Mendoza,null,859.9230769230769,593.1538461538462,150
2 may 2024,MX,Morelia,Av. Francisco I. Madero Oriente,null,3089.3333333333335,829.5,86
2 may 2024,MX,Morelia,Av. Héroes de Nocupétaro,null,634,653,8
2 may 2024,MX,Morelia,Av. Michoacán,null,547,483,5
2 may 2024,MX,Morelia,Av. Acueducto,null,938,588,6
2 may 2024,MX,Morelia,MEX-15 / Morelia - Jiquilpan,ACCIDENT,2239.8333333333335,1275.1666666666667,49
2 may 2024,MX,Morelia,Antiguo Camino a la Huerta,null,876.2,553.8,10
2 may 2024,MX,Morelia,MEX-15 / Morelia - Jiquilpan,null,1534.0666666666666,764.1166666666667,426
2 may 2024,MX,Morelia,Av. Francisco I. Madero Poniente,null,1603.1805555555557,860.1111111111111,862
2 may 2024,MX,Morelia,Héroes Anónimos de la Independencia,null,928.4285714285714,680.047619047619,74
2 may 2024,MX,Morelia,Periférico Paseo de la República (Sector Independencia),ACCIDENT,890.0555555555555,451.5,106
2 may 2024,MX,Morelia,Av. Guadalupe Victoria,null,647.7142857142857,524.5714285714286,32
2 may 2024,MX,Morelia,Av. Pedregal,null,815.5,618,6
2 may 2024,MX,Morelia,Paseo de la República (Sector República),null,679.6,482.6,31
2 may 2024,MX,Morelia,Av. Gral. Lázaro Cárdenas,null,1003,631,4
2 may 2024,MX,Morelia,Lago de Pátzcuaro,null,651.5,408.5,36
3 may 2024,MX,Morelia,Calz. Juárez,null,585,437,2
3 may 2024,MX,Morelia,Margarita Maza de Juárez,null,832,529.4,22
3 may 2024,MX,Morelia,Santiago Tapia,null,697.1666666666666,531.6666666666666,102
3 may 2024,MX,Morelia,20 de Noviembre,null,732.9375,558.3125,108
3 may 2024,MX,Morelia,Aquiles Serdán,null,623,550.4,32
3 may 2024,MX,Morelia,Antiguo Camino a la Huerta,null,820.9230769230769,608.5384615384615,39
3 may 2024,MX,Morelia,Calz. la Huerta,null,999.2,313.73333333333335,276
3 may 2024,MX,Morelia,Av. Morelos Sur,null,998.4,540,60
3 may 2024,MX,Morelia,Av. Universidad,null,935.4444444444445,380.22222222222223,75
3 may 2024,MX,Morelia,Av. Francisco I. Madero Oriente,null,656.6666666666666,543.3333333333334,44
3 may 2024,MX,Morelia,Av. Francisco I. Madero Poniente,null,1310.5625,518.125,135
3 may 2024,MX,Morelia,Av. Paseo del Punhuato,null,588,569.8,9
3 may 2024,MX,Morelia,Av. Gral. Lázaro Cárdenas,null,1182.375,516.25,99
3 may 2024,MX,Morelia,Av. Tata Vasco,null,618,502,18
3 may 2024,MX,Morelia,MEX-15 / Morelia - Jiquilpan,null,1185.3125,447.6875,111
3 may 2024,MX,Morelia,Av. Acueducto,null,938,527,14
3 may 2024,MX,Morelia,Margarita Maza de Juárez,ACCIDENT,786.7692307692307,478.38461538461536,102
3 may 2024,MX,Morelia,Carpinteros de Paracho,null,656.2857142857143,458.14285714285717,48
3 may 2024,MX,Morelia,Virrey Antonio de Mendoza,null,1216,380.75,62
3 may 2024,MX,Morelia,Av. Morelos (N),null,708.8235294117648,695.1176470588235,164
4 may 2024,MX,Morelia,Carpinteros de Paracho,null,796.0625,541.625,97
4 may 2024,MX,Morelia,Av. Francisco I. Madero Poniente,null,894.2941176470588,424.8235294117647,224
4 may 2024,MX,Morelia,Virrey Antonio de Mendoza,null,1021.1,638.3,106
4 may 2024,MX,Morelia,Av. Gral. Lázaro Cárdenas,null,1489.1612903225807,522.7741935483871,487
4 may 2024,MX,Morelia,Guillermo Prieto,null,595.3333333333334,592.6666666666666,18
4 may 2024,MX,Morelia,Vicente Santa María,null,737.3333333333334,368,13
4 may 2024,MX,Morelia,Aquiles Serdán,null,634.3333333333334,631.6666666666666,22
4 may 2024,MX,Morelia,Av. Guadalupe Victoria,null,783.4,594.2,15
4 may 2024,MX,Morelia,Allende,null,704.125,562.25,43
4 may 2024,MX,Morelia,Francisco Márquez,null,556,650,14
4 may 2024,MX,Morelia,Av. Acueducto,null,966.452380952381,441.4047619047619,479
4 may 2024,MX,Morelia,Av. Universidad,null,748.3333333333334,845.6666666666666,17
4 may 2024,MX,Morelia,Héroe de Nacozari,null,735,529.75,58
4 may 2024,MX,Morelia,Virrey Antonio de Bucareli,null,1193.723404255319,511.0851063829787,510
4 may 2024,MX,Morelia,Olivares de Tzintzuntzan,null,723,520.625,61
4 may 2024,MX,Morelia,Av. Francisco I. Madero Oriente,null,763,493,61
5 may 2024,MX,Morelia,20 de Noviembre,null,658,1007.6666666666666,14
5 may 2024,MX,Morelia,Aquiles Serdán,null,873.5714285714286,611.2857142857143,32
5 may 2024,MX,Morelia,Antiguo Camino a la Huerta,null,1040.857142857143,507.4761904761905,48
5 may 2024,MX,Morelia,Plan de Ayala,null,606,512,2
5 may 2024,MX,Morelia,Abasolo,null,529,557,20
5 may 2024,MX,Morelia,Allende,null,712.5,587.1666666666666,33
6 may 2024,MX,Morelia,Av. Michoacán,null,836,647.2,31
6 may 2024,MX,Morelia,Margarita Maza de Juárez,null,949.3636363636364,605,89
6 may 2024,MX,Morelia,Av. San José del Cerrito,null,500,550,6
6 may 2024,MX,Morelia,Av. Francisco I. Madero Poniente,null,1034.5555555555557,645,78
6 may 2024,MX,Morelia,Rey Tangaxoan II,HAZARD,620,596,5
6 may 2024,MX,Morelia,Av. Morelos (N),null,592,682,10
6 may 2024,MX,Morelia,Periférico Paseo de la República (Sector Independencia),null,1354.090909090909,580.6363636363636,179
6 may 2024,MX,Morelia,Jesús Sansón Flores,null,507,349.6666666666667,18
6 may 2024,MX,Morelia,División del Norte,null,594,476.5,8
6 may 2024,MX,Morelia,Ventura Puente,null,793.375,531.5,95
6 may 2024,MX,Morelia,Av. Morelos Sur,null,1548.5,401,31
6 may 2024,MX,Morelia,Av. Tata Vasco,null,574,564,7
7 may 2024,MX,Morelia,División del Norte,null,594,659.25,11
7 may 2024,MX,Morelia,Paseo de la República (Sector Nueva España),null,926,569,5
7 may 2024,MX,Morelia,Carpinteros de Paracho,null,865,529,5
7 may 2024,MX,Morelia,Periférico Paseo de la República (Sector Nueva España),null,846,472.5,45
7 may 2024,MX,Morelia,Periférico Paseo de la República (Sector Nueva España),ACCIDENT,1216.8333333333333,566.4583333333334,329
7 may 2024,MX,Morelia,Periférico Paseo de la República (Sector Independencia),null,778.5,595,23
7 may 2024,MX,Morelia,Antiguo Camino a la Huerta,null,739.3636363636364,399.6363636363636,41
7 may 2024,MX,Morelia,Av. Universidad,null,1199,616.5,14
7 may 2024,MX,Morelia,Periférico Paseo de la República (Sector Independencia),HAZARD,898.2608695652174,407.0869565217391,459
7 may 2024,MX,Morelia,Calz. la Huerta,null,1830,491,28
8 may 2024,MX,Morelia,Periférico Paseo de la República (Sector Independencia),null,1157.6666666666667,477.6666666666667,108
8 may 2024,MX,Morelia,Av. Guadalupe Victoria,null,671.375,699,51
8 may 2024,MX,Morelia,Rey Tangaxoan II,HAZARD,580,987,2
8 may 2024,MX,Morelia,Av. Morelos (N),ACCIDENT,928.6,304,84
8 may 2024,MX,Morelia,Av. Héroes de Nocupétaro,null,786.25,2396,17
8 may 2024,MX,Morelia,Antiguo Camino a la Huerta,null,1235.2,906.4,18
8 may 2024,MX,Morelia,Blvd. García de León,null,893,455,17
8 may 2024,MX,Morelia,José Juan Tablada,null,797.7,544.2,123
8 may 2024,MX,Morelia,Av. Universidad,null,857,731.2,35
8 may 2024,MX,Morelia,Av. Morelos (N),null,1224,374.4375,262
9 may 2024,MX,Morelia,Av. Acueducto,null,763,499,4
9 may 2024,MX,Morelia,Av. Tata Vasco,null,556.5,498,27
9 may 2024,MX,Morelia,MEX-15 / Morelia - Jiquilpan,ACCIDENT,1163.2,657.3,87
9 may 2024,MX,Morelia,Paseo de la República (Sector República),null,718,454.6666666666667,17
9 may 2024,MX,Morelia,Av. Francisco I. Madero Poniente,null,620,655.75,30
9 may 2024,MX,Morelia,Plan de Ayala,null,845.3333333333334,521.6666666666666,9
9 may 2024,MX,Morelia,Av. Torreón Nuevo,null,1064.3333333333333,523.3333333333334,22
9 may 2024,MX,Morelia,Periférico Paseo de la República (Sector Revolución),null,772.7058823529412,332.4117647058824,191
9 may 2024,MX,Morelia,Paseo de la República (Sector Nueva España),null,1366.25,462.25,18
9 may 2024,MX,Morelia,MEX-15 / Morelia - Jiquilpan,null,1064.111111111111,322.8888888888889,90
9 may 2024,MX,Morelia,Av. Gral. Lázaro Cárdenas,null,1387.6818181818182,573.1363636363636,239
9 may 2024,MX,Morelia,Periférico Paseo de la República (Sector Independencia),null,1147.5757575757575,387.06060606060606,594
9 may 2024,MX,Morelia,Av. Universidad,null,784.5,493.25,35
10 may 2024,MX,Morelia,Héroe de Nacozari,null,535,997,15
10 may 2024,MX,Morelia,Av. Fuentes de Morelia,null,818,474.5,25
10 may 2024,MX,Morelia,Av. Universidad,null,787.6551724137931,813.6551724137931,277
10 may 2024,MX,Morelia,Av. Héroes de Nocupétaro,null,694.2608695652174,651.7391304347826,147
10 may 2024,MX,Morelia,Mariano Michelena,null,517,427,2
10 may 2024,MX,Morelia,Periférico Paseo de la República (Sector Independencia),null,1908.3461538461538,631.3173076923077,2704
10 may 2024,MX,Morelia,Rey Tangaxoan II,null,596,566.6,49
10 may 2024,MX,Morelia,Av. Solidaridad,null,781.1538461538462,422.5769230769231,292
10 may 2024,MX,Morelia,Artilleros de 1847,null,874.3125,500.875,204
10 may 2024,MX,Morelia,Periférico Paseo de la República (Sector Independencia),HAZARD,757.6666666666666,261.93333333333334,201
10 may 2024,MX,Morelia,Acatita de Baján,null,542,911,5
10 may 2024,MX,Morelia,Rey Tariácuri,null,543.8,617.8,39
10 may 2024,MX,Morelia,Av. Acueducto,null,768.4,518.8,30
10 may 2024,MX,Morelia,MEX-15 / Morelia - Jiquilpan,null,3739.6666666666665,720.3333333333334,24
10 may 2024,MX,Morelia,Paseo de la República (Sector Nueva España),null,838.4166666666666,370.3333333333333,146
10 may 2024,MX,Morelia,Av. Francisco I. Madero Poniente,null,944.936170212766,447.27659574468083,628
10 may 2024,MX,Morelia,Periférico Paseo de la República (Sector Nueva España),null,1192,618.1463414634146,944
10 may 2024,MX,Morelia,Av. Tata Vasco,null,521,490,12
10 may 2024,MX,Morelia,Av. Gral. Lázaro Cárdenas,null,1182.75,501,32
10 may 2024,MX,Morelia,Av. Morelos (N),null,1030.1666666666667,631,138
10 may 2024,MX,Morelia,Margarita Maza de Juárez,null,1005.9230769230769,501.6923076923077,160
10 may 2024,MX,Morelia,Av. Michoacán,null,930,543.5,15
10 may 2024,MX,Morelia,Av. Guadalupe Victoria,null,723.7692307692307,559.7692307692307,90
10 may 2024,MX,Morelia,Av. Periodismo,null,606.25,450.5,15
10 may 2024,MX,Morelia,,ACCIDENT,741,497.7142857142857,16
10 may 2024,MX,Morelia,Ramal Camelinas,null,2280.1052631578946,326.63157894736844,176
11 may 2024,MX,Morelia,Periférico Paseo de la República (Sector Independencia),null,1475.375,358.8125,304
11 may 2024,MX,Morelia,Av. Guadalupe Victoria,null,690.1428571428571,588.9285714285714,68
11 may 2024,MX,Morelia,Periférico Paseo de la República (Sector República),null,1852.85,422.525,1025
11 may 2024,MX,Morelia,Av. Poliducto,null,678,391.5,4
11 may 2024,MX,Morelia,Periférico Paseo de la República (Sector República),ACCIDENT,1359,67,18
11 may 2024,MX,Morelia,José del Río,null,582,284,35
11 may 2024,MX,Morelia,Av. Francisco I. Madero Poniente,null,1237.078947368421,519.578947368421,555
11 may 2024,MX,Morelia,Av. Héroes de Nocupétaro,null,849.6666666666666,562.8333333333334,52
11 may 2024,MX,Morelia,MEX-15 / Morelia - Jiquilpan,null,1022.1111111111111,396.1666666666667,104
11 may 2024,MX,Morelia,Paseo de la República (Sector República),null,1158.3987341772151,510.6012658227848,4685
11 may 2024,MX,Morelia,Av. Leandro Valle,null,1269.3333333333333,494,84
11 may 2024,MX,Morelia,Paseo de la República (Sector República),HAZARD,1314.1666666666667,555.5,73
11 may 2024,MX,Morelia,Periférico Paseo de la República (Sector Revolución),null,1409.0689655172414,319.86206896551727,1022
11 may 2024,MX,Morelia,Av. Michoacán,null,755.9411764705883,599.1764705882352,145
11 may 2024,MX,Morelia,Av. Morelos (N),null,773.8,502,231
11 may 2024,MX,Morelia,Periférico Paseo de la República (Sector Revolución),ACCIDENT,1617,465.6666666666667,183
12 may 2024,MX,Morelia,MEX-43 / Morelia - Salamanca,ACCIDENT,1298,374,108
12 may 2024,MX,Morelia,Allende,null,822,560.6,45
12 may 2024,MX,Morelia,Av. Siervo de la Nación,null,879,544,3
12 may 2024,MX,Morelia,Av. Morelos (N),null,1344,1118.0833333333333,699
12 may 2024,MX,Morelia,Abasolo,null,528,616,8
12 may 2024,MX,Morelia,Ventura Puente,null,718.578947368421,385.89473684210526,208
12 may 2024,MX,Morelia,Aquiles Serdán,null,556.4,512.6,31
12 may 2024,MX,Morelia,MEX-43 / Morelia - Salamanca,null,1176.888888888889,398.6666666666667,123
13 may 2024,MX,Morelia,Av. Francisco I. Madero Poniente,null,773.6222222222223,430.4222222222222,424
13 may 2024,MX,Morelia,Av. Morelos (N),null,1147.974358974359,1252.8333333333333,2818
13 may 2024,MX,Morelia,Guillermo Prieto,null,571.8,461.8,12
13 may 2024,MX,Morelia,MEX-43 / Morelia - Salamanca,ACCIDENT,1833.0238095238096,854.952380952381,1249
13 may 2024,MX,Morelia,Av. Morelos (N),ACCIDENT,1109.2857142857142,2782.4285714285716,756
13 may 2024,MX,Morelia,MEX-43 / Morelia - Salamanca,null,2231.9565217391305,1696.8260869565217,671
13 may 2024,MX,Morelia,Av. Torreón Nuevo,null,827.2222222222222,603.8888888888889,50
13 may 2024,MX,Morelia,Andador Villa del Monte,null,1712.3333333333333,566.6666666666666,73
13 may 2024,MX,Morelia,Morelos (N),null,635,417,586
13 may 2024,MX,Morelia,Antiguo Camino a la Huerta,null,628,619.2,9
13 may 2024,MX,Morelia,Av. Miguel Hidalgo,null,944.4230769230769,737.6538461538462,1425
13 may 2024,MX,Morelia,Av. Montaña Monarca,null,602,533,6
13 may 2024,MX,Morelia,Av. Miguel Hidalgo,ACCIDENT,1074.095238095238,700.5714285714286,1389
13 may 2024,MX,Morelia,Margarita Maza de Juárez,null,736,582.5,9
13 may 2024,MX,Morelia,Periférico Paseo de la República (Sector Independencia),null,1393.2592592592594,530.4444444444445,610
14 may 2024,MX,Morelia,Av. Morelos (N),null,554.6666666666666,584,20
14 may 2024,MX,Morelia,Allende,null,761,833,8
14 may 2024,MX,Morelia,Av. Francisco I. Madero Oriente,ACCIDENT,2112.375,606.75,62
14 may 2024,MX,Morelia,Santiago Tapia,null,574,329.6666666666667,9
14 may 2024,MX,Morelia,Av. Francisco I. Madero Poniente,null,717.25,429.0833333333333,134
14 may 2024,MX,Morelia,Av. Héroes de Nocupétaro,null,686,366.5,21
14 may 2024,MX,Morelia,Av. Francisco I. Madero Oriente,null,1961,450.1666666666667,40
14 may 2024,MX,Morelia,Aquiles Serdán,null,737,582.8,47
15 may 2024,MX,Morelia,Av. Francisco I. Madero Poniente,null,1268.8636363636363,769.4545454545455,182
15 may 2024,MX,Morelia,Guillermo Prieto,null,1037,657.5,15
15 may 2024,MX,Morelia,MEX-15 / Morelia - Jiquilpan,null,1623.5454545454545,357.09090909090907,37
15 may 2024,MX,Morelia,Blvd. García de León,HAZARD,620.6,332,57
15 may 2024,MX,Morelia,Av. Gral. Lázaro Cárdenas,null,569,352.6666666666667,13
15 may 2024,MX,Morelia,Av. Morelos (N),null,742,478.5,13
15 may 2024,MX,Morelia,Abasolo,null,590.5,433.75,16
15 may 2024,MX,Morelia,José María López Rayón,null,618,515,7
15 may 2024,MX,Morelia,Calz. la Huerta,null,1016.2857142857143,371,44
15 may 2024,MX,Morelia,Artilleros de 1847,null,813.2857142857143,432,140
15 may 2024,MX,Morelia,Santiago Tapia,null,734,648.5,13
15 may 2024,MX,Morelia,Aquiles Serdán,null,697.7142857142857,655.2857142857143,29
15 may 2024,MX,Morelia,Periférico Paseo de la República (Sector Independencia),null,1369.5,456,11
15 may 2024,MX,Morelia,Periférico Paseo de la República (Sector Nueva España),null,1020.6739130434783,494.4130434782609,914
15 may 2024,MX,Morelia,Virrey Antonio de Mendoza,null,979,865,25
15 may 2024,MX,Morelia,Ventura Puente,null,975,548,37
16 may 2024,MX,Morelia,Aquiles Serdán,null,616.3333333333334,547.6666666666666,10
16 may 2024,MX,Morelia,Allende,null,1301,683.5,18
16 may 2024,MX,Morelia,Av. Morelos (N),ACCIDENT,1086.2857142857142,589.3571428571429,265
16 may 2024,MX,Morelia,Corregidora,null,1118.6666666666667,565.3333333333334,28
16 may 2024,MX,Morelia,Av. Morelos (N),null,991.6666666666666,624,36
16 may 2024,MX,Morelia,Antiguo Camino a la Huerta,null,1345,1433,2
16 may 2024,MX,Morelia,Av. Guadalupe Victoria,null,702,507.6666666666667,14
16 may 2024,MX,Morelia,Lateral Francisco I. Madero Ote.,null,957.1111111111111,552.3333333333334,70
16 may 2024,MX,Morelia,Periférico Paseo de la República (Sector Nueva España),null,1141,716,34
16 may 2024,MX,Morelia,Ventura Puente,null,802,385.5,14
16 may 2024,MX,Morelia,Paseo de la República (Sector Nueva España),null,843.3333333333334,560.3333333333334,17
16 may 2024,MX,Morelia,Francisco Márquez,null,556,699,3
16 may 2024,MX,Morelia,Rey Tangaxoan II,HAZARD,801.5,557,3
16 may 2024,MX,Morelia,Ignacio Rayón,null,653,526.5,8
16 may 2024,MX,Morelia,MEX-15 / Morelia - Jiquilpan,ACCIDENT,1205,563.5,16
16 may 2024,MX,Morelia,Av. Francisco I. Madero Oriente,null,1011.8,361.2,120
16 may 2024,MX,Morelia,Av. Gral. Lázaro Cárdenas,null,761.6666666666666,620,12
16 may 2024,MX,Morelia,MEX-15 / Morelia - Jiquilpan,null,660.5555555555555,405.22222222222223,49
16 may 2024,MX,Morelia,Virrey Antonio de Bucareli,null,776,564.5,8
17 may 2024,MX,Morelia,Gertrudis Bocanegra,null,610,1149,4
17 may 2024,MX,Morelia,Av. Gral. Lázaro Cárdenas,null,1785.75,784,38
17 may 2024,MX,Morelia,Rey Tangaxoan II,HAZARD,815.5625,495.6875,134
17 may 2024,MX,Morelia,Av. Fuentes de Morelia,null,1045.5,685,17
17 may 2024,MX,Morelia,Aquiles Serdán,null,513.2,651.4,19
17 may 2024,MX,Morelia,Av. Francisco I. Madero Poniente,ACCIDENT,1120.375,732.25,100
17 may 2024,MX,Morelia,Francisco Márquez,null,623,538,6
17 may 2024,MX,Morelia,MEX-15 / Morelia - Jiquilpan,ACCIDENT,1367,165.33333333333334,12
17 may 2024,MX,Morelia,Av. Morelos (N),null,872.4761904761905,613.952380952381,245
17 may 2024,MX,Morelia,Av. Pedregal,null,627.25,411.5,20
17 may 2024,MX,Morelia,Av. Juan Pablo II,null,591.5714285714286,442.42857142857144,52
17 may 2024,MX,Morelia,Rey Tangaxoan II,null,620,574.5,4
17 may 2024,MX,Morelia,Allende,null,771,546.6666666666666,22
17 may 2024,MX,Morelia,Av. Francisco I. Madero Poniente,null,1219.642857142857,738.1071428571429,239
17 may 2024,MX,Morelia,Periférico Paseo de la República (Sector Independencia),null,1867.375,794.8125,314
17 may 2024,MX,Morelia,Santiago Tapia,HAZARD,634.5,625.75,27
17 may 2024,MX,Morelia,W. A. Mozart,null,530,462,7
17 may 2024,MX,Morelia,MEX-15 / Morelia - Jiquilpan,null,904.2857142857143,498.2857142857143,37
17 may 2024,MX,Morelia,Av. Guadalupe Victoria,null,599,930.5,6
18 may 2024,MX,Morelia,Av. Francisco I. Madero Poniente,null,1386.45,834.5,120
18 may 2024,MX,Morelia,Av. Morelos Sur,null,741,564,5
18 may 2024,MX,Morelia,Av. Guadalupe Victoria,null,730,539.6666666666666,8
18 may 2024,MX,Morelia,Paseo de la República (Sector República),null,703.0909090909091,214.63636363636363,84
18 may 2024,MX,Morelia,Periférico Paseo de la República (Sector Independencia),null,1380.8275862068965,369.51724137931035,357
18 may 2024,MX,Morelia,MEX-15 / Morelia - Jiquilpan,null,1147,87,8
18 may 2024,MX,Morelia,Av. Francisco I. Madero Poniente,ACCIDENT,540,407,4
18 may 2024,MX,Morelia,Periférico Paseo de la República (Sector Revolución),ACCIDENT,1479.5454545454545,395.3636363636364,177
18 may 2024,MX,Morelia,Allende,null,724.8333333333334,477.6666666666667,49
18 may 2024,MX,Morelia,Galeana,null,675,403,18
19 may 2024,MX,Morelia,Av. Francisco I. Madero Oriente,null,561,511,6
19 may 2024,MX,Morelia,Periférico Paseo de la República (Sector Revolución),ACCIDENT,1182.5,178.5,52
19 may 2024,MX,Morelia,Av. Guadalupe Victoria,null,658.1666666666666,614.1666666666666,33
19 may 2024,MX,Morelia,Av. Tata Vasco,null,574,510,18
19 may 2024,MX,Morelia,Allende,null,631.75,487.5,12
19 may 2024,MX,Morelia,Paseo de la República (Sector Nueva España),null,1043.6666666666667,287,25
19 may 2024,MX,Morelia,Periférico Paseo de la República (Sector Nueva España),null,668,491.5,31
20 may 2024,MX,Morelia,Av. Guadalupe Victoria,null,635.6,507,22
20 may 2024,MX,Morelia,Ventura Puente,null,678.5,430.25,36
20 may 2024,MX,Morelia,Antiguo Camino a la Huerta,null,1026.2307692307693,668.3076923076923,35
20 may 2024,MX,Morelia,Periférico Paseo de la República (Sector Nueva España),ACCIDENT,1030.5,542.2142857142857,180
20 may 2024,MX,Morelia,Av. Morelos (N),null,670.2608695652174,760.1304347826087,281
20 may 2024,MX,Morelia,Periférico Paseo de la República (Sector Independencia),null,1220.0625,460.4375,106
20 may 2024,MX,Morelia,Av. Francisco I. Madero Oriente,null,622.6666666666666,406.6666666666667,48
20 may 2024,MX,Morelia,Periférico Paseo de la República (Sector Nueva España),null,1178.16,478.44,448
20 may 2024,MX,Morelia,Av. Gral. Lázaro Cárdenas,null,809.25,327,88
20 may 2024,MX,Morelia,Allende,null,741,712,19
20 may 2024,MX,Morelia,Virrey Antonio de Mendoza,null,956,420.4,37
20 may 2024,MX,Morelia,Av. Acueducto,null,534,405.5,27
20 may 2024,MX,Morelia,Paseo de la República (Sector Nueva España),null,923,469.5,9
21 may 2024,MX,Morelia,Av. Periodismo,null,887.2777777777778,534.7777777777778,83
21 may 2024,MX,Morelia,Calz. la Huerta,null,953,588,6
21 may 2024,MX,Morelia,Periférico Paseo de la República (Sector Revolución),ACCIDENT,1995,854.3333333333334,70
21 may 2024,MX,Morelia,Av. Pedregal,null,872,586,18
21 may 2024,MX,Morelia,Margarita Maza de Juárez,null,814,609,18
21 may 2024,MX,Morelia,Periférico Paseo de la República (Sector Revolución),null,1811,617,38
21 may 2024,MX,Morelia,Av. Michoacán,null,589.5,532.75,41
21 may 2024,MX,Morelia,Isidro Huarte,null,633,681,5
21 may 2024,MX,Morelia,Periférico Paseo de la República (Sector Nueva España),null,1158,455,10
21 may 2024,MX,Morelia,Av. Bosques de los Olivos,null,562,519.6666666666666,12
21 may 2024,MX,Morelia,Antiguo Camino a la Huerta,null,680.25,342.5,6
21 may 2024,MX,Morelia,Av. Francisco I. Madero Poniente,null,1191.28125,811.0625,308
21 may 2024,MX,Morelia,Av. Acueducto,null,825.5,592.5714285714286,80
22 may 2024,MX,Morelia,Rey Tariácuri,null,509,406.25,19
22 may 2024,MX,Morelia,La Huerta,null,623.5,612.875,50
22 may 2024,MX,Morelia,Gob. Aristeo Mercado,null,781.5833333333334,376.4166666666667,255
22 may 2024,MX,Morelia,MEX-126 / Maravatío - Morelia,null,562,444.6,20
22 may 2024,MX,Morelia,Av. Periodismo,null,1462.392405063291,767.367088607595,1811
22 may 2024,MX,Morelia,General Francisco J. Múgica,HAZARD,527.2142857142857,435.7142857142857,98
22 may 2024,MX,Morelia,Antiguo Camino a la Huerta,null,986.5,751.5,11
22 may 2024,MX,Morelia,Batalla de Casa Mata,null,994.2894736842105,554.5,639
22 may 2024,MX,Morelia,Ocampo,null,607,394,38
22 may 2024,MX,Morelia,Dr. Ignacio Chávez,null,683.6666666666666,690.2857142857143,229
22 may 2024,MX,Morelia,Av. Fuentes de Morelia,null,652,433,61
22 may 2024,MX,Morelia,Oriente 6,null,1560,476.6666666666667,15
22 may 2024,MX,Morelia,Av. Francisco Medina García Sur,null,615,310,106
22 may 2024,MX,Morelia,Av. Francisco I. Madero Oriente,null,1491.15,553.5166666666667,806
22 may 2024,MX,Morelia,Oriente 4,null,894.3333333333334,362.8333333333333,29
22 may 2024,MX,Morelia,Paseo de la República (Sector República),null,901.4166666666666,414.4166666666667,145
22 may 2024,MX,Morelia,Ramal Camelinas,null,3389.923076923077,367.6923076923077,288
22 may 2024,MX,Morelia,Av. Solidaridad,null,854.96,539.2,588
22 may 2024,MX,Morelia,Periférico Paseo de la República (Sector República),null,742,573.5,8
22 may 2024,MX,Morelia,Av. Gral. Lázaro Cárdenas,null,1376.92,599.92,544
22 may 2024,MX,Morelia,Periférico Paseo de la República (Sector Independencia),null,1071.0731707317073,696.7317073170732,452
22 may 2024,MX,Morelia,Loma del Rey,null,754.3,553.7,72
22 may 2024,MX,Morelia,Artilleros de 1847,null,662.7142857142857,339.14285714285717,85
22 may 2024,MX,Morelia,Periférico Paseo de la República (Sector Nueva España),null,1058.375,388,174
22 may 2024,MX,Morelia,del Vivero,null,734.1428571428571,696.1428571428571,29
22 may 2024,MX,Morelia,Rey Tangaxoan II,null,771.1428571428571,551.5714285714286,48
22 may 2024,MX,Morelia,Calz. la Huerta,null,945.05,451.95,248
22 may 2024,MX,Morelia,Ramal Camelinas,HAZARD,3484,466,63
22 may 2024,MX,Morelia,Av. Francisco I. Madero Oriente,HAZARD,1956,852,158
22 may 2024,MX,Morelia,Blvd. García de León,null,835.5,423.9,181
22 may 2024,MX,Morelia,Margarita Maza de Juárez,null,907.0185185185185,608.8333333333334,881
22 may 2024,MX,Morelia,Nogal,null,557,641.6428571428571,97
22 may 2024,MX,Morelia,W. A. Mozart,null,530,466,35
22 may 2024,MX,Morelia,Héroes Anónimos de la Independencia,null,715,440.84615384615387,115
22 may 2024,MX,Morelia,Gertrudis Bocanegra,null,773.0967741935484,483,413
23 may 2024,MX,Morelia,Periférico Paseo de la República (Sector Independencia),null,1262.764705882353,458.52941176470586,325
23 may 2024,MX,Morelia,Av. Francisco I. Madero Oriente,null,1171.3333333333333,333.5833333333333,132
23 may 2024,MX,Morelia,Rey Tariácuri,null,509,432.3333333333333,20
23 may 2024,MX,Morelia,Margarita Maza de Juárez,null,899.5,476,63
23 may 2024,MX,Morelia,Antiguo Camino a la Huerta,null,1070.5,492.5,12
23 may 2024,MX,Morelia,Av. Gral. Lázaro Cárdenas,null,2100.222222222222,692.4444444444445,135
23 may 2024,MX,Morelia,Lateral Francisco I. Madero Ote.,null,1049.5714285714287,298.2857142857143,55
23 may 2024,MX,Morelia,Av. Morelos (N),null,636.6,624,35
24 may 2024,MX,Morelia,Periférico Paseo de la República (Sector Nueva España),null,603.2307692307693,413.11538461538464,370
24 may 2024,MX,Morelia,Manuel Muñiz,null,690.75,516.25,30
24 may 2024,MX,Morelia,Av. Gral. Lázaro Cárdenas,null,1237.5,664,93
24 may 2024,MX,Morelia,Av. Solidaridad,null,1329,698,53
24 may 2024,MX,Morelia,Guillermo Prieto,null,587,636,6
24 may 2024,MX,Morelia,Oriente 6,null,1560,490.1666666666667,12
24 may 2024,MX,Morelia,Av. Francisco I. Madero Oriente,null,745.4545454545455,450.90909090909093,82
24 may 2024,MX,Morelia,Periférico Paseo de la República (Sector Independencia),null,1508.3846153846155,603.1282051282051,671
24 may 2024,MX,Morelia,Paseo de la República (Sector República),null,705.3846153846154,602.3076923076923,80
24 may 2024,MX,Morelia,Av. Francisco I. Madero Poniente,null,1623.2857142857142,673.4285714285714,150
25 may 2024,MX,Morelia,Av. Francisco Medina García Norte,null,631,587,8
25 may 2024,MX,Morelia,Aquiles Serdán,null,830.1428571428571,803.7142857142857,45
25 may 2024,MX,Morelia,Periférico Paseo de la República (Sector Nueva España),null,575,373,13
25 may 2024,MX,Morelia,Virrey Antonio de Mendoza,null,893.5,676.75,26
25 may 2024,MX,Morelia,Av. Francisco I. Madero Poniente,null,1159.2222222222222,510.8888888888889,113
25 may 2024,MX,Morelia,Guillermo Prieto,null,823,494.6666666666667,26
25 may 2024,MX,Morelia,Periférico Paseo de la República (Sector Independencia),HAZARD,1468.047619047619,612.3809523809524,979
25 may 2024,MX,Morelia,Abasolo,null,611.3333333333334,524.8333333333334,40
25 may 2024,MX,Morelia,Av. Acueducto,null,747,399,24
25 may 2024,MX,Morelia,Periférico Paseo de la República (Sector Independencia),null,1271.103448275862,344.37931034482756,888
25 may 2024,MX,Morelia,Av. Pedregal,null,697.75,466,16
25 may 2024,MX,Morelia,Av. Universidad,null,1238,547,5
25 may 2024,MX,Morelia,Av. Solidaridad,null,782.75,478.125,134
26 may 2024,MX,Morelia,MICH-171 / Antigua Carretera a Pátzcuaro,ACCIDENT,857,252.25,13
26 may 2024,MX,Morelia,Santiago Tapia,null,720.2142857142857,503.42857142857144,129
26 may 2024,MX,Morelia,Av. Francisco I. Madero Poniente,null,797.6666666666666,463.6666666666667,28
26 may 2024,MX,Morelia,Av. Francisco I. Madero Oriente,null,513,563.3333333333334,36
26 may 2024,MX,Morelia,Calz. la Huerta,ACCIDENT,729,251.17391304347825,223
26 may 2024,MX,Morelia,Abasolo,null,650.2380952380952,589.1428571428571,150
26 may 2024,MX,Morelia,Rey Tangaxoan II,null,705.1818181818181,411.54545454545456,48
26 may 2024,MX,Morelia,Virrey Antonio de Mendoza,null,794.7575757575758,569.939393939394,192
26 may 2024,MX,Morelia,Antonio Alzate,null,772,817.1666666666666,49
26 may 2024,MX,Morelia,Av. Acueducto,null,938,508.5,22
26 may 2024,MX,Morelia,Aquiles Serdán,null,810.7857142857143,689.6428571428571,123
26 may 2024,MX,Morelia,MICH-171 / Antigua Carretera a Pátzcuaro,null,682.1666666666666,501.6666666666667,18
27 may 2024,MX,Morelia,Antiguo Camino a la Huerta,null,986.8181818181819,590.7272727272727,22
27 may 2024,MX,Morelia,Av. Fuentes de Morelia,null,783.3333333333334,503,9
27 may 2024,MX,Morelia,Paseo de la República (Sector Nueva España),null,1049.4,327.8,103
27 may 2024,MX,Morelia,Lic. Justo Mendoza,null,576,441,2
27 may 2024,MX,Morelia,Margarita Maza de Juárez,HAZARD,801.3333333333334,520,29
27 may 2024,MX,Morelia,Av. Guadalupe Victoria,HAZARD,676,438.84615384615387,143
27 may 2024,MX,Morelia,Periférico Paseo de la República (Sector Independencia),null,1500.578947368421,442.3157894736842,339
27 may 2024,MX,Morelia,Margarita Maza de Juárez,null,786,516.6666666666666,37
27 may 2024,MX,Morelia,Guillermo Prieto,null,928,472,16
27 may 2024,MX,Morelia,Av. Morelos (N),null,632,731,18
27 may 2024,MX,Morelia,Av. Guadalupe Victoria,null,517,617,7
28 may 2024,MX,Morelia,Rey Tangaxoan II,null,630.8,457.9,43
28 may 2024,MX,Morelia,Batalla de Casa Mata,null,576,693,19
28 may 2024,MX,Morelia,Av. Acueducto,null,594,298.5,26
28 may 2024,MX,Morelia,Periférico Paseo de la República (Sector Independencia),null,1548.0384615384614,483.2692307692308,335
28 may 2024,MX,Morelia,Av. Solidaridad,null,564,533,16
28 may 2024,MX,Morelia,Periférico Paseo de la República (Sector Revolución),null,1395.4,333.85,348
28 may 2024,MX,Morelia,Guillermo Prieto,null,594,459,4
28 may 2024,MX,Morelia,Av. Morelos (N),null,749.3571428571429,612.2857142857143,352
28 may 2024,MX,Morelia,Av. Francisco I. Madero Poniente,null,1041.5,620.125,63
29 may 2024,MX,Morelia,Margarita Maza de Juárez,null,664.3333333333334,755,13
29 may 2024,MX,Morelia,Av. Periodismo,null,677,748,3
29 may 2024,MX,Morelia,Av. Morelos (N),null,662.5,785.375,59
29 may 2024,MX,Morelia,Periférico Paseo de la República (Sector Nueva España),null,1197,681,12
29 may 2024,MX,Morelia,Periférico Paseo de la República (Sector Independencia),null,1514.103448275862,475.7241379310345,586
29 may 2024,MX,Morelia,Av. Acueducto,null,509,517,7
29 may 2024,MX,Morelia,Av. Francisco I. Madero Poniente,null,1325.04,584.52,337
29 may 2024,MX,Morelia,Av. Miguel Hidalgo,null,591,789.3333333333334,5
29 may 2024,MX,Morelia,Av. San José del Cerrito,null,742.5,503,4
29 may 2024,MX,Morelia,Av. Michoacán,null,722.8,473.6,30
30 may 2024,MX,Morelia,Carpinteros de Paracho,null,667.3478260869565,614.0434782608696,177
30 may 2024,MX,Morelia,Antiguo Camino a la Huerta,null,986.8571428571429,418.85714285714283,16
30 may 2024,MX,Morelia,Av. Gral. Lázaro Cárdenas,null,1447.6,579.9,127
30 may 2024,MX,Morelia,Av. Tata Vasco,null,544,559.5,24
30 may 2024,MX,Morelia,Artilleros de 1847,null,585.6666666666666,468.6666666666667,27
30 may 2024,MX,Morelia,Rey Tariácuri,null,509,629,3
30 may 2024,MX,Morelia,Av. San Juanito Itzícuaro,null,683.6,532.4,16
30 may 2024,MX,Morelia,Av. Acueducto,null,696.32,534.42,604
30 may 2024,MX,Morelia,Francisco Márquez,null,625.2666666666667,520.1333333333333,108
30 may 2024,MX,Morelia,Av. Guadalupe Victoria,null,650.5,508,14
30 may 2024,MX,Morelia,Av. Francisco I. Madero Poniente,null,973,320.57142857142856,72
30 may 2024,MX,Morelia,Periférico Paseo de la República (Sector República),null,1482,470.14285714285717,48
30 may 2024,MX,Morelia,Periférico Paseo de la República (Sector República),HAZARD,1335.842105263158,450.57894736842104,134
30 may 2024,MX,Morelia,Isidro Huarte,null,833,1036,7
30 may 2024,MX,Morelia,Paseo de la República (Sector República),null,1586,362.4,86
30 may 2024,MX,Morelia,Virrey Antonio de Bucareli,null,823,447.3333333333333,16
30 may 2024,MX,Morelia,Periférico Paseo de la República (Sector Independencia),null,1259.904761904762,613.7142857142857,324
31 may 2024,MX,Morelia,Av. Francisco I. Madero Oriente,null,816.5,533.1666666666666,41
31 may 2024,MX,Morelia,Lateral Francisco I. Madero Ote.,HAZARD,1008,602.5,23
31 may 2024,MX,Morelia,Antiguo Camino a la Huerta,null,1130.4,833,10
31 may 2024,MX,Morelia,Av. Francisco I. Madero Poniente,null,1226,481.75,38
31 may 2024,MX,Morelia,Aquiles Serdán,null,624.125,634.625,38
31 may 2024,MX,Morelia,Av. Guadalupe Victoria,null,680.25,699.5,21
31 may 2024,MX,Morelia,Av. Francisco I. Madero Oriente,HAZARD,554,92,8
31 may 2024,MX,Morelia,Av. Morelos (N),null,819.6666666666666,432.06666666666666,202
31 may 2024,MX,Morelia,Av. Héroes de Nocupétaro,null,747.5,482.85,148
31 may 2024,MX,Morelia,Periférico Paseo de la República (Sector Independencia),null,820,467,9
31 may 2024,MX,Morelia,Lateral Francisco I. Madero Ote.,null,620,609.5,19
31 may 2024,MX,Morelia,Antonio Alzate,null,521,494,10
31 may 2024,MX,Morelia,Periférico Paseo de la República (Sector Nueva España),null,952.8888888888889,385.8888888888889,188
31 may 2024,MX,Morelia,General Francisco J. Múgica,null,1175.5,466.75,24
31 may 2024,MX,Morelia,Av. Michoacán,null,728,643,2
31 may 2024,MX,Morelia,José Juan Tablada,null,807.7333333333333,372.93333333333334,143
31 may 2024,MX,Morelia,Blvd. García de León,null,538,1016,6
1 jun 2024,MX,Morelia,Av. Acueducto,null,747,656.6666666666666,47
1 jun 2024,MX,Morelia,Paseo de la República (Sector República),null,1629.48,472.12,580
1 jun 2024,MX,Morelia,Periférico Paseo de la República (Sector Revolución),null,630.6666666666666,148.33333333333334,106
1 jun 2024,MX,Morelia,Periférico Paseo de la República (Sector Nueva España),null,1123.3333333333333,512.875,439
1 jun 2024,MX,Morelia,MEX-15 / Toluca - Morelia,null,2870,940.15,169
1 jun 2024,MX,Morelia,Paseo de la República (Sector República),ACCIDENT,1014,284,7
1 jun 2024,MX,Morelia,Av. Michoacán,null,705,496.25,42
1 jun 2024,MX,Morelia,Paseo de la República (Sector Nueva España),null,844.8,525.2,77
1 jun 2024,MX,Morelia,Periférico Paseo de la República (Sector República),null,1789.0555555555557,1062.111111111111,846
1 jun 2024,MX,Morelia,Guillermo Prieto,HAZARD,772,562,3
1 jun 2024,MX,Morelia,Tte. Isidro Alemán,null,541,714,8
1 jun 2024,MX,Morelia,Av. Héroes de Nocupétaro,null,744.5116279069767,516.3023255813954,342
1 jun 2024,MX,Morelia,Héroe de Nacozari,null,709,846,11
1 jun 2024,MX,Morelia,Av. Francisco I. Madero Poniente,null,665,665,44
2 jun 2024,MX,Morelia,Av. Fuentes de Morelia,null,539,473,8
2 jun 2024,MX,Morelia,Calz. Juárez,null,585,581,4
2 jun 2024,MX,Morelia,José Juan Tablada,null,773.5,369.1666666666667,164
3 jun 2024,MX,Morelia,Av. Torreón Nuevo,null,697,593,8
3 jun 2024,MX,Morelia,Periférico Paseo de la República (Sector Independencia),null,1075.35,470.7,297
3 jun 2024,MX,Morelia,Periférico Paseo de la República (Sector Nueva España),null,938,512,14
3 jun 2024,MX,Morelia,Paseo de la República (Sector Nueva España),null,1091,714.25,41
3 jun 2024,MX,Morelia,Av. Francisco I. Madero Poniente,null,913.875,481.5,35
3 jun 2024,MX,Morelia,Lateral Francisco I. Madero Ote.,null,1049,529.5,13
3 jun 2024,MX,Morelia,Av. Acueducto,null,958.4,546.6,32
4 jun 2024,MX,Morelia,Av. Universidad,null,1171.2641509433963,1013.433962264151,688
4 jun 2024,MX,Morelia,Héroe de Nacozari,null,724.6,623,57
4 jun 2024,MX,Morelia,Margarita Maza de Juárez,null,949.6363636363636,783.5454545454545,300
4 jun 2024,MX,Morelia,Av. Fuentes de Morelia,null,522,701.5,16
4 jun 2024,MX,Morelia,Ocampo,null,621.5,443,10
4 jun 2024,MX,Morelia,Periférico Paseo de la República (Sector Revolución),null,1654.1818181818182,487.8181818181818,501
4 jun 2024,MX,Morelia,Av. San José del Cerrito,null,1109.9,970.3666666666667,428
4 jun 2024,MX,Morelia,Eréndira,null,614.6666666666666,418,12
4 jun 2024,MX,Morelia,Av. Periodismo,null,1393.3333333333333,417.1666666666667,63
4 jun 2024,MX,Morelia,Av. Solidaridad,null,698.85,699,202
4 jun 2024,MX,Morelia,Av. Morelos (N),null,736,580.3333333333334,60
4 jun 2024,MX,Morelia,Calz. la Huerta,null,1597.7777777777778,560.2592592592592,751
4 jun 2024,MX,Morelia,Av. Guadalupe Victoria,null,628,578,6
4 jun 2024,MX,Morelia,Antiguo Camino a la Huerta,null,880.6551724137931,650.7586206896551,107
4 jun 2024,MX,Morelia,General Francisco J. Múgica,null,862.125,586.875,147
4 jun 2024,MX,Morelia,Rey Tangaxoan II,null,799.4,623.2666666666667,88
4 jun 2024,MX,Morelia,Periférico Paseo de la República (Sector Independencia),null,1462.9714285714285,1089.0285714285715,756
4 jun 2024,MX,Morelia,Av. La Joya,null,813,529,5
5 jun 2024,MX,Morelia,Av. Francisco I. Madero Oriente,ACCIDENT,2440.1666666666665,917.6666666666666,100
5 jun 2024,MX,Morelia,Periférico Paseo de la República (Sector Independencia),null,1339.2857142857142,694.7142857142857,141
5 jun 2024,MX,Morelia,MEX-15 / Morelia - Jiquilpan,null,1807.7272727272727,477.40909090909093,116
5 jun 2024,MX,Morelia,Ventura Puente,null,767.5,462,17
5 jun 2024,MX,Morelia,MEX-15 / Morelia - Jiquilpan,HAZARD,1508.9354838709678,464.3225806451613,189
5 jun 2024,MX,Morelia,Av. Francisco I. Madero Oriente,null,1825.7142857142858,450.57142857142856,133
5 jun 2024,MX,Morelia,Rey Tariácuri,null,509,696.3333333333334,13
5 jun 2024,MX,Morelia,Av. Francisco I. Madero Oriente,HAZARD,3705,802.3333333333334,71
5 jun 2024,MX,Morelia,Periférico Paseo de la República (Sector Nueva España),null,1208.3,696.8,268
5 jun 2024,MX,Morelia,Av. Universidad,null,732.4285714285714,559.8571428571429,37
5 jun 2024,MX,Morelia,Paseo de la República (Sector Nueva España),null,928.5,573.9,187
6 jun 2024,MX,Morelia,Virrey Antonio de Mendoza,null,949.6666666666666,679,14
6 jun 2024,MX,Morelia,Santiago Tapia,null,759.5714285714286,467.57142857142856,47
6 jun 2024,MX,Morelia,,null,893,478.25,8
6 jun 2024,MX,Morelia,Allende,null,670.5,553,12
6 jun 2024,MX,Morelia,Av. Michoacán,null,808,625,4
6 jun 2024,MX,Morelia,Cuautla,null,890.8571428571429,519.4285714285714,34
6 jun 2024,MX,Morelia,Av. Morelos Sur,null,896,602,16
6 jun 2024,MX,Morelia,Antonio Alzate,null,534.5,598.5,8
6 jun 2024,MX,Morelia,Av. Guadalupe Victoria,null,702,660,28
6 jun 2024,MX,Morelia,Av. Morelos (N),null,806,536.5,19
6 jun 2024,MX,Morelia,Av. Fuentes de Morelia,null,849.3333333333334,572.6666666666666,22
6 jun 2024,MX,Morelia,Rey Tariácuri,null,509,507,7
6 jun 2024,MX,Morelia,Margarita Maza de Juárez,null,722.5714285714286,537,38
6 jun 2024,MX,Morelia,Isidro Huarte,null,1300,590,9
6 jun 2024,MX,Morelia,MEX-15 / Morelia - Jiquilpan,null,559,612.6666666666666,15
6 jun 2024,MX,Morelia,Paseo de la República (Sector República),null,653,359,8
6 jun 2024,MX,Morelia,Periférico Paseo de la República (Sector Independencia),null,1158.8333333333333,503.1666666666667,318
6 jun 2024,MX,Morelia,Av. Francisco I. Madero Poniente,null,1096,618.3333333333334,36
7 jun 2024,MX,Morelia,Av. Francisco I. Madero Poniente,null,1469.8461538461538,489.6923076923077,167
7 jun 2024,MX,Morelia,Periférico Paseo de la República (Sector Revolución),null,1610,311.8888888888889,257
7 jun 2024,MX,Morelia,Av. Guadalupe Victoria,null,820.5,491.375,47
7 jun 2024,MX,Morelia,Rey Tariácuri,null,553.25,669.125,43
7 jun 2024,MX,Morelia,Periférico Paseo de la República (Sector Nueva España),null,1261,791.5,129
7 jun 2024,MX,Morelia,Ventura Puente,null,652,512.8571428571429,61
7 jun 2024,MX,Morelia,Av. Francisco I. Madero Oriente,null,1438.5263157894738,716.7894736842105,218
7 jun 2024,MX,Morelia,Av. Michoacán,null,814,521,8
7 jun 2024,MX,Morelia,Isidro Huarte,null,675.2,837,18
7 jun 2024,MX,Morelia,Periférico Paseo de la República (Sector Revolución),HAZARD,1617,461.3333333333333,184
7 jun 2024,MX,Morelia,MEX-15 / Morelia - Jiquilpan,null,2855.5,447,12
7 jun 2024,MX,Morelia,Artilleros de 1847,null,859.8333333333334,460.5,65
7 jun 2024,MX,Morelia,Av. Francisco I. Madero Oriente,ACCIDENT,801,404,14
7 jun 2024,MX,Morelia,Lateral Francisco I. Madero Ote.,null,1350.75,560,30
7 jun 2024,MX,Morelia,Av. Solidaridad,null,548,552,10
7 jun 2024,MX,Morelia,Héroe de Nacozari,null,735,663.125,93
7 jun 2024,MX,Morelia,Av. Morelos (N),null,873.3947368421053,603.7368421052631,452
8 jun 2024,MX,Morelia,Av. Guadalupe Victoria,null,639.2222222222222,575.1111111111111,146
8 jun 2024,MX,Morelia,Av. Francisco I. Madero Oriente,ACCIDENT,1488.6153846153845,811.0769230769231,124
8 jun 2024,MX,Morelia,MEX-15 / Morelia - Jiquilpan,HAZARD,1170,324.3333333333333,26
8 jun 2024,MX,Morelia,Allende,null,983.8695652173913,813.9130434782609,255
8 jun 2024,MX,Morelia,Lateral Francisco I. Madero Ote.,null,810,484.5,19
8 jun 2024,MX,Morelia,General Francisco J. Múgica,null,854.8961038961039,618.5844155844156,569
8 jun 2024,MX,Morelia,Héroe de Nacozari,null,702.7142857142857,718.8571428571429,200
8 jun 2024,MX,Morelia,MEX-15 / Morelia - Jiquilpan,null,1976.9333333333334,493.8333333333333,267
8 jun 2024,MX,Morelia,La Huerta,null,830.28125,499.5625,243
8 jun 2024,MX,Morelia,Av. Gral. Lázaro Cárdenas,null,819.5714285714286,608.4285714285714,42
8 jun 2024,MX,Morelia,Periférico Paseo de la República (Sector Nueva España),null,1633.5360824742268,664.1855670103092,3146
8 jun 2024,MX,Morelia,Av. Héroes de Nocupétaro,null,751.5,651,16
8 jun 2024,MX,Morelia,Vicente Santa María,null,645,580,3
8 jun 2024,MX,Morelia,Paseo de la República (Sector Nueva España),null,1037.7826086956522,675.7391304347826,615
8 jun 2024,MX,Morelia,José Juan Tablada,null,738.1428571428571,406.14285714285717,84
8 jun 2024,MX,Morelia,Av. Universidad,null,734.2727272727273,685.7272727272727,76
8 jun 2024,MX,Morelia,Virrey Antonio de Mendoza,null,947.8,562.2,89
8 jun 2024,MX,Morelia,Av. Solidaridad,null,792,488,16
8 jun 2024,MX,Morelia,La Huerta,HAZARD,1117.7777777777778,552.7777777777778,73
8 jun 2024,MX,Morelia,Av. Acueducto,null,773,495.4,35
8 jun 2024,MX,Morelia,Av. Francisco I. Madero Oriente,null,1058.142857142857,682.8571428571429,63
8 jun 2024,MX,Morelia,Av. Francisco Medina García Sur,null,825,2332.5,22
8 jun 2024,MX,Morelia,Av. San Juanito Itzícuaro,null,984.25,467,12
8 jun 2024,MX,Morelia,José María Morelos y Pavón,null,836.5,388.5,3
8 jun 2024,MX,Morelia,Calz. la Huerta,null,1269.4117647058824,604.4117647058823,258
9 jun 2024,MX,Morelia,Abasolo,null,528,701,49
9 jun 2024,MX,Morelia,Av. Acueducto,null,588.3333333333334,482.25,47
9 jun 2024,MX,Morelia,Allende,null,812.3333333333334,647,45
9 jun 2024,MX,Morelia,Aquiles Serdán,null,623,543.6,20
9 jun 2024,MX,Morelia,General Francisco J. Múgica,null,934.7692307692307,801.5769230769231,120
10 jun 2024,CO,Morelia,Pereira-Alcalá / RD29-03,ACCIDENT,1375.2857142857142,237.42857142857142,228
10 jun 2024,CO,Morelia,Pereira-Alcalá / RD29-03,null,1644.7272727272727,382.90909090909093,300
10 jun 2024,MX,Morelia,Av. Gral. Lázaro Cárdenas,null,613.6,616.6,16
10 jun 2024,MX,Morelia,General Francisco J. Múgica,null,793.68,678.6,152
10 jun 2024,MX,Morelia,Av. Francisco I. Madero Oriente,null,552.6666666666666,635.3333333333334,56
10 jun 2024,MX,Morelia,Av. Alfredo Zalce,ACCIDENT,557,683,1
10 jun 2024,MX,Morelia,Av. Francisco I. Madero Poniente,null,1103.2,312.6,25
10 jun 2024,MX,Morelia,MEX-15 / Morelia - Jiquilpan,null,1443.391304347826,395.95652173913044,148
10 jun 2024,MX,Morelia,Av. Universidad,null,750,370.5,31
10 jun 2024,MX,Morelia,Rey Tangaxoan II,null,773,526,8
10 jun 2024,MX,Morelia,Av. Alfredo Zalce,null,1189,706,13
10 jun 2024,MX,Morelia,MEX-15 / Morelia - Jiquilpan,HAZARD,1339,156,7
11 jun 2024,MX,Morelia,Av. Francisco I. Madero Oriente,null,1067.6,363,34
11 jun 2024,MX,Morelia,Guillermo Prieto,null,970,587.3333333333334,13
11 jun 2024,MX,Morelia,Av. Guadalupe Victoria,null,628,630.5,14
11 jun 2024,MX,Morelia,Av. San José del Cerrito,null,746,443.5,19
11 jun 2024,MX,Morelia,Av. Siervo de la Nación,null,709.7142857142857,416.57142857142856,55
11 jun 2024,MX,Morelia,Virrey Antonio de Mendoza,null,901.3333333333334,378,26
11 jun 2024,MX,Morelia,Periférico Paseo de la República (Sector Revolución),ACCIDENT,1447.7857142857142,1515.9642857142858,623
11 jun 2024,MX,Morelia,Av. del Estudiante,null,610,457,6
11 jun 2024,MX,Morelia,Periférico Paseo de la República (Sector Nueva España),null,859.0909090909091,344.6363636363636,114
11 jun 2024,MX,Morelia,Av. Francisco I. Madero Oriente,HAZARD,923.8636363636364,421.5,208
11 jun 2024,MX,Morelia,Av. Francisco I. Madero Poniente,null,1168.0133333333333,454.2266666666667,837
11 jun 2024,MX,Morelia,Periférico Paseo de la República (Sector Independencia),null,1016.3620689655172,713.8620689655172,1451
11 jun 2024,CO,Morelia,Pereira-Alcalá / RD29-03,null,1258,123,28
11 jun 2024,MX,Morelia,Lateral Francisco I. Madero Ote.,null,942.3333333333334,467.8333333333333,129
11 jun 2024,MX,Morelia,Av. Periodismo,null,943.1333333333333,456.5,457
11 jun 2024,MX,Morelia,Av. Michoacán,null,753.6,590.2,16
11 jun 2024,MX,Morelia,Av. Universidad,null,1053,588.375,63
11 jun 2024,MX,Morelia,Paseo de la República (Sector Revolución),ACCIDENT,795,444,10
11 jun 2024,MX,Morelia,Antiguo Camino a la Huerta,null,1527.0869565217392,429.7826086956522,156
11 jun 2024,MX,Morelia,Av. Héroes de Nocupétaro,null,887.1666666666666,471.8333333333333,33
11 jun 2024,MX,Morelia,General Francisco J. Múgica,null,993.25,592.5,13
11 jun 2024,MX,Morelia,Periférico Paseo de la República (Sector Revolución),null,1116.5333333333333,863.6,280
11 jun 2024,MX,Morelia,Av. Miguel Hidalgo,null,741.5833333333334,558.75,141
11 jun 2024,MX,Morelia,Loma del Rey,null,735.6666666666666,365.3333333333333,46
11 jun 2024,MX,Morelia,Calz. la Huerta,null,1316.3103448275863,376.37931034482756,367
11 jun 2024,MX,Morelia,Periférico Paseo de la República (Sector Independencia),HAZARD,1317,537,11
11 jun 2024,MX,Morelia,del Vivero,null,505,532,6
12 jun 2024,MX,Morelia,Vasco de Quiroga,null,623,568,8
12 jun 2024,MX,Morelia,Aragón,null,589,448.3333333333333,9
12 jun 2024,MX,Morelia,MEX-14 / Morelia - Pátzcuaro,null,611,712.75,8
12 jun 2024,MX,Morelia,Loma del Rey,null,540,600,14
12 jun 2024,MX,Morelia,Héroes Anónimos de la Independencia,null,921,483.5,9
12 jun 2024,MX,Morelia,Periférico Paseo de la República (Sector Revolución),ACCIDENT,2480.6,886.8,196
12 jun 2024,MX,Morelia,Lateral Francisco I. Madero Ote.,null,809.25,185.25,39
12 jun 2024,MX,Morelia,Periférico Paseo de la República (Sector Independencia),HAZARD,877,846.9166666666666,359
12 jun 2024,MX,Morelia,Av. Siervo de la Nación,null,827.125,403.125,53
12 jun 2024,MX,Morelia,Av. Francisco I. Madero Poniente,null,1438.16,533.8,222
12 jun 2024,MX,Morelia,Av. Francisco I. Madero Oriente,null,616.8095238095239,634.3333333333334,171
12 jun 2024,MX,Morelia,Periférico Paseo de la República (Sector Revolución),null,1288.2857142857142,498.4761904761905,436
12 jun 2024,MX,Morelia,General Francisco J. Múgica,null,537,604.6666666666666,13
12 jun 2024,MX,Morelia,Av. San José del Cerrito,null,747.6363636363636,563,60
12 jun 2024,MX,Morelia,del Vivero,null,764.3181818181819,593.5909090909091,312
12 jun 2024,MX,Morelia,Av. Héroes de Nocupétaro,null,832.2727272727273,528.1818181818181,72
12 jun 2024,MX,Morelia,Av. Guadalupe Victoria,null,930.8,954,33
12 jun 2024,MX,Morelia,Av. Solidaridad,null,621.5714285714286,550,32
12 jun 2024,MX,Morelia,Av. Morelos (N),null,652,554.8,51
12 jun 2024,MX,Morelia,Calz. la Huerta,null,1060.017857142857,423.60714285714283,680
12 jun 2024,MX,Morelia,Av. Universidad,null,926.5,757.25,32
12 jun 2024,MX,Morelia,Periférico Paseo de la República (Sector Independencia),null,959.2717391304348,502.7391304347826,1361
12 jun 2024,MX,Morelia,Av. Miguel Hidalgo,null,758.375,553.875,107
12 jun 2024,MX,Morelia,Av. Periodismo,null,1167.7567567567567,597.3716216216217,1305
13 jun 2024,MX,Morelia,Antiguo Camino a la Huerta,null,906.6666666666666,471.8333333333333,12
13 jun 2024,MX,Morelia,Periférico Paseo de la República (Sector Independencia),null,975.8571428571429,511,61
13 jun 2024,MX,Morelia,Av. Francisco I. Madero Poniente,null,1227.2941176470588,499.3235294117647,448
13 jun 2024,MX,Morelia,Periférico Paseo de la República (Sector República),null,2226,367,9
13 jun 2024,MX,Morelia,Virrey Antonio de Mendoza,null,876.8571428571429,475.42857142857144,41
13 jun 2024,MX,Morelia,Margarita Maza de Juárez,null,809,590.3333333333334,12
13 jun 2024,MX,Morelia,Allende,null,644,480.25,23
13 jun 2024,MX,Morelia,Av. Universidad,null,833.1875,514.8125,110
13 jun 2024,MX,Morelia,Paseo de la República (Sector República),null,2195,446.2857142857143,58
13 jun 2024,MX,Morelia,Av. Periodismo,null,1029.7142857142858,496.14285714285717,59
13 jun 2024,MX,Morelia,José Juan Tablada,null,828.125,373.125,111
13 jun 2024,MX,Morelia,Av. Francisco I. Madero Oriente,null,717.3333333333334,394,53
13 jun 2024,MX,Morelia,General Francisco J. Múgica,null,651.8,558.8,22
13 jun 2024,MX,Morelia,Vicente Santa María,null,1039,626.5,12
13 jun 2024,MX,Morelia,Punta Monarca,null,623,481,2
13 jun 2024,MX,Morelia,del Vivero,null,689.7777777777778,686.5555555555555,52
14 jun 2024,MX,Morelia,Av. Morelos (N),null,1047.2857142857142,439.64285714285717,738
14 jun 2024,MX,Morelia,Av. Periodismo,null,1225.121212121212,465.3333333333333,302
14 jun 2024,MX,Morelia,Av. Siervo de la Nación,null,724.4545454545455,507.09090909090907,38
14 jun 2024,MX,Morelia,Antiguo Camino a la Huerta,null,1438.4137931034484,502.0689655172414,183
14 jun 2024,MX,Morelia,Av. Gral. Lázaro Cárdenas,null,1631.2,692.8,49
14 jun 2024,MX,Morelia,Av. Acueducto,null,796.5,508,30
14 jun 2024,MX,Morelia,Av. Solidaridad,null,1197,319,12
14 jun 2024,MX,Morelia,Periférico Paseo de la República (Sector Nueva España),ACCIDENT,1264.6666666666667,632.3333333333334,94
14 jun 2024,MX,Morelia,Av. Francisco I. Madero Poniente,null,1373.1,622.6,298
14 jun 2024,MX,Morelia,Calz. la Huerta,null,1317.0533333333333,520.6266666666667,1007
14 jun 2024,MX,Morelia,General Francisco J. Múgica,null,966,699.5,6
14 jun 2024,MX,Morelia,del Vivero,null,733.7173913043479,735.0434782608696,237
14 jun 2024,MX,Morelia,La Huerta,null,949.875,486.25,57
14 jun 2024,MX,Morelia,Av. Universidad,null,733,870,15
14 jun 2024,MX,Morelia,Juán José de Lejarza,null,703,422.3333333333333,20
14 jun 2024,MX,Morelia,Av. Guadalupe Victoria,null,724.3333333333334,621.6666666666666,47
14 jun 2024,MX,Morelia,Periférico Paseo de la República (Sector Nueva España),null,938,364.14285714285717,147
14 jun 2024,MX,Morelia,Av. Héroes de Nocupétaro,null,674,440,4
14 jun 2024,MX,Morelia,Av. Torreón Nuevo,null,666,426,8
14 jun 2024,MX,Morelia,Carpinteros de Paracho,null,648,444.5,9
15 jun 2024,MX,Morelia,Virrey Antonio de Mendoza,null,1099,454,15
15 jun 2024,MX,Morelia,Av. Michoacán,null,729.0714285714286,489,115
15 jun 2024,MX,Morelia,Isidro Huarte,null,751,841,4
15 jun 2024,MX,Morelia,Av. Francisco I. Madero Oriente,null,778,539,11
15 jun 2024,MX,Morelia,Av. Héroes de Nocupétaro,null,614.8888888888889,509.1111111111111,209
15 jun 2024,MX,Morelia,del Vivero,null,739.4640883977901,755.0718232044198,1101
15 jun 2024,MX,Morelia,La Huerta,null,1151.375,538.0625,123
15 jun 2024,MX,Morelia,Av. Solidaridad,null,584,546,8
15 jun 2024,MX,Morelia,Av. Guadalupe Victoria,null,651.1818181818181,599.0909090909091,97
15 jun 2024,MX,Morelia,Av. Francisco I. Madero Poniente,null,1270.7674418604652,480.3255813953488,781
15 jun 2024,MX,Morelia,Calz. la Huerta,null,1359.8358208955224,455.7164179104478,1106
15 jun 2024,MX,Morelia,Guillermo Prieto,null,1037,538,14
15 jun 2024,MX,Morelia,Av. Francisco I. Madero Poniente,ACCIDENT,2137,669.8,95
15 jun 2024,MX,Morelia,Av. Periodismo,null,1059.7328767123288,528.7465753424658,1581
15 jun 2024,MX,Morelia,Guillermo Prieto,HAZARD,777,653,72
15 jun 2024,MX,Morelia,Aquiles Serdán,null,776,538.75,38
15 jun 2024,MX,Morelia,Héroe de Nacozari,null,672.6666666666666,614.8333333333334,52
15 jun 2024,MX,Morelia,Av. Morelos (N),null,924.6153846153846,395.0769230769231,244
15 jun 2024,MX,Morelia,Antiguo Camino a la Huerta,null,1421.142857142857,505.2448979591837,514
15 jun 2024,MX,Morelia,Mayas,null,524,435.6666666666667,9
15 jun 2024,MX,Morelia,Paseo de la República (Sector República),null,989.90625,321.34375,385
16 jun 2024,MX,Morelia,Av. Francisco I. Madero Poniente,null,1221.2142857142858,684.3571428571429,274
16 jun 2024,MX,Morelia,Periférico Paseo de la República (Sector Nueva España),null,866.8571428571429,374,98
16 jun 2024,MX,Morelia,Av. Guadalupe Victoria,null,628,728.4285714285714,26
16 jun 2024,MX,Morelia,Av. Héroes de Nocupétaro,null,664,592.75,29
16 jun 2024,MX,Morelia,Av. Tata Vasco,null,521,497,3
16 jun 2024,MX,Morelia,Calz. la Huerta,null,1016.6521739130435,313.69565217391306,320
16 jun 2024,MX,Morelia,Av. Francisco I. Madero Oriente,ACCIDENT,833.4,417.8,101
16 jun 2024,MX,Morelia,Abasolo,null,557.3846153846154,488.2307692307692,103
16 jun 2024,MX,Morelia,Virrey Antonio de Mendoza,null,682.125,587.25,58
16 jun 2024,MX,Morelia,General Francisco J. Múgica,null,515,498,4
16 jun 2024,MX,Morelia,Aquiles Serdán,null,758,400.6666666666667,51
16 jun 2024,MX,Morelia,del Vivero,null,735.1371428571429,630.5028571428571,1200
16 jun 2024,MX,Morelia,Av. Francisco I. Madero Oriente,null,1268,585,8
16 jun 2024,MX,Morelia,Antiguo Camino a la Huerta,null,1370.1818181818182,487.27272727272725,58
17 jun 2024,MX,Morelia,Av. San José del Cerrito,null,803,483,5
17 jun 2024,MX,Morelia,Calz. la Huerta,null,1404.3703703703704,381.037037037037,644
17 jun 2024,MX,Morelia,Periférico Paseo de la República (Sector Revolución),ACCIDENT,1113,586.2592592592592,538
17 jun 2024,MX,Morelia,del Vivero,null,720.2731958762887,677.6649484536083,1081
17 jun 2024,MX,Morelia,Periférico Paseo de la República (Sector República),null,924.16,465.16,184
17 jun 2024,MX,Morelia,Paseo de la República (Sector República),null,712.875,308.75,135
17 jun 2024,MX,Morelia,Periférico Paseo de la República (Sector Revolución),null,1203.2857142857142,724,140
17 jun 2024,MX,Morelia,Av. Siervo de la Nación,null,777,393.35714285714283,104
17 jun 2024,MX,Morelia,Av. Periodismo,null,1320.962962962963,504.48148148148147,237
17 jun 2024,CO,Morelia,La Unión-Roldanillo / RN23-02,null,3665.5,238.875,14
17 jun 2024,MX,Morelia,Francisco Márquez,null,813,417.3333333333333,11
17 jun 2024,MX,Morelia,Periférico Paseo de la República (Sector República),ACCIDENT,1191.7111111111112,384.8666666666667,369
17 jun 2024,MX,Morelia,Antiguo Camino a la Huerta,null,1287.7777777777778,423.5,119
17 jun 2024,MX,Morelia,MEX-15 / Morelia - Jiquilpan,HAZARD,1315.4545454545455,534.6363636363636,99
17 jun 2024,MX,Morelia,Av. Francisco I. Madero Poniente,null,658.25,481.5,6
18 jun 2024,MX,Morelia,Av. Gral. Lázaro Cárdenas,null,719,243,18
18 jun 2024,MX,Morelia,Av. Solidaridad,null,501,554,6
18 jun 2024,MX,Morelia,Av. Acueducto,null,794,474.75,36
18 jun 2024,MX,Morelia,Antiguo Camino a la Huerta,null,1490.2,909.9333333333333,92
18 jun 2024,MX,Morelia,Periférico Paseo de la República (Sector Independencia),null,1586.3333333333333,490.22222222222223,202
18 jun 2024,MX,Morelia,Av. Francisco I. Madero Oriente,HAZARD,2377.4,672.8,71
18 jun 2024,MX,Morelia,Av. Francisco I. Madero Oriente,null,2647.923076923077,624.6153846153846,174
18 jun 2024,MX,Morelia,del Vivero,null,657.5454545454545,609.030303030303,281
18 jun 2024,MX,Morelia,Av. Siervo de la Nación,null,1152,417.42857142857144,94
18 jun 2024,MX,Morelia,Av. Morelos (N),null,738,748.5555555555555,76
18 jun 2024,MX,Morelia,Av. Guadalupe Victoria,null,595.6666666666666,511.5,19
18 jun 2024,MX,Morelia,Av. Periodismo,null,1073.6153846153845,422.0576923076923,421
18 jun 2024,MX,Morelia,Calz. la Huerta,null,1208.952380952381,420.6190476190476,140
18 jun 2024,MX,Morelia,Héroe de Nacozari,null,715.5,763,44
18 jun 2024,MX,Morelia,Av. Francisco I. Madero Poniente,null,1150.7142857142858,403.8285714285714,411
19 jun 2024,MX,Morelia,Paseo de la República (Sector República),null,718,561.5,5
19 jun 2024,MX,Morelia,Av. Periodismo,null,903.0363636363636,590.8727272727273,413
19 jun 2024,MX,Morelia,del Vivero,null,685.241935483871,703.983870967742,327
19 jun 2024,MX,Morelia,Av. Morelos (N),null,780.2,656.6,50
19 jun 2024,MX,Morelia,Héroe de Nacozari,null,709,737.6666666666666,37
19 jun 2024,MX,Morelia,Av. Miguel Hidalgo,null,749.3333333333334,577.5833333333334,131
19 jun 2024,MX,Morelia,Av. Guadalupe Victoria,null,713.9375,578.75,79
19 jun 2024,MX,Morelia,Lateral Francisco I. Madero Ote.,null,1110,475.6666666666667,35
19 jun 2024,MX,Morelia,General Francisco J. Múgica,null,525.8571428571429,396.2857142857143,27
19 jun 2024,MX,Morelia,Av. Francisco I. Madero Oriente,null,2023.1,452.3,80
19 jun 2024,MX,Morelia,Av. Héroes de Nocupétaro,null,633.2307692307693,485.7692307692308,70
19 jun 2024,MX,Morelia,Loma del Rey,null,590,541.5,7
19 jun 2024,MX,Morelia,Calz. la Huerta,null,1001.4545454545455,348.9318181818182,358
19 jun 2024,MX,Morelia,Av. Siervo de la Nación,null,795.5,418.5,33
19 jun 2024,MX,Morelia,Guillermo Prieto,null,603.25,591,29
19 jun 2024,MX,Morelia,Av. Francisco I. Madero Poniente,null,1337.2830188679245,592.4716981132076,873
19 jun 2024,MX,Morelia,Av. Michoacán,null,956.6,517,26
19 jun 2024,MX,Morelia,Periférico Paseo de la República (Sector Revolución),ACCIDENT,1297.909090909091,1353.7272727272727,163
19 jun 2024,MX,Morelia,Periférico Paseo de la República (Sector Revolución),null,3426,1778,34
19 jun 2024,MX,Morelia,Av. Universidad,null,1085,589,9
19 jun 2024,MX,Morelia,Av. Francisco I. Madero Oriente,HAZARD,2627,578,10
20 jun 2024,MX,Morelia,del Vivero,null,675.5094339622641,678.3207547169811,276
20 jun 2024,MX,Morelia,Av. Francisco I. Madero Poniente,null,1224,666.6486486486486,665
20 jun 2024,MX,Morelia,Av. Guadalupe Victoria,null,646,646.8,22
20 jun 2024,MX,Morelia,Cuautla,null,823,469.3333333333333,56
20 jun 2024,MX,Morelia,Paseo de la República (Sector Nueva España),null,936,516,15
20 jun 2024,MX,Morelia,Rey Tangaxoan II,null,638,426.6666666666667,5
20 jun 2024,MX,Morelia,Periférico Paseo de la República (Sector Independencia),HAZARD,1344,408,30
20 jun 2024,MX,Morelia,Av. Siervo de la Nación,null,804.6470588235294,358,158
20 jun 2024,MX,Morelia,Paseo de la República (Sector Nueva España),HAZARD,574,425,12
20 jun 2024,MX,Morelia,Av. Universidad,null,922.8571428571429,548,49
20 jun 2024,MX,Morelia,Av. Morelos (N),null,806.2857142857143,504,338
20 jun 2024,MX,Morelia,Periférico Paseo de la República (Sector Nueva España),null,873.2903225806451,444.3225806451613,386
20 jun 2024,MX,Morelia,División del Norte,null,981,546,16
20 jun 2024,MX,Morelia,Av. Héroes de Nocupétaro,null,884,510.4,38
20 jun 2024,MX,Morelia,Corregidora,null,785.75,508.25,108
20 jun 2024,MX,Morelia,Av. Michoacán,null,1062.125,747.625,79
20 jun 2024,MX,Morelia,Paseo de la República (Sector República),null,718,444,11
20 jun 2024,MX,Morelia,Lateral Francisco I. Madero Ote.,null,662.1428571428571,586.1428571428571,44
20 jun 2024,MX,Morelia,Blvd. García de León,null,538,463,27
20 jun 2024,MX,Morelia,Antiguo Camino a la Huerta,null,1380.7,440,86
20 jun 2024,MX,Morelia,Calz. la Huerta,null,1254.923076923077,417.7692307692308,145
20 jun 2024,MX,Morelia,Santiago Tapia,null,941.25,566.75,51
20 jun 2024,MX,Morelia,Av. Solidaridad,null,738,707,11
20 jun 2024,MX,Morelia,Allende,null,728,370.5,33
20 jun 2024,MX,Morelia,MEX-15 / Morelia - Jiquilpan,null,1695.7,376.8,141
20 jun 2024,MX,Morelia,Periférico Paseo de la República (Sector Independencia),null,920,89,12
20 jun 2024,MX,Morelia,Margarita Maza de Juárez,HAZARD,818.5555555555555,545.2222222222222,78
20 jun 2024,MX,Morelia,Av. Periodismo,null,1278.851851851852,412.18518518518516,191
20 jun 2024,MX,Morelia,Acatita de Baján,null,556,656,18
21 jun 2024,MX,Morelia,del Vivero,null,735.6458333333334,751.7291666666666,253
21 jun 2024,MX,Morelia,Periférico Paseo de la República (Sector Nueva España),null,1751.7894736842106,876,1168
21 jun 2024,MX,Morelia,Av. Francisco I. Madero Oriente,null,1383.1153846153845,408.1923076923077,190
21 jun 2024,MX,Morelia,Paseo de la República (Sector Nueva España),null,873.75,445.875,275
21 jun 2024,MX,Morelia,Av. Siervo de la Nación,null,876.3333333333334,412.3333333333333,23
21 jun 2024,MX,Morelia,Av. Morelos (N),null,806.2380952380952,543.2380952380952,227
21 jun 2024,MX,Morelia,Santiago Tapia,null,574,569.6666666666666,18
21 jun 2024,MX,Morelia,Av. Periodismo,null,1018.8,320.6,65
21 jun 2024,MX,Morelia,Av. Universidad,null,711,781.5,4
21 jun 2024,MX,Morelia,Aquiles Serdán,null,578,477,10
21 jun 2024,MX,Morelia,Antiguo Camino a la Huerta,null,837,472.5,4
21 jun 2024,MX,Morelia,Calz. la Huerta,null,1258.642857142857,456.07142857142856,162
21 jun 2024,MX,Morelia,Av. Francisco I. Madero Oriente,HAZARD,1103,187,24
21 jun 2024,MX,Morelia,Abasolo,null,702,518.6666666666666,39
21 jun 2024,MX,Morelia,Margarita Maza de Juárez,null,675.6,657.4,28
21 jun 2024,MX,Morelia,General Francisco J. Múgica,null,515,453,8
21 jun 2024,MX,Morelia,Av. Francisco I. Madero Poniente,null,1153.7692307692307,399.96153846153845,264
21 jun 2024,MX,Morelia,Virrey Antonio de Mendoza,null,659,546,3
21 jun 2024,MX,Morelia,Av. Guadalupe Victoria,null,637.3333333333334,524.6666666666666,12
22 jun 2024,MX,Morelia,del Vivero,null,743.6666666666666,788.1960784313726,352
22 jun 2024,MX,Morelia,Av. Héroes de Nocupétaro,null,656.9285714285714,453.5,66
22 jun 2024,MX,Morelia,Av. Acueducto,null,685,696,4
22 jun 2024,MX,Morelia,Eduardo Ruiz,null,527,554.75,32
22 jun 2024,MX,Morelia,Paseo de la República (Sector República),null,827.5833333333334,210,275
22 jun 2024,MX,Morelia,Ignacio Rayón,null,653,479,15
22 jun 2024,MX,Morelia,Antonio Alzate,null,734,774.4285714285714,45
22 jun 2024,MX,Morelia,Rey Tangaxoan II,null,639.8461538461538,376.46153846153845,47
22 jun 2024,MX,Morelia,Av. Periodismo,null,1125.25,405.5,27
22 jun 2024,MX,Morelia,Av. Morelos (N),null,584,571,9
22 jun 2024,MX,Morelia,Virrey Antonio de Mendoza,null,504,533.3333333333334,13
22 jun 2024,MX,Morelia,Calz. la Huerta,null,1301.3478260869565,539.9565217391304,331
22 jun 2024,MX,Morelia,Av. Francisco I. Madero Poniente,HAZARD,1062.090909090909,382.27272727272725,119
22 jun 2024,MX,Morelia,Loma del Rey,null,815,510.3333333333333,15
22 jun 2024,MX,Morelia,Av. Gral. Lázaro Cárdenas,null,987.3333333333334,512.8888888888889,97
22 jun 2024,MX,Morelia,Av. Francisco I. Madero Oriente,null,649.6,403.8,40
22 jun 2024,MX,Morelia,Aquiles Serdán,null,623,593,8
22 jun 2024,MX,Morelia,Héroe de Nacozari,null,686.8461538461538,495.38461538461536,184
22 jun 2024,MX,Morelia,Av. Francisco I. Madero Poniente,null,1166.9333333333334,576.8,172
22 jun 2024,MX,Morelia,Lateral Francisco I. Madero Ote.,null,813.5,529.25,19
22 jun 2024,MX,Morelia,Allende,null,733,572,9
22 jun 2024,MX,Morelia,Av. Guadalupe Victoria,null,586,614,4
22 jun 2024,MX,Morelia,Abasolo,null,534,707.3333333333334,136
23 jun 2024,MX,Morelia,Héroes Anónimos de la Independencia,null,1159.5,390.5,13
23 jun 2024,MX,Morelia,Periférico Paseo de la República (Sector Nueva España),null,919.9574468085107,451.29787234042556,808
23 jun 2024,CO,Morelia,Vda. Frascate,null,1273.6666666666667,335,12
23 jun 2024,MX,Morelia,Antonio Alzate,null,599.6666666666666,552,20
23 jun 2024,MX,Morelia,Periférico Paseo de la República (Sector Revolución),null,1389.2727272727273,418.8181818181818,186
23 jun 2024,MX,Morelia,Allende,null,654.9230769230769,578.6923076923077,65
23 jun 2024,MX,Morelia,Carpinteros de Paracho,null,541,472,6
23 jun 2024,MX,Morelia,Virrey Antonio de Bucareli,null,654,547,4
23 jun 2024,MX,Morelia,Héroe de Nacozari,null,535,644,18
23 jun 2024,MX,Morelia,Aquiles Serdán,null,751.0689655172414,537.3448275862069,193
23 jun 2024,MX,Morelia,Av. Guadalupe Victoria,null,735,328.5,10
23 jun 2024,MX,Morelia,Francisco Márquez,null,690,647,5
23 jun 2024,MX,Morelia,Virrey Antonio de Mendoza,null,809.8181818181819,510.09090909090907,56
23 jun 2024,MX,Morelia,Av. Morelos Sur,null,551,775.75,12
23 jun 2024,MX,Morelia,Av. Francisco I. Madero Oriente,null,593.6666666666666,633,21
23 jun 2024,MX,Morelia,Paseo de la República (Sector Nueva España),null,924.5762711864406,457.6949152542373,1401
24 jun 2024,MX,Morelia,Maestro Rubén Valencia Cortés,null,787.7142857142857,621.5714285714286,21
24 jun 2024,MX,Morelia,Av. Morelos (N),null,1036.642857142857,747.9285714285714,257
24 jun 2024,MX,Morelia,Av. Francisco I. Madero Oriente,HAZARD,2240.5714285714284,499.42857142857144,73
24 jun 2024,MX,Morelia,Héroe de Nacozari,null,709,737.5,30
24 jun 2024,MX,Morelia,Periférico Paseo de la República (Sector Independencia),null,1771.8636363636363,805.3409090909091,1118
24 jun 2024,MX,Morelia,Lateral Francisco I. Madero Ote.,HAZARD,695.3333333333334,603.3333333333334,23
24 jun 2024,MX,Morelia,Av. San José del Cerrito,null,1200.4,423,41
24 jun 2024,MX,Morelia,Juan Ortega y Montañes,null,559,669.5,5
24 jun 2024,MX,Morelia,Av. Guadalupe Victoria,null,692,575,6
24 jun 2024,MX,Morelia,Av. Gral. Lázaro Cárdenas,null,1060.8333333333333,444.3333333333333,67
24 jun 2024,MX,Morelia,Av. Francisco I. Madero Poniente,null,974.3846153846154,374.9230769230769,152
24 jun 2024,MX,Morelia,20 de Noviembre,null,938.6666666666666,419.3333333333333,11
24 jun 2024,MX,Morelia,Lateral Francisco I. Madero Ote.,null,610,539,10
24 jun 2024,MX,Morelia,Carpinteros de Paracho,null,666.5,441.5,23
24 jun 2024,MX,Morelia,Av. Michoacán,null,883,799.1428571428571,44
24 jun 2024,MX,Morelia,Av. Francisco I. Madero Oriente,null,3094,614.75,49
25 jun 2024,MX,Morelia,Av. Morelos (N),null,994.25,876.3333333333334,194
25 jun 2024,MX,Morelia,MEX-15 / Morelia - Jiquilpan,null,3436.625,555.75,79
25 jun 2024,MX,Morelia,Periférico Paseo de la República (Sector Nueva España),HAZARD,732,291,21
25 jun 2024,MX,Morelia,MEX-15 / Morelia - Jiquilpan,HAZARD,2986.714285714286,488.85714285714283,58
25 jun 2024,MX,Morelia,Av. Gral. Lázaro Cárdenas,null,1611,582.6666666666666,29
25 jun 2024,MX,Morelia,Av. Guadalupe Victoria,null,677.3333333333334,605.6666666666666,15
25 jun 2024,MX,Morelia,Periférico Paseo de la República (Sector Independencia),null,1315.3255813953488,556.6279069767442,682
25 jun 2024,MX,Morelia,Av. Francisco I. Madero Poniente,null,1061.3823529411766,383.4117647058824,223
26 jun 2024,MX,Morelia,Av. Francisco I. Madero Poniente,null,987.6153846153846,430.3076923076923,263
26 jun 2024,MX,Morelia,Av. Francisco I. Madero Oriente,null,2001.8333333333333,598.9166666666666,123
26 jun 2024,MX,Morelia,Blvd. García de León,null,1291.5,464.5,6
26 jun 2024,MX,Morelia,Periférico Paseo de la República (Sector República),null,1459,403.3333333333333,25
26 jun 2024,MX,Morelia,Periférico Paseo de la República (Sector Nueva España),null,1787.3,685,265
26 jun 2024,MX,Morelia,Calz. Juárez,null,766,3881.5,11
26 jun 2024,MX,Morelia,Av. Siervo de la Nación,null,849.4,506.2,24
26 jun 2024,MX,Morelia,Aquiles Serdán,null,654.75,559.75,28
26 jun 2024,MX,Morelia,Periférico Paseo de la República (Sector Nueva España),HAZARD,1615,420.85714285714283,173
26 jun 2024,MX,Morelia,Nogal,null,557,765,2
26 jun 2024,MX,Morelia,Av. Guadalupe Victoria,null,702,631,5
27 jun 2024,MX,Morelia,Av. Francisco I. Madero Poniente,null,638.0909090909091,532.3636363636364,73
27 jun 2024,MX,Morelia,Ventura Puente,null,907.4444444444445,497.22222222222223,162
27 jun 2024,MX,Morelia,Av. Gral. Lázaro Cárdenas,null,1166.8461538461538,498.6923076923077,120
27 jun 2024,MX,Morelia,Periférico Paseo de la República (Sector Nueva España),null,1176,437.8235294117647,240
27 jun 2024,MX,Morelia,Periférico Paseo de la República (Sector Revolución),null,646,948.3333333333334,25
27 jun 2024,MX,Morelia,Av. Francisco I. Madero Oriente,HAZARD,1998.1666666666667,414.8333333333333,89
27 jun 2024,MX,Morelia,Periférico Paseo de la República (Sector Independencia),null,1350.0363636363636,411.4727272727273,799
27 jun 2024,MX,Morelia,Ramal Camelinas,null,1299.125,423.5,28
27 jun 2024,MX,Morelia,Av. Universidad,null,732.2727272727273,810.4545454545455,72
27 jun 2024,MX,Morelia,Periférico Paseo de la República (Sector República),null,855,360.5,9
27 jun 2024,MX,Morelia,José Juan Tablada,null,689.5,476.75,94
27 jun 2024,MX,Morelia,Paseo de la República (Sector República),null,1775.1,371.4,91
27 jun 2024,MX,Morelia,Calz. la Huerta,null,1045.4545454545455,443.27272727272725,139
27 jun 2024,MX,Morelia,Av. Morelos Sur,null,744,622.25,27
28 jun 2024,MX,Morelia,Av. Gral. Lázaro Cárdenas,null,1900,734,10
28 jun 2024,MX,Morelia,Av. Cerro del Quinceo,null,620,660,2
28 jun 2024,MX,Morelia,Virrey Antonio de Mendoza,null,1002,643,8
28 jun 2024,MX,Morelia,Av. Francisco I. Madero Poniente,null,1271.8636363636363,631.3636363636364,284
28 jun 2024,MX,Morelia,Héroe de Nacozari,null,668.3333333333334,472.6666666666667,22
28 jun 2024,MX,Morelia,Av. Francisco I. Madero Oriente,null,650.2,547.9,62
28 jun 2024,MX,Morelia,Margarita Maza de Juárez,HAZARD,850,575,8
28 jun 2024,MX,Morelia,Periférico Paseo de la República (Sector Nueva España),null,937.72,450.4,479
28 jun 2024,MX,Morelia,Santiago Tapia,null,743.4444444444445,496.55555555555554,88
28 jun 2024,MX,Morelia,General Francisco J. Múgica,null,906.5,641.75,28
28 jun 2024,MX,Morelia,Av. Michoacán,null,662.2,433.4,40
28 jun 2024,MX,Morelia,Margarita Maza de Juárez,null,724,528,6
28 jun 2024,MX,Morelia,La Huerta,null,567,735.75,20
28 jun 2024,MX,Morelia,Periférico Paseo de la República (Sector Independencia),null,1383.3214285714287,582.5357142857143,470
28 jun 2024,MX,Morelia,Aquiles Serdán,null,740.9090909090909,597.3636363636364,71
28 jun 2024,MX,Morelia,Allende,null,1064.25,561.375,73
28 jun 2024,MX,Morelia,Rey Tangaxoan II,null,706.7777777777778,526.1111111111111,56
29 jun 2024,MX,Morelia,Av. Francisco I. Madero Poniente,null,1454.264705882353,571.2156862745098,1522
29 jun 2024,MX,Morelia,Santiago Tapia,null,734,549.3333333333334,49
29 jun 2024,CO,Morelia,Pereira-Alcalá / RD29-03,null,714,498.8333333333333,62
29 jun 2024,MX,Morelia,Guillermo Prieto,null,605.3333333333334,453.8333333333333,61
29 jun 2024,MX,Morelia,Av. Michoacán,null,645.3333333333334,621,11
29 jun 2024,MX,Morelia,MEX-15 / Morelia - Jiquilpan,HAZARD,1720.1764705882354,296.52941176470586,110
29 jun 2024,CO,Morelia,Vía Rural,null,901,467,14
29 jun 2024,MX,Morelia,Lisboa,null,587,1220,4
29 jun 2024,MX,Morelia,Av. Torreón Nuevo,null,1000.5,593.125,48
29 jun 2024,MX,Morelia,Vasco de Quiroga,null,600.5,581.75,25
29 jun 2024,MX,Morelia,MEX-15 / Morelia - Jiquilpan,null,2855.1071428571427,452.07142857142856,262
29 jun 2024,MX,Morelia,Av. Héroes de Nocupétaro,null,651.5714285714286,680.5714285714286,83
29 jun 2024,MX,Morelia,Av. Guadalupe Victoria,null,632.4,685.6,14
29 jun 2024,MX,Morelia,Av. Gral. Lázaro Cárdenas,null,1248.8148148148148,641.1851851851852,223
29 jun 2024,MX,Morelia,Héroe de Nacozari,null,699,573.3636363636364,111
29 jun 2024,MX,Morelia,Rey Tangaxoan II,null,695.8,514.2,23
30 jun 2024,MX,Morelia,Av. Gral. Lázaro Cárdenas,null,681.25,580.5,12
30 jun 2024,MX,Morelia,MEX-15 / Morelia - Jiquilpan,null,2922,1005.1818181818181,97
30 jun 2024,MX,Morelia,Real del Oro,null,543,500,4
30 jun 2024,MX,Morelia,Abasolo,null,643.5,632,61
30 jun 2024,CO,Morelia,Pereira-Alcalá / RD29-03,null,952,794,10
30 jun 2024,MX,Morelia,Av. Morelos Sur,null,804.4,512.2,103
30 jun 2024,MX,Morelia,MEX-15 / Morelia - Jiquilpan,HAZARD,1727,305.9230769230769,109
30 jun 2024,MX,Morelia,Av. Torreón Nuevo,null,557,457,3
30 jun 2024,MX,Morelia,La Huerta,null,827,494,3
30 jun 2024,MX,Morelia,Virrey Antonio de Mendoza,null,828,484,8
30 jun 2024,MX,Morelia,Allende,null,789.1818181818181,708.4545454545455,81
30 jun 2024,MX,Morelia,Av. Francisco I. Madero Oriente,null,730.1111111111111,444.55555555555554,91
30 jun 2024,MX,Morelia,Av. Francisco I. Madero Poniente,null,1084.6666666666667,403.5,113
30 jun 2024,MX,Morelia,Antonio Alzate,null,554,437.8,23
30 jun 2024,MX,Morelia,Vicente Santa María,null,619,460.25,14
1 jul 2024,MX,Morelia,Virrey Antonio de Mendoza,null,737.5714285714286,240.57142857142858,34
1 jul 2024,MX,Morelia,Periférico Paseo de la República (Sector República),null,2419.75,1489.2045454545455,474
1 jul 2024,MX,Morelia,Periférico Paseo de la República (Sector Revolución),null,880.3076923076923,440.9230769230769,253
1 jul 2024,MX,Morelia,Héroe de Nacozari,HAZARD,709,680.5,53
1 jul 2024,MX,Morelia,Ventura Puente,null,1107,453.25,73
1 jul 2024,MX,Morelia,Av. Francisco I. Madero Oriente,HAZARD,3147.9444444444443,420.3333333333333,302
1 jul 2024,MX,Morelia,Av. Francisco I. Madero Poniente,null,1313,394.4,162
1 jul 2024,MX,Morelia,Guillermo Prieto,null,764.8571428571429,680.5714285714286,74
1 jul 2024,MX,Morelia,Periférico Paseo de la República (Sector Independencia),null,1268.1746031746031,422.77777777777777,998
1 jul 2024,MX,Morelia,Av. Guadalupe Victoria,null,749,556.6666666666666,12
1 jul 2024,MX,Morelia,Paseo de la República (Sector Nueva España),null,1223.8181818181818,524.8181818181819,80
1 jul 2024,MX,Morelia,Lateral Francisco I. Madero Ote.,HAZARD,1017.5,714,113
1 jul 2024,MX,Morelia,Periférico Paseo de la República (Sector Independencia),HAZARD,1515,638,6
1 jul 2024,MX,Morelia,Periférico Paseo de la República (Sector Nueva España),HAZARD,1391.2727272727273,687.8181818181819,207
1 jul 2024,MX,Morelia,Av. Gral. Lázaro Cárdenas,null,1977.157894736842,842.5263157894736,323
1 jul 2024,MX,Morelia,Calz. la Huerta,HAZARD,1707.7142857142858,702.952380952381,454
1 jul 2024,MX,Morelia,Calz. la Huerta,null,1855,476,16
1 jul 2024,MX,Morelia,Periférico Paseo de la República (Sector República),ACCIDENT,1036,1965,7
1 jul 2024,MX,Morelia,Periférico Paseo de la República (Sector Nueva España),null,1448.842105263158,564.7894736842105,314
1 jul 2024,MX,Morelia,Paseo de la República (Sector República),null,2271.8372093023254,488.7906976744186,711
1 jul 2024,MX,Morelia,Lateral Francisco I. Madero Ote.,null,1173,540,6
1 jul 2024,MX,Morelia,Paseo de la República (Sector República),ACCIDENT,1416.1818181818182,532.7272727272727,193
1 jul 2024,MX,Morelia,MEX-15 / Morelia - Jiquilpan,HAZARD,3903.5,533.5,16
1 jul 2024,MX,Morelia,Av. Francisco I. Madero Oriente,null,2098.864864864865,499.5135135135135,455
2 jul 2024,MX,Morelia,Periférico Paseo de la República (Sector Independencia),null,1273.3809523809523,385.57142857142856,277
2 jul 2024,MX,Morelia,Av. Francisco I. Madero Oriente,HAZARD,2480.785714285714,168.78571428571428,205
2 jul 2024,MX,Morelia,MEX-15 / Morelia - Jiquilpan,HAZARD,2727.5,569,12
2 jul 2024,MX,Morelia,Gertrudis Bocanegra,null,795,641,7
2 jul 2024,MX,Morelia,Av. Gral. Lázaro Cárdenas,null,1506.0666666666666,525.2666666666667,297
2 jul 2024,MX,Morelia,Av. Francisco I. Madero Poniente,null,1184.638888888889,784.1944444444445,392
2 jul 2024,MX,Morelia,Av. Michoacán,null,975.2,767.3,80
2 jul 2024,MX,Morelia,Calz. la Huerta,null,2010,640,21
2 jul 2024,MX,Morelia,MEX-15 / Morelia - Jiquilpan,null,831,556.5,6
2 jul 2024,MX,Morelia,MEX-15 / Morelia - Jiquilpan,ACCIDENT,676.2857142857143,337.85714285714283,29
2 jul 2024,MX,Morelia,Andador Villa del Monte,null,1302,907,7
2 jul 2024,MX,Morelia,Lateral Francisco I. Madero Ote.,null,932.375,406.875,75
2 jul 2024,MX,Morelia,Av. Morelos (N),null,661.1,520.2,102
2 jul 2024,MX,Morelia,Periférico Paseo de la República (Sector Revolución),null,1567.375,380.96875,632
2 jul 2024,MX,Morelia,Periférico Paseo de la República (Sector Nueva España),null,1391.1538461538462,547.2564102564103,662
2 jul 2024,MX,Morelia,Periférico Paseo de la República (Sector Nueva España),HAZARD,1822.6666666666667,843.4444444444445,213
2 jul 2024,MX,Morelia,Av. Francisco I. Madero Poniente,HAZARD,1372,807.5,14
2 jul 2024,MX,Morelia,Av. Acueducto,null,731.1,367,69
2 jul 2024,MX,Morelia,Av. Guadalupe Victoria,null,600,652.1666666666666,22
2 jul 2024,MX,Morelia,Av. Francisco I. Madero Poniente,ACCIDENT,950.0833333333334,461.0833333333333,116
2 jul 2024,MX,Morelia,Av. Juan Pablo II,null,1251,341,10
2 jul 2024,MX,Morelia,Av. Acueducto,HAZARD,1160,504,8
2 jul 2024,MX,Morelia,Guillermo Prieto,null,734,563.5,9
2 jul 2024,MX,Morelia,Av. Héroes de Nocupétaro,null,666,481.6,21
2 jul 2024,MX,Morelia,Calz. la Huerta,HAZARD,1246,561,412
3 jul 2024,MX,Morelia,Av. Gral. Lázaro Cárdenas,null,656.3333333333334,651.3333333333334,18
3 jul 2024,MX,Morelia,Av. Universidad,null,800,518.3333333333334,46
3 jul 2024,MX,Morelia,Periférico Paseo de la República (Sector Nueva España),null,781.125,582.25,133
3 jul 2024,MX,Morelia,Blvd. García de León,null,1100.6666666666667,473,53
3 jul 2024,MX,Morelia,Av. Michoacán,null,714.3333333333334,439.6666666666667,21
3 jul 2024,MX,Morelia,Av. Acueducto,null,773,580,6
3 jul 2024,MX,Morelia,Margarita Maza de Juárez,null,970.75,529,16
3 jul 2024,MX,Morelia,Av. Morelos (N),null,734.5,559.875,78
3 jul 2024,MX,Morelia,General Francisco J. Múgica,null,678.5555555555555,382.8888888888889,79
3 jul 2024,MX,Morelia,Periférico Paseo de la República (Sector Independencia),null,1180.5714285714287,506.5,122
3 jul 2024,MX,Morelia,Av. Guadalupe Victoria,null,648.6,671.4,19
3 jul 2024,MX,Morelia,Av. Francisco I. Madero Oriente,null,682,786.6,26
3 jul 2024,MX,Morelia,Héroe de Nacozari,null,603.2,837.4,64
3 jul 2024,MX,Morelia,Av. Francisco I. Madero Poniente,ACCIDENT,670,429.3333333333333,30
4 jul 2024,MX,Morelia,Av. Francisco I. Madero Poniente,ACCIDENT,680,387,29
4 jul 2024,MX,Morelia,Av. Gral. Lázaro Cárdenas,null,654,923,5
4 jul 2024,MX,Morelia,Av. Francisco I. Madero Poniente,null,944.6153846153846,496.15384615384613,125
4 jul 2024,MX,Morelia,Paseo de la República (Sector Nueva España),null,1052,542.3333333333334,24
4 jul 2024,MX,Morelia,Ignacio Rayón,null,653,416.5,13
4 jul 2024,MX,Morelia,Av. Morelos (N),null,634.4285714285714,487,88
4 jul 2024,MX,Morelia,Av. Francisco I. Madero Oriente,null,1436.4,548.2,144
4 jul 2024,MX,Morelia,Abasolo,null,729.5555555555555,462.77777777777777,92
4 jul 2024,MX,Morelia,Aquiles Serdán,null,868,520,8
4 jul 2024,MX,Morelia,Manuel Muñiz,null,644.2,421.8,28
4 jul 2024,MX,Morelia,Periférico Paseo de la República (Sector Independencia),null,1322,497,74
4 jul 2024,MX,Morelia,Av. Morelos (N),HAZARD,1038.2142857142858,356.07142857142856,212
4 jul 2024,MX,Morelia,Av. Guadalupe Victoria,null,717.7333333333333,555.9333333333333,70
4 jul 2024,MX,Morelia,Guillermo Prieto,null,781,511,3
5 jul 2024,MX,Morelia,Paseo de la República (Sector Nueva España),null,889.7857142857143,392.2857142857143,270
5 jul 2024,MX,Morelia,Av. Héroes de Nocupétaro,null,1140,521,11
5 jul 2024,MX,Morelia,José Juan Tablada,null,879,563,11
5 jul 2024,MX,Morelia,Av. Francisco I. Madero Oriente,null,2624.2631578947367,454.57894736842104,291
5 jul 2024,MX,Morelia,Paseo de la República (Sector Nueva España),HAZARD,1086.7777777777778,626.4444444444445,215
5 jul 2024,MX,Morelia,Periférico Paseo de la República (Sector República),ACCIDENT,1548.4545454545455,442.09090909090907,561
5 jul 2024,MX,Morelia,Av. Periodismo,null,629,625,15
5 jul 2024,MX,Morelia,Av. Francisco I. Madero Oriente,HAZARD,1628,185.66666666666666,38
5 jul 2024,MX,Morelia,Periférico Paseo de la República (Sector Independencia),null,1294.7222222222222,375.8888888888889,209
5 jul 2024,MX,Morelia,Periférico Paseo de la República (Sector Nueva España),null,1276.8085106382978,706.4042553191489,1091
5 jul 2024,MX,Morelia,Guillermo Prieto,null,790.5833333333334,483.25,125
5 jul 2024,MX,Morelia,Periférico Paseo de la República (Sector Revolución),null,888.3846153846154,412,157
5 jul 2024,MX,Morelia,Av. Morelos (N),null,1453.3793103448277,694.2758620689655,754
5 jul 2024,MX,Morelia,Héroe de Nacozari,null,735,536,65
5 jul 2024,MX,Morelia,Av. Francisco I. Madero Poniente,null,1243.2727272727273,502.6363636363636,1370
5 jul 2024,MX,Morelia,Av. Francisco I. Madero Oriente,ACCIDENT,2344,730,88
5 jul 2024,MX,Morelia,Av. Guadalupe Victoria,null,667.5555555555555,670.3888888888889,112
5 jul 2024,MX,Morelia,Isaac Calderón,null,692,426,22
5 jul 2024,MX,Morelia,Av. Gral. Lázaro Cárdenas,null,1242.923076923077,599.6153846153846,138
6 jul 2024,MX,Morelia,Av. Francisco I. Madero Poniente,null,620,201,20
6 jul 2024,MX,Morelia,Av. Guadalupe Victoria,null,609,757,6
6 jul 2024,MX,Morelia,Av. del Estudiante,null,896.3333333333334,900.6666666666666,20
6 jul 2024,MX,Morelia,Guillermo Prieto,null,750.7142857142857,583.4285714285714,35
6 jul 2024,MX,Morelia,Paseo de la República (Sector República),null,686,369,16
6 jul 2024,MX,Morelia,Periférico Paseo de la República (Sector República),ACCIDENT,1394.2173913043478,276.8695652173913,390
6 jul 2024,MX,Morelia,Calz. la Huerta,null,1243.5,546.25,57
6 jul 2024,MX,Morelia,Paseo de la República (Sector Nueva España),null,1020.8571428571429,402.7142857142857,379
6 jul 2024,MX,Morelia,Calz. la Huerta,HAZARD,737.6153846153846,457.15384615384613,236
7 jul 2024,MX,Morelia,Abasolo,null,528.6666666666666,711.6666666666666,22
7 jul 2024,MX,Morelia,Av. Gral. Lázaro Cárdenas,null,625,583,8
7 jul 2024,MX,Morelia,Av. Francisco I. Madero Oriente,null,828.2222222222222,615.8888888888889,56
7 jul 2024,MX,Morelia,Mayas,HAZARD,531,584.3333333333334,24
7 jul 2024,MX,Morelia,Periférico Paseo de la República (Sector Independencia),null,1445.8333333333333,263.5,69
7 jul 2024,MX,Morelia,Aquiles Serdán,null,885,736.7142857142857,110
7 jul 2024,MX,Morelia,Allende,null,570,776.6,27
7 jul 2024,MX,Morelia,Calz. la Huerta,HAZARD,1118,574,23
7 jul 2024,MX,Morelia,Antonio Alzate,null,521,718.5,7
7 jul 2024,MX,Morelia,Virrey Antonio de Mendoza,null,1032,519.6,38
7 jul 2024,MX,Morelia,MICH-104 / Morelia - Atécuaro,null,1093,3220.6666666666665,9
7 jul 2024,MX,Morelia,Av. Bosques de los Olivos,null,589.5384615384615,350.2307692307692,51
8 jul 2024,MX,Morelia,Av. Morelos (N),HAZARD,779,506.3333333333333,26
8 jul 2024,MX,Morelia,Av. Morelos Sur,null,1024.4285714285713,548.2857142857143,67
8 jul 2024,MX,Morelia,Santiago Tapia,null,869.0833333333334,557.6666666666666,103
8 jul 2024,MX,Morelia,Virrey Antonio de Mendoza,null,1002,551,6
8 jul 2024,MX,Morelia,Periférico Paseo de la República (Sector Independencia),null,1190.2333333333333,406.8666666666667,393
8 jul 2024,MX,Morelia,Av. Héroes de Nocupétaro,null,658,621,23
8 jul 2024,MX,Morelia,Allende,null,674,604,22
8 jul 2024,MX,Morelia,MEX-15 / Morelia - Jiquilpan,null,1452.857142857143,435.2857142857143,38
8 jul 2024,MX,Morelia,MEX-15 / Morelia - Jiquilpan,HAZARD,1617.5714285714287,447,48
8 jul 2024,MX,Morelia,Av. Guadalupe Victoria,null,700.3333333333334,571.5,46
8 jul 2024,MX,Morelia,Aquiles Serdán,null,644.2857142857143,535.2142857142857,60
8 jul 2024,MX,Morelia,Av. Francisco I. Madero Oriente,null,781.5333333333333,465.6666666666667,116
8 jul 2024,MX,Morelia,Av. Michoacán,null,715,448,7
8 jul 2024,MX,Morelia,Periférico Paseo de la República (Sector Nueva España),null,1126.2,329,235
8 jul 2024,MX,Morelia,Av. Morelos (N),null,967.625,570.125,133
8 jul 2024,MX,Morelia,Av. Francisco I. Madero Poniente,null,895.7272727272727,709.2272727272727,256
8 jul 2024,MX,Morelia,Periférico Paseo de la República (Sector Independencia),ACCIDENT,1494.7,472.45,408
9 jul 2024,MX,Morelia,MEX-15 / Morelia - Jiquilpan,HAZARD,700,114,3
9 jul 2024,MX,Morelia,Av. Francisco I. Madero Poniente,null,1517.2727272727273,416.09090909090907,129
9 jul 2024,MX,Morelia,Periférico Paseo de la República (Sector Nueva España),null,870.7857142857143,429.07142857142856,248
9 jul 2024,MX,Morelia,Paseo de la República (Sector República),null,803.3636363636364,497.5,140
9 jul 2024,MX,Morelia,Av. Francisco I. Madero Poniente,HAZARD,2205.076923076923,499.15384615384613,177
9 jul 2024,MX,Morelia,Periférico Paseo de la República (Sector Independencia),null,1346.142857142857,517.2857142857143,104
9 jul 2024,MX,Morelia,Av. Morelos Sur,null,555,648,4
9 jul 2024,MX,Morelia,Periférico Paseo de la República (Sector Independencia),ACCIDENT,810.4545454545455,461.1818181818182,67
9 jul 2024,MX,Morelia,MEX-15 / Morelia - Jiquilpan,null,1581.4,436.6,18
9 jul 2024,MX,Morelia,Periférico Paseo de la República (Sector República),HAZARD,1225.0416666666667,380.0416666666667,208
9 jul 2024,MX,Morelia,Periférico Paseo de la República (Sector República),null,1530.0740740740741,599.679012345679,731
10 jul 2024,MX,Morelia,Av. Francisco I. Madero Oriente,null,2696.310344827586,418.55172413793105,338
10 jul 2024,MX,Morelia,Periférico Paseo de la República (Sector Independencia),null,1530.142857142857,516.6428571428571,872
10 jul 2024,MX,Morelia,MEX-43 / Morelia - Salamanca,null,5126.285714285715,489.7142857142857,193
10 jul 2024,MX,Morelia,Artilleros de 1847,null,1578.2857142857142,434,74
10 jul 2024,MX,Morelia,Av. Francisco I. Madero Poniente,HAZARD,1230.125,154.5,50
10 jul 2024,MX,Morelia,Av. Morelos (N),HAZARD,1360.6666666666667,737.3333333333334,146
10 jul 2024,MX,Morelia,MEX-15 / Morelia - Jiquilpan,null,2385.5454545454545,915.2545454545455,484
10 jul 2024,MX,Morelia,Virrey Antonio de Mendoza,null,1099,582,9
10 jul 2024,MX,Morelia,Av. Francisco I. Madero Oriente,HAZARD,2976.1666666666665,305.4166666666667,128
10 jul 2024,MX,Morelia,Paseo de la República (Sector Nueva España),HAZARD,2861.25,667.5,72
10 jul 2024,MX,Morelia,Vicente Santa María,null,513,850,3
10 jul 2024,MX,Morelia,MEX-15 / Morelia - Jiquilpan,ACCIDENT,929.75,411,13
10 jul 2024,MX,Morelia,Santiago Tapia,null,684.25,463.25,39
10 jul 2024,MX,Morelia,Periférico Paseo de la República (Sector Revolución),null,1863,510.2352941176471,855
10 jul 2024,MX,Morelia,Av. Solidaridad,null,786.2962962962963,699.9444444444445,708
10 jul 2024,MX,Morelia,Periférico Paseo de la República (Sector Independencia),HAZARD,2144.6,704.8,141
10 jul 2024,MX,Morelia,Periférico Paseo de la República (Sector República),null,3816.188679245283,666.8490566037735,923
10 jul 2024,MX,Morelia,Periférico Paseo de la República (Sector República),HAZARD,1115.8899082568807,551.5779816513761,930
10 jul 2024,MX,Morelia,Periférico Paseo de la República (Sector Nueva España),null,1568.3142857142857,906.9142857142857,768
10 jul 2024,MX,Morelia,Av. Acueducto,HAZARD,970,453,7
10 jul 2024,MX,Morelia,Paseo de la República (Sector República),null,1971.6271186440679,575.1525423728814,755
10 jul 2024,MX,Morelia,Av. Francisco I. Madero Poniente,null,2055.3289473684213,460.19736842105266,817
10 jul 2024,MX,Morelia,Av. Morelos Sur,null,1006.4,296.8,25
10 jul 2024,MX,Morelia,Av. Gral. Lázaro Cárdenas,null,1387,843.063492063492,798
10 jul 2024,MX,Morelia,Paseo de la República (Sector República),HAZARD,722,468.3333333333333,17
10 jul 2024,MX,Morelia,Blvd. García de León,null,1297.3333333333333,266.3333333333333,47
10 jul 2024,MX,Morelia,Calz. Juárez,null,962,202.4,25
10 jul 2024,MX,Morelia,Av. Acueducto,null,791.1111111111111,466.22222222222223,187
10 jul 2024,MX,Morelia,Dr. Ignacio Chávez,null,641.8,522.6,32
10 jul 2024,MX,Morelia,Calz. la Huerta,null,1652.4166666666667,683.9166666666666,191
10 jul 2024,MX,Morelia,MEX-15 / Morelia - Jiquilpan,HAZARD,2884,1165.754716981132,534
10 jul 2024,MX,Morelia,Paseo de la República (Sector Nueva España),null,974.4166666666666,367.5833333333333,82
10 jul 2024,MX,Morelia,MEX-43 / Morelia - Salamanca,HAZARD,1317.5,587.7142857142857,370
11 jul 2024,MX,Morelia,Av. Francisco I. Madero Poniente,HAZARD,1326.5185185185185,857.8518518518518,251
11 jul 2024,MX,Morelia,Av. Morelos (N),HAZARD,952.3478260869565,582.8695652173913,796
11 jul 2024,MX,Morelia,Periférico Paseo de la República (Sector República),HAZARD,1922.3125,520.9375,266
11 jul 2024,MX,Morelia,Av. Francisco I. Madero Oriente,HAZARD,2641.85,426.85,327
11 jul 2024,MX,Morelia,Héroe de Nacozari,null,709,545,12
11 jul 2024,MX,Morelia,Periférico Paseo de la República (Sector República),null,1479.575,497.5,446
11 jul 2024,MX,Morelia,Periférico Paseo de la República (Sector Independencia),null,1372.4444444444443,548.5555555555555,134
11 jul 2024,MX,Morelia,Lateral Francisco I. Madero Ote.,null,1074.1666666666667,579.1666666666666,45
11 jul 2024,MX,Morelia,Av. Escuadrón 201,null,956.9545454545455,351.27272727272725,283
11 jul 2024,MX,Morelia,MEX-15 / Morelia - Jiquilpan,HAZARD,1915.8260869565217,494.2608695652174,214
11 jul 2024,MX,Morelia,MEX-43 / Morelia - Salamanca,null,1496.6,266.3,225
11 jul 2024,MX,Morelia,MEX-15 / Morelia - Jiquilpan,null,2051.056338028169,714.3380281690141,581
11 jul 2024,MX,Morelia,Av. Gral. Lázaro Cárdenas,null,1679.25,527.5,52
11 jul 2024,MX,Morelia,Santos Degollado,null,711,1118,7
11 jul 2024,MX,Morelia,MEX-43 / Morelia - Salamanca,HAZARD,1294.8235294117646,306.5882352941176,324
11 jul 2024,MX,Morelia,Lateral Francisco I. Madero Ote.,HAZARD,696.8,552.8,45
11 jul 2024,MX,Morelia,Av. Acueducto,null,846,528.6666666666666,15
11 jul 2024,MX,Morelia,Paseo de la República (Sector República),null,1452.7333333333333,383.5,343
11 jul 2024,MX,Morelia,Av. Francisco I. Madero Oriente,null,2303.442857142857,510.4,820
11 jul 2024,MX,Morelia,Av. Torreón Nuevo,null,1144.8,509.8,27
11 jul 2024,MX,Morelia,Rey Tangaxoan II,null,586.6666666666666,485.6666666666667,21
11 jul 2024,MX,Morelia,Av. Morelos (N),null,851.6190476190476,382.57142857142856,243
11 jul 2024,MX,Morelia,Av. Miguel Hidalgo,null,1132.142857142857,445.7142857142857,35
11 jul 2024,MX,Morelia,Av. Francisco I. Madero Poniente,null,1319.8666666666666,864.6,132
11 jul 2024,MX,Morelia,Av. San Juanito Itzícuaro,null,1347.5,547,6
11 jul 2024,MX,Morelia,Periférico Paseo de la República (Sector Independencia),HAZARD,1879,687.875,158
11 jul 2024,MX,Morelia,Av. Gertrudis Sánchez,null,635.5,525.5,25
11 jul 2024,MX,Morelia,Periférico Paseo de la República (Sector Revolución),null,1957.945945945946,783.5675675675676,845
11 jul 2024,MX,Morelia,Av. Morelos Sur,null,846.6666666666666,857.3333333333334,21
11 jul 2024,MX,Morelia,Abasolo,null,653,546,2
12 jul 2024,MX,Morelia,Rey Tangaxoan II,null,586.6666666666666,379.5,22
12 jul 2024,MX,Morelia,Periférico Paseo de la República (Sector República),null,2102,238.5,17
12 jul 2024,MX,Morelia,Paseo de la República (Sector República),null,601,518,12
12 jul 2024,MX,Morelia,MEX-15 / Morelia - Jiquilpan,null,1512.4782608695652,412.4347826086956,150
12 jul 2024,MX,Morelia,Av. Francisco I. Madero Oriente,ACCIDENT,896.125,364.4375,204
12 jul 2024,MX,Morelia,Plan de Ayala,null,764.6666666666666,457.3333333333333,6
12 jul 2024,MX,Morelia,Av. Francisco I. Madero Poniente,null,1006.7333333333333,554.2666666666667,137
12 jul 2024,MX,Morelia,MEX-15 / Morelia - Jiquilpan,HAZARD,965,392.5,13
12 jul 2024,MX,Morelia,Allende,null,595.3333333333334,627.3333333333334,11
12 jul 2024,MX,Morelia,Periférico Paseo de la República (Sector República),HAZARD,1045.5,333.34615384615387,218
13 jul 2024,MX,Morelia,Av. Francisco I. Madero Poniente,null,960.6,455.2,126
13 jul 2024,MX,Morelia,MEX-15 / Morelia - Jiquilpan,HAZARD,1285.6363636363637,403.54545454545456,82
13 jul 2024,MX,Morelia,Margarita Maza de Juárez,null,628.25,607.75,12
13 jul 2024,MX,Morelia,Av. Guadalupe Victoria,null,677.3333333333334,483.8333333333333,48
13 jul 2024,MX,Morelia,Virrey Antonio de Mendoza,null,881.2,745.8,28
13 jul 2024,MX,Morelia,Periférico Paseo de la República (Sector Independencia),null,1781.8064516129032,781.0645161290323,754
13 jul 2024,MX,Morelia,Av. Francisco I. Madero Oriente,null,1840.111111111111,409.22222222222223,96
13 jul 2024,MX,Morelia,Héroe de Nacozari,HAZARD,535,605,8
13 jul 2024,CO,Morelia,La Unión-Roldanillo / RN23-02,null,8807.6,301.8,23
13 jul 2024,MX,Morelia,Av. Morelos Sur,null,684.5,654,20
13 jul 2024,MX,Morelia,Periférico Paseo de la República (Sector Independencia),HAZARD,881.5,318.8333333333333,71
13 jul 2024,MX,Morelia,Abasolo,null,777,508.6666666666667,49
13 jul 2024,MX,Morelia,Av. Francisco I. Madero Oriente,HAZARD,3168.3333333333335,631.6666666666666,53
13 jul 2024,MX,Morelia,Paseo de la República (Sector Revolución),null,766,684,4
13 jul 2024,MX,Morelia,5 de Febrero,null,511,984,2
13 jul 2024,MX,Morelia,MEX-15 / Morelia - Jiquilpan,null,2180.6511627906975,650.9302325581396,376
13 jul 2024,MX,Morelia,Av. Gral. Lázaro Cárdenas,null,1109.125,434.375,65
14 jul 2024,MX,Morelia,Mayas,null,558,605,12
14 jul 2024,MX,Morelia,Av. Francisco Medina García Norte,null,610,470,3
14 jul 2024,MX,Morelia,Guadalajara - Salamanca - Aeropuerto,null,545,1193.9666666666667,173
14 jul 2024,MX,Morelia,Allende,null,937.2,776.2,30
14 jul 2024,MX,Morelia,Av. Francisco I. Madero Oriente,null,516,499,16
14 jul 2024,MX,Morelia,Plan de Ayala,null,711,911.5,7
14 jul 2024,MX,Morelia,Av. Morelos (N),null,667.5714285714286,785.1428571428571,216
14 jul 2024,MX,Morelia,Av. Francisco I. Madero Poniente,null,1566.1666666666667,496.5833333333333,170
14 jul 2024,MX,Morelia,Av. Morelos (N),ACCIDENT,638,355.125,277
14 jul 2024,MX,Morelia,MEX-15 / Morelia - Jiquilpan,null,1365.75,383.25,233
14 jul 2024,MX,Morelia,MEX-15 / Morelia - Jiquilpan,HAZARD,1792.8095238095239,377.3809523809524,243
15 jul 2024,MX,Morelia,MEX-15 / Morelia - Jiquilpan,null,2160,574,12
15 jul 2024,MX,Morelia,Paseo de la República (Sector República),HAZARD,797,462,6
15 jul 2024,MX,Morelia,Periférico Paseo de la República (Sector Nueva España),null,633.3636363636364,293.27272727272725,124
15 jul 2024,MX,Morelia,Av. Gral. Lázaro Cárdenas,null,1363.611111111111,529.8333333333334,223
15 jul 2024,MX,Morelia,Paseo de la República (Sector República),null,702,462,16
15 jul 2024,MX,Morelia,MEX-15 / Morelia - Jiquilpan,HAZARD,1804.92,418,295
15 jul 2024,MX,Morelia,Periférico Paseo de la República (Sector República),null,984.0581395348837,476.8720930232558,592
15 jul 2024,MX,Morelia,Periférico Paseo de la República (Sector República),ACCIDENT,834,499,5
15 jul 2024,MX,Morelia,Av. Morelos (N),HAZARD,753,436.55555555555554,106
15 jul 2024,MX,Morelia,Periférico Paseo de la República (Sector República),HAZARD,883.9473684210526,535.578947368421,65
15 jul 2024,MX,Morelia,Av. Francisco I. Madero Poniente,null,994.9117647058823,409.8235294117647,289
15 jul 2024,MX,Morelia,Av. Universidad,null,784.4,561.8,30
15 jul 2024,MX,Morelia,Héroe de Nacozari,HAZARD,709,592.3333333333334,38
15 jul 2024,MX,Morelia,Francisco Márquez,null,556,613,5
15 jul 2024,MX,Morelia,Virrey Antonio de Mendoza,null,815,671,7
15 jul 2024,MX,Morelia,Periférico Paseo de la República (Sector Independencia),ACCIDENT,1111.1875,608.8125,191
15 jul 2024,MX,Morelia,Av. Guadalupe Victoria,null,778.2,600,47
15 jul 2024,MX,Morelia,Periférico Paseo de la República (Sector Nueva España),HAZARD,632,468,11
15 jul 2024,MX,Morelia,Periférico Paseo de la República (Sector Independencia),null,1770.875,436.875,126
16 jul 2024,MX,Morelia,Periférico Paseo de la República (Sector República),null,1099.4918032786886,682.5901639344262,355
16 jul 2024,MX,Morelia,MEX-15 / Morelia - Jiquilpan,null,1935.625,576.375,49
16 jul 2024,MX,Morelia,Héroe de Nacozari,HAZARD,722,845,27
16 jul 2024,MX,Morelia,Av. Gral. Lázaro Cárdenas,null,1058.625,495.875,47
16 jul 2024,MX,Morelia,MEX-15 / Morelia - Jiquilpan,ACCIDENT,1329.2222222222222,718.3333333333334,169
16 jul 2024,MX,Morelia,Virrey Antonio de Mendoza,null,1002,703.5,13
16 jul 2024,MX,Morelia,MEX-15 / Morelia - Jiquilpan,HAZARD,740.4,604,18
16 jul 2024,MX,Morelia,Periférico Paseo de la República (Sector República),HAZARD,965.9090909090909,852.0757575757576,319
16 jul 2024,MX,Morelia,Av. Francisco I. Madero Poniente,HAZARD,1861,628,29
16 jul 2024,MX,Morelia,Av. Guadalupe Victoria,null,768.375,592.625,43
16 jul 2024,MX,Morelia,Paseo de la República (Sector República),null,702,415.625,38
16 jul 2024,MX,Morelia,Paseo de la República (Sector República),HAZARD,911.6206896551724,489.51724137931035,189
16 jul 2024,MX,Morelia,Av. Francisco I. Madero Poniente,null,1874.735294117647,346.2352941176471,405
17 jul 2024,MX,Morelia,Lateral Francisco I. Madero Ote.,ACCIDENT,785.3333333333334,801.5,35
17 jul 2024,MX,Morelia,División del Norte,null,981,727.7272727272727,148
17 jul 2024,MX,Morelia,Av. Acueducto,null,846,561,3
17 jul 2024,MX,Morelia,Av. Guadalupe Victoria,null,851.2,582.6,67
17 jul 2024,MX,Morelia,Sierra de Pichátaro,null,721,558,5
17 jul 2024,MX,Morelia,Av. Francisco I. Madero Poniente,null,1519.7047619047619,736.4380952380952,1323
17 jul 2024,MX,Morelia,Av. Francisco I. Madero Oriente,HAZARD,2825.608695652174,1100.0869565217392,325
17 jul 2024,MX,Morelia,Av. Universidad,null,506,482,5
17 jul 2024,MX,Morelia,Paseo de la República (Sector República),HAZARD,1548.4,398.5,99
17 jul 2024,MX,Morelia,Cuautla,null,969.8571428571429,431.85714285714283,48
17 jul 2024,MX,Morelia,MEX-43 / Morelia - Salamanca,null,1584.3076923076924,636,308
17 jul 2024,MX,Morelia,Av. Morelos (N),HAZARD,983.6,589,103
17 jul 2024,MX,Morelia,Periférico Paseo de la República (Sector Nueva España),null,598,451.75,19
17 jul 2024,MX,Morelia,Nardo,null,590,436,2
17 jul 2024,MX,Morelia,Paseo de la República (Sector Nueva España),null,794,629,4
17 jul 2024,MX,Morelia,Periférico Paseo de la República (Sector República),null,1932.2424242424242,779.6212121212121,543
17 jul 2024,MX,Morelia,Av. Francisco I. Madero Poniente,HAZARD,1882.25,872.1666666666666,178
17 jul 2024,MX,Morelia,Periférico Paseo de la República (Sector República),HAZARD,1265.4444444444443,584.2444444444444,220
17 jul 2024,MX,Morelia,Santiago Tapia,null,761.75,430.0625,186
17 jul 2024,MX,Morelia,Héroe de Nacozari,HAZARD,725.25,705.25,104
17 jul 2024,MX,Morelia,Rey Tangaxoan II,null,980,544.25,18
17 jul 2024,MX,Morelia,Calz. la Huerta,HAZARD,1990.9,644.7,178
17 jul 2024,MX,Morelia,Oriente - Poniente,HAZARD,745,803,6
17 jul 2024,MX,Morelia,Av. Francisco I. Madero Oriente,null,1778.9032258064517,776.9032258064516,342
17 jul 2024,MX,Morelia,Paseo de la República (Sector República),null,1273.0645161290322,486.66129032258067,465
17 jul 2024,MX,Morelia,Av. Bosques de los Olivos,null,523,943.5,6
17 jul 2024,MX,Morelia,Av. Héroes de Nocupétaro,null,941.9230769230769,767.9230769230769,96
17 jul 2024,MX,Morelia,Eduardo Ruiz,null,775.5,500.1666666666667,57
17 jul 2024,MX,Morelia,Periférico Paseo de la República (Sector Nueva España),HAZARD,1005,792.1666666666666,65
17 jul 2024,MX,Morelia,Av. Siervo de la Nación,null,627,1450,3
17 jul 2024,MX,Morelia,Av. Cerro del Quinceo,null,1242.2173913043478,812.5217391304348,183
17 jul 2024,MX,Morelia,Prolongación Avenida del Quinceo,null,678.6666666666666,413,7
17 jul 2024,MX,Morelia,Guillermo Prieto,null,1042,524,5
17 jul 2024,MX,Morelia,MEX-43 / Morelia - Salamanca,HAZARD,1331,600.5,32
17 jul 2024,MX,Morelia,Oriente - Poniente,null,991.6,434.6,45
17 jul 2024,MX,Morelia,Av. Morelos (N),null,1745.888888888889,342.3888888888889,431
17 jul 2024,MX,Morelia,Periférico Paseo de la República (Sector Independencia),HAZARD,1081.6666666666667,363.5,71
17 jul 2024,MX,Morelia,Prolongación Avenida del Quinceo,HAZARD,877,434.3333333333333,15
17 jul 2024,MX,Morelia,Av. Periodismo,null,1552,415.4,52
17 jul 2024,MX,Morelia,Periférico Paseo de la República (Sector Revolución),null,1928.875,1218.3125,438
18 jul 2024,MX,Morelia,Periférico Paseo de la República (Sector República),null,1697.1333333333334,847.7,466
18 jul 2024,MX,Morelia,Periférico Paseo de la República (Sector República),HAZARD,3765.5714285714284,190.85714285714286,166
18 jul 2024,MX,Morelia,,null,893.969696969697,981.5454545454545,193
18 jul 2024,MX,Morelia,Av. Francisco I. Madero Poniente,null,1595.109375,698.375,1182
18 jul 2024,MX,Morelia,Av. Guadalupe Victoria,null,803.1923076923077,619.0384615384615,223
18 jul 2024,MX,Morelia,Av. Manuel Buendía,null,525,790.5,24
18 jul 2024,MX,Morelia,Av. Morelos (N),null,1283.7307692307693,604.3461538461538,778
18 jul 2024,MX,Morelia,Av. Pedregal,null,1311.7222222222222,816.7777777777778,299
18 jul 2024,MX,Morelia,Lateral Francisco I. Madero Ote.,null,945.8333333333334,495.3888888888889,164
18 jul 2024,MX,Morelia,Guillermo Prieto,HAZARD,594,494,4
18 jul 2024,MX,Morelia,Av. Michoacán,null,969.2083333333334,742.4166666666666,213
18 jul 2024,MX,Morelia,Mariano Michelena,HAZARD,517,394.3333333333333,24
18 jul 2024,MX,Morelia,División del Norte,null,889.7837837837837,798.7837837837837,353
18 jul 2024,MX,Morelia,General Francisco J. Múgica,null,538,359.15384615384613,165
18 jul 2024,MX,Morelia,Av. Morelos (N),HAZARD,1406.8181818181818,510.90909090909093,326
18 jul 2024,MX,Morelia,MEX-43 / Morelia - Salamanca,HAZARD,1298.090909090909,336.72727272727275,469
18 jul 2024,MX,Morelia,Av. Cerro del Quinceo,HAZARD,767.125,129.5,67
18 jul 2024,MX,Morelia,Av. Francisco I. Madero Poniente,HAZARD,2014.6470588235295,654.4705882352941,372
18 jul 2024,MX,Morelia,Prolongación Avenida del Quinceo,HAZARD,966,482,16
18 jul 2024,MX,Morelia,MEX-43 / Morelia - Salamanca,null,1587.157894736842,355.6842105263158,486
18 jul 2024,MX,Morelia,Paseo de la República (Sector República),null,1191.48,383.08,317
18 jul 2024,MX,Morelia,Blvd. de las Primaveras,HAZARD,716.6666666666666,488.6666666666667,40
18 jul 2024,MX,Morelia,Av. Miguel Hidalgo,null,849.6086956521739,495,182
18 jul 2024,MX,Morelia,Periférico Paseo de la República (Sector Independencia),HAZARD,1228.3636363636363,389.45454545454544,86
18 jul 2024,MX,Morelia,Héroe de Nacozari,null,699,995,150
18 jul 2024,MX,Morelia,Paseo del Abedul,null,614,679.5,12
18 jul 2024,MX,Morelia,Blvd. de las Primaveras,null,557,466.6666666666667,21
18 jul 2024,MX,Morelia,Héroe de Nacozari,HAZARD,674.2,1045,61
18 jul 2024,MX,Morelia,Periférico Paseo de la República (Sector Nueva España),null,932,390.23333333333335,572
18 jul 2024,MX,Morelia,Av. Cerro del Quinceo,null,1163.6969696969697,1026.7575757575758,432
18 jul 2024,MX,Morelia,Prolongación Avenida del Quinceo,null,845.4,455.8,98
18 jul 2024,MX,Morelia,Periférico Paseo de la República (Sector Revolución),null,2382.8,2421.9,871
18 jul 2024,MX,Morelia,Paseo del Fresno,null,752.8,1008,31
18 jul 2024,MX,Morelia,Paseo de la República (Sector República),HAZARD,1805.6923076923076,1097.576923076923,519
18 jul 2024,MX,Morelia,Av. Michoacán,HAZARD,997,546.8,35
18 jul 2024,MX,Morelia,Av. Francisco I. Madero Oriente,null,2463.6363636363635,529.6,894
18 jul 2024,MX,Morelia,Av. Pedregal,HAZARD,1682.2,487.8,73
18 jul 2024,MX,Morelia,Av. Héroes de Nocupétaro,null,868.358024691358,833.604938271605,843
18 jul 2024,MX,Morelia,Av. Francisco I. Madero Oriente,HAZARD,1915.4,448.3,166
18 jul 2024,MX,Morelia,Av. Manuel Ocaranza,null,719.1818181818181,455.09090909090907,85
18 jul 2024,MX,Morelia,Periférico Paseo de la República (Sector Nueva España),HAZARD,1841.1666666666667,531.75,269
19 jul 2024,MX,Morelia,Av. Francisco I. Madero Oriente,null,2224.909090909091,346,109
19 jul 2024,MX,Morelia,Paseo de la República (Sector Nueva España),HAZARD,529,556,4
19 jul 2024,MX,Morelia,Av. Guadalupe Victoria,null,728,596,27
19 jul 2024,MX,Morelia,Av. Solidaridad,null,708.1034482758621,761.551724137931,366
19 jul 2024,MX,Morelia,Periférico Paseo de la República (Sector Nueva España),null,1545.031746031746,723.0952380952381,1543
19 jul 2024,MX,Morelia,Antiguo Camino a la Huerta,null,948.2352941176471,730.7647058823529,44
19 jul 2024,MX,Morelia,Rubén C. Navarro,null,527,370.42857142857144,87
19 jul 2024,MX,Morelia,MEX-14 / Morelia - Pátzcuaro,null,1214.5,674.2272727272727,278
19 jul 2024,MX,Morelia,Dr. Ignacio Chávez,null,671,433.5,45
19 jul 2024,MX,Morelia,Abasolo,null,707,333.8,42
19 jul 2024,MX,Morelia,Av. Gral. Lázaro Cárdenas,null,1992,631.5,107
19 jul 2024,MX,Morelia,Av. Francisco I. Madero Poniente,null,852.25,400.375,52
19 jul 2024,MX,Morelia,Blvd. García de León,null,808.5,441,12
19 jul 2024,MX,Morelia,Guillermo Prieto,null,1020.4,617,50
19 jul 2024,MX,Morelia,Av. Morelos (N),null,913,1828,29
19 jul 2024,MX,Morelia,Ventura Puente,HAZARD,941,317.42857142857144,184
19 jul 2024,MX,Morelia,Av. Francisco I. Madero Oriente,HAZARD,1537.0344827586207,421.87931034482756,604
19 jul 2024,MX,Morelia,Av. Morelos Sur,null,816.5,652.5,19
19 jul 2024,MX,Morelia,Héroe de Nacozari,HAZARD,597.3333333333334,642.6666666666666,59
19 jul 2024,MX,Morelia,Paseo de la República (Sector Nueva España),null,1161.875,479.875,89
19 jul 2024,MX,Morelia,Periférico Paseo de la República (Sector Nueva España),ACCIDENT,1621.923076923077,2182.230769230769,220
19 jul 2024,MX,Morelia,Batalla de Casa Mata,null,832.25,394,47
19 jul 2024,MX,Morelia,Ventura Puente,null,838,403,7
19 jul 2024,MX,Morelia,Av. Juan Pablo II,HAZARD,1172.4,418.95,285
20 jul 2024,MX,Morelia,Av. Guadalupe Victoria,null,865.0625,761.875,230
20 jul 2024,MX,Morelia,MEX-43 / Morelia - Salamanca,HAZARD,1279.9375,407.7708333333333,1426
20 jul 2024,MX,Morelia,Av. Morelos Sur,null,682.4,602.9,108
20 jul 2024,MX,Morelia,Lateral Francisco I. Madero Ote.,null,780.5,419,14
20 jul 2024,MX,Morelia,División del Norte,null,616,318.3333333333333,29
20 jul 2024,MX,Morelia,Periférico Paseo de la República (Sector Revolución),HAZARD,2339,652,42
20 jul 2024,MX,Morelia,Héroes Anónimos de la Independencia,null,1250,389.3333333333333,18
20 jul 2024,MX,Morelia,Rey Tangaxoan II,null,628.2,389.06666666666666,91
20 jul 2024,MX,Morelia,Virrey Antonio de Mendoza,null,831.3333333333334,454.9166666666667,98
20 jul 2024,MX,Morelia,Av. Francisco I. Madero Oriente,HAZARD,746.8333333333334,558.6666666666666,70
20 jul 2024,CO,Morelia,Via Al Refugio,null,680,478,8
20 jul 2024,MX,Morelia,MEX-43 / Morelia - Salamanca,null,1553.1666666666667,420.5,231
20 jul 2024,MX,Morelia,Av. Héroes de Nocupétaro,null,855,758.6666666666666,86
20 jul 2024,MX,Morelia,Av. Francisco I. Madero Poniente,null,1778.2222222222222,586.3333333333334,357
20 jul 2024,CO,Morelia,Antigua Carrilera,null,1223.5,548.25,16
20 jul 2024,MX,Morelia,Av. Periodismo,null,792.2,534.6,33
20 jul 2024,MX,Morelia,Av. Acueducto,null,854.9230769230769,584,106
20 jul 2024,MX,Morelia,Av. Gral. Lázaro Cárdenas,null,1320,530,13
20 jul 2024,MX,Morelia,Antiguo Camino a la Huerta,HAZARD,729.25,518.625,32
20 jul 2024,MX,Morelia,Av. Francisco I. Madero Poniente,HAZARD,1621.7222222222222,564.2777777777778,334
20 jul 2024,MX,Morelia,Periférico Paseo de la República (Sector Independencia),null,1333,299,13
20 jul 2024,MX,Morelia,Guadalajara - Salamanca - Aeropuerto,null,545,384.125,39
20 jul 2024,MX,Morelia,Periférico Paseo de la República (Sector Revolución),null,1882.107142857143,384.07142857142856,1014
20 jul 2024,MX,Morelia,Av. Morelos (N),null,1878.7142857142858,833.452380952381,1385
20 jul 2024,MX,Morelia,MEX-15 / Morelia - Jiquilpan,HAZARD,1825.75,521.75,27
20 jul 2024,MX,Morelia,Av. Francisco I. Madero Oriente,null,803.5714285714286,642.3809523809524,178
20 jul 2024,MX,Morelia,Av. Morelos (N),HAZARD,1072.68,789.2,1237
20 jul 2024,MX,Morelia,MEX-15 / Morelia - Jiquilpan,null,1837.5,564.9166666666666,76
20 jul 2024,MX,Morelia,Av. Héroes de Nocupétaro,HAZARD,719.425,606.1,386
20 jul 2024,MX,Morelia,Guillermo Prieto,null,940.3846153846154,764.8461538461538,185
20 jul 2024,MX,Morelia,Héroe de Nacozari,HAZARD,703.4285714285714,706.7142857142857,73
20 jul 2024,MX,Morelia,Lateral Francisco I. Madero Ote.,HAZARD,765.5454545454545,643.8181818181819,100
20 jul 2024,MX,Morelia,Periférico Paseo de la República (Sector Independencia),HAZARD,1065.4,319.2,49
20 jul 2024,CO,Morelia,Vía Rural,null,1099,557.3333333333334,24
20 jul 2024,MX,Morelia,Calz. la Huerta,HAZARD,1550.142857142857,524.6190476190476,467
21 jul 2024,MX,Morelia,Av. Francisco I. Madero Oriente,null,780.125,288.625,72
21 jul 2024,MX,Morelia,Abasolo,null,729.5,608.25,29
21 jul 2024,MX,Morelia,Allende,null,570,549.1666666666666,30
22 jul 2024,MX,Morelia,Av. Francisco I. Madero Oriente,HAZARD,1486.125,401.375,71
22 jul 2024,MX,Morelia,Av. Francisco I. Madero Poniente,null,638,870,6
22 jul 2024,MX,Morelia,Periférico Paseo de la República (Sector Independencia),null,785,526,9
22 jul 2024,MX,Morelia,Periférico Paseo de la República (Sector Independencia),HAZARD,999.5,367.1666666666667,72
22 jul 2024,MX,Morelia,Av. Francisco I. Madero Poniente,HAZARD,520,976,4
22 jul 2024,MX,Morelia,Av. Gral. Lázaro Cárdenas,null,1257,634.3333333333334,15
22 jul 2024,MX,Morelia,Av. Francisco I. Madero Oriente,null,2173,469,20
23 jul 2024,MX,Morelia,Av. Morelos (N),null,1012,563,21
23 jul 2024,MX,Morelia,Bosque de Oyameles,null,944,1607,3
23 jul 2024,MX,Morelia,Allende,null,957,620.5,9
24 jul 2024,MX,Morelia,Av. Francisco I. Madero Poniente,HAZARD,1560.4,1001.6,74
24 jul 2024,MX,Morelia,Av. Francisco I. Madero Oriente,null,2486.4,611.4,49
24 jul 2024,MX,Morelia,Lateral Francisco I. Madero Ote.,HAZARD,816.3333333333334,773,71
24 jul 2024,MX,Morelia,Blvd. García de León,null,808,453,16
24 jul 2024,MX,Morelia,Av. Michoacán,null,778,769,15
24 jul 2024,MX,Morelia,Av. Héroes de Nocupétaro,null,660.6666666666666,954.6666666666666,12
24 jul 2024,MX,Morelia,Av. Francisco I. Madero Oriente,HAZARD,1451.8426966292134,624.6516853932584,1003
24 jul 2024,MX,Morelia,Lateral Francisco I. Madero Ote.,null,1059,379,113
24 jul 2024,MX,Morelia,Mariano Michelena,null,517,439,2
24 jul 2024,MX,Morelia,Av. Francisco I. Madero Poniente,null,1262.9333333333334,832.4,190
25 jul 2024,MX,Morelia,MEX-15 / Morelia - Jiquilpan,ACCIDENT,3035.4545454545455,1425.6363636363637,126
25 jul 2024,MX,Morelia,MEX-15 / Morelia - Jiquilpan,HAZARD,1855.3333333333333,706.75,357
25 jul 2024,MX,Morelia,Periférico Paseo de la República (Sector Nueva España),null,1022.3888888888889,451.77777777777777,315
25 jul 2024,MX,Morelia,Cuautla,null,520,703.5,6
25 jul 2024,MX,Morelia,Periférico Paseo de la República (Sector Independencia),null,1266,198.5,31
25 jul 2024,MX,Morelia,MEX-15 / Morelia - Jiquilpan,null,2814.4444444444443,1369.3333333333333,191
25 jul 2024,MX,Morelia,Av. Francisco I. Madero Poniente,HAZARD,1397.5,522.5,24
25 jul 2024,CO,Morelia,Pereira-Alcalá / RD29-03,null,538,821.2,30
25 jul 2024,MX,Morelia,Av. Idelfonso de Portugal,null,961.5714285714286,226,23
25 jul 2024,MX,Morelia,Paseo de la República (Sector República),null,1056,565.5,17
25 jul 2024,MX,Morelia,Av. Francisco I. Madero Poniente,ACCIDENT,1874.8823529411766,968.5882352941177,172
25 jul 2024,MX,Morelia,Av. Morelos (N),HAZARD,688.5217391304348,461.4782608695652,358
25 jul 2024,MX,Morelia,Av. San Juanito Itzícuaro,null,769,468,2
25 jul 2024,MX,Morelia,Av. Francisco I. Madero Poniente,null,1342.6666666666667,625.7777777777778,261
25 jul 2024,MX,Morelia,Paseo de la República (Sector República),HAZARD,770.64,364.68,222
26 jul 2024,CO,Morelia,Pereira-Alcalá / RD29-03,null,538,1115.75,32
26 jul 2024,MX,Morelia,Periférico Paseo de la República (Sector Revolución),ACCIDENT,1610,358,43
26 jul 2024,MX,Morelia,Calz. Juárez,null,962,858.5,6
26 jul 2024,MX,Morelia,Periférico Paseo de la República (Sector Revolución),null,1497.7777777777778,286.77777777777777,224
26 jul 2024,MX,Morelia,Av. Morelos (N),HAZARD,593.4,541.95,222
26 jul 2024,CO,Morelia,La Unión-Roldanillo / RN23-02,null,2791.375,567.625,8
27 jul 2024,MX,Morelia,Periférico Paseo de la República (Sector Independencia),HAZARD,1061.060606060606,479.24242424242425,474
27 jul 2024,MX,Morelia,Periférico Paseo de la República (Sector Nueva España),HAZARD,1992.5,446.5,71
27 jul 2024,MX,Morelia,Calz. la Huerta,ACCIDENT,1177,418.75,52
27 jul 2024,MX,Morelia,Periférico Paseo de la República (Sector Independencia),null,701.8888888888889,478.22222222222223,122
27 jul 2024,MX,Morelia,Av. Francisco I. Madero Poniente,null,1067.6842105263158,484.8421052631579,132
27 jul 2024,MX,Morelia,Héroe de Nacozari,HAZARD,595.6666666666666,598.3333333333334,23
27 jul 2024,MX,Morelia,La Huerta,null,744.2,533,33
27 jul 2024,MX,Morelia,Av. Guadalupe Victoria,null,690.8571428571429,580,32
27 jul 2024,MX,Morelia,Av. Morelos (N),HAZARD,760.9333333333333,378,247
27 jul 2024,MX,Morelia,Periférico Paseo de la República (Sector Nueva España),null,1368.4,456.8,136
27 jul 2024,MX,Morelia,Guillermo Prieto,HAZARD,1058,505,27
27 jul 2024,MX,Morelia,Av. Michoacán,null,547,465.5,11
27 jul 2024,MX,Morelia,La Huerta,ACCIDENT,757,526.75,27
28 jul 2024,MX,Morelia,Periférico Paseo de la República (Sector Independencia),HAZARD,759.2666666666667,252,154
28 jul 2024,MX,Morelia,Av. Francisco I. Madero Poniente,null,789.375,432.875,72
28 jul 2024,MX,Morelia,Periférico Paseo de la República (Sector Independencia),null,785,369,51
28 jul 2024,MX,Morelia,Aquiles Serdán,null,729,462.4,25
28 jul 2024,MX,Morelia,Av. Francisco I. Madero Oriente,null,615.375,323.375,73
28 jul 2024,MX,Morelia,Antonio Alzate,null,622,484.1,76
28 jul 2024,MX,Morelia,Santiago Tapia,null,610.75,464.25,35
28 jul 2024,MX,Morelia,Virrey Antonio de Mendoza,null,956.4,551,28
28 jul 2024,MX,Morelia,Av. Gral. Lázaro Cárdenas,null,625,561.5,10
29 jul 2024,MX,Morelia,Av. Francisco I. Madero Poniente,null,1211.857142857143,467.57142857142856,83
29 jul 2024,MX,Morelia,MEX-15 / Morelia - Jiquilpan,null,2536.6,611,146
29 jul 2024,MX,Morelia,Av. Francisco I. Madero Poniente,HAZARD,882.6363636363636,384.3636363636364,47
29 jul 2024,MX,Morelia,MEX-15 / Morelia - Jiquilpan,HAZARD,2647.909090909091,535.7727272727273,235
29 jul 2024,MX,Morelia,Av. Juan Pablo II,null,666,480,6
29 jul 2024,MX,Morelia,Periférico Paseo de la República (Sector República),null,1252.375,494,52
29 jul 2024,MX,Morelia,Abasolo,null,685.6666666666666,355.3333333333333,10
30 jul 2024,MX,Morelia,José Juan Tablada,null,879,411.2857142857143,75
30 jul 2024,CO,Morelia,La Unión-Roldanillo / RN23-02,null,6219.111111111111,436,22
30 jul 2024,MX,Morelia,Av. Francisco I. Madero Poniente,null,755.7142857142857,535,78
30 jul 2024,MX,Morelia,Abasolo,null,757,698.875,95
30 jul 2024,MX,Morelia,Av. Morelos (N),null,720.6666666666666,615.3333333333334,26
30 jul 2024,MX,Morelia,MEX-15 / Morelia - Jiquilpan,null,1849.25,198.25,32
30 jul 2024,MX,Morelia,Av. Gral. Lázaro Cárdenas,null,1001,502,7
30 jul 2024,MX,Morelia,MEX-15 / Morelia - Jiquilpan,HAZARD,988.75,162.25,62
30 jul 2024,MX,Morelia,Guillermo Prieto,null,570,497,11
30 jul 2024,MX,Morelia,Av. Francisco I. Madero Oriente,HAZARD,1983.5757575757575,416.7878787878788,329
30 jul 2024,MX,Morelia,Allende,null,1237,568.5,48
30 jul 2024,MX,Morelia,Av. Bosques de los Olivos,null,801,3751.6666666666665,10
30 jul 2024,MX,Morelia,Virrey Antonio de Mendoza,null,863,473.2857142857143,39
31 jul 2024,MX,Morelia,Av. Francisco I. Madero Poniente,HAZARD,1601.090909090909,826.3636363636364,178
31 jul 2024,MX,Morelia,Av. Pedregal,null,750,498,12
31 jul 2024,MX,Morelia,Av. Francisco Medina García Sur,ACCIDENT,675,332.375,83
31 jul 2024,MX,Morelia,Periférico Paseo de la República (Sector República),HAZARD,2345.5,681.3,179
31 jul 2024,MX,Morelia,Av. Francisco I. Madero Oriente,null,1364.2727272727273,335.09090909090907,101
31 jul 2024,MX,Morelia,Av. Héroes de Nocupétaro,null,902.625,1095.25,60
31 jul 2024,MX,Morelia,Paseo de la República (Sector República),null,1928,857,183
31 jul 2024,MX,Morelia,Av. Tres Marías,null,659,1583,4
31 jul 2024,MX,Morelia,Av. Francisco I. Madero Poniente,null,1189.1076923076923,570.8923076923077,577
31 jul 2024,MX,Morelia,Paseo de la República (Sector República),HAZARD,2799.3076923076924,700.2307692307693,322
31 jul 2024,MX,Morelia,Periférico Paseo de la República (Sector República),null,3322.36,729.8,339
31 jul 2024,MX,Morelia,Av. Francisco I. Madero Oriente,HAZARD,1919.64,396.48,243
1 ago 2024,MX,Morelia,Av. Francisco I. Madero Poniente,null,1286.125,532.0416666666666,653
1 ago 2024,MX,Morelia,MEX-15 / Morelia - Jiquilpan,HAZARD,813.2857142857143,545.1428571428571,34
1 ago 2024,MX,Morelia,Abasolo,null,625,602.4285714285714,66
1 ago 2024,MX,Morelia,Av. Héroes de Nocupétaro,null,647.3333333333334,1736.8333333333333,16
1 ago 2024,MX,Morelia,Av. Morelos Sur,null,699.75,494,22
1 ago 2024,MX,Morelia,Calz. Juárez,null,1017,974.75,24
1 ago 2024,MX,Morelia,Av. Guadalupe Victoria,HAZARD,742.8888888888889,558.3333333333334,48
1 ago 2024,MX,Morelia,Guillermo Prieto,null,814.75,494.375,49
1 ago 2024,MX,Morelia,Periférico Paseo de la República (Sector Revolución),null,4172,537,46
1 ago 2024,MX,Morelia,Héroe de Nacozari,HAZARD,722,1029.6666666666667,66
1 ago 2024,MX,Morelia,Periférico Paseo de la República (Sector Nueva España),null,2003,496.5,51
1 ago 2024,MX,Morelia,Periférico Paseo de la República (Sector Independencia),null,1960.125,429.875,91
1 ago 2024,MX,Morelia,Héroe de Nacozari,null,565,621,21
1 ago 2024,MX,Morelia,Av. Francisco I. Madero Poniente,HAZARD,762.2727272727273,305.6363636363636,171
1 ago 2024,MX,Morelia,Av. Michoacán,null,887,493.25,8
1 ago 2024,MX,Morelia,Av. Guadalupe Victoria,null,790,338,7
1 ago 2024,MX,Morelia,Av. Francisco I. Madero Oriente,null,1705.6666666666667,666,42
1 ago 2024,MX,Morelia,MEX-15 / Morelia - Jiquilpan,null,1840,847,7
1 ago 2024,MX,Morelia,Av. Morelos (N),HAZARD,841.7307692307693,471,743
2 ago 2024,MX,Morelia,Periférico Paseo de la República (Sector Revolución),null,2319.6111111111113,490,1259
2 ago 2024,MX,Morelia,Av. Acueducto,null,1261.52,786.44,990
2 ago 2024,MX,Morelia,Periférico Paseo de la República (Sector Nueva España),null,1462.5641025641025,699.025641025641,861
2 ago 2024,MX,Morelia,Periférico Paseo de la República (Sector Independencia),null,1184.9473684210527,329.42105263157896,264
2 ago 2024,MX,Morelia,Ventura Puente,null,1169.3333333333333,597.4444444444445,195
2 ago 2024,MX,Morelia,Oriente - Poniente,HAZARD,758.3333333333334,360.6666666666667,12
2 ago 2024,MX,Morelia,Av. Morelos Sur,null,1037.7777777777778,546.8888888888889,93
2 ago 2024,MX,Morelia,Blvd. García de León,null,845.6,635.9,87
2 ago 2024,MX,Morelia,Calz. la Huerta,HAZARD,1181,319.5,36
2 ago 2024,MX,Morelia,Paseo de la República (Sector Revolución),HAZARD,653,399,30
2 ago 2024,MX,Morelia,Paso elevado Mil Cumbres - Acueducto,null,638.0769230769231,200.34615384615384,276
2 ago 2024,MX,Morelia,Paseo de la República (Sector Nueva España),null,983.2142857142857,429.92857142857144,253
2 ago 2024,MX,Morelia,MEX-15 / Toluca - Morelia,HAZARD,741.8846153846154,694.1923076923077,639
2 ago 2024,MX,Morelia,Av. Guadalupe Victoria,null,607.3333333333334,704,17
2 ago 2024,MX,Morelia,Av. Morelos (N),HAZARD,758.4,526.1263157894737,1407
2 ago 2024,MX,Morelia,Batalla de Casa Mata,null,1319,452,34
2 ago 2024,MX,Morelia,Plan de Ayala,HAZARD,1075,584.3333333333334,25
2 ago 2024,MX,Morelia,Av. Francisco I. Madero Oriente,HAZARD,1639.8444444444444,663.6777777777778,1008
2 ago 2024,MX,Morelia,Av. Solidaridad,null,629.6111111111111,563.0555555555555,434
2 ago 2024,MX,Morelia,Av. Gral. Lázaro Cárdenas,null,1551.4788732394366,811.3521126760563,1263
2 ago 2024,MX,Morelia,Av. Francisco I. Madero Oriente,null,2053.608333333333,821.1083333333333,3181
2 ago 2024,MX,Morelia,Lateral Francisco I. Madero Ote.,HAZARD,1043.7073170731708,691.9756097560976,345
2 ago 2024,MX,Morelia,Guillermo Prieto,null,705.25,505.5,34
2 ago 2024,MX,Morelia,Virrey Antonio de Bucareli,null,1000.3333333333334,523.6666666666666,13
2 ago 2024,MX,Morelia,Periférico Paseo de la República (Sector Independencia),HAZARD,2099,557,21
2 ago 2024,MX,Morelia,Av. Francisco I. Madero Poniente,HAZARD,2149.4444444444443,581.6666666666666,182
2 ago 2024,MX,Morelia,Artilleros de 1847,null,1507.5,482.5,39
2 ago 2024,MX,Morelia,Gral. Mariano Arista,HAZARD,524,480,11
2 ago 2024,MX,Morelia,Periférico Paseo de la República (Sector Nueva España),HAZARD,1002.3548387096774,465.1290322580645,701
2 ago 2024,MX,Morelia,Paseo de la República (Sector República),HAZARD,1479.1333333333334,359.8,376
2 ago 2024,MX,Morelia,Carpinteros de Paracho,HAZARD,800.6,576.1,83
2 ago 2024,MX,Morelia,Av. Gral. Lázaro Cárdenas,HAZARD,1442.2857142857142,799,62
2 ago 2024,MX,Morelia,Paso elevado Mil Cumbres - Acueducto,HAZARD,507,124.16666666666667,100
2 ago 2024,MX,Morelia,Olivares de Tzintzuntzan,HAZARD,654,1084,5
2 ago 2024,MX,Morelia,Calz. la Huerta,null,1552.1363636363637,504.40909090909093,379
2 ago 2024,MX,Morelia,Isidro Huarte,null,707,444,54
2 ago 2024,MX,Morelia,Calz. Juárez,null,844.4,1229.8,16
2 ago 2024,MX,Morelia,Vicente Santa María,null,605.3333333333334,433.6666666666667,6
2 ago 2024,MX,Morelia,Lateral Francisco I. Madero Ote.,null,901.72,511.68,249
2 ago 2024,MX,Morelia,Av. Francisco I. Madero Poniente,null,1752.204081632653,453.6326530612245,688
2 ago 2024,MX,Morelia,Av. Guadalupe Victoria,HAZARD,709.6315789473684,610.578947368421,140
2 ago 2024,MX,Morelia,Av. del Estudiante,null,819.6666666666666,477,15
2 ago 2024,MX,Morelia,Allende,null,741,519.5,11
2 ago 2024,MX,Morelia,Periférico Paseo de la República (Sector Revolución),HAZARD,1953.2051282051282,603.4615384615385,1218
3 ago 2024,MX,Morelia,Héroe de Nacozari,HAZARD,689.0625,1018.0625,184
3 ago 2024,MX,Morelia,Periférico Paseo de la República (Sector Independencia),null,1135.6041666666667,304.875,981
3 ago 2024,MX,Morelia,Calz. Juárez,null,954.25,2564.75,9
3 ago 2024,MX,Morelia,Periférico Paseo de la República (Sector Revolución),null,1133.7333333333333,725.8666666666667,208
3 ago 2024,MX,Morelia,Ventura Puente,HAZARD,635.6,112.2,74
3 ago 2024,MX,Morelia,José Juan Tablada,HAZARD,735.0806451612904,959.2096774193549,618
3 ago 2024,MX,Morelia,Periférico Paseo de la República (Sector Revolución),ACCIDENT,1516.774193548387,408.16129032258067,858
3 ago 2024,MX,Morelia,20 de Noviembre,null,517,792.6666666666666,8
3 ago 2024,MX,Morelia,Rey Tangaxoan II,null,863.2777777777778,653.5,96
3 ago 2024,MX,Morelia,Av. Gral. Lázaro Cárdenas,null,731,483.3333333333333,19
3 ago 2024,MX,Morelia,Periférico Paseo de la República (Sector Independencia),HAZARD,1471,608.2916666666666,641
3 ago 2024,MX,Morelia,Av. Morelos (N),null,516.1111111111111,413.77777777777777,147
3 ago 2024,MX,Morelia,Av. Morelos (N),HAZARD,779.6774193548387,465.61290322580646,749
3 ago 2024,MX,Morelia,Héroe de Nacozari,null,574,992,6
3 ago 2024,MX,Morelia,Guadalajara - Salamanca - Aeropuerto,null,545,382.2857142857143,32
3 ago 2024,MX,Morelia,Lateral Francisco I. Madero Ote.,null,746.5,528.25,28
3 ago 2024,MX,Morelia,Guillermo Prieto,null,1066.5,636,52
3 ago 2024,MX,Morelia,Av. Torreón Nuevo,null,1101.9,342.6,108
3 ago 2024,MX,Morelia,Av. Francisco I. Madero Oriente,HAZARD,1596.1333333333334,448.44242424242424,1917
3 ago 2024,MX,Morelia,Av. Guadalupe Victoria,HAZARD,738.4,627.4,32
3 ago 2024,MX,Morelia,Rey Tangaxoan II,HAZARD,731,507,28
3 ago 2024,MX,Morelia,Av. Francisco I. Madero Oriente,null,2850.5849056603774,573.1132075471698,794
4 ago 2024,MX,Morelia,MEX-15 / Morelia - Jiquilpan,null,2111.4375,260.375,173
4 ago 2024,MX,Morelia,Av. Francisco I. Madero Oriente,HAZARD,2391.256097560976,472.1951219512195,1045
4 ago 2024,MX,Morelia,Allende,null,632,547,7
4 ago 2024,MX,Morelia,José Juan Tablada,HAZARD,879,745.1111111111111,92
4 ago 2024,MX,Morelia,Av. Francisco I. Madero Poniente,null,1167.2602739726028,653.4794520547945,714
4 ago 2024,MX,Morelia,Mayas,null,622.25,589,14
4 ago 2024,MX,Morelia,Av. Morelos (N),HAZARD,744,286.8,127
4 ago 2024,MX,Morelia,Av. Guadalupe Victoria,HAZARD,709,496.6666666666667,28
4 ago 2024,MX,Morelia,Av. Francisco I. Madero Oriente,null,1254.75,348.625,76
4 ago 2024,MX,Morelia,Aquiles Serdán,null,855,583.7058823529412,179
4 ago 2024,MX,Morelia,Av. Francisco I. Madero Poniente,HAZARD,1089.3636363636363,476.1818181818182,137
4 ago 2024,MX,Morelia,Abasolo,HAZARD,568.8333333333334,583.6666666666666,45
4 ago 2024,MX,Morelia,Paseo de la República (Sector República),null,538,507.6666666666667,6
4 ago 2024,MX,Morelia,Av. Gral. Lázaro Cárdenas,null,801.5,620.5,20
4 ago 2024,MX,Morelia,Iretiticateme,null,679,410,3
4 ago 2024,MX,Morelia,Calz. Juárez,null,766,377,4
4 ago 2024,MX,Morelia,Av. Morelos Sur,null,886.75,541.5,38
4 ago 2024,MX,Morelia,Virrey Antonio de Mendoza,null,1002,660.6666666666666,21
4 ago 2024,MX,Morelia,Av. Morelos (N),null,730.75,245.375,93
5 ago 2024,MX,Morelia,Periférico Paseo de la República (Sector República),HAZARD,3358.7586206896553,522.3448275862069,565
5 ago 2024,MX,Morelia,Av. Francisco I. Madero Oriente,null,1287.3333333333333,512,48
5 ago 2024,MX,Morelia,Periférico Paseo de la República (Sector Nueva España),HAZARD,740.25,404.85,182
5 ago 2024,MX,Morelia,Av. Morelos (N),HAZARD,633.9090909090909,395.45454545454544,65
5 ago 2024,CO,Morelia,La Unión-Roldanillo / RN23-02,null,5097.833333333333,356.6666666666667,12
5 ago 2024,MX,Morelia,Av. Francisco I. Madero Poniente,HAZARD,1210.148148148148,430,290
5 ago 2024,MX,Morelia,Paseo de la República (Sector República),HAZARD,1459.36,238.8,459
5 ago 2024,MX,Morelia,Periférico Paseo de la República (Sector Nueva España),null,513,163,6
5 ago 2024,MX,Morelia,MEX-15 / Morelia - Jiquilpan,ACCIDENT,1949.3,286.7,94
5 ago 2024,MX,Morelia,Guillermo Prieto,null,617.8,497.4,39
5 ago 2024,MX,Morelia,Av. Gral. Lázaro Cárdenas,null,2003.8,718.6,66
5 ago 2024,MX,Morelia,MEX-15 / Toluca - Morelia,HAZARD,1523.076923076923,358.3076923076923,34
5 ago 2024,MX,Morelia,Paseo de la República (Sector República),null,1520.5555555555557,378.3333333333333,234
5 ago 2024,MX,Morelia,Ventura Puente,null,893.3333333333334,466.3333333333333,35
5 ago 2024,MX,Morelia,José Juan Tablada,null,1036,492.3333333333333,18
5 ago 2024,MX,Morelia,Av. Morelos (N),null,839.9473684210526,654.6842105263158,119
5 ago 2024,MX,Morelia,MEX-15 / Morelia - Jiquilpan,HAZARD,1551.7575757575758,402.3939393939394,310
5 ago 2024,MX,Morelia,Av. Francisco I. Madero Poniente,null,1367.4285714285713,497.57142857142856,36
5 ago 2024,MX,Morelia,Ventura Puente,HAZARD,977.5,540.5,18
5 ago 2024,MX,Morelia,Héroe de Nacozari,null,690.8571428571429,905.4285714285714,49
5 ago 2024,MX,Morelia,Plan de Ayala,null,554,549,4
5 ago 2024,MX,Morelia,Av. Morelos Sur,null,685,631.5,12
5 ago 2024,MX,Morelia,Av. Héroes de Nocupétaro,null,686,644.5,16
5 ago 2024,MX,Morelia,MEX-15 / Morelia - Jiquilpan,null,2599,558,19
5 ago 2024,MX,Morelia,Av. Francisco Medina García Norte,null,1339,410.5,8
5 ago 2024,MX,Morelia,Periférico Paseo de la República (Sector República),null,4507.428571428572,628.25,432
5 ago 2024,MX,Morelia,José Juan Tablada,HAZARD,818.1111111111111,575.1111111111111,193
6 ago 2024,MX,Morelia,Av. Francisco I. Madero Oriente,null,641,539,4
6 ago 2024,MX,Morelia,Av. Francisco I. Madero Poniente,null,1542.952380952381,596.8095238095239,313
6 ago 2024,MX,Morelia,Periférico Paseo de la República (Sector Revolución),null,864,229,9
6 ago 2024,MX,Morelia,Periférico Paseo de la República (Sector Independencia),null,964.4444444444445,484.3333333333333,164
6 ago 2024,MX,Morelia,Paseo de la República (Sector Revolución),null,1014,430,4
6 ago 2024,MX,Morelia,Paseo de la República (Sector República),null,531.3333333333334,378.6666666666667,29
6 ago 2024,MX,Morelia,Calz. la Huerta,null,1503.857142857143,606.5714285714286,125
6 ago 2024,MX,Morelia,Av. Francisco I. Madero Oriente,HAZARD,798.8,441.9,37
6 ago 2024,MX,Morelia,Av. Héroes de Nocupétaro,null,668.2857142857143,473.7142857142857,43
6 ago 2024,MX,Morelia,Luis de León Romano,HAZARD,562.8,370,45
6 ago 2024,MX,Morelia,Lateral Francisco I. Madero Ote.,HAZARD,565,547,12
6 ago 2024,MX,Morelia,Av. Gral. Lázaro Cárdenas,null,1178.6,618,59
6 ago 2024,MX,Morelia,Av. Morelos Sur,null,1192.8,703.6,56
6 ago 2024,MX,Morelia,José Juan Tablada,HAZARD,776.9411764705883,465.29411764705884,148
6 ago 2024,MX,Morelia,Av. Guadalupe Victoria,HAZARD,675.6666666666666,546,18
6 ago 2024,MX,Morelia,Av. Morelos (N),null,903.797619047619,435.0595238095238,1470
6 ago 2024,MX,Morelia,Av. Morelos (N),HAZARD,1100.9615384615386,290.11538461538464,1056
6 ago 2024,MX,Morelia,Av. Universidad,null,731.25,543.75,22
7 ago 2024,MX,Morelia,Av. Francisco I. Madero Oriente,null,1286.25,716.75,61
7 ago 2024,MX,Morelia,Periférico Paseo de la República (Sector Independencia),null,641.7142857142857,156.14285714285714,80
7 ago 2024,MX,Morelia,Guadalajara - Salamanca - Aeropuerto,null,545,314.125,91
7 ago 2024,MX,Morelia,Av. Guadalupe Victoria,HAZARD,586,527,6
7 ago 2024,MX,Morelia,Av. Francisco I. Madero Poniente,HAZARD,1477.3,571.5,94
7 ago 2024,MX,Morelia,Av. Morelos (N),null,819.5,289.9,229
7 ago 2024,MX,Morelia,Calz. la Huerta,null,1439,414,19
7 ago 2024,MX,Morelia,Héroe de Nacozari,ACCIDENT,735,513.25,29
7 ago 2024,MX,Morelia,Av. Francisco I. Madero Oriente,HAZARD,1341.5555555555557,386.22222222222223,116
7 ago 2024,MX,Morelia,Av. Morelos (N),HAZARD,1722.4,774.2,90
7 ago 2024,MX,Morelia,Av. Francisco I. Madero Poniente,null,1015.65625,434.53125,211
8 ago 2024,MX,Morelia,Sierra de Pichátaro,null,679,991,2
8 ago 2024,MX,Morelia,Periférico Paseo de la República (Sector República),null,1042.6363636363637,515.6363636363636,75
8 ago 2024,MX,Morelia,Guadalajara - Salamanca - Aeropuerto,null,545,413.09090909090907,51
8 ago 2024,MX,Morelia,Av. Francisco I. Madero Poniente,null,1269.0625,614.9375,212
8 ago 2024,MX,Morelia,José Juan Tablada,null,611.3636363636364,316.72727272727275,63
8 ago 2024,MX,Morelia,Lateral Francisco I. Madero Ote.,HAZARD,710.3333333333334,522.3333333333334,14
8 ago 2024,MX,Morelia,Paseo de la República (Sector República),null,749.5,482.5,5
8 ago 2024,MX,Morelia,Paseo de la República (Sector Revolución),null,628.5,442,7
8 ago 2024,MX,Morelia,José Juan Tablada,HAZARD,740.2857142857143,280.7142857142857,36
8 ago 2024,MX,Morelia,Av. Michoacán,null,1060.5,621.25,16
8 ago 2024,MX,Morelia,Av. Francisco I. Madero Poniente,HAZARD,953.6666666666666,475,35
9 ago 2024,MX,Morelia,Av. Francisco I. Madero Poniente,HAZARD,1448.6,638.8,79
9 ago 2024,MX,Morelia,Av. Morelos (N),HAZARD,1480,575.5714285714286,114
9 ago 2024,MX,Morelia,Lateral Francisco I. Madero Ote.,null,973,343.85714285714283,59
9 ago 2024,MX,Morelia,Av. Gral. Lázaro Cárdenas,null,1249,707,7
9 ago 2024,MX,Morelia,General Francisco J. Múgica,null,650.5,419.3,57
9 ago 2024,MX,Morelia,Periférico Paseo de la República (Sector Independencia),null,1355.0833333333333,375.75,164
9 ago 2024,MX,Morelia,Periférico Paseo de la República (Sector Nueva España),ACCIDENT,955.7272727272727,696.7272727272727,236
9 ago 2024,MX,Morelia,Lateral Francisco I. Madero Ote.,HAZARD,1173,550,10
9 ago 2024,MX,Morelia,Av. Michoacán,null,775,593.25,14
9 ago 2024,MX,Morelia,Av. Francisco I. Madero Poniente,null,1428.9166666666667,651.1666666666666,210
9 ago 2024,MX,Morelia,Periférico Paseo de la República (Sector Independencia),HAZARD,1391.625,369.25,171
9 ago 2024,MX,Morelia,Cobreros de Santa Clara,null,645,386,2
9 ago 2024,MX,Morelia,Av. Héroes de Nocupétaro,null,584.8571428571429,578.2857142857143,57
9 ago 2024,MX,Morelia,Abasolo,null,767.5555555555555,576.5555555555555,122
9 ago 2024,MX,Morelia,Virrey Antonio de Mendoza,null,696.5,385.5,13
9 ago 2024,MX,Morelia,Av. Francisco I. Madero Oriente,HAZARD,1431.4166666666667,574.75,289
9 ago 2024,MX,Morelia,Jesús Sansón Flores,null,566,1939,6
9 ago 2024,MX,Morelia,Av. Guadalupe Victoria,HAZARD,686.8181818181819,611.3636363636364,64
9 ago 2024,MX,Morelia,Guillermo Prieto,HAZARD,826.5,653.5,28
9 ago 2024,MX,Morelia,Paseo de la República (Sector Nueva España),null,915.2,784.2,105
9 ago 2024,MX,Morelia,Av. Francisco I. Madero Oriente,null,2327.3333333333335,577,32
9 ago 2024,MX,Morelia,Av. Morelos (N),null,1110.3103448275863,491.6896551724138,554
9 ago 2024,MX,Morelia,Periférico Paseo de la República (Sector Nueva España),null,761.6,331,134
10 ago 2024,MX,Morelia,Av. Morelos (N),HAZARD,1967,862,57
10 ago 2024,MX,Morelia,Rey Tangaxoan II,null,781,529,113
10 ago 2024,MX,Morelia,Jesús Sansón Flores,null,566,1823,13
10 ago 2024,MX,Morelia,Av. Morelos (N),null,1031,438.7142857142857,331
10 ago 2024,MX,Morelia,MEX-15 / Morelia - Jiquilpan,HAZARD,516,503,2
10 ago 2024,MX,Morelia,Guillermo Prieto,null,1000,809,11
10 ago 2024,MX,Morelia,Lateral Francisco I. Madero Ote.,HAZARD,1195.6666666666667,518.3333333333334,28
10 ago 2024,MX,Morelia,Av. Francisco I. Madero Poniente,HAZARD,1214.3,528.9,194
10 ago 2024,MX,Morelia,Av. Guadalupe Victoria,HAZARD,744.4705882352941,720.1764705882352,113
10 ago 2024,MX,Morelia,Av. Francisco I. Madero Poniente,null,1324,779,41
10 ago 2024,MX,Morelia,Av. Héroes de Nocupétaro,null,732.1666666666666,508.5833333333333,132
10 ago 2024,MX,Morelia,Héroe de Nacozari,null,554.5,708,29
10 ago 2024,MX,Morelia,Guillermo Prieto,HAZARD,792.0769230769231,640.5384615384615,107
11 ago 2024,MX,Morelia,MEX-15 / Morelia - Jiquilpan,null,2031.75,555.625,114
11 ago 2024,MX,Morelia,Vicente Santa María,null,1016.6,435.7,81
11 ago 2024,MX,Morelia,Aquiles Serdán,null,722.4166666666666,475.0833333333333,87
11 ago 2024,MX,Morelia,Av. Francisco I. Madero Oriente,null,644,514,15
11 ago 2024,MX,Morelia,Virrey Antonio de Mendoza,null,729.5,513.25,58
11 ago 2024,MX,Morelia,Virrey Antonio de Mendoza,HAZARD,729.6666666666666,293.6666666666667,27
11 ago 2024,MX,Morelia,Allende,null,932,792.3333333333334,19
11 ago 2024,MX,Morelia,MEX-15 / Morelia - Jiquilpan,HAZARD,2136.75,818.75,28
11 ago 2024,MX,Morelia,Abasolo,null,621.8333333333334,436.4166666666667,85
11 ago 2024,MX,Morelia,Periférico Paseo de la República (Sector República),null,1376.8,448.6,67
12 ago 2024,MX,Morelia,Periférico Paseo de la República (Sector Independencia),null,1230.475,563.4,568
12 ago 2024,MX,Morelia,Virrey Antonio de Mendoza,HAZARD,664.5,732.5,11
12 ago 2024,MX,Morelia,Cuautla,null,825.1428571428571,565.7142857142857,52
12 ago 2024,MX,Morelia,General Francisco J. Múgica,null,543,568.25,13
12 ago 2024,MX,Morelia,Calz. la Huerta,null,871,430.1111111111111,85
12 ago 2024,MX,Morelia,Av. Michoacán,null,1004.6875,632.0625,185
12 ago 2024,MX,Morelia,Av. Francisco I. Madero Poniente,HAZARD,1293.8695652173913,1055.5652173913043,425
12 ago 2024,MX,Morelia,Av. Héroes de Nocupétaro,null,748.7777777777778,1036.7777777777778,225
12 ago 2024,MX,Morelia,Guillermo Prieto,HAZARD,650,516.5,8
12 ago 2024,MX,Morelia,Antiguo Camino a la Huerta,null,982,502.5,26
12 ago 2024,CO,Morelia,Pereira-Alcalá / RD29-03,null,738,985,6
12 ago 2024,MX,Morelia,Oriente 6,null,1502.6470588235295,852.5882352941177,96
12 ago 2024,MX,Morelia,Av. Acueducto,null,747,498.5,6
12 ago 2024,MX,Morelia,Corregidora,null,614,554,4
12 ago 2024,MX,Morelia,Abasolo,null,638.3333333333334,522.1111111111111,76
12 ago 2024,MX,Morelia,Av. Gral. Lázaro Cárdenas,null,839,518,6
12 ago 2024,MX,Morelia,Av. Morelos Sur,null,668,621,9
12 ago 2024,MX,Morelia,Av. Francisco I. Madero Poniente,null,1481.051724137931,853.2241379310345,912
12 ago 2024,MX,Morelia,Av. Periodismo,null,1179.3181818181818,642.5,200
12 ago 2024,MX,Morelia,Periférico Paseo de la República (Sector Independencia),HAZARD,1393,349,23
12 ago 2024,MX,Morelia,Vasco de Quiroga,null,623,539,3
12 ago 2024,MX,Morelia,José Juan Tablada,HAZARD,605.7368421052631,436.8421052631579,106
12 ago 2024,MX,Morelia,Periférico Paseo de la República (Sector República),null,1159.4545454545455,525.9090909090909,112
12 ago 2024,MX,Morelia,Av. Morelos (N),null,796.7857142857143,361.35714285714283,602
12 ago 2024,MX,Morelia,Virrey Antonio de Mendoza,null,829.8666666666667,801,104
12 ago 2024,MX,Morelia,Guadalajara - Salamanca - Aeropuerto,null,545,524.7096774193549,98
13 ago 2024,MX,Morelia,Artilleros de 1847,null,829,1755,5
13 ago 2024,MX,Morelia,Av. Morelos Sur,null,808.6666666666666,565,15
13 ago 2024,MX,Morelia,Av. Acueducto,null,938,539.25,33
13 ago 2024,MX,Morelia,Abasolo,null,653,861.75,33
13 ago 2024,MX,Morelia,Periférico Paseo de la República (Sector Independencia),null,807.5714285714286,229.71428571428572,62
13 ago 2024,MX,Morelia,Av. Universidad,null,637,452,4
13 ago 2024,MX,Morelia,Av. Francisco I. Madero Poniente,null,844.3333333333334,784.3333333333334,17
13 ago 2024,MX,Morelia,Virrey Antonio de Mendoza,HAZARD,667,752.3333333333334,9
13 ago 2024,MX,Morelia,Av. Francisco I. Madero Oriente,null,1418,588,14
14 ago 2024,MX,Morelia,Av. Tata Vasco,null,566.5,478.25,27
14 ago 2024,MX,Morelia,Virrey Antonio de Mendoza,HAZARD,732,814,20
14 ago 2024,MX,Morelia,Av. Gral. Lázaro Cárdenas,null,2356.3333333333335,741.6666666666666,48
14 ago 2024,MX,Morelia,Antonio Alzate,null,581,667.5,8
14 ago 2024,MX,Morelia,Andador Villa del Monte,null,755.25,356.75,10
14 ago 2024,MX,Morelia,Ignacio Rayón,null,653,497,9
14 ago 2024,MX,Morelia,Av. Guadalupe Victoria,HAZARD,656,626.25,24
14 ago 2024,MX,Morelia,Av. Francisco I. Madero Poniente,null,1071.125,555.825,495
14 ago 2024,MX,Morelia,Luis de León Romano,null,537,667,5
14 ago 2024,MX,Morelia,Av. Morelos Sur,null,885.5,597.7916666666666,213
14 ago 2024,MX,Morelia,Ventura Puente,HAZARD,611,597,9
14 ago 2024,MX,Morelia,Abasolo,null,657.1875,507.1875,159
14 ago 2024,MX,Morelia,Av. Francisco I. Madero Oriente,null,1026,513,15
14 ago 2024,MX,Morelia,Periférico Paseo de la República (Sector Nueva España),null,794.3333333333334,582.3333333333334,36
14 ago 2024,MX,Morelia,Av. Michoacán,null,766.625,763.125,119
14 ago 2024,MX,Morelia,Av. Francisco I. Madero Poniente,HAZARD,1386.2222222222222,647.4444444444445,260
14 ago 2024,MX,Morelia,Vasco de Quiroga,null,633.3333333333334,659.6666666666666,12
14 ago 2024,MX,Morelia,Av. Acueducto,null,832,838.3333333333334,25
14 ago 2024,MX,Morelia,Av. Pedregal,null,1103,450.4,13
14 ago 2024,MX,Morelia,Av. Pedregal,HAZARD,546,84,3
14 ago 2024,MX,Morelia,Av. Morelos (N),null,895.4,456,53
15 ago 2024,MX,Morelia,Paseo de la República (Sector Nueva España),null,696.4285714285714,519,51
15 ago 2024,MX,Morelia,Mayas,null,577,1553,7
15 ago 2024,MX,Morelia,Ventura Puente,null,1020.5,596.5,157
15 ago 2024,MX,Morelia,Av. Morelos (N),null,871.1388888888889,555.1111111111111,575
15 ago 2024,MX,Morelia,Av. Gral. Lázaro Cárdenas,null,1487.7368421052631,717.1315789473684,656
15 ago 2024,MX,Morelia,Blvd. García de León,null,804.6323529411765,811,1398
15 ago 2024,MX,Morelia,Batalla de Casa Mata,null,854.8,443.96666666666664,298
15 ago 2024,MX,Morelia,Arnulfo Ávila,null,564,1557,3
15 ago 2024,MX,Morelia,Virrey Antonio de Mendoza,null,702.25,388.625,66
15 ago 2024,MX,Morelia,Artilleros de 1847,null,944.6666666666666,516.6666666666666,65
15 ago 2024,MX,Morelia,Av. Acueducto,null,1173.0833333333333,629.6875,970
15 ago 2024,MX,Morelia,Av. Morelos (N),HAZARD,901.875,551.4583333333334,472
15 ago 2024,MX,Morelia,Av. Francisco I. Madero Poniente,null,813,487,3
15 ago 2024,MX,Morelia,Antiguo Camino a la Huerta,null,866.9375,478,39
15 ago 2024,MX,Morelia,MEX-14 / Morelia - Pátzcuaro,HAZARD,673.3333333333334,494.5833333333333,61
15 ago 2024,MX,Morelia,Periférico Paseo de la República (Sector Nueva España),null,1234.7403846153845,829.5384615384615,2902
15 ago 2024,MX,Morelia,Batallón de Matamoros,null,538,417.125,99
15 ago 2024,MX,Morelia,Ventura Puente,HAZARD,755,386,8
15 ago 2024,MX,Morelia,Francisco Márquez,null,670.5,691.125,100
15 ago 2024,MX,Morelia,Av. Francisco I. Madero Oriente,null,749.8888888888889,651,72
15 ago 2024,MX,Morelia,Av. Michoacán,null,551,555.75,12
15 ago 2024,MX,Morelia,Santos Degollado,null,638.5,593.0357142857143,372
15 ago 2024,MX,Morelia,Periférico Paseo de la República (Sector Revolución),ACCIDENT,2077,968,28
15 ago 2024,MX,Morelia,W. A. Mozart,null,530,468.5,8
15 ago 2024,MX,Morelia,Av. Solidaridad,null,539,522,95
15 ago 2024,MX,Morelia,José Juan Tablada,HAZARD,511,650.2,36
15 ago 2024,MX,Morelia,Lago de Pátzcuaro,null,607,715,2
15 ago 2024,MX,Morelia,Periférico Paseo de la República (Sector Revolución),null,1968.137254901961,893.4901960784314,1299
15 ago 2024,MX,Morelia,Virrey Antonio de Mendoza,HAZARD,839.75,772.75,156
16 ago 2024,MX,Morelia,MEX-15 / Morelia - Jiquilpan,null,2487.8333333333335,257.05555555555554,145
16 ago 2024,MX,Morelia,Virrey Antonio de Mendoza,null,846.95,623.3,203
16 ago 2024,MX,Morelia,Paseo de la República (Sector República),null,875.4444444444445,463.05555555555554,102
16 ago 2024,MX,Morelia,Av. Guadalupe Victoria,HAZARD,793.3333333333334,645.5,31
16 ago 2024,MX,Morelia,Av. Francisco I. Madero Poniente,null,1060.0958904109589,478,736
16 ago 2024,MX,Morelia,Av. Michoacán,null,573.75,461.5,23
16 ago 2024,MX,Morelia,Calz. la Huerta,HAZARD,1224.6842105263158,301.3157894736842,429
16 ago 2024,MX,Morelia,Guillermo Prieto,null,1062,794,9
16 ago 2024,MX,Morelia,Av. Acueducto,null,992.4,532,24
16 ago 2024,MX,Morelia,Av. Pedregal,null,658.25,636.25,23
16 ago 2024,MX,Morelia,Virrey Antonio de Mendoza,HAZARD,659,705,3
16 ago 2024,MX,Morelia,Av. Francisco I. Madero Poniente,HAZARD,1672.764705882353,699.6176470588235,497
16 ago 2024,MX,Morelia,Av. Guadalupe Victoria,null,670.7142857142857,706.4285714285714,36
16 ago 2024,MX,Morelia,Héroes Anónimos de la Independencia,null,1263.2222222222222,622,33
16 ago 2024,MX,Morelia,José Juan Tablada,HAZARD,511,494.25,50
16 ago 2024,MX,Morelia,José Juan Tablada,null,760.2857142857143,539.7142857142857,44
16 ago 2024,MX,Morelia,Av. Morelos (N),null,860.0769230769231,581.7307692307693,449
16 ago 2024,MX,Morelia,Lateral Francisco I. Madero Ote.,null,713,466.6666666666667,16
16 ago 2024,MX,Morelia,Av. Francisco I. Madero Oriente,HAZARD,1574.695652173913,364.9130434782609,272
16 ago 2024,MX,Morelia,Av. Universidad,null,993.25,635,34
16 ago 2024,MX,Morelia,Vasco de Quiroga,HAZARD,816,572.5,9
16 ago 2024,MX,Morelia,Vasco de Quiroga,null,623,642.4545454545455,79
16 ago 2024,MX,Morelia,Francisco Márquez,null,556,577,5
16 ago 2024,MX,Morelia,Guillermo Prieto,HAZARD,743,723,19
16 ago 2024,MX,Morelia,Av. Francisco I. Madero Oriente,null,2325,289,12
16 ago 2024,MX,Morelia,División del Norte,null,692,738,3
16 ago 2024,MX,Morelia,Periférico Paseo de la República (Sector Independencia),null,1372.1860465116279,500.09302325581393,520
17 ago 2024,MX,Morelia,Av. Francisco I. Madero Oriente,HAZARD,1071.1304347826087,399.8695652173913,158
17 ago 2024,MX,Morelia,Virrey Antonio de Mendoza,HAZARD,1193,717,77
17 ago 2024,MX,Morelia,Rey Tariácuri,null,548.6,601.2,224
17 ago 2024,MX,Morelia,Periférico Paseo de la República (Sector Independencia),HAZARD,1373,755,30
17 ago 2024,MX,Morelia,Calz. la Huerta,null,1375.7777777777778,522.2777777777778,661
17 ago 2024,MX,Morelia,Av. Morelos (N),null,1057.225,772.175,817
17 ago 2024,MX,Morelia,Calz. la Huerta,HAZARD,1557.92,709.16,573
17 ago 2024,MX,Morelia,Héroe de Nacozari,ACCIDENT,695,580.2,63
17 ago 2024,MX,Morelia,Paseo de la República (Sector República),null,1316.5625,390.6875,184
17 ago 2024,MX,Morelia,Vasco de Quiroga,null,681.3529411764706,597.5882352941177,112
17 ago 2024,MX,Morelia,Antiguo Camino a la Huerta,HAZARD,823.7272727272727,468.90909090909093,51
17 ago 2024,MX,Morelia,General Francisco J. Múgica,null,605.5384615384615,540.0769230769231,269
17 ago 2024,MX,Morelia,Allende,null,658,596,9
17 ago 2024,MX,Morelia,Periférico Paseo de la República (Sector Independencia),ACCIDENT,1268.6,511.7,270
17 ago 2024,MX,Morelia,Periférico Paseo de la República (Sector Independencia),null,1437.142857142857,774.054945054945,2179
17 ago 2024,MX,Morelia,Av. Francisco I. Madero Poniente,null,1343.3333333333333,485.5,366
17 ago 2024,MX,Morelia,Av. Universidad,null,1080.3972602739725,1033.13698630137,753
17 ago 2024,MX,Morelia,Av. Morelos Sur,null,657,808.25,58
17 ago 2024,MX,Morelia,Av. Guadalupe Victoria,null,675.3333333333334,742.8333333333334,50
17 ago 2024,MX,Morelia,MEX-15 / Morelia - Jiquilpan,null,930.8,505.6,24
17 ago 2024,MX,Morelia,Periférico Paseo de la República (Sector Nueva España),null,1144.0625,576.34375,618
17 ago 2024,MX,Morelia,Vicente Santa María,null,1042,352.125,45
17 ago 2024,MX,Morelia,Av. Morelos (N),HAZARD,642,434,13
17 ago 2024,MX,Morelia,Lateral Francisco I. Madero Ote.,null,898,502,22
17 ago 2024,MX,Morelia,Av. Francisco I. Madero Oriente,null,697,475,6
17 ago 2024,MX,Morelia,Av. Universidad,HAZARD,749.2857142857143,748.8571428571429,72
17 ago 2024,MX,Morelia,Periférico Paseo de la República (Sector Revolución),null,1743.5135135135135,342.5405405405405,1217
17 ago 2024,MX,Morelia,Av. Francisco I. Madero Poniente,HAZARD,1151.2,622.6,109
17 ago 2024,MX,Morelia,Virrey Antonio de Mendoza,null,687,652.6666666666666,13
17 ago 2024,MX,Morelia,Av. Solidaridad,null,775.8,412.88,522
17 ago 2024,MX,Morelia,Paseo de la República (Sector Nueva España),null,780.1111111111111,573.2777777777778,199
17 ago 2024,MX,Morelia,Blvd. García de León,null,512,511,5
17 ago 2024,MX,Morelia,MEX-14 / Morelia - Pátzcuaro,null,611,478.3,60
17 ago 2024,MX,Morelia,Av. Héroes de Nocupétaro,null,592.4444444444445,613.4444444444445,90
18 ago 2024,MX,Morelia,20 de Noviembre,null,1059.5,500.5,96
18 ago 2024,MX,Morelia,Aldama,null,576,588,9
18 ago 2024,MX,Morelia,Av. Morelos (N),null,541.6666666666666,568,38
18 ago 2024,MX,Morelia,Av. del Estudiante,null,608.5263157894736,422.7368421052632,109
18 ago 2024,MX,Morelia,Av. Solidaridad,null,1288,430,4
18 ago 2024,MX,Morelia,Av. Guadalupe Victoria,null,701.5,505,6
18 ago 2024,MX,Morelia,Av. Acueducto,null,1246.6666666666667,400.1333333333333,211
18 ago 2024,MX,Morelia,Santiago Tapia,HAZARD,616.6923076923077,560.9230769230769,115
18 ago 2024,MX,Morelia,Paseo de la República (Sector Nueva España),null,679,512.25,62
18 ago 2024,MX,Morelia,Allende,null,834,783.5277777777778,247
18 ago 2024,MX,Morelia,Av. Francisco I. Madero Poniente,null,759.3333333333334,481.5,74
18 ago 2024,MX,Morelia,Virrey Antonio de Mendoza,null,756.875,704.375,40
18 ago 2024,MX,Morelia,Aquiles Serdán,null,739.8,862.55,205
18 ago 2024,MX,Morelia,Santiago Tapia,null,724.8571428571429,593.1904761904761,246
18 ago 2024,MX,Morelia,Av. Gral. Lázaro Cárdenas,null,777,713.5,8
18 ago 2024,MX,Morelia,Ignacio Rayón,null,653,529,6
18 ago 2024,MX,Morelia,Virrey Antonio de Bucareli,null,952.5,422.05555555555554,152
18 ago 2024,MX,Morelia,Av. Francisco I. Madero Oriente,null,1074.421052631579,622.2105263157895,215
18 ago 2024,MX,Morelia,Periférico Paseo de la República (Sector Independencia),null,703.25,446,34
18 ago 2024,MX,Morelia,Antonio Alzate,null,659.25,602,31
18 ago 2024,MX,Morelia,Rey Tangaxoan II,HAZARD,640,511.84615384615387,47
18 ago 2024,MX,Morelia,Abasolo,null,681.7894736842105,733.1315789473684,351
19 ago 2024,MX,Morelia,Av. Siervo de la Nación,HAZARD,1164,523,24
19 ago 2024,MX,Morelia,Paseo de la República (Sector República),HAZARD,1233.6666666666667,449,91
19 ago 2024,MX,Morelia,Av. Morelos (N),HAZARD,726.3157894736842,479.36842105263156,192
19 ago 2024,MX,Morelia,Calz. la Huerta,null,773,377.4166666666667,100
19 ago 2024,MX,Morelia,Av. Gral. Lázaro Cárdenas,null,1446.909090909091,536.3181818181819,288
19 ago 2024,MX,Morelia,Mariano Michelena,null,504,933,3
19 ago 2024,MX,Morelia,Guillermo Prieto,HAZARD,794.3684210526316,610.2631578947369,213
19 ago 2024,MX,Morelia,Paseo de la República (Sector República),null,1246,690.5,34
19 ago 2024,MX,Morelia,General Francisco J. Múgica,null,943.7352941176471,663.0588235294117,236
19 ago 2024,MX,Morelia,Av. Francisco I. Madero Poniente,HAZARD,1322.253164556962,762.6708860759494,879
19 ago 2024,MX,Morelia,Cuautla,null,845.9090909090909,530.0909090909091,85
19 ago 2024,MX,Morelia,Francisco Márquez,HAZARD,673.25,454.5,51
19 ago 2024,MX,Morelia,Av. Guadalupe Victoria,HAZARD,1073,595,10
19 ago 2024,MX,Morelia,José Juan Tablada,HAZARD,808.6,354.8,40
19 ago 2024,MX,Morelia,Artilleros de 1847,null,862,1126.6666666666667,56
19 ago 2024,MX,Morelia,Cobalto,null,552,339.5,10
19 ago 2024,MX,Morelia,Av. Periodismo,null,774,400.45454545454544,99
19 ago 2024,MX,Morelia,Av. Michoacán,null,829.9,664.95,146
19 ago 2024,MX,Morelia,Av. Francisco I. Madero Oriente,null,1073.875,678.25,88
19 ago 2024,MX,Morelia,Héroe de Nacozari,HAZARD,593,589.6666666666666,40
19 ago 2024,MX,Morelia,Periférico Paseo de la República (Sector Independencia),null,1259.8461538461538,486.05128205128204,522
19 ago 2024,MX,Morelia,Guillermo Prieto,null,508,735,11
19 ago 2024,MX,Morelia,Loma del Rey,null,655.4285714285714,602.8571428571429,89
19 ago 2024,MX,Morelia,Av. Acueducto,null,1025,754.4,96
19 ago 2024,MX,Morelia,Virrey Antonio de Mendoza,null,816,605,14
19 ago 2024,MX,Morelia,Av. Francisco I. Madero Oriente,HAZARD,1551.7,361.35,284
19 ago 2024,MX,Morelia,MEX-15 / Morelia - Jiquilpan,null,2341.185185185185,521.6666666666666,343
19 ago 2024,MX,Morelia,Periférico Paseo de la República (Sector República),null,1803.5454545454545,230.66666666666666,271
19 ago 2024,MX,Morelia,Av. Francisco I. Madero Poniente,null,1001.1612903225806,433.7096774193548,380
19 ago 2024,MX,Morelia,Paseo de la República (Sector Nueva España),null,811.8,192.8,107
19 ago 2024,MX,Morelia,Periférico Paseo de la República (Sector Nueva España),null,880.6117647058824,473.3176470588235,1667
19 ago 2024,MX,Morelia,Abasolo,null,753.1428571428571,402,62
19 ago 2024,MX,Morelia,Av. Morelos (N),null,906.3846153846154,402.7307692307692,389
19 ago 2024,MX,Morelia,Av. Héroes de Nocupétaro,null,796.88,1048.76,179
19 ago 2024,MX,Morelia,W. A. Mozart,null,530,303.4,40
19 ago 2024,MX,Morelia,Av. Héroes de Nocupétaro,HAZARD,795.7333333333333,704.9333333333333,443
19 ago 2024,MX,Morelia,Av. Guadalupe Victoria,null,801,770.2,41
19 ago 2024,MX,Morelia,Av. Universidad,HAZARD,685.4,752.4,30
20 ago 2024,MX,Morelia,Av. Universidad,HAZARD,725,527.2857142857143,45
20 ago 2024,MX,Morelia,Av. Morelos (N),HAZARD,773,380.25,201
20 ago 2024,MX,Morelia,Av. Francisco I. Madero Oriente,HAZARD,1581.6363636363637,504.04545454545456,308
20 ago 2024,MX,Morelia,Av. Guadalupe Victoria,null,628,579,13
20 ago 2024,MX,Morelia,Abasolo,null,772,478.6666666666667,22
20 ago 2024,MX,Morelia,Av. Acueducto,null,1110.6,519,36
20 ago 2024,MX,Morelia,Periférico Paseo de la República (Sector Independencia),null,1382.888888888889,411.8888888888889,237
20 ago 2024,MX,Morelia,Av. Francisco I. Madero Oriente,null,900.9090909090909,821.9090909090909,135
20 ago 2024,MX,Morelia,Av. Héroes de Nocupétaro,HAZARD,751.6666666666666,497.6666666666667,19
20 ago 2024,MX,Morelia,Paseo de la República (Sector Nueva España),null,778.6666666666666,942.6666666666666,12
20 ago 2024,MX,Morelia,Antiguo Camino a la Huerta,null,886,406,4
20 ago 2024,CO,Morelia,La Unión-Roldanillo / RN23-02,null,8082,574,4
20 ago 2024,MX,Morelia,Lateral Francisco I. Madero Ote.,HAZARD,620,503,10
21 ago 2024,MX,Morelia,Av. Francisco I. Madero Poniente,null,1176.48,539.88,254
21 ago 2024,MX,Morelia,José Juan Tablada,HAZARD,843.625,483.875,91
21 ago 2024,MX,Morelia,Ventura Puente,null,561,729,7
21 ago 2024,MX,Morelia,Antiguo Camino a la Huerta,null,644.3333333333334,477,12
21 ago 2024,MX,Morelia,Av. Héroes de Nocupétaro,null,520,472,15
21 ago 2024,MX,Morelia,Av. Francisco I. Madero Poniente,HAZARD,999.75,488.9375,200
21 ago 2024,MX,Morelia,Av. Gral. Lázaro Cárdenas,null,1643.3333333333333,556.1666666666666,60
21 ago 2024,MX,Morelia,Av. Universidad,null,756.8571428571429,531.2857142857143,34
21 ago 2024,MX,Morelia,Guillermo Prieto,HAZARD,743,887,7
21 ago 2024,MX,Morelia,Guillermo Prieto,null,701,480,7
21 ago 2024,MX,Morelia,Periférico Paseo de la República (Sector Nueva España),null,1330.054054054054,513.1351351351351,950
21 ago 2024,MX,Morelia,Av. Michoacán,null,802.5714285714286,428.42857142857144,38
22 ago 2024,MX,Morelia,Paseo de la República (Sector Nueva España),null,1126.549019607843,670.8627450980392,737
22 ago 2024,MX,Morelia,Av. Solidaridad,null,992.1578947368421,615.2631578947369,921
22 ago 2024,MX,Morelia,Margarita Maza de Juárez,null,779,618.625,56
22 ago 2024,MX,Morelia,Vicente Santa María,null,684.7142857142857,637.5714285714286,118
22 ago 2024,MX,Morelia,MICH-101 / Itzícuaro - Cointzio,null,880.4,484,9
22 ago 2024,MX,Morelia,Av. Morelos (N),null,777.5,669.5,18
22 ago 2024,MX,Morelia,José Juan Tablada,HAZARD,690.6666666666666,306.55555555555554,74
22 ago 2024,MX,Morelia,Cuautla,null,519,488,5
22 ago 2024,MX,Morelia,General Francisco J. Múgica,null,644.5294117647059,615.4411764705883,199
22 ago 2024,MX,Morelia,Av. Universidad,null,1035.1834862385322,973.954128440367,1003
22 ago 2024,MX,Morelia,Periférico Paseo de la República (Sector Independencia),HAZARD,1639.274193548387,792.1935483870968,810
22 ago 2024,MX,Morelia,Av. Morelos Sur,HAZARD,608.1428571428571,552.3809523809524,198
22 ago 2024,MX,Morelia,Antiguo Camino a la Huerta,null,837,584,2
22 ago 2024,MX,Morelia,Periférico Paseo de la República (Sector Independencia),null,1142.4117647058824,484.3137254901961,584
22 ago 2024,MX,Morelia,Av. Morelos Sur,null,533,677.6666666666666,13
22 ago 2024,MX,Morelia,Av. Francisco I. Madero Poniente,null,1272.90625,563.5625,284
22 ago 2024,MX,Morelia,Virrey Antonio de Bucareli,null,657,656,18
22 ago 2024,MX,Morelia,Batalla de Casa Mata,null,856,694,3
22 ago 2024,MX,Morelia,Periférico Paseo de la República (Sector Nueva España),null,1174.4455445544554,689.3366336633663,1727
22 ago 2024,MX,Morelia,Av. Alfredo Zalce,null,2012.3333333333333,314.3333333333333,22
22 ago 2024,MX,Morelia,Ventura Puente,null,849.5625,491.5,228
22 ago 2024,MX,Morelia,Av. Universidad,ACCIDENT,1601.5555555555557,1090,96
22 ago 2024,MX,Morelia,Av. Gral. Lázaro Cárdenas,null,1263,592.7777777777778,80
22 ago 2024,MX,Morelia,W. A. Mozart,null,530,390,77
22 ago 2024,MX,Morelia,Rey Tangaxoan II,null,806.8275862068965,692.448275862069,337
22 ago 2024,MX,Morelia,Rey Tariácuri,null,555.8,697.8,94
22 ago 2024,MX,Morelia,Héroe de Nacozari,HAZARD,676,673,11
23 ago 2024,MX,Morelia,Av. Universidad,null,865.6470588235294,922.1176470588235,86
23 ago 2024,MX,Morelia,Héroe de Nacozari,HAZARD,535,843.5,31
23 ago 2024,MX,Morelia,Batalla de Casa Mata,HAZARD,1012.3571428571429,513.2857142857143,191
23 ago 2024,MX,Morelia,Lateral Francisco I. Madero Ote.,null,735.6666666666666,571.1666666666666,35
23 ago 2024,MX,Morelia,Abasolo,null,710,523.6666666666666,85
23 ago 2024,MX,Morelia,General Francisco J. Múgica,null,556.6875,572.25,179
23 ago 2024,MX,Morelia,Periférico Paseo de la República (Sector Independencia),ACCIDENT,948.9090909090909,288.90909090909093,284
23 ago 2024,MX,Morelia,Av. Acueducto,null,754.2727272727273,392.27272727272725,181
23 ago 2024,MX,Morelia,Av. Morelos (N),null,1011.6,577.725,1381
23 ago 2024,MX,Morelia,Guillermo Prieto,HAZARD,776.7777777777778,723.6666666666666,83
23 ago 2024,MX,Morelia,Guillermo Prieto,null,705.5,303,30
23 ago 2024,MX,Morelia,Av. Michoacán,null,672.5,439.75,20
23 ago 2024,MX,Morelia,Av. Guadalupe Victoria,null,652.5,676.0625,66
23 ago 2024,MX,Morelia,Periférico Paseo de la República (Sector Revolución),HAZARD,1734.5254237288136,528.542372881356,1567
23 ago 2024,MX,Morelia,Av. Morelos Sur,HAZARD,550,402,13
23 ago 2024,MX,Morelia,Av. Morelos Sur,null,762.8333333333334,694.3333333333334,32
23 ago 2024,MX,Morelia,Av. Acueducto,HAZARD,1360,513.75,111
23 ago 2024,MX,Morelia,Periférico Paseo de la República (Sector Independencia),HAZARD,1384.546875,545.078125,1346
23 ago 2024,MX,Morelia,Av. Gral. Lázaro Cárdenas,null,1701.3111111111111,809.5777777777778,780
23 ago 2024,MX,Morelia,Av. Francisco I. Madero Oriente,null,1104,330.72727272727275,99
23 ago 2024,MX,Morelia,Ventura Puente,HAZARD,666,120.66666666666667,26
23 ago 2024,MX,Morelia,Periférico Paseo de la República (Sector Nueva España),HAZARD,1216.6,629.84,511
23 ago 2024,MX,Morelia,Artilleros de 1847,null,1107.9444444444443,483.77777777777777,341
23 ago 2024,MX,Morelia,Av. Francisco I. Madero Oriente,HAZARD,1877.5,456,97
23 ago 2024,MX,Morelia,Av. Francisco I. Madero Poniente,null,1692.357142857143,532.4285714285714,209
23 ago 2024,MX,Morelia,MEX-15 / Morelia - Jiquilpan,null,870.25,173.75,21
23 ago 2024,MX,Morelia,Blvd. García de León,null,829.5,496.3333333333333,196
23 ago 2024,CO,Morelia,La Unión-Roldanillo / RN23-02,null,5299.75,408.75,12
23 ago 2024,MX,Morelia,Av. Morelos (N),HAZARD,984.1639344262295,600.5737704918033,1056
23 ago 2024,MX,Morelia,Av. Solidaridad,null,755.7857142857143,854.8571428571429,219
23 ago 2024,MX,Morelia,Periférico Paseo de la República (Sector Revolución),null,1723.2014925373135,578.2164179104477,3294
23 ago 2024,MX,Morelia,Santos Degollado,null,690,391,28
23 ago 2024,MX,Morelia,Av. Juan Pablo II,HAZARD,862.4615384615385,361.6923076923077,185
23 ago 2024,MX,Morelia,Periférico Paseo de la República (Sector Independencia),null,1571.5061728395062,588.6913580246913,1389
23 ago 2024,MX,Morelia,Av. Juan Pablo II,null,1943,516,15
23 ago 2024,MX,Morelia,Av. Gral. Lázaro Cárdenas,HAZARD,1479,859.3,211
23 ago 2024,MX,Morelia,Ventura Puente,null,1139.4347826086957,494.7826086956522,411
23 ago 2024,MX,Morelia,Periférico Paseo de la República (Sector Nueva España),null,1502.6503496503497,636.5104895104895,3510
23 ago 2024,MX,Morelia,Rey Tangaxoan II,null,672.0444444444445,602.8888888888889,198
23 ago 2024,MX,Morelia,Francisco Márquez,null,625.2777777777778,548.1666666666666,138
23 ago 2024,MX,Morelia,Jesús Sansón Flores,null,571,616.5,26
23 ago 2024,MX,Morelia,Teniente Coronel Felipe Páramo,null,820,511,2
23 ago 2024,MX,Morelia,Batalla de Casa Mata,null,924.6666666666666,501.3333333333333,113
23 ago 2024,MX,Morelia,Antiguo Camino a la Huerta,null,1046,267,6
23 ago 2024,MX,Morelia,José Juan Tablada,null,807.0645161290323,506.258064516129,388
23 ago 2024,MX,Morelia,Calz. la Huerta,null,1002.3333333333334,415.22222222222223,132
24 ago 2024,MX,Morelia,Periférico Paseo de la República (Sector Independencia),null,898.9649122807018,502.17543859649123,1285
24 ago 2024,MX,Morelia,Av. Solidaridad,null,861.8775510204082,472.48979591836735,951
24 ago 2024,MX,Morelia,Guillermo Prieto,HAZARD,766.25,608.625,91
24 ago 2024,MX,Morelia,Allende,null,742.75,717.25,33
24 ago 2024,MX,Morelia,Francisco Márquez,null,757,362.2,39
24 ago 2024,MX,Morelia,Av. Nicolás Ballesteros,null,1260,788,5
24 ago 2024,MX,Morelia,Av. Morelos (N),HAZARD,967.188679245283,695.6603773584906,1217
24 ago 2024,MX,Morelia,Av. Morelos Sur,null,713.9230769230769,453.38461538461536,106
24 ago 2024,MX,Morelia,MEX-14 / Morelia - Pátzcuaro,null,1982,90,2
24 ago 2024,MX,Morelia,Calz. la Huerta,null,1147.8125,396.8125,176
24 ago 2024,MX,Morelia,Paseo de la República (Sector Nueva España),null,1163.1176470588234,474.4117647058824,624
24 ago 2024,MX,Morelia,Periférico Paseo de la República (Sector Revolución),HAZARD,1794.2,529.6666666666666,357
24 ago 2024,MX,Morelia,Periférico Paseo de la República (Sector Nueva España),null,1477.2222222222222,631.6851851851852,2642
24 ago 2024,MX,Morelia,Jesús Sansón Flores,null,560.2,414,65
24 ago 2024,MX,Morelia,Av. Morelos (N),null,1404.3,477.3,192
24 ago 2024,MX,Morelia,Av. Francisco I. Madero Poniente,null,826,366.3125,74
24 ago 2024,MX,Morelia,Periférico Paseo de la República (Sector Revolución),null,1405.5172413793102,333.60919540229884,4485
24 ago 2024,MX,Morelia,Héroe de Nacozari,HAZARD,709,635,23
24 ago 2024,MX,Morelia,Av. Guadalupe Victoria,null,749,691.8,181
24 ago 2024,MX,Morelia,Av. Francisco I. Madero Oriente,HAZARD,1325,214.76190476190476,256
24 ago 2024,MX,Morelia,Av. Francisco I. Madero Oriente,null,1171,437.5,26
24 ago 2024,MX,Morelia,Lateral Francisco I. Madero Ote.,null,677.8,584,29
24 ago 2024,MX,Morelia,Av. Universidad,null,986,560.6666666666666,18
24 ago 2024,MX,Morelia,Paseo de la República (Sector Nueva España),HAZARD,631.5,731.25,42
24 ago 2024,MX,Morelia,General Francisco J. Múgica,null,602,579,15
24 ago 2024,MX,Morelia,Av. Héroes de Nocupétaro,null,613.9090909090909,610.5454545454545,100
24 ago 2024,MX,Morelia,Batalla de Casa Mata,HAZARD,840.25,251,48
24 ago 2024,MX,Morelia,Virrey Antonio de Mendoza,null,1394.3333333333333,560.3333333333334,118
24 ago 2024,MX,Morelia,Ventura Puente,null,652.4,513,99
24 ago 2024,MX,Morelia,Av. Gral. Lázaro Cárdenas,null,1238.909090909091,561.9090909090909,159
24 ago 2024,MX,Morelia,Av. Gral. Lázaro Cárdenas,HAZARD,1574,1124,22
24 ago 2024,MX,Morelia,Av. Acueducto,null,623.4,397.8,74
24 ago 2024,MX,Morelia,División del Norte,null,594,508,4
24 ago 2024,MX,Morelia,Rey Tangaxoan II,null,688.5344827586207,770.0344827586207,278
25 ago 2024,MX,Morelia,Periférico Paseo de la República (Sector Nueva España),null,1288.6176470588234,374.52941176470586,426
25 ago 2024,MX,Morelia,Av. Gral. Lázaro Cárdenas,null,764.421052631579,619.3684210526316,119
25 ago 2024,MX,Morelia,Virrey Antonio de Mendoza,null,1322.5714285714287,375.42857142857144,65
25 ago 2024,MX,Morelia,Rey Tangaxoan II,HAZARD,620,519.6666666666666,6
25 ago 2024,MX,Morelia,Allende,null,645.875,622.75,38
25 ago 2024,MX,Morelia,Santiago Tapia,null,641,486.5,18
25 ago 2024,MX,Morelia,Antonio Alzate,null,607.5,626,18
25 ago 2024,MX,Morelia,Juan Ortega y Montañes,null,540,564,37
25 ago 2024,MX,Morelia,Manuel Muñiz,null,1055,545,6
25 ago 2024,MX,Morelia,Vicente Santa María,null,827.5,447,38
25 ago 2024,MX,Morelia,Av. Morelos Sur,null,1532.5,515.75,30
25 ago 2024,MX,Morelia,Gaspar de Villadiego,HAZARD,784,697,2
26 ago 2024,MX,Morelia,Av. Morelos (N),null,763.5,580.5,16
26 ago 2024,MX,Morelia,Margarita Maza de Juárez,HAZARD,705,438,12
26 ago 2024,MX,Morelia,Rey Tariácuri,null,721,639,7
26 ago 2024,MX,Morelia,Calz. la Huerta,null,1189.8846153846155,434.84615384615387,421
26 ago 2024,MX,Morelia,Periférico Paseo de la República (Sector Independencia),null,1212.3698630136987,602.082191780822,1170
26 ago 2024,MX,Morelia,Virrey Antonio de Bucareli,null,575,577,6
26 ago 2024,MX,Morelia,Av. Universidad,null,678.8888888888889,607.5555555555555,23
26 ago 2024,MX,Morelia,Periférico Paseo de la República (Sector Revolución),null,1928.1290322580646,558.2258064516129,697
26 ago 2024,MX,Morelia,General Francisco J. Múgica,null,561.5,547.5,21
26 ago 2024,MX,Morelia,Periférico Paseo de la República (Sector Independencia),HAZARD,1338.95,279.85,347
26 ago 2024,MX,Morelia,Av. Gral. Lázaro Cárdenas,null,1093,577,57
26 ago 2024,MX,Morelia,Paseo de la República (Sector Nueva España),null,1108.1666666666667,749.3333333333334,112
26 ago 2024,MX,Morelia,Periférico Paseo de la República (Sector Nueva España),null,967.05,377.975,929
26 ago 2024,MX,Morelia,Guillermo Prieto,HAZARD,799.7142857142857,472.57142857142856,43
26 ago 2024,MX,Morelia,Av. Morelos (N),HAZARD,796.2058823529412,648.0588235294117,479
26 ago 2024,MX,Morelia,Calz. la Huerta,ACCIDENT,1402,867.25,57
26 ago 2024,MX,Morelia,Av. Guadalupe Victoria,null,545.5,504,22
26 ago 2024,MX,Morelia,Av. Francisco I. Madero Poniente,null,952.6666666666666,567.3333333333334,21
26 ago 2024,MX,Morelia,Guillermo Prieto,null,1228,521,7
26 ago 2024,MX,Morelia,La Huerta,ACCIDENT,841,739.6666666666666,16
26 ago 2024,MX,Morelia,Ramal Camelinas,null,1955.25,753.125,96
26 ago 2024,MX,Morelia,Antiguo Camino a la Huerta,null,1039,678.6,38
26 ago 2024,MX,Morelia,Francisco Márquez,null,620.25,677.25,22
26 ago 2024,MX,Morelia,Rey Tangaxoan II,null,677,589.3333333333334,45
27 ago 2024,MX,Morelia,Juan Ortega y Montañes,null,629,470.75,25
27 ago 2024,MX,Morelia,Periférico Paseo de la República (Sector Independencia),null,1241.2631578947369,551.1842105263158,1281
27 ago 2024,MX,Morelia,Av. Cerro del Quinceo,HAZARD,598,557,18
27 ago 2024,MX,Morelia,Rey Tangaxoan II,null,739.516129032258,572.6451612903226,145
27 ago 2024,MX,Morelia,Juán José de Lejarza,null,518,495.75,38
27 ago 2024,MX,Morelia,Paseo de la República (Sector Nueva España),null,651.3333333333334,386,25
27 ago 2024,MX,Morelia,Rey Tariácuri,null,509,967.5,4
27 ago 2024,MX,Morelia,Av. Universidad,null,616.2727272727273,499,53
27 ago 2024,MX,Morelia,Paseo de la República (Sector República),null,1367.5625,502.125,106
27 ago 2024,MX,Morelia,Periférico Paseo de la República (Sector Independencia),HAZARD,1093.6666666666667,413.44444444444446,207
27 ago 2024,MX,Morelia,Antiguo Camino a la Huerta,null,911.7142857142857,493.42857142857144,19
27 ago 2024,MX,Morelia,Allende,null,885.2857142857143,480.57142857142856,48
27 ago 2024,MX,Morelia,Av. Gral. Lázaro Cárdenas,null,1054.4285714285713,494.57142857142856,89
27 ago 2024,MX,Morelia,Periférico Paseo de la República (Sector Revolución),null,1824.6521739130435,519.6086956521739,426
27 ago 2024,MX,Morelia,Av. Morelos (N),HAZARD,1035.5882352941176,743.1176470588235,290
27 ago 2024,MX,Morelia,Periférico Paseo de la República (Sector Nueva España),null,948.9636363636364,341.45454545454544,964
27 ago 2024,MX,Morelia,Margarita Maza de Juárez,null,771,606,7
27 ago 2024,MX,Morelia,Av. Francisco I. Madero Oriente,HAZARD,2213,312.14285714285717,73
27 ago 2024,MX,Morelia,Av. Francisco I. Madero Poniente,null,1668.9444444444443,644.5,308
27 ago 2024,MX,Morelia,Av. Michoacán,null,764.4285714285714,361.14285714285717,49
27 ago 2024,CO,Morelia,Pereira-Alcalá / RD29-03,null,777.2222222222222,376.22222222222223,27
28 ago 2024,MX,Morelia,Juán José de Lejarza,null,638,744.75,19
28 ago 2024,MX,Morelia,Héroes Anónimos de la Independencia,null,1132,457,45
28 ago 2024,MX,Morelia,Lateral Francisco I. Madero Ote.,HAZARD,1141.5,750.3333333333334,41
28 ago 2024,MX,Morelia,Av. Héroes de Nocupétaro,null,520,518.5,8
28 ago 2024,MX,Morelia,Periférico Paseo de la República (Sector Nueva España),HAZARD,592.5,170,28
28 ago 2024,MX,Morelia,Paseo de la República (Sector República),null,2053.6363636363635,310.6363636363636,186
28 ago 2024,MX,Morelia,W. A. Mozart,null,530,378.5,16
28 ago 2024,MX,Morelia,General Francisco J. Múgica,null,528.3,425.8,82
28 ago 2024,MX,Morelia,Av. Universidad,null,681.5217391304348,484.2173913043478,172
28 ago 2024,MX,Morelia,Periférico Paseo de la República (Sector República),null,1318.8,291.04,348
28 ago 2024,MX,Morelia,Av. Solidaridad,null,626,351,102
28 ago 2024,MX,Morelia,Santos Degollado,null,548,387,6
28 ago 2024,MX,Morelia,Rey Tariácuri,HAZARD,598,671.25,23
28 ago 2024,MX,Morelia,Paseo de la República (Sector Nueva España),null,784.1666666666666,601.1666666666666,116
28 ago 2024,MX,Morelia,Av. Guadalupe Victoria,null,643.4,519.8,41
28 ago 2024,MX,Morelia,MEX-15 / Morelia - Jiquilpan,HAZARD,928.8571428571429,516.5714285714286,63
28 ago 2024,MX,Morelia,Gertrudis Bocanegra,null,699,465,4
28 ago 2024,MX,Morelia,Periférico Paseo de la República (Sector Independencia),null,1214.9166666666667,446.6666666666667,1955
28 ago 2024,MX,Morelia,Periférico Paseo de la República (Sector Independencia),HAZARD,559,210,11
28 ago 2024,MX,Morelia,Av. Francisco I. Madero Poniente,HAZARD,1728,561.3333333333334,23
28 ago 2024,MX,Morelia,Av. Francisco I. Madero Oriente,null,1391,562.7692307692307,133
28 ago 2024,MX,Morelia,MEX-15 / Morelia - Jiquilpan,null,2744,604,4
28 ago 2024,MX,Morelia,Periférico Paseo de la República (Sector Revolución),null,1533.451923076923,441.9807692307692,1919
28 ago 2024,MX,Morelia,Rey Tariácuri,null,678,706,24
28 ago 2024,MX,Morelia,Margarita Maza de Juárez,null,787.5714285714286,430.2857142857143,67
28 ago 2024,MX,Morelia,Av. Pedregal,null,709.25,693.75,27
28 ago 2024,MX,Morelia,Av. Morelos Sur,null,573,372.2,72
28 ago 2024,MX,Morelia,Héroe de Nacozari,HAZARD,535,739.75,37
28 ago 2024,MX,Morelia,Av. Morelos (N),HAZARD,872.1764705882352,708.4705882352941,191
28 ago 2024,MX,Morelia,Periférico Paseo de la República (Sector Nueva España),null,1367.5636363636363,485.3454545454546,1270
28 ago 2024,MX,Morelia,Av. Francisco I. Madero Poniente,ACCIDENT,1358.6666666666667,424.6666666666667,97
28 ago 2024,MX,Morelia,Antiguo Camino a la Huerta,null,905,608.3333333333334,4
28 ago 2024,MX,Morelia,Av. Francisco I. Madero Poniente,null,1403.513888888889,529.125,580
28 ago 2024,MX,Morelia,Av. Francisco I. Madero Oriente,HAZARD,1335.1639344262296,373.0655737704918,629
29 ago 2024,MX,Morelia,Av. Fuentes de Morelia,null,816.4444444444445,695.3333333333334,105
29 ago 2024,MX,Morelia,Paseo de la República (Sector Nueva España),null,1143.9411764705883,544.4901960784314,453
29 ago 2024,MX,Morelia,Francisco Márquez,HAZARD,556,584.25,17
29 ago 2024,MX,Morelia,Héroes Anónimos de la Independencia,null,1132,347.2,17
29 ago 2024,MX,Morelia,Antiguo Camino a la Huerta,null,1040.5,519.7,23
29 ago 2024,MX,Morelia,Periférico Paseo de la República (Sector Independencia),null,1160.3548387096773,568.7983870967741,1967
29 ago 2024,MX,Morelia,Gral. Martín Castrejón,HAZARD,657.2727272727273,447.3636363636364,68
29 ago 2024,MX,Morelia,Periférico Paseo de la República (Sector Revolución),null,1713.3650793650793,460.42857142857144,1197
29 ago 2024,MX,Morelia,Margarita Maza de Juárez,HAZARD,672.2727272727273,616.4545454545455,74
29 ago 2024,MX,Morelia,Av. San José del Cerrito,null,540,490,54
29 ago 2024,MX,Morelia,Nogal,null,557,625.75,17
29 ago 2024,MX,Morelia,Vicente Santa María,null,535,900,3
29 ago 2024,MX,Morelia,Alberto Alvarado,null,721.875,427.5,104
29 ago 2024,MX,Morelia,General Francisco J. Múgica,null,770.2954545454545,640.75,977
29 ago 2024,MX,Morelia,Av. Guadalupe Victoria,null,713,591.6666666666666,22
29 ago 2024,MX,Morelia,Av. Acueducto,null,738,348,13
29 ago 2024,MX,Morelia,Av. Guadalupe Victoria,HAZARD,974.6666666666666,742,28
29 ago 2024,MX,Morelia,Isidro Huarte,null,783.3333333333334,742.6666666666666,24
29 ago 2024,MX,Morelia,Periférico Paseo de la República (Sector Nueva España),null,1099.6161616161617,482.1515151515151,1917
29 ago 2024,MX,Morelia,Margarita Maza de Juárez,null,775.1666666666666,453.96666666666664,324
29 ago 2024,MX,Morelia,Av. Universidad,null,1184.3543307086613,1204.0393700787401,1590
29 ago 2024,MX,Morelia,Av. Morelos Sur,null,565,512,8
29 ago 2024,MX,Morelia,Av. Solidaridad,null,773.4864864864865,678.1621621621622,422
29 ago 2024,MX,Morelia,Juán José de Lejarza,null,632.75,444.5,28
29 ago 2024,MX,Morelia,Av. Gral. Lázaro Cárdenas,null,1458.2857142857142,465.2857142857143,88
29 ago 2024,MX,Morelia,Av. Morelos (N),HAZARD,828.1276595744681,673.8510638297872,576
29 ago 2024,MX,Morelia,La Huerta,null,841,490.6,43
29 ago 2024,MX,Morelia,Av. Francisco I. Madero Poniente,null,1232.2,502,45
29 ago 2024,MX,Morelia,Periférico Paseo de la República (Sector Independencia),HAZARD,1156.3333333333333,721,33
29 ago 2024,MX,Morelia,Calz. la Huerta,null,1205.8461538461538,534.7692307692307,188
29 ago 2024,MX,Morelia,Av. Solidaridad,ACCIDENT,895.4444444444445,916.8333333333334,397
29 ago 2024,MX,Morelia,Ocampo,null,833.6470588235294,596.5294117647059,195
30 ago 2024,MX,Morelia,Av. San José del Cerrito,null,660.6666666666666,559.3333333333334,12
30 ago 2024,MX,Morelia,Calz. la Huerta,HAZARD,1874,748.5,70
30 ago 2024,MX,Morelia,Blvd. García de León,null,904.3,480.3,166
30 ago 2024,MX,Morelia,Rey Tariácuri,HAZARD,509,532,10
30 ago 2024,MX,Morelia,Av. Universidad,null,764.3684210526316,510.8421052631579,149
30 ago 2024,MX,Morelia,Margarita Maza de Juárez,null,950.2222222222222,590.5555555555555,120
30 ago 2024,MX,Morelia,MEX-15 / Morelia - Jiquilpan,ACCIDENT,1178.8235294117646,507.29411764705884,129
30 ago 2024,MX,Morelia,Av. Guadalupe Victoria,null,778.6666666666666,693.5333333333333,156
30 ago 2024,MX,Morelia,Av. Michoacán,null,886.1538461538462,604.4615384615385,85
30 ago 2024,MX,Morelia,Av. Francisco I. Madero Poniente,null,1100.7755102040817,609.8163265306123,718
30 ago 2024,MX,Morelia,Paseo de la República (Sector Nueva España),HAZARD,859.25,332.875,95
30 ago 2024,MX,Morelia,Cuautla,null,817.7368421052631,430.4736842105263,135
30 ago 2024,MX,Morelia,Periférico Paseo de la República (Sector Revolución),null,1658.877049180328,531.3852459016393,2483
30 ago 2024,MX,Morelia,Av. Michoacán,HAZARD,855,523,6
30 ago 2024,MX,Morelia,Calz. la Huerta,null,1247.7,267.7,171
30 ago 2024,MX,Morelia,Batalla de Casa Mata,null,1143.142857142857,617.2857142857143,99
30 ago 2024,MX,Morelia,Aquiles Serdán,null,807.4117647058823,679.2352941176471,195
30 ago 2024,MX,Morelia,20 de Noviembre,null,985.4,528.4,39
30 ago 2024,MX,Morelia,Juán José de Lejarza,null,516,433,22
30 ago 2024,MX,Morelia,Av. Morelos (N),HAZARD,872.0819672131148,702.688524590164,1010
30 ago 2024,MX,Morelia,Av. Francisco I. Madero Oriente,null,1083.2857142857142,492.42857142857144,170
30 ago 2024,MX,Morelia,Francisco Márquez,null,714.6,910.2,30
30 ago 2024,MX,Morelia,Av. Acueducto,null,747,708,12
30 ago 2024,MX,Morelia,Av. Siervo de la Nación,null,731,497.5,8
30 ago 2024,MX,Morelia,MEX-15 / Morelia - Jiquilpan,HAZARD,1416.125,801.5,49
30 ago 2024,MX,Morelia,Corregidora,null,990.5,724.0625,119
30 ago 2024,MX,Morelia,Eduardo Ruiz,null,728,496.5,10
30 ago 2024,MX,Morelia,Rey Tangaxoan II,null,927.8,796.6,81
30 ago 2024,MX,Morelia,Lateral Francisco I. Madero Ote.,null,931.3333333333334,719.6666666666666,40
30 ago 2024,MX,Morelia,Av. Héroes de Nocupétaro,null,770.1194029850747,558.3731343283582,565
30 ago 2024,MX,Morelia,MICH-171 / Antigua Carretera a Pátzcuaro,null,761.625,538.875,48
30 ago 2024,MX,Morelia,Av. Guadalupe Victoria,HAZARD,877,681,8
30 ago 2024,MX,Morelia,Av. Gral. Lázaro Cárdenas,null,1462.3823529411766,676.2352941176471,649
30 ago 2024,MX,Morelia,Periférico Paseo de la República (Sector Independencia),HAZARD,1488.09375,670.125,640
30 ago 2024,MX,Morelia,General Francisco J. Múgica,null,561.3571428571429,533.3571428571429,58
30 ago 2024,MX,Morelia,Av. Morelos Sur,null,860,516.5,19
30 ago 2024,MX,Morelia,Carpinteros de Paracho,null,663.75,433,22
30 ago 2024,MX,Morelia,Santiago Tapia,null,721,679,28
30 ago 2024,MX,Morelia,Ventura Puente,null,1063.375,592.875,168
30 ago 2024,MX,Morelia,MEX-15 / Morelia - Jiquilpan,null,1406.7,389,77
30 ago 2024,MX,Morelia,Margarita Maza de Juárez,HAZARD,767,599.6666666666666,18
30 ago 2024,MX,Morelia,Teniente Coronel Felipe Páramo,null,820,582,3
30 ago 2024,MX,Morelia,MEX-14 / Morelia - Pátzcuaro,HAZARD,1982,613,21
30 ago 2024,MX,Morelia,José Juan Tablada,HAZARD,733.25,500.0833333333333,116
30 ago 2024,MX,Morelia,MEX-14 / Morelia - Pátzcuaro,null,1296.5,977.25,31
30 ago 2024,MX,Morelia,Allende,null,603,489.3333333333333,8
30 ago 2024,MX,Morelia,Artilleros de 1847,null,606,389,10
30 ago 2024,MX,Morelia,Av. Morelos (N),null,1144.888888888889,624.3333333333334,310
30 ago 2024,MX,Morelia,Av. Periodismo,null,1194,545,12
30 ago 2024,MX,Morelia,Rey Tangaxoan II,HAZARD,629.1111111111111,622.7777777777778,34
30 ago 2024,MX,Morelia,Periférico Paseo de la República (Sector Nueva España),null,1274.2597402597403,689.7662337662338,1924
30 ago 2024,MX,Morelia,Héroe de Nacozari,HAZARD,709,854.75,52
30 ago 2024,MX,Morelia,José Juan Tablada,null,1130,557,15
30 ago 2024,MX,Morelia,Paseo de la República (Sector Nueva España),null,811.3684210526316,487.42105263157896,116
30 ago 2024,MX,Morelia,Periférico Paseo de la República (Sector Independencia),null,1537,549.1212121212121,545
30 ago 2024,MX,Morelia,Antiguo Camino a la Huerta,null,974.6875,582.0625,65
30 ago 2024,MX,Morelia,Vicente Santa María,HAZARD,745,996,9
30 ago 2024,MX,Morelia,Av. Francisco I. Madero Poniente,HAZARD,2317.1666666666665,892.2777777777778,404
31 ago 2024,MX,Morelia,MICH-171 / Antigua Carretera a Pátzcuaro,null,818.2727272727273,263.72727272727275,114
31 ago 2024,MX,Morelia,Periférico Paseo de la República (Sector Independencia),null,1752.6432748538011,535.3333333333334,5352
31 ago 2024,MX,Morelia,Antiguo Camino a la Huerta,HAZARD,707.1111111111111,418.22222222222223,32
31 ago 2024,MX,Morelia,Calz. la Huerta,null,729,155,16
31 ago 2024,MX,Morelia,Guillermo Prieto,null,684.8333333333334,693.3333333333334,50
31 ago 2024,MX,Morelia,Av. Guadalupe Victoria,null,658.1578947368421,669,150
31 ago 2024,MX,Morelia,Av. Periodismo,null,1078.327731092437,568.1176470588235,977
31 ago 2024,MX,Morelia,Calz. la Huerta,HAZARD,1610.909090909091,500.27272727272725,586
31 ago 2024,MX,Morelia,Héroes Anónimos de la Independencia,null,713.2777777777778,345.3888888888889,169
31 ago 2024,MX,Morelia,Periférico Paseo de la República (Sector Revolución),null,1453.9642857142858,370.1845238095238,5371
31 ago 2024,MX,Morelia,Paseo de la República (Sector Nueva España),null,810.3,293.9,61
31 ago 2024,MX,Morelia,Av. Francisco I. Madero Poniente,HAZARD,986.2,534,31
31 ago 2024,MX,Morelia,Av. San Juanito Itzícuaro,null,747,1555,2
31 ago 2024,MX,Morelia,Av. Morelos Sur,null,513,487,7
31 ago 2024,MX,Morelia,MEX-15 / Morelia - Jiquilpan,HAZARD,1895.8,570.8,58
31 ago 2024,MX,Morelia,Av. Gral. Lázaro Cárdenas,null,1402,607,28
31 ago 2024,MX,Morelia,Periférico Paseo de la República (Sector Independencia),HAZARD,1519.3793103448277,719.9310344827586,625
31 ago 2024,MX,Morelia,W. A. Mozart,null,663,527.5,22
31 ago 2024,MX,Morelia,Periférico Paseo de la República (Sector Nueva España),null,1144.6404494382023,389.76404494382024,2287
31 ago 2024,MX,Morelia,Av. Francisco I. Madero Poniente,null,1094.7142857142858,556.1428571428571,30
31 ago 2024,MX,Morelia,MEX-15 / Morelia - Jiquilpan,null,1388,630,6
31 ago 2024,MX,Morelia,Av. Francisco I. Madero Oriente,null,842.625,639.0416666666666,247
31 ago 2024,MX,Morelia,Periférico Paseo de la República (Sector República),null,1558.909090909091,609.4545454545455,190
31 ago 2024,MX,Morelia,Periférico Paseo de la República (Sector República),ACCIDENT,785.5151515151515,328.42424242424244,455
31 ago 2024,MX,Morelia,Héroe de Nacozari,HAZARD,619.25,696.9375,158
31 ago 2024,MX,Morelia,Av. del Estudiante,null,570,540,28
31 ago 2024,MX,Morelia,Av. Guadalupe Victoria,HAZARD,509,444,5
31 ago 2024,MX,Morelia,MEX-14 / Morelia - Pátzcuaro,HAZARD,1074,259.14285714285717,108
31 ago 2024,MX,Morelia,Av. Morelos (N),null,1715.9777777777779,1008.4888888888889,1257
31 ago 2024,MX,Morelia,Av. Universidad,null,800.4791666666666,721.9375,408
31 ago 2024,MX,Morelia,Av. Solidaridad,null,963,510,13
31 ago 2024,MX,Morelia,Eduardo Ruiz,null,627.5,605,16
31 ago 2024,MX,Morelia,José Juan Tablada,HAZARD,808.6,456.8,166
31 ago 2024,MX,Morelia,Av. Periodismo,HAZARD,1456.1818181818182,751.5454545454545,93
31 ago 2024,MX,Morelia,Av. Héroes de Nocupétaro,null,878.6666666666666,537,34
31 ago 2024,MX,Morelia,Calz. Juárez,null,766,1259,6
1 sept 2024,MX,Morelia,Allende,null,603,541,4
1 sept 2024,MX,Morelia,Av. Francisco I. Madero Poniente,null,872.8,399,29
1 sept 2024,MX,Morelia,Paseo de la República (Sector Nueva España),null,705.6666666666666,363,42
1 sept 2024,MX,Morelia,Periférico Paseo de la República (Sector Independencia),HAZARD,1323.6486486486488,512.2702702702703,785
1 sept 2024,MX,Morelia,Rey Tangaxoan II,null,660,392,16
1 sept 2024,MX,Morelia,Av. Gral. Lázaro Cárdenas,null,828,669.75,12
1 sept 2024,MX,Morelia,Av. Francisco I. Madero Oriente,null,683,548.75,55
1 sept 2024,MX,Morelia,MEX-15 / Morelia - Jiquilpan,HAZARD,2534.1428571428573,559.7142857142857,70
1 sept 2024,MX,Morelia,MEX-15 / Morelia - Jiquilpan,null,789,198,54
1 sept 2024,MX,Morelia,Aquiles Serdán,null,567.5,859.5,16
1 sept 2024,MX,Morelia,Av. Morelos Sur,null,608.1666666666666,506.6666666666667,75
1 sept 2024,MX,Morelia,Periférico Paseo de la República (Sector Nueva España),null,650,481,9
1 sept 2024,MX,Morelia,Av. Francisco I. Madero Poniente,HAZARD,665,419,47
1 sept 2024,MX,Morelia,Abasolo,null,577,855,13
1 sept 2024,MX,Morelia,Gaspar de Villadiego,HAZARD,624,502,6
1 sept 2024,MX,Morelia,MEX-14 / Morelia - Pátzcuaro,HAZARD,1359,62,2
1 sept 2024,MX,Morelia,Av. Fuentes de Morelia,null,818,463.6,56
2 sept 2024,MX,Morelia,General Francisco J. Múgica,HAZARD,546,525,10
2 sept 2024,MX,Morelia,Av. Morelos (N),HAZARD,933.7941176470588,704.1176470588235,415
2 sept 2024,MX,Morelia,Antiguo Camino a la Huerta,null,781.2666666666667,642.8,37
2 sept 2024,MX,Morelia,Av. Acueducto,ACCIDENT,938,1313.4,48
2 sept 2024,MX,Morelia,Periférico Paseo de la República (Sector Independencia),null,1188.8809523809523,548.2619047619048,498
2 sept 2024,CO,Morelia,Pereira-Alcalá / RD29-03,null,1503.357142857143,310.7857142857143,53
2 sept 2024,MX,Morelia,Av. Guadalupe Victoria,null,826.5,679,10
2 sept 2024,MX,Morelia,Periférico Paseo de la República (Sector Revolución),null,1561.360655737705,414.40983606557376,2705
2 sept 2024,MX,Morelia,Francisco Márquez,HAZARD,556,429.7142857142857,51
2 sept 2024,MX,Morelia,Héroe de Nacozari,null,637,418,13
2 sept 2024,MX,Morelia,Francisco Márquez,null,620.25,576.25,27
2 sept 2024,MX,Morelia,Ventura Puente,null,821.5,712.5,38
2 sept 2024,MX,Morelia,MEX-15 / Morelia - Jiquilpan,HAZARD,689.4285714285714,489.2857142857143,33
2 sept 2024,MX,Morelia,Av. Gral. Lázaro Cárdenas,null,1450.0714285714287,695.7857142857143,240
2 sept 2024,MX,Morelia,Av. Francisco I. Madero Oriente,HAZARD,1426,330.77777777777777,91
2 sept 2024,MX,Morelia,Av. Acueducto,null,866.3846153846154,1017.7692307692307,91
2 sept 2024,MX,Morelia,Antiguo Camino a la Huerta,HAZARD,886,537.25,10
2 sept 2024,MX,Morelia,Av. Francisco I. Madero Poniente,null,966.7692307692307,412.2307692307692,97
2 sept 2024,MX,Morelia,Rey Tangaxoan II,null,600,561.6666666666666,8
2 sept 2024,MX,Morelia,Av. Guadalupe Victoria,HAZARD,788.25,513,21
2 sept 2024,MX,Morelia,Gral. Mariano Monterde,null,524,433.6666666666667,16
2 sept 2024,MX,Morelia,Av. Cerro del Quinceo,HAZARD,558,489,10
2 sept 2024,MX,Morelia,Margarita Maza de Juárez,null,664.3333333333334,370.3333333333333,22
2 sept 2024,MX,Morelia,Av. Morelos (N),null,1213.5,934.9444444444445,443
2 sept 2024,MX,Morelia,Ventura Puente,HAZARD,1117,811.3333333333334,80
2 sept 2024,MX,Morelia,Av. Héroes de Nocupétaro,null,582.8888888888889,412.3333333333333,58
2 sept 2024,MX,Morelia,Av. Michoacán,null,553,426.5,8
2 sept 2024,MX,Morelia,Héroe de Nacozari,HAZARD,565,469,12
2 sept 2024,MX,Morelia,Av. Morelos (N),ACCIDENT,639.5,893,17
2 sept 2024,MX,Morelia,Av. Siervo de la Nación,null,629.5,356,9
2 sept 2024,MX,Morelia,Av. Francisco I. Madero Poniente,ACCIDENT,2162,734.25,60
2 sept 2024,MX,Morelia,Periférico Paseo de la República (Sector Nueva España),null,978.0392156862745,387.078431372549,1066
2 sept 2024,MX,Morelia,Rey Tariácuri,HAZARD,550.25,573.4166666666666,65
2 sept 2024,MX,Morelia,Av. Universidad,null,985.7692307692307,858.0769230769231,110
2 sept 2024,MX,Morelia,Av. Francisco I. Madero Poniente,HAZARD,1464,818,14
2 sept 2024,MX,Morelia,Manantial de Quinceo,null,534,429.5,8
3 sept 2024,MX,Morelia,Av. Guadalupe Victoria,HAZARD,659.8,497.4,22
3 sept 2024,MX,Morelia,Cuautla,null,872.4,432.8,34
3 sept 2024,MX,Morelia,Margarita Maza de Juárez,null,688.75,937,118
3 sept 2024,MX,Morelia,Antiguo Camino a la Huerta,HAZARD,696,666,6
3 sept 2024,MX,Morelia,Periférico Paseo de la República (Sector Independencia),HAZARD,1052.8620689655172,484.3448275862069,734
3 sept 2024,MX,Morelia,La Huerta,HAZARD,800,905.6666666666666,17
3 sept 2024,MX,Morelia,Av. Universidad,null,936.8260869565217,760.5434782608696,370
3 sept 2024,MX,Morelia,Calz. Juárez,null,585,469.25,19
3 sept 2024,MX,Morelia,Periférico Paseo de la República (Sector Independencia),null,1324.8,646.7130434782608,1876
3 sept 2024,MX,Morelia,Héroe de Nacozari,null,735,575,8
3 sept 2024,MX,Morelia,Periférico Paseo de la República (Sector Revolución),null,1720.351851851852,487.1296296296296,1182
3 sept 2024,MX,Morelia,General Francisco J. Múgica,null,782.5813953488372,689.953488372093,343
3 sept 2024,MX,Morelia,Rey Tangaxoan II,HAZARD,623.5,655.5,9
3 sept 2024,MX,Morelia,Av. Acueducto,null,738,723.5,13
3 sept 2024,MX,Morelia,Av. Periodismo,null,1550.8,950.1,437
3 sept 2024,MX,Morelia,La Huerta,null,870.1578947368421,1207,102
3 sept 2024,MX,Morelia,Av. Francisco I. Madero Poniente,HAZARD,1356.5,665.4285714285714,165
3 sept 2024,MX,Morelia,Periférico Paseo de la República (Sector Nueva España),null,1026.2307692307693,484.46153846153845,340
3 sept 2024,MX,Morelia,Av. La Joya,null,1005.1666666666666,520,36
3 sept 2024,MX,Morelia,Antiguo Camino a la Huerta,null,628,326.5,25
3 sept 2024,MX,Morelia,Av. Michoacán,null,791.8235294117648,487.70588235294116,115
3 sept 2024,MX,Morelia,Calz. la Huerta,HAZARD,596.2857142857143,340.85714285714283,143
3 sept 2024,MX,Morelia,Guillermo Prieto,null,834.1666666666666,559.1666666666666,37
3 sept 2024,MX,Morelia,Av. Universidad,HAZARD,1026,380,91
3 sept 2024,MX,Morelia,Calz. la Huerta,null,1278.375,824.375,277
3 sept 2024,MX,Morelia,Av. Miguel Hidalgo,null,552.0714285714286,538.3571428571429,97
3 sept 2024,MX,Morelia,Av. Gral. Lázaro Cárdenas,null,1274.6,604,49
3 sept 2024,MX,Morelia,Av. Francisco I. Madero Poniente,null,1376.8602150537633,622.8064516129032,980
3 sept 2024,MX,Morelia,Av. Guadalupe Victoria,null,638.2,480.6,59
3 sept 2024,MX,Morelia,Av. Morelos (N),HAZARD,836.4677419354839,679.8225806451613,927
4 sept 2024,MX,Morelia,Gertrudis Bocanegra,null,825.5,443.5,12
4 sept 2024,MX,Morelia,Av. Gral. Lázaro Cárdenas,null,1907,600,19
4 sept 2024,MX,Morelia,Periférico Paseo de la República (Sector Revolución),null,1827.4262295081967,515.8032786885246,1408
4 sept 2024,MX,Morelia,Av. Universidad,null,797.6,772.9,145
4 sept 2024,MX,Morelia,Allende,null,1003.6666666666666,618.6666666666666,18
4 sept 2024,MX,Morelia,Av. Juárez,null,833.6666666666666,563,7
4 sept 2024,MX,Morelia,Av. Miguel Hidalgo,null,536.1428571428571,578.1428571428571,28
4 sept 2024,MX,Morelia,Av. Francisco I. Madero Poniente,null,1129.4574468085107,635,770
4 sept 2024,MX,Morelia,La Huerta,HAZARD,581,549.5,6
4 sept 2024,MX,Morelia,Lateral Francisco I. Madero Ote.,null,598.6666666666666,667,44
4 sept 2024,MX,Morelia,Av. San José del Cerrito,null,656.8571428571429,325.14285714285717,28
4 sept 2024,MX,Morelia,Santiago Tapia,HAZARD,705.6,473,31
4 sept 2024,MX,Morelia,Av. Acueducto,null,876,476.6666666666667,20
4 sept 2024,MX,Morelia,Av. Acueducto,HAZARD,697.6,472,45
4 sept 2024,MX,Morelia,Margarita Maza de Juárez,null,1382,468,14
4 sept 2024,MX,Morelia,La Huerta,null,817.4666666666667,346.93333333333334,67
4 sept 2024,MX,Morelia,Calz. la Huerta,null,1064.962962962963,518.7962962962963,551
4 sept 2024,MX,Morelia,Rey Tariácuri,HAZARD,509,546,5
4 sept 2024,MX,Morelia,Av. Francisco I. Madero Oriente,HAZARD,1602.3103448275863,444.8965517241379,332
4 sept 2024,MX,Morelia,Calz. la Huerta,HAZARD,862.125,424.75,75
4 sept 2024,MX,Morelia,Av. Francisco I. Madero Poniente,HAZARD,1067,516,15
4 sept 2024,MX,Morelia,Antiguo Camino a la Huerta,HAZARD,1099.2222222222222,544.2222222222222,52
4 sept 2024,MX,Morelia,Periférico Paseo de la República (Sector Independencia),null,1450.4,786.8642857142858,2573
4 sept 2024,MX,Morelia,Lago de Pátzcuaro,null,791.5,466.5,4
4 sept 2024,MX,Morelia,Paseo de la República (Sector Nueva España),null,733.5,512.5,15
4 sept 2024,MX,Morelia,Av. Francisco I. Madero Oriente,null,1233.909090909091,417.8181818181818,120
4 sept 2024,MX,Morelia,Av. Michoacán,null,651,1020.5,11
4 sept 2024,CO,Morelia,Pereira-Alcalá / RD29-03,null,1377.8,295.3,58
4 sept 2024,MX,Morelia,Av. Solidaridad,null,630,482,22
4 sept 2024,MX,Morelia,Héroe de Nacozari,null,676,583,17
4 sept 2024,MX,Morelia,General Francisco J. Múgica,null,519.75,592.125,46
4 sept 2024,MX,Morelia,Calz. Juárez,null,585,259.5,8
4 sept 2024,MX,Morelia,Av. Fuentes de Morelia,null,560,453.5,10
4 sept 2024,MX,Morelia,Juán José de Lejarza,null,524.4,326,36
4 sept 2024,MX,Morelia,Antiguo Camino a la Huerta,null,868.35,600.8,45
4 sept 2024,MX,Morelia,Periférico Paseo de la República (Sector Nueva España),null,1119.9142857142858,467.2,934
4 sept 2024,MX,Morelia,Rey Tangaxoan II,HAZARD,596.6666666666666,554.5833333333334,28
5 sept 2024,MX,Morelia,Periférico Paseo de la República (Sector Revolución),null,1647.7215189873418,442.26582278481015,1664
5 sept 2024,MX,Morelia,Antiguo Camino a la Huerta,null,1095,663.4,17
5 sept 2024,MX,Morelia,Av. Francisco I. Madero Poniente,HAZARD,1176.6,448.8,97
5 sept 2024,MX,Morelia,Lateral Francisco I. Madero Ote.,null,1062.8620689655172,534.4827586206897,216
5 sept 2024,MX,Morelia,Av. San José del Cerrito,ACCIDENT,721.5,467.5,6
5 sept 2024,MX,Morelia,Av. Solidaridad,null,668.625,680,55
5 sept 2024,MX,Morelia,Av. Francisco I. Madero Poniente,null,1083.75,477.6607142857143,637
5 sept 2024,MX,Morelia,Paseo de la República (Sector Nueva España),null,748,891.1666666666666,44
5 sept 2024,MX,Morelia,MEX-14 / Morelia - Pátzcuaro,null,611,489.4,107
5 sept 2024,MX,Morelia,Periférico Paseo de la República (Sector Revolución),ACCIDENT,1443.851851851852,402.6296296296296,562
5 sept 2024,MX,Morelia,Cuautla,null,741,408.25,38
5 sept 2024,MX,Morelia,Av. Morelos (N),null,1175.5,288.5,42
5 sept 2024,MX,Morelia,Héroe de Nacozari,null,535,784,8
5 sept 2024,MX,Morelia,Av. Morelos (N),HAZARD,822.4761904761905,487.1904761904762,594
5 sept 2024,MX,Morelia,Av. Acueducto,null,874.3333333333334,720,23
5 sept 2024,MX,Morelia,Periférico Paseo de la República (Sector Nueva España),null,1063.84,464.2,647
5 sept 2024,MX,Morelia,Periférico Paseo de la República (Sector Independencia),null,1335.96875,760.14375,3253
5 sept 2024,MX,Morelia,Av. Universidad,null,1197.6,634.8,52
5 sept 2024,MX,Morelia,Av. Miguel Hidalgo,null,625.2857142857143,613.7142857142857,44
5 sept 2024,MX,Morelia,Av. Gral. Lázaro Cárdenas,null,1851.625,794.25,106
5 sept 2024,MX,Morelia,Calz. la Huerta,null,883.1538461538462,378.2307692307692,177
5 sept 2024,MX,Morelia,Av. Michoacán,HAZARD,708.4,404.4,48
5 sept 2024,MX,Morelia,Margarita Maza de Juárez,null,800,502,11
5 sept 2024,MX,Morelia,Av. Héroes de Nocupétaro,null,520,478,18
5 sept 2024,MX,Morelia,Av. Fuentes de Morelia,null,953,578.4,46
5 sept 2024,MX,Morelia,Francisco Márquez,HAZARD,656.5,551.25,31
5 sept 2024,MX,Morelia,Periférico Paseo de la República (Sector Independencia),HAZARD,999.4,427.2,81
5 sept 2024,MX,Morelia,Av. Francisco I. Madero Oriente,HAZARD,1584.15625,659.2604166666666,1170
5 sept 2024,MX,Morelia,Av. Guadalupe Victoria,HAZARD,707.3333333333334,557.3333333333334,26
5 sept 2024,MX,Morelia,Antiguo Camino a la Huerta,HAZARD,861.5,553.5,17
5 sept 2024,MX,Morelia,Av. San José del Cerrito,null,1175.5277777777778,793.2777777777778,474
5 sept 2024,MX,Morelia,Av. Francisco I. Madero Oriente,null,1827.5,464.3333333333333,47
5 sept 2024,MX,Morelia,Av. Michoacán,null,575.4,455.2,31
5 sept 2024,MX,Morelia,General Francisco J. Múgica,null,524.5,443.4,35
5 sept 2024,MX,Morelia,Periférico Paseo de la República (Sector Nueva España),ACCIDENT,884.7647058823529,317.88235294117646,486
6 sept 2024,MX,Morelia,Av. San José del Cerrito,HAZARD,813,539.3333333333334,9
6 sept 2024,MX,Morelia,Paseo de la República (Sector República),null,1003.36,589.28,128
6 sept 2024,MX,Morelia,Av. Morelos Sur,null,704.6666666666666,619.6666666666666,30
6 sept 2024,MX,Morelia,Artilleros de 1847,null,1129.3636363636363,549.6363636363636,176
6 sept 2024,MX,Morelia,Héroe de Nacozari,null,668.3571428571429,713.9285714285714,149
6 sept 2024,MX,Morelia,Artilleros de 1847,HAZARD,800.2,511.4,65
6 sept 2024,MX,Morelia,MEX-15 / Morelia - Jiquilpan,null,1231.2666666666667,398.56666666666666,194
6 sept 2024,MX,Morelia,Abasolo,null,711.9130434782609,380.39130434782606,294
6 sept 2024,MX,Morelia,Periférico Paseo de la República (Sector Nueva España),null,1160.5106382978724,474.6808510638298,1217
6 sept 2024,MX,Morelia,Francisco Márquez,HAZARD,670.8571428571429,953.2857142857143,29
6 sept 2024,MX,Morelia,Av. Francisco I. Madero Oriente,null,839.4444444444445,546,66
6 sept 2024,MX,Morelia,Av. Francisco I. Madero Poniente,null,1095.3076923076924,344.7692307692308,110
6 sept 2024,MX,Morelia,Rey Tangaxoan II,HAZARD,632.25,521.1,96
6 sept 2024,MX,Morelia,MICH-171 / Antigua Carretera a Pátzcuaro,HAZARD,1130,740.1,41
6 sept 2024,MX,Morelia,Guillermo Prieto,null,860.3333333333334,744.8333333333334,72
6 sept 2024,MX,Morelia,Virrey Antonio de Mendoza,null,872.4285714285714,522,35
6 sept 2024,MX,Morelia,Av. Acueducto,null,1102.9,647.2,126
6 sept 2024,MX,Morelia,Blvd. García de León,null,708.2,395.4,76
6 sept 2024,MX,Morelia,Av. Morelos (N),HAZARD,811.4444444444445,618.4444444444445,148
6 sept 2024,MX,Morelia,Lago de Zirahuen,null,657,345.14285714285717,33
6 sept 2024,MX,Morelia,Rey Tangaxoan II,null,1025,480,6
6 sept 2024,MX,Morelia,Antiguo Camino a la Huerta,HAZARD,1045.4,561.8666666666667,32
6 sept 2024,MX,Morelia,Av. Universidad,null,808.5625,674.25,118
6 sept 2024,MX,Morelia,Av. Miguel Hidalgo,null,617,545.3333333333334,13
6 sept 2024,MX,Morelia,Periférico Paseo de la República (Sector Independencia),null,1398.3578947368421,888.578947368421,2034
6 sept 2024,MX,Morelia,Paseo de la República (Sector República),HAZARD,827,1077.6666666666667,10
6 sept 2024,MX,Morelia,Lateral Francisco I. Madero Ote.,HAZARD,906,479.25,25
6 sept 2024,MX,Morelia,Antiguo Camino a la Huerta,null,702.5,432.5,34
6 sept 2024,MX,Morelia,Av. Gral. Lázaro Cárdenas,HAZARD,1773,736,15
6 sept 2024,MX,Morelia,Periférico Paseo de la República (Sector Revolución),null,1502.1639344262296,471.0163934426229,1410
6 sept 2024,MX,Morelia,Periférico Paseo de la República (Sector República),null,1132.7692307692307,476.2564102564103,386
6 sept 2024,MX,Morelia,MICH-171 / Antigua Carretera a Pátzcuaro,null,629.5,633,4
6 sept 2024,MX,Morelia,Av. Guadalupe Victoria,null,676.1818181818181,738.9090909090909,57
6 sept 2024,MX,Morelia,General Francisco J. Múgica,null,526.4,499.4,31
6 sept 2024,MX,Morelia,Av. Gral. Lázaro Cárdenas,null,1400.111111111111,621.1111111111111,376
6 sept 2024,MX,Morelia,Periférico Paseo de la República (Sector Revolución),ACCIDENT,1748.9,859.4,247
6 sept 2024,MX,Morelia,Av. Francisco I. Madero Oriente,HAZARD,615.3333333333334,460.3333333333333,12
6 sept 2024,MX,Morelia,Av. Morelos (N),null,1220.6666666666667,577.5,84
6 sept 2024,MX,Morelia,Lateral Francisco I. Madero Ote.,null,534,627,6
6 sept 2024,MX,Morelia,Margarita Maza de Juárez,null,860.6,473.2,67
6 sept 2024,MX,Morelia,Paseo de la República (Sector Nueva España),null,649,341,8
6 sept 2024,MX,Morelia,Av. San José del Cerrito,null,603,423,6
7 sept 2024,MX,Morelia,Av. Francisco I. Madero Poniente,null,985.8076923076923,522.8846153846154,376
7 sept 2024,MX,Morelia,Periférico Paseo de la República (Sector Nueva España),null,1168.9882352941177,418.8,2593
7 sept 2024,MX,Morelia,Acatita de Baján,null,556,499.6666666666667,24
7 sept 2024,MX,Morelia,Juan Ortega y Montañes,null,719,972,6
7 sept 2024,MX,Morelia,Av. Morelos (N),null,1155.9,542.9,153
7 sept 2024,CO,Morelia,Vía Rural,null,764,472.5,24
7 sept 2024,MX,Morelia,Guillermo Prieto,null,615.7142857142857,656.2857142857143,64
7 sept 2024,MX,Morelia,Antiguo Camino a la Huerta,null,1149.1666666666667,642.5,54
7 sept 2024,MX,Morelia,Av. Michoacán,HAZARD,745.5333333333333,396.8666666666667,89
7 sept 2024,MX,Morelia,Av. Periodismo,null,763.5714285714286,692.2857142857143,67
7 sept 2024,MX,Morelia,Abasolo,null,711.4,571.4,28
7 sept 2024,MX,Morelia,Héroe de Nacozari,null,713.2727272727273,642.2727272727273,123
7 sept 2024,MX,Morelia,Av. Guadalupe Victoria,null,717,760.3888888888889,181
7 sept 2024,MX,Morelia,Lateral Francisco I. Madero Ote.,HAZARD,757,507,49
7 sept 2024,MX,Morelia,MEX-14 / Morelia - Pátzcuaro,null,611,354.94736842105266,102
7 sept 2024,MX,Morelia,Av. Francisco I. Madero Oriente,null,576,382.6,74
7 sept 2024,MX,Morelia,Av. Morelos (N),HAZARD,838.0588235294117,370.11764705882354,328
8 sept 2024,MX,Morelia,Bartolomé de las Casas,null,586.2857142857143,511.85714285714283,59
8 sept 2024,MX,Morelia,Av. Francisco I. Madero Oriente,null,704.0588235294117,530.2941176470588,128
8 sept 2024,MX,Morelia,Allende,null,661.3333333333334,616.5,51
8 sept 2024,MX,Morelia,Artilleros de 1847,null,864,434.75,12
8 sept 2024,MX,Morelia,Periférico Paseo de la República (Sector Revolución),ACCIDENT,911.6363636363636,322.45454545454544,93
8 sept 2024,MX,Morelia,Abasolo,null,646.75,598.9,187
8 sept 2024,MX,Morelia,Virrey Antonio de Mendoza,null,859.5384615384615,675.8461538461538,97
8 sept 2024,MX,Morelia,Santiago Tapia,null,752.2,686.76,243
8 sept 2024,MX,Morelia,Aquiles Serdán,null,871.2,663.8666666666667,157
8 sept 2024,MX,Morelia,Corregidora,null,651.4285714285714,478.7142857142857,44
8 sept 2024,MX,Morelia,Periférico Paseo de la República (Sector Revolución),null,1227.8125,650.6875,96
8 sept 2024,MX,Morelia,Santiago Tapia,HAZARD,717.4166666666666,702.3333333333334,87
8 sept 2024,MX,Morelia,Av. Francisco I. Madero Poniente,null,1745,467,46
8 sept 2024,MX,Morelia,Rey Tangaxoan II,null,615,430.125,52
8 sept 2024,MX,Morelia,Av. Francisco Medina García Norte,null,1163.75,328.25,22
8 sept 2024,MX,Morelia,Av. Morelos (N),HAZARD,597,503,11
8 sept 2024,MX,Morelia,Periférico Paseo de la República (Sector Independencia),null,1431.6935483870968,715.9193548387096,1299
8 sept 2024,MX,Morelia,Galeana,null,675,473.8,51
8 sept 2024,MX,Morelia,20 de Noviembre,null,990.4736842105264,464.8421052631579,193
9 sept 2024,MX,Morelia,MEX-15 / Morelia - Jiquilpan,null,744.125,464,24
9 sept 2024,MX,Morelia,Av. Morelos (N),HAZARD,793.25,750.75,283
9 sept 2024,MX,Morelia,Av. Francisco I. Madero Poniente,null,1290.195652173913,623.5217391304348,390
9 sept 2024,MX,Morelia,Periférico Paseo de la República (Sector Independencia),null,1519.2903225806451,607.0322580645161,394
9 sept 2024,MX,Morelia,Maestro Rubén Valencia Cortés,null,926,459,11
9 sept 2024,MX,Morelia,Av. San José del Cerrito,HAZARD,669.3,782.4,50
9 sept 2024,MX,Morelia,Antiguo Camino a la Huerta,null,779.25,477.875,36
9 sept 2024,MX,Morelia,Av. Guadalupe Victoria,HAZARD,654,844,5
9 sept 2024,MX,Morelia,Av. Francisco I. Madero Oriente,null,2146.8888888888887,321.6666666666667,163
9 sept 2024,MX,Morelia,Abasolo,null,698.3636363636364,626.7272727272727,99
9 sept 2024,MX,Morelia,Francisco R. Romero,null,518,662.5,7
9 sept 2024,MX,Morelia,Av. Guadalupe Victoria,null,565,542,2
9 sept 2024,MX,Morelia,Ventura Puente,null,698.9411764705883,628.5294117647059,137
9 sept 2024,MX,Morelia,Av. Universidad,null,752.1428571428571,474.85714285714283,56
9 sept 2024,MX,Morelia,MICH-171 / Antigua Carretera a Pátzcuaro,HAZARD,1263.4,1076.6,30
9 sept 2024,MX,Morelia,Av. Miguel Hidalgo,null,616.4166666666666,635.0833333333334,32
9 sept 2024,MX,Morelia,Francisco Márquez,HAZARD,718,600.75,25
9 sept 2024,MX,Morelia,Av. Acueducto,null,773,595.3333333333334,12
9 sept 2024,MX,Morelia,Av. Francisco I. Madero Oriente,HAZARD,1936.121212121212,537.6060606060606,278
9 sept 2024,MX,Morelia,Periférico Paseo de la República (Sector Revolución),null,1935.8214285714287,551.8214285714286,678
9 sept 2024,MX,Morelia,MEX-15 / Morelia - Jiquilpan,HAZARD,991,352.3333333333333,12
9 sept 2024,MX,Morelia,Av. Gral. Lázaro Cárdenas,null,1618.1875,608.4375,175
9 sept 2024,MX,Morelia,Av. Héroes de Nocupétaro,null,654,587.75,14
9 sept 2024,MX,Morelia,Paseo de la República (Sector República),null,641,424.6666666666667,9
9 sept 2024,MX,Morelia,Lago de Zirahuen,null,657,470.1111111111111,20
10 sept 2024,MX,Morelia,Guillermo Prieto,HAZARD,806,660,17
10 sept 2024,MX,Morelia,Periférico Paseo de la República (Sector Revolución),ACCIDENT,1482.5714285714287,405,132
10 sept 2024,MX,Morelia,Av. San José del Cerrito,null,922.7,343,70
10 sept 2024,MX,Morelia,Av. Morelos (N),ACCIDENT,730,433,88
10 sept 2024,MX,Morelia,Av. Acueducto,null,890.25,539.875,41
10 sept 2024,MX,Morelia,Periférico Paseo de la República (Sector Nueva España),null,1305.3333333333333,534.6666666666666,190
10 sept 2024,MX,Morelia,Ventura Puente,null,719.1111111111111,385.55555555555554,100
10 sept 2024,MX,Morelia,Av. Gral. Lázaro Cárdenas,null,1377,658.6363636363636,118
10 sept 2024,MX,Morelia,MEX-15 / Morelia - Jiquilpan,null,1690,690.6666666666666,169
10 sept 2024,MX,Morelia,Av. Héroes de Nocupétaro,null,961,677,8
10 sept 2024,MX,Morelia,Av. Universidad,null,532,561,18
10 sept 2024,MX,Morelia,Periférico Paseo de la República (Sector Independencia),HAZARD,1185.75,654.25,108
10 sept 2024,MX,Morelia,Av. Miguel Hidalgo,null,821.40625,789.53125,230
10 sept 2024,MX,Morelia,Paseo de la República (Sector Nueva España),null,710.8888888888889,513.2222222222222,64
10 sept 2024,MX,Morelia,Periférico Paseo de la República (Sector Revolución),null,1649.7096774193549,403.8225806451613,3473
10 sept 2024,MX,Morelia,Av. Morelos (N),HAZARD,870.8214285714286,681.3571428571429,322
10 sept 2024,MX,Morelia,Av. Francisco I. Madero Poniente,null,1180.179487179487,470.53846153846155,314
10 sept 2024,MX,Morelia,Av. Río Grande de Morelia,HAZARD,615.1666666666666,474.6666666666667,8
10 sept 2024,MX,Morelia,Maestro Rubén Valencia Cortés,null,808.3333333333334,423.1666666666667,15
10 sept 2024,MX,Morelia,Calz. Juárez,null,585,441.3333333333333,9
10 sept 2024,MX,Morelia,Periférico Paseo de la República (Sector Nueva España),HAZARD,1600.6666666666667,562.6666666666666,87
10 sept 2024,MX,Morelia,Av. Francisco I. Madero Oriente,null,1503.3157894736842,529.9473684210526,158
10 sept 2024,MX,Morelia,Av. Solidaridad,null,500,171,6
10 sept 2024,MX,Morelia,MEX-15 / Morelia - Jiquilpan,HAZARD,1321.3333333333333,416,76
10 sept 2024,MX,Morelia,Periférico Paseo de la República (Sector Independencia),null,1621.3661971830986,706.2816901408451,1173
10 sept 2024,MX,Morelia,Antiguo Camino a la Huerta,null,674.4444444444445,1032.6666666666667,28
11 sept 2024,MX,Morelia,Av. Miguel Hidalgo,null,539,420.6,21
11 sept 2024,MX,Morelia,Av. Universidad,null,1129.5555555555557,572.4444444444445,54
11 sept 2024,MX,Morelia,Francisco Márquez,HAZARD,606.25,501.625,49
11 sept 2024,MX,Morelia,Av. Solidaridad,null,587,319,18
11 sept 2024,MX,Morelia,Margarita Maza de Juárez,null,1097,562,14
11 sept 2024,MX,Morelia,Margarita Maza de Juárez,HAZARD,771,334,13
11 sept 2024,MX,Morelia,Periférico Paseo de la República (Sector Independencia),HAZARD,1454.5217391304348,597.304347826087,496
11 sept 2024,MX,Morelia,Av. Francisco I. Madero Poniente,null,1004.6,547.8,40
11 sept 2024,MX,Morelia,Av. Acueducto,null,960.25,458.75,50
11 sept 2024,MX,Morelia,Periférico Paseo de la República (Sector Revolución),null,1833.107142857143,467.5,501
11 sept 2024,MX,Morelia,Rey Tangaxoan II,null,712.5,541.25,8
11 sept 2024,MX,Morelia,Santiago Tapia,HAZARD,764.2857142857143,245.42857142857142,49
11 sept 2024,MX,Morelia,Periférico Paseo de la República (Sector Nueva España),null,1241,439.0625,369
11 sept 2024,MX,Morelia,Periférico Paseo de la República (Sector Independencia),null,1324.0408163265306,504.0408163265306,639
11 sept 2024,MX,Morelia,Lateral Francisco I. Madero Ote.,null,1042.3333333333333,587.2666666666667,115
11 sept 2024,MX,Morelia,Guillermo Prieto,HAZARD,720.6,508,16
11 sept 2024,MX,Morelia,Av. Morelos (N),HAZARD,768.5555555555555,695.5,188
11 sept 2024,MX,Morelia,Av. Fuentes de Morelia,null,741.5,420.5,15
11 sept 2024,MX,Morelia,Av. Morelos (N),null,535.4,441,33
11 sept 2024,MX,Morelia,Av. Francisco I. Madero Oriente,HAZARD,1462.8484848484848,594.7878787878788,729
11 sept 2024,CO,Morelia,Pereira-Alcalá / RD29-03,null,665.5,1571,16
11 sept 2024,MX,Morelia,Av. Francisco I. Madero Oriente,null,1450,460.5,20
11 sept 2024,MX,Morelia,Antiguo Camino a la Huerta,null,855.1428571428571,497.2857142857143,22
11 sept 2024,MX,Morelia,Av. Gral. Lázaro Cárdenas,null,1394.9565217391305,728.304347826087,251
11 sept 2024,MX,Morelia,Gertrudis Bocanegra,null,549,525,6
12 sept 2024,MX,Morelia,Lateral Francisco I. Madero Ote.,null,753,267,20
12 sept 2024,MX,Morelia,Mártires de la Plaza,null,566.7272727272727,578.8181818181819,62
12 sept 2024,MX,Morelia,Francisco Márquez,HAZARD,556,644.75,28
12 sept 2024,MX,Morelia,Av. Siervo de la Nación,HAZARD,927.5,461,24
12 sept 2024,MX,Morelia,Av. Solidaridad,null,570,472,8
12 sept 2024,MX,Morelia,Av. Río Grande de Morelia,HAZARD,756,422,10
12 sept 2024,MX,Morelia,Antiguo Camino a la Huerta,null,1115.5,447,42
12 sept 2024,MX,Morelia,Periférico Paseo de la República (Sector Revolución),null,1899.392857142857,532.1785714285714,526
12 sept 2024,MX,Morelia,Francisco Márquez,null,690,508.5,12
12 sept 2024,MX,Morelia,Calz. la Huerta,null,1132.5,368.3333333333333,91
12 sept 2024,MX,Morelia,General Francisco J. Múgica,null,638.2,490.4,24
12 sept 2024,MX,Morelia,Paseo de la República (Sector República),HAZARD,722,900.6666666666666,16
12 sept 2024,MX,Morelia,Periférico Paseo de la República (Sector Independencia),null,1196.5212765957447,601.936170212766,1388
12 sept 2024,MX,Morelia,Av. Universidad,HAZARD,592.3333333333334,523.3333333333334,23
12 sept 2024,MX,Morelia,Av. Francisco I. Madero Poniente,null,1442.0714285714287,494.32142857142856,370
12 sept 2024,MX,Morelia,Margarita Maza de Juárez,HAZARD,677,895,16
12 sept 2024,MX,Morelia,Av. Morelos (N),HAZARD,767.3846153846154,685.8846153846154,320
12 sept 2024,MX,Morelia,Manantial de Quinceo,null,534,518,13
12 sept 2024,MX,Morelia,Paseo de la República (Sector República),null,1259.6,791.6,23
12 sept 2024,MX,Morelia,Isidro Huarte,null,623,493.5,17
12 sept 2024,MX,Morelia,Periférico Paseo de la República (Sector Independencia),HAZARD,1375.5862068965516,681.4137931034483,721
12 sept 2024,MX,Morelia,Periférico Paseo de la República (Sector Nueva España),null,1099.6,481.8,264
12 sept 2024,MX,Morelia,Margarita Maza de Juárez,null,978.7857142857143,425.14285714285717,138
12 sept 2024,MX,Morelia,Av. Siervo de la Nación,null,923.4,401.8,36
12 sept 2024,MX,Morelia,Av. Guadalupe Victoria,null,713,667,7
12 sept 2024,MX,Morelia,Av. Gral. Lázaro Cárdenas,null,1625,822.125,103
12 sept 2024,MX,Morelia,Av. Acueducto,null,584,620,19
12 sept 2024,MX,Morelia,Rey Tangaxoan II,HAZARD,672.125,529.75,26
12 sept 2024,MX,Morelia,Av. Universidad,null,802.08,655.68,224
13 sept 2024,MX,Morelia,Periférico Paseo de la República (Sector Revolución),null,1971.325,654.65,913
13 sept 2024,MX,Morelia,Lateral Francisco I. Madero Ote.,HAZARD,876.375,445.875,64
13 sept 2024,MX,Morelia,Av. Francisco I. Madero Poniente,HAZARD,1083,413,8
13 sept 2024,MX,Morelia,Av. Gral. Lázaro Cárdenas,null,1062.6666666666667,630,38
13 sept 2024,MX,Morelia,La Huerta,null,816.6,586,37
13 sept 2024,MX,Morelia,Calz. la Huerta,null,1287.5714285714287,347.85714285714283,377
13 sept 2024,MX,Morelia,Gaspar de Villadiego,HAZARD,772.0666666666667,459.1333333333333,164
13 sept 2024,MX,Morelia,MEX-15 / Morelia - Jiquilpan,null,1193.5,462,23
13 sept 2024,MX,Morelia,Av. Periodismo,null,1004.375,643.2916666666666,564
13 sept 2024,MX,Morelia,Galeana,null,675,824,5
13 sept 2024,MX,Morelia,Av. Periodismo,HAZARD,1121.2857142857142,566.2857142857143,84
13 sept 2024,MX,Morelia,Av. Francisco I. Madero Oriente,null,789.875,633.625,92
13 sept 2024,MX,Morelia,Antiguo Camino a la Huerta,null,957.3333333333334,676.1428571428571,92
13 sept 2024,MX,Morelia,Av. Río Grande de Morelia,HAZARD,723.5,441,4
13 sept 2024,MX,Morelia,Av. Francisco I. Madero Poniente,null,1061.3333333333333,438.3333333333333,28
13 sept 2024,MX,Morelia,Rey Tangaxoan II,HAZARD,1208,1067,20
13 sept 2024,MX,Morelia,Av. Miguel Hidalgo,null,525,552.3333333333334,20
13 sept 2024,MX,Morelia,Guillermo Prieto,HAZARD,713.8333333333334,747.6666666666666,61
13 sept 2024,MX,Morelia,Av. Gral. Lázaro Cárdenas,HAZARD,1524.8333333333333,550.5,96
13 sept 2024,MX,Morelia,Av. Morelos (N),HAZARD,844.3235294117648,636.1470588235294,604
13 sept 2024,MX,Morelia,Av. Guadalupe Victoria,null,640,632,14
13 sept 2024,MX,Morelia,Av. Héroes de Nocupétaro,null,601.1111111111111,470.22222222222223,70
13 sept 2024,MX,Morelia,Rey Tariácuri,null,509,482.5,18
13 sept 2024,MX,Morelia,Ventura Puente,null,993.2857142857143,508.57142857142856,98
13 sept 2024,MX,Morelia,Ventura Puente,ACCIDENT,845.2857142857143,598.8571428571429,78
13 sept 2024,MX,Morelia,Periférico Paseo de la República (Sector Nueva España),null,898.2666666666667,316.8666666666667,256
13 sept 2024,MX,Morelia,Av. Universidad,HAZARD,840.2,713.7,62
13 sept 2024,MX,Morelia,Virrey Antonio de Mendoza,null,1032,602,5
13 sept 2024,MX,Morelia,Periférico Paseo de la República (Sector Independencia),null,1517.1102362204724,729.7086614173228,3081
13 sept 2024,MX,Morelia,Av. Morelos (N),null,743,602.1666666666666,148
13 sept 2024,MX,Morelia,Obrajeros de Nurio,null,800,399,2
13 sept 2024,MX,Morelia,Av. Morelos (N),ACCIDENT,613,179.66666666666666,169
13 sept 2024,MX,Morelia,Av. Universidad,null,932.5172413793103,640.2068965517242,219
13 sept 2024,MX,Morelia,Héroe de Nacozari,null,709,853.6666666666666,48
13 sept 2024,MX,Morelia,MEX-15 / Morelia - Jiquilpan,HAZARD,1783,398.6,72
13 sept 2024,MX,Morelia,Isidro Huarte,null,1072,589.7,110
13 sept 2024,MX,Morelia,Cuautla,null,649.25,363.375,52
13 sept 2024,MX,Morelia,Av. Michoacán,HAZARD,753.3333333333334,536.8333333333334,23
13 sept 2024,MX,Morelia,Av. Acueducto,null,786.4285714285714,645.5714285714286,56
13 sept 2024,MX,Morelia,Periférico Paseo de la República (Sector Independencia),HAZARD,1797.8333333333333,1226.4166666666667,499
13 sept 2024,MX,Morelia,Av. Michoacán,null,823.5,362.5,24
13 sept 2024,MX,Morelia,Francisco Márquez,HAZARD,690,756.5,17
13 sept 2024,MX,Morelia,Plan de Ayala,null,655,509,3
14 sept 2024,MX,Morelia,Allende,null,905.3333333333334,788.6,118
14 sept 2024,MX,Morelia,Virrey Antonio de Mendoza,null,1059.608695652174,768.304347826087,231
14 sept 2024,MX,Morelia,Blvd. García de León,null,966.125,422.75,162
14 sept 2024,MX,Morelia,Av. Michoacán,HAZARD,716.9285714285714,482.14285714285717,94
14 sept 2024,MX,Morelia,Av. Guadalupe Victoria,null,656.4545454545455,888.2727272727273,64
14 sept 2024,MX,Morelia,Periférico Paseo de la República (Sector Revolución),HAZARD,1639.7543859649122,400.0175438596491,2421
14 sept 2024,MX,Morelia,Av. Pedregal,null,1930.5,542.5,10
14 sept 2024,MX,Morelia,La Huerta,null,822.5714285714286,359.14285714285717,72
14 sept 2024,MX,Morelia,General Francisco J. Múgica,null,619.0714285714286,504.2857142857143,51
14 sept 2024,MX,Morelia,Av. Pedregal,HAZARD,1296,324,4
14 sept 2024,MX,Morelia,Lateral Francisco I. Madero Ote.,HAZARD,1001.9090909090909,582.4545454545455,128
14 sept 2024,MX,Morelia,Av. Francisco I. Madero Poniente,null,1425.2173913043478,725.2826086956521,848
14 sept 2024,MX,Morelia,Periférico Paseo de la República (Sector Independencia),null,1755,480,41
14 sept 2024,MX,Morelia,Abasolo,null,588.2857142857143,499.2857142857143,64
14 sept 2024,MX,Morelia,Periférico Paseo de la República (Sector Revolución),null,1160.75,212,110
14 sept 2024,MX,Morelia,Calz. la Huerta,null,1090.1818181818182,500.95454545454544,323
14 sept 2024,MX,Morelia,Corregidora,null,1224,607.4,45
14 sept 2024,MX,Morelia,Paseo de la República (Sector Nueva España),null,794.9090909090909,558.1818181818181,62
14 sept 2024,MX,Morelia,Plan de Ayala,null,721.5,492,21
14 sept 2024,MX,Morelia,Guillermo Prieto,HAZARD,744.2222222222222,655.8888888888889,101
14 sept 2024,MX,Morelia,Antiguo Camino a la Huerta,null,1413,510.5,13
14 sept 2024,MX,Morelia,Periférico Paseo de la República (Sector Nueva España),null,1447.1363636363637,565.3333333333334,1329
14 sept 2024,MX,Morelia,Av. Solidaridad,null,538.2,548.2,73
14 sept 2024,MX,Morelia,Av. Michoacán,null,879.5714285714286,635.5714285714286,39
14 sept 2024,MX,Morelia,Héroe de Nacozari,null,727.2,695,181
14 sept 2024,MX,Morelia,Av. Héroes de Nocupétaro,null,723.3953488372093,679.5116279069767,392
14 sept 2024,MX,Morelia,,null,583,1432.3333333333333,12
14 sept 2024,MX,Morelia,Galeana,null,675,492.5,17
14 sept 2024,MX,Morelia,Av. Acueducto,HAZARD,1688,585,14
14 sept 2024,MX,Morelia,Av. Morelos (N),HAZARD,1143.25,709.25,167
14 sept 2024,MX,Morelia,Av. Universidad,null,966.5,313.5,16
14 sept 2024,MX,Morelia,MEX-15 / Toluca - Morelia,HAZARD,680,597.6666666666666,7
14 sept 2024,MX,Morelia,Av. del Estudiante,null,814,414.8,45
15 sept 2024,MX,Morelia,Av. Gral. Lázaro Cárdenas,null,1063,562,22
15 sept 2024,MX,Morelia,Virrey Antonio de Mendoza,null,709.3333333333334,582.8333333333334,54
15 sept 2024,MX,Morelia,Aquiles Serdán,null,641,621,7
16 sept 2024,MX,Morelia,Av. Michoacán,null,1219,608,8
16 sept 2024,MX,Morelia,Av. Francisco I. Madero Poniente,null,804.6666666666666,590.6666666666666,8
16 sept 2024,MX,Morelia,Plan de Ayala,null,744.25,522.25,29
16 sept 2024,MX,Morelia,Periférico Paseo de la República (Sector Independencia),HAZARD,785,518,14
16 sept 2024,MX,Morelia,Corregidora,null,1071.6666666666667,514.5,94
16 sept 2024,MX,Morelia,Av. Periodismo,null,525,448,18
16 sept 2024,MX,Morelia,Eduardo Ruiz,null,614,750,6
16 sept 2024,MX,Morelia,Av. Michoacán,HAZARD,757.3571428571429,712.7142857142857,119
16 sept 2024,MX,Morelia,Abasolo,null,534,768,14
17 sept 2024,MX,Morelia,Antiguo Camino a la Huerta,null,928.7777777777778,693.4444444444445,29
17 sept 2024,MX,Morelia,Av. Gral. Lázaro Cárdenas,null,919.75,383,93
17 sept 2024,MX,Morelia,Guillermo Prieto,null,847,553,7
17 sept 2024,MX,Morelia,Guillermo Prieto,HAZARD,715,505,13
17 sept 2024,MX,Morelia,Periférico Paseo de la República (Sector Nueva España),null,1282.923076923077,466.84615384615387,338
17 sept 2024,MX,Morelia,Antonio Alzate,null,867,498,8
17 sept 2024,MX,Morelia,Av. Morelos (N),HAZARD,859.6521739130435,589.2608695652174,277
17 sept 2024,MX,Morelia,Av. Universidad,null,876.25,635.25,26
17 sept 2024,MX,Morelia,Periférico Paseo de la República (Sector Revolución),HAZARD,1525,374,318
17 sept 2024,MX,Morelia,Paseo de la República (Sector Nueva España),ACCIDENT,722.1111111111111,502.22222222222223,114
17 sept 2024,MX,Morelia,Av. Francisco I. Madero Oriente,null,1195.6,416.8,216
17 sept 2024,MX,Morelia,Periférico Paseo de la República (Sector Revolución),null,1708.264705882353,493.8529411764706,790
17 sept 2024,MX,Morelia,Av. Acueducto,null,762,533,8
17 sept 2024,MX,Morelia,Francisco Márquez,null,606.25,610.875,31
17 sept 2024,MX,Morelia,Lateral Francisco I. Madero Ote.,null,823,594.6666666666666,18
17 sept 2024,MX,Morelia,Av. Francisco I. Madero Poniente,null,1388.3333333333333,499,39
17 sept 2024,MX,Morelia,Periférico Paseo de la República (Sector Independencia),null,1237.8857142857144,445.77142857142854,390
18 sept 2024,MX,Morelia,Vasco de Quiroga,null,533,544,4
18 sept 2024,MX,Morelia,Av. Michoacán,HAZARD,1128.3333333333333,602.6666666666666,24
18 sept 2024,MX,Morelia,Periférico Paseo de la República (Sector Revolución),null,1577.4925373134329,456.0149253731343,1366
18 sept 2024,MX,Morelia,Francisco Márquez,null,667.6666666666666,480.8333333333333,40
18 sept 2024,MX,Morelia,Lateral Francisco I. Madero Ote.,null,840.9642857142857,572.7142857142857,154
18 sept 2024,MX,Morelia,Av. Francisco I. Madero Poniente,HAZARD,1103,830,18
18 sept 2024,MX,Morelia,Rey Tangaxoan II,null,695.8,543.6,17
18 sept 2024,MX,Morelia,Av. Periodismo,null,801,929,11
18 sept 2024,MX,Morelia,Av. Héroes de Nocupétaro,null,743,845.3333333333334,9
18 sept 2024,MX,Morelia,Luis de León Romano,null,623.3333333333334,564,57
18 sept 2024,MX,Morelia,MEX-15 / Morelia - Jiquilpan,null,3092.1111111111113,499.55555555555554,86
18 sept 2024,MX,Morelia,Av. Guadalupe Victoria,HAZARD,736.3181818181819,630.2727272727273,182
18 sept 2024,MX,Morelia,Periférico Paseo de la República (Sector Independencia),null,1113.341463414634,424,568
18 sept 2024,MX,Morelia,Av. Morelos (N),HAZARD,790.0588235294117,523.2352941176471,224
18 sept 2024,MX,Morelia,Av. Morelos Sur,null,506,639.5,20
18 sept 2024,MX,Morelia,Antiguo Camino a la Huerta,null,768.4285714285714,360,15
18 sept 2024,MX,Morelia,Av. Francisco I. Madero Oriente,HAZARD,1611.796875,996.171875,665
18 sept 2024,CO,Morelia,La Unión-Roldanillo / RN23-02,null,4391.583333333333,386.25,38
18 sept 2024,MX,Morelia,Av. Francisco I. Madero Oriente,null,1284.6896551724137,717.4137931034483,346
18 sept 2024,MX,Morelia,Aquiles Serdán,null,929,490,12
18 sept 2024,MX,Morelia,Santiago Tapia,null,671.6666666666666,630,44
18 sept 2024,MX,Morelia,Periférico Paseo de la República (Sector Nueva España),null,941.2,223.1,158
18 sept 2024,MX,Morelia,Santiago Tapia,HAZARD,671.6666666666666,774.1111111111111,42
18 sept 2024,MX,Morelia,Periférico Paseo de la República (Sector Independencia),HAZARD,1138.375,436.875,107
18 sept 2024,MX,Morelia,Margarita Maza de Juárez,HAZARD,795.8,520,41
18 sept 2024,MX,Morelia,Héroe de Nacozari,null,686.125,657.0625,186
18 sept 2024,MX,Morelia,Av. Universidad,null,981.9166666666666,653.375,224
18 sept 2024,MX,Morelia,Av. Gral. Lázaro Cárdenas,null,1926.75,843.25,38
18 sept 2024,MX,Morelia,Av. Miguel Hidalgo,null,521,634.2857142857143,46
18 sept 2024,MX,Morelia,Av. Francisco I. Madero Poniente,null,1653.7910447761194,810.6119402985074,888
18 sept 2024,MX,Morelia,José Juan Tablada,HAZARD,667.8,339.2,47
18 sept 2024,MX,Morelia,General Francisco J. Múgica,null,555.2857142857143,510.7857142857143,66
18 sept 2024,MX,Morelia,Av. Morelos Sur,HAZARD,614.2857142857143,502.7142857142857,68
18 sept 2024,MX,Morelia,Guillermo Prieto,HAZARD,763.8333333333334,676,39
18 sept 2024,MX,Morelia,Av. Manuel Buendía,null,525,451,15
18 sept 2024,MX,Morelia,Lateral Francisco I. Madero Ote.,HAZARD,546.5,452,8
19 sept 2024,MX,Morelia,MEX-15 / Morelia - Jiquilpan,HAZARD,1399.9375,931.8125,137
19 sept 2024,MX,Morelia,Francisco Márquez,null,795.4285714285714,491.57142857142856,50
19 sept 2024,MX,Morelia,Av. Periodismo,HAZARD,1253.5,588,18
19 sept 2024,MX,Morelia,Calz. la Huerta,null,1169.0833333333333,333.6666666666667,237
19 sept 2024,MX,Morelia,Av. Morelos (N),HAZARD,748.0952380952381,735.3809523809524,213
19 sept 2024,MX,Morelia,Periférico Paseo de la República (Sector Independencia),null,1069.6046511627908,616.7674418604652,663
19 sept 2024,MX,Morelia,Juán José de Lejarza,null,579,337,14
19 sept 2024,MX,Morelia,Av. Francisco I. Madero Poniente,null,1257.6,606.2222222222222,410
19 sept 2024,MX,Morelia,MEX-15 / Morelia - Jiquilpan,ACCIDENT,1567.75,609.5,47
19 sept 2024,MX,Morelia,Periférico Paseo de la República (Sector Revolución),null,1585.7727272727273,496.6363636363636,847
19 sept 2024,MX,Morelia,Carpinteros de Paracho,null,777,479.75,13
19 sept 2024,MX,Morelia,Héroe de Nacozari,null,735,915,16
19 sept 2024,MX,Morelia,Av. Universidad,null,931,683,7
19 sept 2024,MX,Morelia,Av. Periodismo,null,1167.2,606,46
19 sept 2024,MX,Morelia,MEX-15 / Morelia - Jiquilpan,null,1305.0714285714287,1416.5,125
19 sept 2024,MX,Morelia,Av. Acueducto,null,1022.8333333333334,583.5,80
19 sept 2024,MX,Morelia,José María Ponce de León,null,519,457.75,14
19 sept 2024,MX,Morelia,Antiguo Camino a la Huerta,null,1165.16,778.64,94
19 sept 2024,MX,Morelia,Av. Morelos (N),null,528,84,28
19 sept 2024,MX,Morelia,Periférico Paseo de la República (Sector Revolución),ACCIDENT,2106.4,1100.6,375
19 sept 2024,MX,Morelia,Av. Guadalupe Victoria,HAZARD,964.3333333333334,802.3333333333334,14
19 sept 2024,MX,Morelia,Av. Río Grande de Morelia,HAZARD,674.4444444444445,375.8888888888889,19
19 sept 2024,MX,Morelia,Paseo de la República (Sector Nueva España),null,760.3333333333334,443.3333333333333,34
19 sept 2024,MX,Morelia,Av. Imperio Tarasco,null,1075.5,526.125,65
19 sept 2024,MX,Morelia,Av. San José del Cerrito,null,603,445,5
20 sept 2024,MX,Morelia,Av. Universidad,null,909,385.75,36
20 sept 2024,MX,Morelia,Héroe de Nacozari,null,565,634.6666666666666,44
20 sept 2024,MX,Morelia,Paseo de la República (Sector Nueva España),null,773.6,524.4,23
20 sept 2024,MX,Morelia,Antiguo Camino a la Huerta,null,1345,668.3333333333334,9
20 sept 2024,MX,Morelia,Av. Acueducto,null,841.375,466.75,134
20 sept 2024,MX,Morelia,Av. Morelos (N),HAZARD,978.8888888888889,870.3333333333334,97
20 sept 2024,MX,Morelia,Av. Guadalupe Victoria,null,1174,822,10
20 sept 2024,MX,Morelia,Francisco Márquez,null,727.3333333333334,690,22
20 sept 2024,MX,Morelia,Av. Guadalupe Victoria,HAZARD,630.8125,682.9375,107
20 sept 2024,MX,Morelia,,null,740.7333333333333,591.8,83
20 sept 2024,MX,Morelia,Aquiles Serdán,null,512,477,3
20 sept 2024,MX,Morelia,División del Norte,null,530.3333333333334,251.66666666666666,12
20 sept 2024,MX,Morelia,Virrey Antonio de Mendoza,null,687.75,356,11
20 sept 2024,MX,Morelia,Av. San José del Cerrito,null,763.1428571428571,665.2142857142857,89
20 sept 2024,MX,Morelia,Guillermo Prieto,HAZARD,811.6666666666666,583.8333333333334,76
20 sept 2024,MX,Morelia,Av. Morelos (N),null,855.6363636363636,582,165
20 sept 2024,MX,Morelia,Margarita Maza de Juárez,null,924.5555555555555,501.77777777777777,76
20 sept 2024,MX,Morelia,Av. Héroes de Nocupétaro,null,760.1,607.9,61
20 sept 2024,MX,Morelia,Av. Gral. Lázaro Cárdenas,null,1361,672,13
20 sept 2024,MX,Morelia,Ramal Camelinas,null,1740.4,469.65,144
20 sept 2024,MX,Morelia,Av. Solidaridad,HAZARD,500,590.6666666666666,14
20 sept 2024,MX,Morelia,Calz. Juárez,null,608.8571428571429,335.7142857142857,22
20 sept 2024,MX,Morelia,Artilleros de 1847,null,862,574.4,54
20 sept 2024,MX,Morelia,Periférico Paseo de la República (Sector Nueva España),HAZARD,792.25,457.0833333333333,247
20 sept 2024,MX,Morelia,Isidro Huarte,null,994.6,629.8,65
20 sept 2024,MX,Morelia,W. A. Mozart,null,530,191.14285714285714,48
20 sept 2024,MX,Morelia,Av. Francisco I. Madero Poniente,HAZARD,727,703,15
20 sept 2024,MX,Morelia,Av. Francisco I. Madero Poniente,null,1236.1555555555556,679.7333333333333,352
20 sept 2024,MX,Morelia,Av. Acueducto,HAZARD,986.9166666666666,596.5,222
20 sept 2024,MX,Morelia,Corregidora,HAZARD,846.8333333333334,588.6666666666666,45
20 sept 2024,MX,Morelia,Ventura Puente,null,628.125,720.75,72
20 sept 2024,MX,Morelia,Av. Francisco I. Madero Oriente,null,591,595.3333333333334,20
20 sept 2024,MX,Morelia,Av. Universidad,HAZARD,727,642.5,19
20 sept 2024,MX,Morelia,Cañón de Santa Cecilia,null,1311,1278,4
20 sept 2024,MX,Morelia,Av. Solidaridad,null,541.25,351.75,61
20 sept 2024,MX,Morelia,Periférico Paseo de la República (Sector Nueva España),null,1356.7310924369747,683.9495798319327,3056
20 sept 2024,MX,Morelia,Av. San José del Cerrito,HAZARD,1016,755,3
21 sept 2024,MX,Morelia,Periférico Paseo de la República (Sector Independencia),ACCIDENT,1440.625,1188.5,211
21 sept 2024,MX,Morelia,Av. Michoacán,HAZARD,576,358.5,4
21 sept 2024,MX,Morelia,Periférico Paseo de la República (Sector Nueva España),null,818.1280487804878,458.7987804878049,4028
21 sept 2024,MX,Morelia,Av. Francisco I. Madero Oriente,null,558.6666666666666,543.3333333333334,50
21 sept 2024,MX,Morelia,Calz. Juárez,null,672.8888888888889,481.77777777777777,26
21 sept 2024,MX,Morelia,Av. Morelos Sur,HAZARD,515.7692307692307,669,135
21 sept 2024,MX,Morelia,Olivares de Tzintzuntzan,null,723,781,3
21 sept 2024,MX,Morelia,Paseo de la República (Sector República),HAZARD,1020.3181818181819,402.3181818181818,449
21 sept 2024,MX,Morelia,Av. Francisco I. Madero Oriente,ACCIDENT,631,361.5,26
21 sept 2024,MX,Morelia,Guillermo Prieto,HAZARD,692.5555555555555,740.8888888888889,84
21 sept 2024,MX,Morelia,Av. Periodismo,null,862.4545454545455,403,98
21 sept 2024,MX,Morelia,Periférico Paseo de la República (Sector Independencia),null,1424.6944444444443,490.1666666666667,945
21 sept 2024,MX,Morelia,Ignacio Rayón,null,535,510,4
21 sept 2024,MX,Morelia,Av. Acueducto,null,840.0714285714286,729.6428571428571,144
21 sept 2024,MX,Morelia,Santiago Tapia,null,724.1666666666666,546.1666666666666,169
21 sept 2024,MX,Morelia,Paseo de la República (Sector Nueva España),null,779.5416666666666,692.2083333333334,227
21 sept 2024,MX,Morelia,Aquiles Serdán,null,988.6153846153846,654.9230769230769,138
21 sept 2024,MX,Morelia,Francisco Márquez,null,556,512.5,11
21 sept 2024,MX,Morelia,Periférico Paseo de la República (Sector Revolución),null,1857.3125,501.375,1005
21 sept 2024,MX,Morelia,Paseo de la República (Sector República),null,1233.241935483871,536.758064516129,1033
21 sept 2024,MX,Morelia,Av. Juárez,null,1008.4166666666666,519.9166666666666,82
21 sept 2024,MX,Morelia,Antonio Alzate,null,554,528.4,37
21 sept 2024,MX,Morelia,Periférico Paseo de la República (Sector Independencia),HAZARD,3022.3333333333335,941.6666666666666,84
21 sept 2024,MX,Morelia,Ocampo,null,805,481.5,15
21 sept 2024,MX,Morelia,MEX-15 / Morelia - Jiquilpan,null,1230.3636363636363,272.27272727272725,66
21 sept 2024,MX,Morelia,Guadalajara - Salamanca - Aeropuerto,null,545,381.57575757575756,131
21 sept 2024,CO,Morelia,Pereira-Alcalá / RD29-03,ACCIDENT,788.1428571428571,982.6666666666666,454
21 sept 2024,MX,Morelia,Abasolo,null,627.0769230769231,609.9230769230769,131
21 sept 2024,MX,Morelia,Juan A. Gutiérrez,null,792,565.4,32
21 sept 2024,MX,Morelia,Av. Guadalupe Victoria,HAZARD,714.375,845.375,104
21 sept 2024,MX,Morelia,Av. Fuentes de Morelia,null,639.625,295.125,77
21 sept 2024,MX,Morelia,Av. Morelos Sur,null,1182,340,12
21 sept 2024,MX,Morelia,Av. Francisco I. Madero Oriente,HAZARD,786,341,20
21 sept 2024,MX,Morelia,Rafael Huerta,null,787,1003,3
21 sept 2024,MX,Morelia,Av. Tata Vasco,null,567.3333333333334,426.3333333333333,59
21 sept 2024,MX,Morelia,Margarita Maza de Juárez,null,511,995.5,8
21 sept 2024,MX,Morelia,Virrey Antonio de Mendoza,null,998,495.55555555555554,70
21 sept 2024,MX,Morelia,Av. Morelos (N),HAZARD,876.0909090909091,586.0909090909091,207
21 sept 2024,MX,Morelia,Antiguo Camino a la Huerta,null,1037.125,449.5,27
22 sept 2024,MX,Morelia,Allende,null,793.7142857142857,581.8571428571429,50
22 sept 2024,MX,Morelia,Blvd. García de León,null,627.3333333333334,344.5,30
22 sept 2024,MX,Morelia,Av. Morelos (N),null,673,666,11
22 sept 2024,MX,Morelia,Vasco de Quiroga,null,697.5,524.5,16
22 sept 2024,MX,Morelia,MEX-15 / Morelia - Jiquilpan,null,1134.5833333333333,688.1666666666666,107
22 sept 2024,MX,Morelia,Periférico Paseo de la República (Sector Nueva España),null,614.25,416.5,46
22 sept 2024,MX,Morelia,Calz. Juárez,null,1432,377,15
22 sept 2024,MX,Morelia,Periférico Paseo de la República (Sector República),null,1929.8333333333333,355.1666666666667,32
22 sept 2024,MX,Morelia,Antonio Alzate,null,554,616,3
22 sept 2024,MX,Morelia,Santiago Tapia,null,799.8571428571429,535,65
22 sept 2024,MX,Morelia,Abasolo,null,681.2916666666666,603.25,299
22 sept 2024,MX,Morelia,Aquiles Serdán,null,751.2666666666667,525.2,108
22 sept 2024,MX,Morelia,Av. Morelos Sur,null,699,776,6
22 sept 2024,MX,Morelia,Av. Acueducto,null,773,462.25,20
22 sept 2024,MX,Morelia,Av. Francisco I. Madero Poniente,null,1402.857142857143,442.42857142857144,28
22 sept 2024,MX,Morelia,Av. Francisco I. Madero Oriente,null,716.5714285714286,501.2857142857143,110
22 sept 2024,MX,Morelia,MEX-15 / Morelia - Jiquilpan,HAZARD,1399.5,1267.5,42
23 sept 2024,MX,Morelia,Av. Morelos (N),HAZARD,814.5,815.25,144
23 sept 2024,MX,Morelia,Allende,null,644,586,4
23 sept 2024,MX,Morelia,W. A. Mozart,null,530,419,6
23 sept 2024,MX,Morelia,Antiguo Camino a la Huerta,null,1354.8181818181818,555.9090909090909,49
23 sept 2024,MX,Morelia,Calz. la Huerta,null,1173.3333333333333,421,98
23 sept 2024,MX,Morelia,Av. Gral. Lázaro Cárdenas,null,590,567,8
23 sept 2024,MX,Morelia,Francisco R. Romero,null,759,551,2
23 sept 2024,MX,Morelia,MEX-15 / Morelia - Jiquilpan,HAZARD,1120.5882352941176,511.6470588235294,126
23 sept 2024,MX,Morelia,Av. Río Grande de Morelia,HAZARD,727.4285714285714,426.57142857142856,21
23 sept 2024,MX,Morelia,Periférico Paseo de la República (Sector Revolución),ACCIDENT,1051,207,18
23 sept 2024,MX,Morelia,Rey Tariácuri,null,509,468.5,14
23 sept 2024,MX,Morelia,Av. Francisco I. Madero Poniente,null,687.5,658,15
23 sept 2024,MX,Morelia,Periférico Paseo de la República (Sector Independencia),null,1166.409090909091,560,467
23 sept 2024,MX,Morelia,Av. Miguel Hidalgo,null,552.7777777777778,575,92
23 sept 2024,MX,Morelia,Calz. la Huerta,HAZARD,1010.5,135.33333333333334,60
23 sept 2024,MX,Morelia,Periférico Paseo de la República (Sector Revolución),null,1580,496.9024390243902,870
23 sept 2024,MX,Morelia,Paseo de la República (Sector Nueva España),null,805,473.3333333333333,20
23 sept 2024,MX,Morelia,Abasolo,null,685.2727272727273,582.4545454545455,86
23 sept 2024,MX,Morelia,Av. Francisco I. Madero Oriente,null,754,392.25,66
24 sept 2024,MX,Morelia,Antiguo Camino a la Huerta,null,925.9473684210526,765.7368421052631,35
24 sept 2024,MX,Morelia,Margarita Maza de Juárez,null,871.3636363636364,544.2727272727273,96
24 sept 2024,MX,Morelia,Av. Periodismo,null,889,497.6,72
24 sept 2024,MX,Morelia,Av. Francisco I. Madero Oriente,null,981.0909090909091,285.72727272727275,149
24 sept 2024,MX,Morelia,Periférico Paseo de la República (Sector Revolución),null,1561.6296296296296,487.22222222222223,522
24 sept 2024,MX,Morelia,General Francisco J. Múgica,null,717.7575757575758,515.3030303030303,141
24 sept 2024,MX,Morelia,Av. San José del Cerrito,HAZARD,1162.8,569.4,27
24 sept 2024,MX,Morelia,Ventura Puente,HAZARD,1381.25,518.25,147
24 sept 2024,MX,Morelia,Paseo de la República (Sector Nueva España),null,859.5,420.5,21
24 sept 2024,MX,Morelia,Calz. la Huerta,HAZARD,1451.3333333333333,464.3333333333333,96
24 sept 2024,MX,Morelia,Periférico Paseo de la República (Sector Independencia),null,1563.32,765.5333333333333,1601
24 sept 2024,MX,Morelia,Francisco Márquez,HAZARD,690,622,19
24 sept 2024,MX,Morelia,Abasolo,null,640.4,471,41
24 sept 2024,MX,Morelia,Periférico Paseo de la República (Sector Nueva España),null,1006.9512195121952,688.780487804878,661
24 sept 2024,MX,Morelia,Av. Morelos Sur,HAZARD,712.3333333333334,726.6111111111111,219
24 sept 2024,MX,Morelia,Av. Francisco I. Madero Poniente,null,974.3793103448276,540.9310344827586,247
24 sept 2024,MX,Morelia,Lateral Francisco I. Madero Ote.,null,1023.6666666666666,586.6666666666666,33
24 sept 2024,MX,Morelia,Av. Universidad,HAZARD,727,659,21
24 sept 2024,MX,Morelia,Av. San José del Cerrito,null,742.3333333333334,530,15
24 sept 2024,MX,Morelia,Av. Periodismo,HAZARD,898.3846153846154,471.38461538461536,105
24 sept 2024,MX,Morelia,Guillermo Prieto,HAZARD,1020,544,8
24 sept 2024,MX,Morelia,Nogal,null,631,471.25,12
24 sept 2024,MX,Morelia,Av. Francisco I. Madero Poniente,HAZARD,1064,165.33333333333334,9
24 sept 2024,MX,Morelia,Av. Solidaridad,null,906.2222222222222,716.0952380952381,914
24 sept 2024,MX,Morelia,Av. Morelos (N),HAZARD,763.4,850.25,208
24 sept 2024,MX,Morelia,Cuautla,null,519,719,8
24 sept 2024,MX,Morelia,Calz. Juárez,null,783.5,291.75,8
24 sept 2024,MX,Morelia,Jesús Sansón Flores,null,589.3333333333334,492,29
24 sept 2024,MX,Morelia,Av. Morelos Sur,null,695.8421052631579,584.3157894736842,179
24 sept 2024,MX,Morelia,Av. Miguel Hidalgo,null,585,572.6666666666666,11
24 sept 2024,MX,Morelia,Ventura Puente,null,1012.0625,392.4375,462
24 sept 2024,MX,Morelia,Av. Juan Pablo II,null,1383,386.53333333333336,237
24 sept 2024,CO,Morelia,Pereira-Alcalá / RD29-03,null,572,666.6666666666666,28
24 sept 2024,MX,Morelia,Maestro Rubén Valencia Cortés,null,824.2,346.6,26
24 sept 2024,MX,Morelia,Av. Gral. Lázaro Cárdenas,null,1366,491.125,92
24 sept 2024,MX,Morelia,MEX-15 / Morelia - Jiquilpan,null,2285,435.5,17
24 sept 2024,MX,Morelia,Rey Tangaxoan II,null,802.1923076923077,487.46153846153845,123
24 sept 2024,MX,Morelia,Av. Acueducto,null,782.5,394,11
24 sept 2024,MX,Morelia,MEX-15 / Morelia - Jiquilpan,HAZARD,3759,403,23
24 sept 2024,MX,Morelia,Rey Tariácuri,null,567.125,534.75,37
25 sept 2024,MX,Morelia,Av. Francisco I. Madero Oriente,HAZARD,1365,569,21
25 sept 2024,MX,Morelia,Francisco Márquez,null,556,750,5
25 sept 2024,MX,Morelia,Antiguo Camino a la Huerta,null,896.7857142857143,493.7142857142857,34
25 sept 2024,MX,Morelia,Plan de Ayala,null,924.3333333333334,585.6666666666666,17
25 sept 2024,MX,Morelia,Maestro Rubén Valencia Cortés,null,873.4,284.8,22
25 sept 2024,MX,Morelia,MICH-171 / Antigua Carretera a Pátzcuaro,null,602,276,4
25 sept 2024,MX,Morelia,Paseo de la República (Sector Nueva España),null,562,502,8
25 sept 2024,MX,Morelia,Aquiles Serdán,null,571.5,380.5,30
25 sept 2024,MX,Morelia,Av. Morelos (N),null,712.5,567.875,105
25 sept 2024,MX,Morelia,Av. Guadalupe Victoria,HAZARD,589.3333333333334,770,9
25 sept 2024,MX,Morelia,Av. Universidad,null,976.1666666666666,785.8333333333334,44
25 sept 2024,MX,Morelia,Paseo de la República (Sector Nueva España),HAZARD,971.9444444444445,609.3888888888889,333
25 sept 2024,MX,Morelia,MEX-15 / Morelia - Jiquilpan,null,1115,248.5,14
25 sept 2024,MX,Morelia,Periférico Paseo de la República (Sector Independencia),null,1094.1860465116279,452.1860465116279,747
25 sept 2024,MX,Morelia,Av. Francisco I. Madero Poniente,null,1271,386.85714285714283,84
25 sept 2024,MX,Morelia,Periférico Paseo de la República (Sector Nueva España),null,1208.9473684210527,421.3157894736842,419
25 sept 2024,MX,Morelia,Ramal Camelinas,HAZARD,1571,800,4
25 sept 2024,MX,Morelia,Juán José de Lejarza,null,703,488,12
25 sept 2024,MX,Morelia,Ramal Camelinas,null,3321.4285714285716,886.2142857142857,186
25 sept 2024,MX,Morelia,Periférico Paseo de la República (Sector Revolución),null,1836.4117647058824,667.9117647058823,656
25 sept 2024,MX,Morelia,Abasolo,null,646,525,71
25 sept 2024,MX,Morelia,Av. Francisco I. Madero Oriente,null,735,214,3
25 sept 2024,MX,Morelia,Av. Acueducto,null,835.25,520.5,38
25 sept 2024,MX,Morelia,Av. Morelos (N),HAZARD,779,734.0588235294117,189
26 sept 2024,MX,Morelia,Manuel Muñiz,null,637,632.6666666666666,170
26 sept 2024,MX,Morelia,Guillermo Prieto,HAZARD,889.2727272727273,669.2727272727273,140
26 sept 2024,MX,Morelia,Vicente Santa María,null,1021.75,411.625,73
26 sept 2024,MX,Morelia,Av. Francisco I. Madero Poniente,null,1372.6896551724137,572.1379310344828,897
26 sept 2024,MX,Morelia,Luis de León Romano,HAZARD,580,419,7
26 sept 2024,MX,Morelia,Periférico Paseo de la República (Sector Nueva España),null,972.1481481481482,435.7037037037037,487
26 sept 2024,MX,Morelia,Amado Nervo,null,597,642,7
26 sept 2024,MX,Morelia,Av. Morelos (N),HAZARD,962.75,837,284
26 sept 2024,MX,Morelia,Corregidora,null,751.6363636363636,310.90909090909093,79
26 sept 2024,MX,Morelia,Av. Héroes de Nocupétaro,null,867.0384615384615,641.5384615384615,542
26 sept 2024,MX,Morelia,Av. Guadalupe Victoria,null,784.0555555555555,599.0555555555555,123
26 sept 2024,MX,Morelia,Francisco Márquez,HAZARD,556,684.3333333333334,12
26 sept 2024,MX,Morelia,Av. Miguel Hidalgo,null,521,671,7
26 sept 2024,MX,Morelia,Cuautla,null,896.7272727272727,560.5454545454545,71
26 sept 2024,MX,Morelia,Av. Michoacán,null,573.25,755.75,21
26 sept 2024,MX,Morelia,Av. Francisco I. Madero Oriente,null,1495.0555555555557,544.7222222222222,237
26 sept 2024,MX,Morelia,Av. Morelos (N),null,865.2857142857143,600.4285714285714,504
26 sept 2024,MX,Morelia,Aldama,null,576,587,8
26 sept 2024,MX,Morelia,Virrey Antonio de Mendoza,null,987.2272727272727,637.2272727272727,248
26 sept 2024,MX,Morelia,Ignacio Rayón,null,653,549.6666666666666,29
26 sept 2024,MX,Morelia,Margarita Maza de Juárez,null,829,458.5,19
26 sept 2024,MX,Morelia,Av. Guadalupe Victoria,ACCIDENT,799.6666666666666,724,46
26 sept 2024,MX,Morelia,Juán José de Lejarza,null,702.5,988.5,78
26 sept 2024,MX,Morelia,Av. Siervo de la Nación,null,1065.625,515.25,51
26 sept 2024,MX,Morelia,Av. Periodismo,null,900.3548387096774,510.38709677419354,302
26 sept 2024,MX,Morelia,Av. Gral. Lázaro Cárdenas,null,1336,515.7857142857143,160
26 sept 2024,MX,Morelia,Antiguo Camino a la Huerta,HAZARD,1118.857142857143,974.7142857142857,27
26 sept 2024,MX,Morelia,Antonio Alzate,null,784.5,437.25,33
26 sept 2024,MX,Morelia,Ventura Puente,HAZARD,1050.8,489.2,548
26 sept 2024,MX,Morelia,Antiguo Camino a la Huerta,null,1219.1764705882354,483.29411764705884,47
26 sept 2024,MX,Morelia,Rey Tangaxoan II,null,1065,599,8
26 sept 2024,MX,Morelia,Calz. la Huerta,null,734.7,379.6,101
26 sept 2024,MX,Morelia,Av. Francisco I. Madero Oriente,HAZARD,1306.8333333333333,421.5,72
26 sept 2024,MX,Morelia,General Francisco J. Múgica,null,774.2857142857143,667.6285714285714,255
26 sept 2024,MX,Morelia,Vasco de Quiroga,null,1025,692.25,42
26 sept 2024,MX,Morelia,Periférico Paseo de la República (Sector Independencia),ACCIDENT,2451,1585,55
26 sept 2024,MX,Morelia,Av. Río Grande de Morelia,HAZARD,775,583.2,11
26 sept 2024,MX,Morelia,Plan de Ayala,null,978,862.3333333333334,8
26 sept 2024,MX,Morelia,Ventura Puente,null,1469.875,750.875,344
26 sept 2024,MX,Morelia,Av. Juárez,null,985.6,417.4,16
26 sept 2024,MX,Morelia,Av. Michoacán,HAZARD,1006.25,640.25,34
26 sept 2024,MX,Morelia,Av. Acueducto,null,921.5,536.3571428571429,113
26 sept 2024,MX,Morelia,Periférico Paseo de la República (Sector Revolución),null,1695.8,553.44,459
26 sept 2024,MX,Morelia,Av. Francisco I. Madero Oriente,ACCIDENT,850.125,566.875,82
26 sept 2024,MX,Morelia,Av. Solidaridad,null,655.1363636363636,404.8181818181818,197
26 sept 2024,MX,Morelia,Av. Héroes de Nocupétaro,HAZARD,899.5,795.25,68
26 sept 2024,MX,Morelia,Av. Morelos Sur,HAZARD,760.1428571428571,774.0714285714286,195
26 sept 2024,MX,Morelia,Vicente Guerrero,null,877.5,606.6666666666666,110
26 sept 2024,MX,Morelia,Av. Universidad,HAZARD,1178.7777777777778,690.7777777777778,75
26 sept 2024,MX,Morelia,Periférico Paseo de la República (Sector Independencia),HAZARD,1585.5,516,58
26 sept 2024,MX,Morelia,Periférico Paseo de la República (Sector Independencia),null,1367.7152777777778,551.5902777777778,2377
26 sept 2024,MX,Morelia,Héroes Anónimos de la Independencia,null,1132,275.4166666666667,46
26 sept 2024,MX,Morelia,Av. Universidad,null,1053.35,739.2,171
26 sept 2024,MX,Morelia,Aquiles Serdán,null,639.9166666666666,550.8333333333334,192
26 sept 2024,MX,Morelia,Guillermo Prieto,null,666,668.4,51
26 sept 2024,MX,Morelia,Abasolo,null,704.4468085106383,523.3404255319149,616
26 sept 2024,MX,Morelia,Santiago Tapia,null,736.5185185185185,464.962962962963,308
26 sept 2024,MX,Morelia,MEX-15 / Morelia - Jiquilpan,null,2026.6666666666667,399.6666666666667,53
26 sept 2024,MX,Morelia,Gertrudis Bocanegra,null,653,464.75,19
26 sept 2024,MX,Morelia,Luis de León Romano,null,591,400,16
26 sept 2024,MX,Morelia,Héroe de Nacozari,null,699,554.7142857142857,96
26 sept 2024,MX,Morelia,Francisco Márquez,null,556,710.3333333333334,13
26 sept 2024,MX,Morelia,Allende,null,900,658.8,36
26 sept 2024,MX,Morelia,Carpinteros de Paracho,HAZARD,703.25,562.5,16
26 sept 2024,MX,Morelia,Av. Francisco I. Madero Poniente,HAZARD,738.3333333333334,231.33333333333334,50
26 sept 2024,MX,Morelia,Francisco R. Romero,null,518,637.6666666666666,10
27 sept 2024,MX,Morelia,Virrey Antonio de Mendoza,null,891.35,492.8,200
27 sept 2024,MX,Morelia,Av. Manuel Buendía,null,525,656,8
27 sept 2024,MX,Morelia,Av. Michoacán,null,672.3333333333334,704.3333333333334,22
27 sept 2024,MX,Morelia,General Francisco J. Múgica,null,530.8333333333334,663.8333333333334,14
27 sept 2024,MX,Morelia,Antiguo Camino a la Huerta,HAZARD,1185.857142857143,918.7142857142857,28
27 sept 2024,MX,Morelia,Galeana,null,675,543.6,72
27 sept 2024,MX,Morelia,Av. Fuentes de Morelia,null,774.8181818181819,387.6363636363636,104
27 sept 2024,MX,Morelia,Abasolo,null,594.7,633.3,101
27 sept 2024,MX,Morelia,Allende,null,792.6363636363636,629.2727272727273,69
27 sept 2024,MX,Morelia,Paseo de la República (Sector República),null,841.75,733,80
27 sept 2024,MX,Morelia,Periférico Paseo de la República (Sector Independencia),null,721,270,9
27 sept 2024,MX,Morelia,Héroe de Nacozari,null,723.8571428571429,587.8571428571429,100
27 sept 2024,MX,Morelia,Av. Héroes de Nocupétaro,null,768.0487804878048,530.0243902439024,387
27 sept 2024,MX,Morelia,Corregidora,null,1006.6666666666666,319.3333333333333,15
27 sept 2024,MX,Morelia,Corregidora,HAZARD,568,586,10
27 sept 2024,CO,Morelia,La Unión-Roldanillo / RN23-02,null,3229.3333333333335,153,18
27 sept 2024,MX,Morelia,Aldama,null,576,471,5
27 sept 2024,MX,Morelia,Av. Periodismo,null,688,584,6
27 sept 2024,MX,Morelia,Av. Francisco I. Madero Oriente,null,1376.9310344827586,446.3103448275862,274
27 sept 2024,MX,Morelia,Periférico Paseo de la República (Sector República),null,1508.36,814.8,319
27 sept 2024,MX,Morelia,Av. Francisco I. Madero Oriente,HAZARD,1665,452,11
27 sept 2024,MX,Morelia,Ignacio Rayón,null,594,484,19
27 sept 2024,MX,Morelia,Av. Francisco I. Madero Poniente,null,1691.2708333333333,514.2291666666666,661
27 sept 2024,MX,Morelia,José Juan Tablada,HAZARD,715.5,523.5,14
27 sept 2024,MX,Morelia,Antiguo Camino a la Huerta,null,1627,524,3
27 sept 2024,MX,Morelia,Av. Acueducto,null,552.5,936.3333333333334,71
27 sept 2024,MX,Morelia,Av. Michoacán,HAZARD,825.1666666666666,817.6666666666666,38
27 sept 2024,MX,Morelia,Antiguo Camino a la Huerta,ACCIDENT,1220,803.5,8
27 sept 2024,MX,Morelia,Av. Guadalupe Victoria,null,668.88,756.96,194
27 sept 2024,MX,Morelia,Antonio Alzate,null,782.2,546.6,28
27 sept 2024,MX,Morelia,Héroe de Nacozari,HAZARD,723.8571428571429,610.8571428571429,90
27 sept 2024,MX,Morelia,Av. Gral. Lázaro Cárdenas,null,1484.5882352941176,712.8823529411765,208
27 sept 2024,MX,Morelia,Rey Tangaxoan II,null,633.5,578.25,14
27 sept 2024,MX,Morelia,Guillermo Prieto,HAZARD,630.75,683.125,89
27 sept 2024,MX,Morelia,Santiago Tapia,null,741.125,437.5,85
27 sept 2024,MX,Morelia,Aquiles Serdán,null,697.7222222222222,530.4444444444445,123
28 sept 2024,MX,Morelia,Santiago Tapia,null,574,516,14
28 sept 2024,MX,Morelia,Periférico Paseo de la República (Sector Revolución),ACCIDENT,1490.061224489796,352.16326530612247,1465
28 sept 2024,MX,Morelia,Calz. la Huerta,null,1453.0434782608695,515.695652173913,539
28 sept 2024,MX,Morelia,Av. Universidad,HAZARD,838.8571428571429,1059.7619047619048,189
28 sept 2024,MX,Morelia,Aldama,null,576,707.75,39
28 sept 2024,MX,Morelia,Periférico Paseo de la República (Sector Independencia),null,1032.361111111111,359.44444444444446,942
28 sept 2024,MX,Morelia,Av. Michoacán,HAZARD,540,474,5
28 sept 2024,MX,Morelia,Periférico Paseo de la República (Sector Independencia),ACCIDENT,1585.2,477.9,263
28 sept 2024,MX,Morelia,Av. Morelos Sur,null,770,514,7
28 sept 2024,MX,Morelia,Antonio Alzate,null,820,510.125,79
28 sept 2024,MX,Morelia,La Huerta,null,1080.8666666666666,476.8,199
28 sept 2024,MX,Morelia,Héroe de Nacozari,null,735,602.75,48
28 sept 2024,MX,Morelia,Corregidora,null,602.3333333333334,544.6666666666666,32
28 sept 2024,MX,Morelia,Lateral Francisco I. Madero Ote.,null,665.5,555.5,10
28 sept 2024,MX,Morelia,Virrey Antonio de Mendoza,null,952,853.6,120
28 sept 2024,MX,Morelia,Calz. la Huerta,HAZARD,2462.6666666666665,671.6666666666666,106
28 sept 2024,MX,Morelia,Av. Pedregal,null,630,451,13
28 sept 2024,MX,Morelia,Av. Gral. Lázaro Cárdenas,null,986.5454545454545,514.0909090909091,84
28 sept 2024,MX,Morelia,Abasolo,null,945,422.5,28
28 sept 2024,MX,Morelia,Av. Guadalupe Victoria,null,649.7142857142857,811.2857142857143,28
28 sept 2024,MX,Morelia,José Juan Tablada,HAZARD,735.8421052631579,616.7894736842105,168
28 sept 2024,MX,Morelia,Allende,null,570,552.5,10
28 sept 2024,MX,Morelia,Av. Francisco I. Madero Poniente,null,620,434,13
28 sept 2024,MX,Morelia,Av. Michoacán,ACCIDENT,607.6666666666666,575.6666666666666,10
29 sept 2024,MX,Morelia,Av. Guadalupe Victoria,null,1193,536.5,18
29 sept 2024,MX,Morelia,Av. Guadalupe Victoria,HAZARD,803.5,474.5,24
29 sept 2024,MX,Morelia,Allende,null,836.9090909090909,679.4545454545455,74
29 sept 2024,MX,Morelia,Av. Francisco I. Madero Poniente,null,929.8928571428571,383.42857142857144,404
29 sept 2024,MX,Morelia,Abasolo,null,534,549.25,44
29 sept 2024,MX,Morelia,Av. Acueducto,null,665.5,642,8
29 sept 2024,MX,Morelia,Virrey Antonio de Mendoza,null,997.5,577.05,154
29 sept 2024,CO,Morelia,Vía Rural,null,952,253,4
29 sept 2024,MX,Morelia,Av. Morelos Sur,null,873.5172413793103,568,244
29 sept 2024,MX,Morelia,Periférico Paseo de la República (Sector Independencia),null,980,150,8
29 sept 2024,MX,Morelia,Aquiles Serdán,null,759,707,7
29 sept 2024,MX,Morelia,Periférico Paseo de la República (Sector Independencia),HAZARD,577.625,237.875,52
30 sept 2024,MX,Morelia,Plan de Ayala,HAZARD,1192,789.5,15
30 sept 2024,MX,Morelia,Virrey Antonio de Mendoza,null,744.8,519.2,22
30 sept 2024,MX,Morelia,20 de Noviembre,null,783.72,778.04,179
30 sept 2024,MX,Morelia,General Francisco J. Múgica,null,552,521.5,9
30 sept 2024,MX,Morelia,La Huerta,null,1235.6666666666667,520.6666666666666,34
30 sept 2024,MX,Morelia,Allende,null,822,567,18
30 sept 2024,MX,Morelia,Av. Periodismo,null,700.05,662.25,326
30 sept 2024,MX,Morelia,Periférico Paseo de la República (Sector Independencia),HAZARD,1169.5,348.375,77
30 sept 2024,MX,Morelia,Av. Michoacán,HAZARD,985.5714285714286,757.6734693877551,497
30 sept 2024,MX,Morelia,Independencia,null,542,479.5,28
30 sept 2024,MX,Morelia,Plan de Ayala,null,781.1,772.8,59
30 sept 2024,MX,Morelia,Río Grande,null,500,433.8,21
30 sept 2024,MX,Morelia,Av. Francisco I. Madero Poniente,null,1152.125,786.875,34
30 sept 2024,MX,Morelia,Av. Michoacán,null,1022,649.1666666666666,97
30 sept 2024,MX,Morelia,Av. Pedregal,null,651.8,682.8,50
30 sept 2024,MX,Morelia,Calz. la Huerta,null,1329.125,480.5,82
30 sept 2024,MX,Morelia,Periférico Paseo de la República (Sector Revolución),null,757.4545454545455,367,175
30 sept 2024,MX,Morelia,La Huerta,HAZARD,1309,309.25,57
30 sept 2024,MX,Morelia,Av. Francisco I. Madero Poniente,HAZARD,982.2857142857143,594.7142857142857,41
1 oct 2024,MX,Morelia,Periférico Paseo de la República (Sector Independencia),null,678.5,199.58333333333334,164
1 oct 2024,MX,Morelia,Allende,null,570,613.3333333333334,39
1 oct 2024,MX,Morelia,Abasolo,null,558.6,644.6,22
1 oct 2024,MX,Morelia,Av. Francisco I. Madero Oriente,HAZARD,732,267,12
2 oct 2024,MX,Morelia,Av. Periodismo,null,1114.98,603.94,564
2 oct 2024,MX,Morelia,Av. Gral. Lázaro Cárdenas,null,1439.1724137931035,555.2413793103449,364
2 oct 2024,MX,Morelia,Allende,null,919,644,7
2 oct 2024,MX,Morelia,Av. Río Grande de Morelia,HAZARD,669.3333333333334,387.6666666666667,22
2 oct 2024,MX,Morelia,Calz. la Huerta,null,1217.8846153846155,526.5769230769231,368
2 oct 2024,MX,Morelia,Cuautla,null,792.5384615384615,498.15384615384613,87
2 oct 2024,MX,Morelia,Antiguo Camino a la Huerta,null,1007.5,638.8125,47
2 oct 2024,MX,Morelia,Carpinteros de Paracho,HAZARD,547,652.5,5
2 oct 2024,MX,Morelia,Av. Francisco I. Madero Poniente,HAZARD,958,461.5,27
2 oct 2024,MX,Morelia,Loma del Rey,HAZARD,723,593.5,13
2 oct 2024,MX,Morelia,Av. Universidad,null,645,622,18
2 oct 2024,MX,Morelia,Paso superior Siervo de la Nación,null,557,461.25,8
2 oct 2024,MX,Morelia,Periférico Paseo de la República (Sector Independencia),null,1384.6716417910447,823.6492537313433,2184
2 oct 2024,MX,Morelia,Av. Guadalupe Victoria,null,626.875,691.5,37
2 oct 2024,MX,Morelia,Abasolo,null,632,444,28
2 oct 2024,MX,Morelia,Corregidora,null,915,349.5,16
2 oct 2024,MX,Morelia,Av. Siervo de la Nación,null,949.125,390.475,362
2 oct 2024,MX,Morelia,Av. Solidaridad,null,873.3333333333334,642,30
2 oct 2024,MX,Morelia,Av. Michoacán,HAZARD,719.75,418,22
2 oct 2024,MX,Morelia,Ventura Puente,null,680,548.3333333333334,23
2 oct 2024,MX,Morelia,Av. Morelos (N),HAZARD,801.2153846153847,568.5230769230769,924
2 oct 2024,MX,Morelia,Av. Francisco I. Madero Poniente,null,1125.965909090909,479.97727272727275,976
2 oct 2024,MX,Morelia,La Huerta,null,922,611,7
2 oct 2024,MX,Morelia,Av. Periodismo,HAZARD,1393,736.25,105
2 oct 2024,MX,Morelia,Periférico Paseo de la República (Sector Independencia),HAZARD,1683.125,900.375,125
2 oct 2024,MX,Morelia,Av. Universidad,HAZARD,731.5,673.25,23
2 oct 2024,MX,Morelia,Av. Francisco I. Madero Oriente,null,1343.8285714285714,413.8285714285714,286
2 oct 2024,MX,Morelia,Av. Morelos (N),null,1568.611111111111,1023.3333333333334,467
2 oct 2024,MX,Morelia,General Francisco J. Múgica,null,631.6,580.2,43
2 oct 2024,MX,Morelia,La Huerta,HAZARD,842.25,383.5,30
2 oct 2024,MX,Morelia,Periférico Paseo de la República (Sector Nueva España),null,1098,590,14
2 oct 2024,MX,Morelia,Av. Francisco I. Madero Oriente,HAZARD,1955.3225806451612,344.80645161290323,247
2 oct 2024,MX,Morelia,Manantial de Quinceo,null,534,443,12
2 oct 2024,MX,Morelia,Periférico Paseo de la República (Sector Revolución),null,1541.5892857142858,388.55357142857144,1339
2 oct 2024,MX,Morelia,Av. Michoacán,null,601,292,6
2 oct 2024,MX,Morelia,Guillermo Prieto,HAZARD,807.3333333333334,705.3333333333334,51
2 oct 2024,MX,Morelia,Av. Héroes de Nocupétaro,null,901.9230769230769,818.2307692307693,74
3 oct 2024,MX,Morelia,MICH-171 / Antigua Carretera a Pátzcuaro,null,1092,468,8
3 oct 2024,MX,Morelia,Periférico Paseo de la República (Sector Revolución),ACCIDENT,1469.2307692307693,315.61538461538464,291
3 oct 2024,MX,Morelia,Abasolo,null,612.4,487.4,38
3 oct 2024,MX,Morelia,Av. Gral. Lázaro Cárdenas,null,1159,605,58
3 oct 2024,MX,Morelia,Av. Acueducto,null,1299,461.5,24
3 oct 2024,MX,Morelia,Obrajeros de Nurio,null,598,875,6
3 oct 2024,MX,Morelia,Periférico Paseo de la República (Sector Revolución),null,1439.1666666666667,254.95833333333334,655
3 oct 2024,MX,Morelia,MEX-15 / Morelia - Jiquilpan,HAZARD,599,461.3333333333333,8
3 oct 2024,MX,Morelia,Rey Tariácuri,HAZARD,509,655.5,16
3 oct 2024,MX,Morelia,Av. Morelos (N),HAZARD,823.1,675.7,145
3 oct 2024,MX,Morelia,Av. Héroes de Nocupétaro,null,534,475.5,6
3 oct 2024,MX,Morelia,Av. Guadalupe Victoria,null,652.6666666666666,558.6666666666666,12
3 oct 2024,MX,Morelia,Av. Morelos (N),null,1284.125,544.75,186
3 oct 2024,MX,Morelia,Periférico Paseo de la República (Sector Revolución),HAZARD,1825.483870967742,579.3548387096774,795
3 oct 2024,MX,Morelia,Allende,null,857.5454545454545,608.9090909090909,57
3 oct 2024,MX,Morelia,Av. Guadalupe Victoria,HAZARD,744.25,577.5,20
3 oct 2024,MX,Morelia,Aquiles Serdán,null,663.8571428571429,498.14285714285717,47
3 oct 2024,MX,Morelia,Av. Francisco I. Madero Poniente,null,1358.875,521.7,402
3 oct 2024,MX,Morelia,Paseo de la República (Sector Nueva España),null,1052,535.75,38
3 oct 2024,MX,Morelia,Av. Río Grande de Morelia,HAZARD,608.5,408.25,7
3 oct 2024,MX,Morelia,Periférico Paseo de la República (Sector Independencia),null,1321.6129032258063,696.7741935483871,616
3 oct 2024,MX,Morelia,Santiago Tapia,null,626.8,473.4,28
3 oct 2024,MX,Morelia,Periférico Paseo de la República (Sector Nueva España),null,1117.9,430.15,307
3 oct 2024,MX,Morelia,Guillermo Prieto,HAZARD,847.6,627.8,31
3 oct 2024,MX,Morelia,División del Norte,null,779.5,573,7
3 oct 2024,MX,Morelia,Av. Universidad,HAZARD,742.1111111111111,745.5555555555555,71
3 oct 2024,MX,Morelia,Paseo de la República (Sector República),HAZARD,1296,2066,5
3 oct 2024,MX,Morelia,Av. Francisco I. Madero Oriente,HAZARD,726.625,450.75,44
4 oct 2024,MX,Morelia,Calz. la Huerta,null,1249.25,323,62
4 oct 2024,MX,Morelia,Av. Gral. Lázaro Cárdenas,null,1645.2,685.3,162
4 oct 2024,MX,Morelia,Blvd. García de León,HAZARD,678,390,46
4 oct 2024,MX,Morelia,Periférico Paseo de la República (Sector Revolución),null,2003,834,36
4 oct 2024,MX,Morelia,Calz. Juárez,null,962,1025,9
4 oct 2024,MX,Morelia,Héroe de Nacozari,HAZARD,721.2,1435.8,102
4 oct 2024,MX,Morelia,Periférico Paseo de la República (Sector Independencia),null,1328,703,13
4 oct 2024,MX,Morelia,Guillermo Prieto,HAZARD,757.6666666666666,728.5,57
4 oct 2024,MX,Morelia,Calz. la Huerta,HAZARD,1129.6666666666667,126.33333333333333,50
4 oct 2024,MX,Morelia,Antiguo Camino a la Huerta,null,809.75,670.0833333333334,24
4 oct 2024,MX,Morelia,Antiguo Camino a la Huerta,HAZARD,1194.6666666666667,943.3333333333334,6
4 oct 2024,MX,Morelia,Periférico Paseo de la República (Sector Nueva España),null,1298,478.6666666666667,248
4 oct 2024,MX,Morelia,Av. Francisco I. Madero Poniente,null,1456,746.7272727272727,209
4 oct 2024,MX,Morelia,Av. Universidad,HAZARD,1061,709,23
4 oct 2024,MX,Morelia,Paseo de la República (Sector Nueva España),HAZARD,727,456.5,10
4 oct 2024,MX,Morelia,Av. Juan Pablo II,null,923,239.5,56
4 oct 2024,MX,Morelia,Av. Héroes de Nocupétaro,null,715.9375,612.8125,109
4 oct 2024,MX,Morelia,Cuautla,null,551.3333333333334,383.6666666666667,9
4 oct 2024,MX,Morelia,Francisco Márquez,null,623,611.5,7
4 oct 2024,MX,Morelia,Av. Guadalupe Victoria,null,736.2592592592592,694,167
4 oct 2024,MX,Morelia,Av. Acueducto,HAZARD,913,963,12
4 oct 2024,MX,Morelia,Av. Periodismo,null,2052,641,8
4 oct 2024,MX,Morelia,Abasolo,null,750.4,417.2,53
4 oct 2024,MX,Morelia,Carpinteros de Paracho,HAZARD,662.5,428.5,14
4 oct 2024,MX,Morelia,Periférico Paseo de la República (Sector Revolución),HAZARD,2003,795.75,95
4 oct 2024,MX,Morelia,Av. Juan Pablo II,HAZARD,834.3333333333334,288.8333333333333,171
4 oct 2024,MX,Morelia,Av. Morelos (N),HAZARD,943.1290322580645,577.7741935483871,535
4 oct 2024,MX,Morelia,Av. Universidad,null,821,540,4
4 oct 2024,MX,Morelia,Artilleros de 1847,null,1074,403,15
5 oct 2024,MX,Morelia,Av. Francisco I. Madero Poniente,null,1227.8169014084508,506.88732394366195,863
5 oct 2024,MX,Morelia,Antiguo Camino a la Huerta,HAZARD,979.8333333333334,866.25,24
5 oct 2024,MX,Morelia,Av. Guadalupe Victoria,null,648.3,613.9,53
5 oct 2024,MX,Morelia,Av. Michoacán,null,721.4,579.4,21
5 oct 2024,MX,Morelia,Av. Francisco I. Madero Poniente,ACCIDENT,1760.75,735.75,80
5 oct 2024,MX,Morelia,Santiago Tapia,HAZARD,536.25,484.75,43
5 oct 2024,MX,Morelia,Av. Francisco I. Madero Oriente,null,976,618.9090909090909,140
5 oct 2024,MX,Morelia,Antiguo Camino a la Huerta,null,949.8888888888889,793.5555555555555,19
5 oct 2024,MX,Morelia,General Francisco J. Múgica,HAZARD,1243,529,11
5 oct 2024,MX,Morelia,MEX-14 / Morelia - Pátzcuaro,null,664.4285714285714,590,149
5 oct 2024,MX,Morelia,Abasolo,null,680.1,523.9,86
5 oct 2024,MX,Morelia,Av. Acueducto,null,938,536,19
5 oct 2024,MX,Morelia,General Francisco J. Múgica,null,966,452,11
5 oct 2024,CO,Morelia,Pereira-Alcalá / RD29-03,null,568,426,10
5 oct 2024,MX,Morelia,Periférico Paseo de la República (Sector Nueva España),null,1095.857142857143,441.2857142857143,251
6 oct 2024,MX,Morelia,Santiago Tapia,HAZARD,734,593,33
6 oct 2024,MX,Morelia,Abasolo,null,625.3333333333334,575.1666666666666,56
6 oct 2024,MX,Morelia,Av. Francisco I. Madero Poniente,null,1018.7777777777778,448.22222222222223,95
6 oct 2024,MX,Morelia,Rey Tangaxoan II,null,800.4545454545455,472.3636363636364,54
6 oct 2024,MX,Morelia,Allende,null,823.3333333333334,570.3333333333334,14
7 oct 2024,MX,Morelia,Av. Michoacán,null,554,457,5
7 oct 2024,MX,Morelia,Batalla de Casa Mata,HAZARD,507,670,4
7 oct 2024,MX,Morelia,Av. Morelos (N),HAZARD,739.35,910.3,184
7 oct 2024,MX,Morelia,Av. San José del Cerrito,HAZARD,693.75,335,33
7 oct 2024,CO,Morelia,Pereira-Alcalá / RD29-03,null,1127.3513513513512,451.1081081081081,208
7 oct 2024,MX,Morelia,Mariano Michelena,HAZARD,517,525,8
7 oct 2024,MX,Morelia,Av. Francisco I. Madero Oriente,HAZARD,3001.125,530.875,98
7 oct 2024,MX,Morelia,José Juan Tablada,HAZARD,511,297.2,43
7 oct 2024,MX,Morelia,Av. Tata Vasco,null,574,791.5,10
7 oct 2024,MX,Morelia,Av. San José del Cerrito,null,1451,523,10
7 oct 2024,MX,Morelia,Av. Acueducto,null,977.8,606,41
7 oct 2024,MX,Morelia,Calz. la Huerta,HAZARD,904,363,12
7 oct 2024,MX,Morelia,Rey Tangaxoan II,null,912.6666666666666,576.6666666666666,10
7 oct 2024,MX,Morelia,General Francisco J. Múgica,null,685.0833333333334,608.5833333333334,71
7 oct 2024,MX,Morelia,Periférico Paseo de la República (Sector Independencia),null,1412.7,631.7333333333333,1138
7 oct 2024,MX,Morelia,Av. San José del Cerrito,ACCIDENT,790,622,8
7 oct 2024,MX,Morelia,General Francisco J. Múgica,HAZARD,822.6666666666666,477.8888888888889,48
7 oct 2024,MX,Morelia,Av. Guadalupe Victoria,null,757.7142857142857,581.5714285714286,58
7 oct 2024,MX,Morelia,Av. Miguel Hidalgo,null,521,508.5,4
7 oct 2024,MX,Morelia,MEX-14 / Morelia - Pátzcuaro,null,1359,68,2
7 oct 2024,MX,Morelia,Periférico Paseo de la República (Sector Independencia),HAZARD,1662.3333333333333,1163.6666666666667,57
7 oct 2024,MX,Morelia,Cuautla,null,870.6666666666666,1048,48
7 oct 2024,MX,Morelia,Periférico Paseo de la República (Sector Revolución),null,1926.32,683.92,556
7 oct 2024,MX,Morelia,Av. Francisco I. Madero Oriente,null,1805.4615384615386,403.61538461538464,177
7 oct 2024,MX,Morelia,Av. Héroes de Nocupétaro,null,1109,672.5,15
7 oct 2024,MX,Morelia,Calz. la Huerta,null,1357,445.3333333333333,41
7 oct 2024,MX,Morelia,Av. Gral. Lázaro Cárdenas,null,1359,588.5,13
7 oct 2024,MX,Morelia,Av. Fuentes de Morelia,HAZARD,802.2,440,46
7 oct 2024,MX,Morelia,Av. Francisco I. Madero Poniente,null,1172.4137931034484,589.3793103448276,404
7 oct 2024,MX,Morelia,Allende,null,966.75,508.25,25
7 oct 2024,MX,Morelia,Margarita Maza de Juárez,null,892,499.3333333333333,35
7 oct 2024,MX,Morelia,Av. Universidad,HAZARD,789.25,649.375,194
7 oct 2024,MX,Morelia,José Juan Tablada,null,776,148.5,18
7 oct 2024,MX,Morelia,Periférico Paseo de la República (Sector Nueva España),null,1298.918918918919,573.4594594594595,524
8 oct 2024,MX,Morelia,Lateral Francisco I. Madero Ote.,null,865.375,513.375,102
8 oct 2024,MX,Morelia,Lateral Francisco I. Madero Ote.,HAZARD,1173,528,5
8 oct 2024,MX,Morelia,Paseo de la República (Sector Nueva España),HAZARD,1200,455,7
8 oct 2024,MX,Morelia,Paseo de la República (Sector Nueva España),null,1065,529,39
8 oct 2024,MX,Morelia,Av. Morelos (N),HAZARD,801.3809523809524,594.5714285714286,247
8 oct 2024,MX,Morelia,Av. Acueducto,null,1059.111111111111,431.77777777777777,221
8 oct 2024,MX,Morelia,Periférico Paseo de la República (Sector República),null,918.2,316.8,48
8 oct 2024,MX,Morelia,Av. Guadalupe Victoria,null,712.9166666666666,550.5833333333334,90
8 oct 2024,MX,Morelia,Av. Universidad,null,1030,535.75,18
8 oct 2024,MX,Morelia,Calz. la Huerta,null,914.7272727272727,364.1818181818182,124
8 oct 2024,MX,Morelia,Av. Francisco I. Madero Oriente,null,696.1818181818181,442.3636363636364,221
8 oct 2024,MX,Morelia,Av. Héroes de Nocupétaro,null,781.5576923076923,524.3461538461538,487
8 oct 2024,MX,Morelia,Av. Francisco I. Madero Oriente,HAZARD,1895,639,13
8 oct 2024,MX,Morelia,Av. Morelos (N),null,840,251.5,36
8 oct 2024,MX,Morelia,Av. Morelos Sur,null,502,387,6
8 oct 2024,MX,Morelia,MEX-14 / Morelia - Pátzcuaro,null,611,380.3333333333333,24
8 oct 2024,MX,Morelia,Av. Francisco I. Madero Poniente,null,855.4117647058823,627.0588235294117,131
8 oct 2024,MX,Morelia,Antiguo Camino a la Huerta,HAZARD,896.3333333333334,709,24
8 oct 2024,MX,Morelia,Guillermo Prieto,null,867,532,7
8 oct 2024,MX,Morelia,Calz. la Huerta,HAZARD,1201,464.57142857142856,78
8 oct 2024,MX,Morelia,General Francisco J. Múgica,HAZARD,683.2,532.2,26
8 oct 2024,MX,Morelia,Av. Michoacán,HAZARD,702,354,14
8 oct 2024,MX,Morelia,Guillermo Prieto,HAZARD,851.4,570.2,26
8 oct 2024,MX,Morelia,Periférico Paseo de la República (Sector Independencia),null,1411.4285714285713,587.2857142857143,623
8 oct 2024,MX,Morelia,Cuautla,null,762.5,634,20
8 oct 2024,MX,Morelia,Eduardo Ruiz,null,728.25,416.75,14
8 oct 2024,MX,Morelia,Héroe de Nacozari,HAZARD,709,627,9
8 oct 2024,MX,Morelia,Allende,null,831,718,32
8 oct 2024,CO,Morelia,Pereira-Alcalá / RD29-03,null,1696.3333333333333,580.5833333333334,362
8 oct 2024,MX,Morelia,Rey Tangaxoan II,HAZARD,635.5625,505.4375,39
8 oct 2024,CO,Morelia,Pereira-Alcalá / RD29-03,HAZARD,1038.625,1748.5625,128
8 oct 2024,MX,Morelia,Av. Francisco I. Madero Poniente,HAZARD,1129,656,19
8 oct 2024,MX,Morelia,Ventura Puente,null,626.2222222222222,498.55555555555554,96
8 oct 2024,MX,Morelia,Av. Guadalupe Victoria,HAZARD,750,565,2
9 oct 2024,MX,Morelia,Av. Miguel Hidalgo,null,525,633,8
9 oct 2024,MX,Morelia,Antiguo Camino a la Huerta,null,1345,292.5,22
9 oct 2024,MX,Morelia,Calz. la Huerta,null,1367.76,633.48,798
9 oct 2024,MX,Morelia,Av. Fuentes de Morelia,HAZARD,759,391.3333333333333,21
9 oct 2024,MX,Morelia,Av. Guadalupe Victoria,null,686.6666666666666,557,35
9 oct 2024,MX,Morelia,Rey Tariácuri,null,509,590,8
9 oct 2024,MX,Morelia,Isidro Huarte,null,613,563,5
9 oct 2024,MX,Morelia,Av. Universidad,null,1009.5,632.75,51
9 oct 2024,MX,Morelia,Allende,null,1173,561,12
9 oct 2024,MX,Morelia,Mariano Michelena,HAZARD,517,592,10
9 oct 2024,MX,Morelia,Av. Periodismo,null,777,263.3333333333333,21
9 oct 2024,MX,Morelia,Av. Universidad,HAZARD,902.5,649.5,7
9 oct 2024,MX,Morelia,Av. Francisco I. Madero Poniente,HAZARD,1342.5,759.3,185
9 oct 2024,MX,Morelia,Abasolo,HAZARD,651,403.8333333333333,81
9 oct 2024,MX,Morelia,Periférico Paseo de la República (Sector Independencia),null,1057.8461538461538,330.8076923076923,716
9 oct 2024,MX,Morelia,Av. Morelos (N),HAZARD,993.75,476.03125,603
9 oct 2024,MX,Morelia,Mónico Árias,null,975,660.75,8
9 oct 2024,MX,Morelia,Av. Francisco I. Madero Poniente,null,1372.6923076923076,873.3589743589744,529
9 oct 2024,MX,Morelia,Av. Michoacán,HAZARD,873.8571428571429,392.2857142857143,53
9 oct 2024,MX,Morelia,Av. Acueducto,null,738,486,5
9 oct 2024,MX,Morelia,Calz. Juárez,null,639,547.6666666666666,33
9 oct 2024,MX,Morelia,Av. Morelos (N),null,998.5,600,36
9 oct 2024,MX,Morelia,Francisco Márquez,HAZARD,813,631,4
9 oct 2024,MX,Morelia,Calz. la Huerta,HAZARD,1447.3428571428572,673.6285714285714,526
9 oct 2024,MX,Morelia,Periférico Paseo de la República (Sector Independencia),HAZARD,820,481,8
9 oct 2024,MX,Morelia,Av. Solidaridad,null,791.5,656.5,11
9 oct 2024,MX,Morelia,Av. Héroes de Nocupétaro,null,674,636.2,33
9 oct 2024,MX,Morelia,Héroes Anónimos de la Independencia,null,1157.5,524.5833333333334,38
9 oct 2024,MX,Morelia,General Francisco J. Múgica,HAZARD,621.6666666666666,618.4444444444445,29
9 oct 2024,MX,Morelia,Antiguo Camino a la Huerta,HAZARD,931.96875,863.25,97
9 oct 2024,MX,Morelia,La Huerta,null,927.1764705882352,456.94117647058823,179
10 oct 2024,MX,Morelia,Av. Michoacán,HAZARD,1313,233,7
10 oct 2024,MX,Morelia,Av. Michoacán,null,827,504,5
10 oct 2024,MX,Morelia,Calz. la Huerta,null,1364.6785714285713,619.0357142857143,429
10 oct 2024,MX,Morelia,Aquiles Serdán,null,642.625,545.875,46
10 oct 2024,MX,Morelia,Av. Francisco I. Madero Poniente,null,1528,490.32142857142856,319
10 oct 2024,MX,Morelia,Av. Francisco I. Madero Poniente,HAZARD,1158,834.25,69
10 oct 2024,MX,Morelia,Av. Francisco I. Madero Oriente,null,800.5714285714286,535.8571428571429,61
10 oct 2024,MX,Morelia,Ventura Puente,null,878.5,526.5,34
10 oct 2024,MX,Morelia,Santiago Tapia,null,640.3333333333334,458.3333333333333,18
10 oct 2024,MX,Morelia,Antiguo Camino a la Huerta,HAZARD,670.875,413.875,16
10 oct 2024,MX,Morelia,Av. Universidad,null,703.6666666666666,401.1666666666667,35
10 oct 2024,MX,Morelia,Allende,null,632.6666666666666,534.5,24
10 oct 2024,MX,Morelia,Paseo de la República (Sector República),null,1096.6666666666667,371.5,55
10 oct 2024,MX,Morelia,Periférico Paseo de la República (Sector Independencia),null,1041.090909090909,475.54545454545456,510
10 oct 2024,MX,Morelia,Virrey Antonio de Mendoza,null,1108.8333333333333,498.5,73
10 oct 2024,MX,Morelia,Calz. la Huerta,HAZARD,929,406,16
10 oct 2024,MX,Morelia,Rey Tangaxoan II,null,801.5,553,6
10 oct 2024,MX,Morelia,Av. Gral. Lázaro Cárdenas,null,1327,850,8
10 oct 2024,MX,Morelia,Av. Morelos (N),HAZARD,829.1666666666666,939.3333333333334,68
11 oct 2024,MX,Morelia,MEX-14 / Morelia - Pátzcuaro,null,1250.3658536585365,1409.1951219512196,393
11 oct 2024,MX,Morelia,Allende,null,886,550,6
11 oct 2024,MX,Morelia,Av. Juan Pablo II,ACCIDENT,1435.0975609756097,1272.9268292682927,741
11 oct 2024,MX,Morelia,Virrey Antonio de Mendoza,null,907.75,599,58
11 oct 2024,MX,Morelia,Av. Juan Pablo II,null,1140.1764705882354,436.70588235294116,298
11 oct 2024,MX,Morelia,Periférico Paseo de la República (Sector Nueva España),null,1250.923076923077,527.9230769230769,1067
11 oct 2024,MX,Morelia,Av. Juan Pablo II,HAZARD,632.5,561,21
11 oct 2024,MX,Morelia,Santiago Tapia,null,818.5,445.5,185
11 oct 2024,MX,Morelia,MEX-15 / Morelia - Jiquilpan,null,1044,265.1111111111111,91
11 oct 2024,MX,Morelia,,null,831.5,498.5,25
11 oct 2024,MX,Morelia,MICH-171 / Antigua Carretera a Pátzcuaro,null,820.2916666666666,347.0416666666667,175
11 oct 2024,MX,Morelia,Av. San José del Cerrito,HAZARD,1512.3125,670.5,205
11 oct 2024,MX,Morelia,Av. Gral. Lázaro Cárdenas,HAZARD,1491,365,10
11 oct 2024,MX,Morelia,Paseo de la República (Sector Nueva España),null,1043.4285714285713,612.5714285714286,136
11 oct 2024,MX,Morelia,Calz. la Huerta,null,941.1594202898551,573.3913043478261,994
11 oct 2024,MX,Morelia,Av. Gral. Lázaro Cárdenas,null,1366.2857142857142,724.7142857142857,87
11 oct 2024,MX,Morelia,Antiguo Camino a la Huerta,HAZARD,1097.7878787878788,1093.878787878788,333
11 oct 2024,MX,Morelia,Av. San José del Cerrito,null,1416.3333333333333,722.7333333333333,220
11 oct 2024,MX,Morelia,MICH-171 / Antigua Carretera a Pátzcuaro,HAZARD,1234.75,514,53
11 oct 2024,MX,Morelia,Av. Miguel Hidalgo,null,521,633,5
11 oct 2024,MX,Morelia,MEX-15 / Morelia - Jiquilpan,HAZARD,933,553,10
11 oct 2024,MX,Morelia,Margarita Maza de Juárez,null,610,1818,10
11 oct 2024,MX,Morelia,Av. Héroes de Nocupétaro,null,1049.3333333333333,705,14
11 oct 2024,MX,Morelia,Av. Francisco Medina García Norte,null,629,364.1,333
11 oct 2024,MX,Morelia,Aquiles Serdán,null,650.8181818181819,586.7272727272727,77
11 oct 2024,MX,Morelia,Periférico Paseo de la República (Sector Independencia),null,1136.6666666666667,660.8888888888889,195
11 oct 2024,MX,Morelia,Av. Guadalupe Victoria,null,704.6,505.4,29
11 oct 2024,MX,Morelia,Oriente 6,null,1188.5,538,7
11 oct 2024,MX,Morelia,Av. Michoacán,null,836.8181818181819,465.3636363636364,65
11 oct 2024,MX,Morelia,Abasolo,null,721.2857142857143,468.57142857142856,86
11 oct 2024,MX,Morelia,Av. Francisco I. Madero Poniente,null,1556.625,592.625,242
11 oct 2024,MX,Morelia,Av. Bosques de los Olivos,null,562,595.5,4
12 oct 2024,MX,Morelia,W. A. Mozart,null,530,427.16,797
12 oct 2024,MX,Morelia,Av. Gral. Lázaro Cárdenas,null,1024.6470588235295,564.0588235294117,165
12 oct 2024,MX,Morelia,Corregidora,null,664.8333333333334,708.75,93
12 oct 2024,MX,Morelia,Av. Francisco I. Madero Oriente,HAZARD,964.6,562.2,62
12 oct 2024,MX,Morelia,Av. Fuentes de Morelia,HAZARD,942,742.2222222222222,149
12 oct 2024,MX,Morelia,Rey Tangaxoan II,null,827.9454545454546,556.1636363636363,464
12 oct 2024,MX,Morelia,Av. Francisco I. Madero Oriente,null,715.2222222222222,518.1111111111111,108
12 oct 2024,MX,Morelia,MEX-14 / Morelia - Pátzcuaro,null,718.0370370370371,2127.5555555555557,107
12 oct 2024,MX,Morelia,Av. Michoacán,null,814,661.9090909090909,83
12 oct 2024,MX,Morelia,Francisco Márquez,HAZARD,556,412.25,26
12 oct 2024,MX,Morelia,Juan Ortega y Montañes,null,608,492.85714285714283,37
12 oct 2024,MX,Morelia,Margarita Maza de Juárez,null,919,506.85714285714283,118
12 oct 2024,MX,Morelia,Margarita Maza de Juárez,HAZARD,1108.6153846153845,561.6153846153846,259
12 oct 2024,MX,Morelia,Av. Morelos (N),HAZARD,891.2857142857143,500.14285714285717,200
12 oct 2024,MX,Morelia,Héroe de Nacozari,HAZARD,722,710,27
12 oct 2024,MX,Morelia,MICH-171 / Antigua Carretera a Pátzcuaro,null,817.125,307.25,78
12 oct 2024,MX,Morelia,Antiguo Camino a la Huerta,HAZARD,984.8260869565217,1027.768115942029,272
12 oct 2024,MX,Morelia,Calz. la Huerta,null,1091.6666666666667,297.38461538461536,672
12 oct 2024,MX,Morelia,Av. Guadalupe Victoria,null,696.4,699.6,99
12 oct 2024,MX,Morelia,Antonio Alzate,null,554,633,7
12 oct 2024,MX,Morelia,Abasolo,null,571.2857142857143,726.7142857142857,74
12 oct 2024,MX,Morelia,Av. Juan Pablo II,null,1070.8648648648648,692.7297297297297,746
12 oct 2024,MX,Morelia,Av. Jardines,HAZARD,521,453,3
12 oct 2024,MX,Morelia,Rey Tangaxoan II,HAZARD,963,446,28
12 oct 2024,MX,Morelia,Periférico Paseo de la República (Sector Nueva España),null,1541.3962264150944,530.3396226415094,1909
12 oct 2024,MX,Morelia,Calz. la Huerta,HAZARD,898.0869565217391,414.30434782608694,329
12 oct 2024,MX,Morelia,Av. Héroes de Nocupétaro,null,728.1111111111111,641.8888888888889,119
12 oct 2024,MX,Morelia,Santiago Tapia,null,661.5,430,32
12 oct 2024,MX,Morelia,Av. San José del Cerrito,null,1308.75,416.22222222222223,367
12 oct 2024,MX,Morelia,Aquiles Serdán,null,617.2727272727273,623.0909090909091,81
12 oct 2024,MX,Morelia,Periférico Paseo de la República (Sector Independencia),null,1420.78,899.1,1234
12 oct 2024,MX,Morelia,Av. Acueducto,null,938,538,13
12 oct 2024,MX,Morelia,Av. Francisco I. Madero Poniente,null,1209.2205882352941,661.5294117647059,1020
12 oct 2024,MX,Morelia,Av. Morelos Sur,null,753.7142857142857,552,29
12 oct 2024,MX,Morelia,Allende,null,695.375,688.625,57
13 oct 2024,MX,Morelia,Antiguo Camino a la Huerta,HAZARD,1474.3333333333333,423,25
13 oct 2024,MX,Morelia,Abasolo,null,671.9090909090909,664.5454545454545,88
13 oct 2024,MX,Morelia,Virrey Antonio de Mendoza,null,774,538.3333333333334,21
13 oct 2024,MX,Morelia,Av. Gral. Lázaro Cárdenas,null,609,557,2
13 oct 2024,MX,Morelia,Santiago Tapia,null,707.8888888888889,602.7222222222222,173
13 oct 2024,MX,Morelia,Av. Francisco I. Madero Oriente,HAZARD,1077,409,14
13 oct 2024,MX,Morelia,Aquiles Serdán,null,835.8,558.4,182
13 oct 2024,MX,Morelia,Av. Fuentes de Morelia,HAZARD,635.6666666666666,516.6666666666666,11
13 oct 2024,MX,Morelia,Av. Francisco I. Madero Poniente,null,996,423.6,44
13 oct 2024,MX,Morelia,Av. Francisco I. Madero Oriente,null,516,588.3333333333334,70
13 oct 2024,MX,Morelia,Allende,null,807.5294117647059,719.7058823529412,139
13 oct 2024,MX,Morelia,Av. Morelos (N),HAZARD,558,675,9
14 oct 2024,MX,Morelia,Periférico Paseo de la República (Sector Revolución),null,1982.3333333333333,900.3888888888889,464
14 oct 2024,MX,Morelia,Av. Héroes de Nocupétaro,null,662.5714285714286,866.1428571428571,27
14 oct 2024,MX,Morelia,Av. Francisco I. Madero Oriente,null,712.5,554,29
14 oct 2024,MX,Morelia,Periférico Paseo de la República (Sector Independencia),null,1326.5714285714287,937.7142857142857,1089
14 oct 2024,MX,Morelia,General Francisco J. Múgica,null,964.5,540.5,8
14 oct 2024,MX,Morelia,Paseo de la República (Sector Nueva España),null,647.5,440,5
14 oct 2024,MX,Morelia,Margarita Maza de Juárez,HAZARD,973.3,422.4,130
14 oct 2024,MX,Morelia,Av. Morelos (N),HAZARD,960.8,888.0571428571428,597
14 oct 2024,MX,Morelia,Av. Miguel Hidalgo,null,594.0588235294117,551.6470588235294,122
14 oct 2024,MX,Morelia,Ignacio Rayón,null,653,477,3
14 oct 2024,MX,Morelia,Av. Gral. Lázaro Cárdenas,null,1230.1538461538462,505,97
14 oct 2024,MX,Morelia,Rey Tangaxoan II,null,620,525,14
14 oct 2024,MX,Morelia,Rey Tariácuri,null,539,600,3
14 oct 2024,MX,Morelia,Margarita Maza de Juárez,null,829,605,12
14 oct 2024,MX,Morelia,Calz. la Huerta,null,1148.7142857142858,618.7857142857143,1850
14 oct 2024,MX,Morelia,Av. Acueducto,null,1344,1144,11
14 oct 2024,MX,Morelia,Allende,null,933.75,513,17
14 oct 2024,MX,Morelia,Av. Río Grande de Morelia,null,579,634.5,8
14 oct 2024,MX,Morelia,Av. Morelos (N),null,992.6891891891892,540.581081081081,3538
14 oct 2024,MX,Morelia,Morelos (N),null,618.6666666666666,400.3333333333333,49
14 oct 2024,MX,Morelia,W. A. Mozart,null,615,426,9
14 oct 2024,MX,Morelia,Antiguo Camino a la Huerta,null,872.7272727272727,612.9090909090909,42
14 oct 2024,MX,Morelia,Periférico Paseo de la República (Sector Revolución),ACCIDENT,1741,493,78
14 oct 2024,MX,Morelia,Antiguo Camino a la Huerta,HAZARD,924.7619047619048,650.5238095238095,77
14 oct 2024,MX,Morelia,Aquiles Serdán,null,683.1363636363636,593,141
14 oct 2024,MX,Morelia,Av. San José del Cerrito,null,548.3333333333334,530,6
14 oct 2024,MX,Morelia,MEX-14 / Morelia - Pátzcuaro,null,611,678.9756097560976,176
14 oct 2024,MX,Morelia,Santiago Tapia,null,757.9230769230769,498,85
14 oct 2024,MX,Morelia,Virrey Antonio de Mendoza,null,887,531,2
14 oct 2024,MX,Morelia,Av. Francisco I. Madero Oriente,HAZARD,2777,653.8333333333334,58
14 oct 2024,MX,Morelia,Av. San José del Cerrito,HAZARD,1045.6,1036.2,109
15 oct 2024,MX,Morelia,MEX-15 / Toluca - Morelia,null,1236,147,3
15 oct 2024,MX,Morelia,Lateral Francisco I. Madero Ote.,HAZARD,580,175.5,10
15 oct 2024,MX,Morelia,Carpinteros de Paracho,null,581,595,8
15 oct 2024,MX,Morelia,Av. Morelos (N),HAZARD,662.5263157894736,428.2631578947368,239
15 oct 2024,MX,Morelia,La Huerta,null,873.25,437.75,13
15 oct 2024,MX,Morelia,Av. San José del Cerrito,null,1057.4285714285713,502.14285714285717,316
15 oct 2024,MX,Morelia,Maestro Rubén Valencia Cortés,null,962.0909090909091,437.1818181818182,47
15 oct 2024,MX,Morelia,Paseo de la República (Sector Nueva España),null,1091,271.25,40
15 oct 2024,MX,Morelia,Av. Morelos (N),null,769.8461538461538,756.3076923076923,157
15 oct 2024,MX,Morelia,Aquiles Serdán,null,530.5,404.5,54
15 oct 2024,MX,Morelia,Av. Francisco I. Madero Oriente,HAZARD,1946.3260869565217,887.3913043478261,457
15 oct 2024,MX,Morelia,MEX-14 / Morelia - Pátzcuaro,null,1038.4285714285713,153.57142857142858,83
15 oct 2024,MX,Morelia,División del Norte,null,714.625,418.125,40
15 oct 2024,MX,Morelia,Mariano Michelena,null,517,500,12
15 oct 2024,MX,Morelia,Allende,null,822,496.5,11
15 oct 2024,MX,Morelia,Av. Francisco I. Madero Oriente,null,716.9444444444445,406.3888888888889,241
15 oct 2024,MX,Morelia,Av. Gral. Lázaro Cárdenas,null,1282.9333333333334,526.3333333333334,150
15 oct 2024,MX,Morelia,Eduardo Ruiz,null,614,441.6666666666667,17
15 oct 2024,MX,Morelia,Periférico Paseo de la República (Sector Independencia),null,889,423.75,297
15 oct 2024,MX,Morelia,Calz. la Huerta,null,1170.2686567164178,605.4477611940298,1001
15 oct 2024,CO,Morelia,Pereira-Alcalá / RD29-03,null,1387,182.5,52
15 oct 2024,MX,Morelia,Av. Michoacán,null,845.6666666666666,609,63
15 oct 2024,MX,Morelia,MEX-15 / Toluca - Morelia,HAZARD,2649,390,9
15 oct 2024,MX,Morelia,Av. Francisco I. Madero Poniente,null,1168.546875,559.34375,690
15 oct 2024,MX,Morelia,Lateral Francisco I. Madero Ote.,null,606.6,655.6,38
15 oct 2024,MX,Morelia,Av. Periodismo,null,583,376,77
15 oct 2024,MX,Morelia,Periférico Paseo de la República (Sector Independencia),HAZARD,1072.3333333333333,596.1666666666666,156
15 oct 2024,MX,Morelia,Periférico Paseo de la República (Sector Revolución),null,1951.0689655172414,753.7586206896551,619
15 oct 2024,MX,Morelia,Santiago Tapia,HAZARD,600,439.4,44
15 oct 2024,MX,Morelia,Av. Guadalupe Victoria,null,803.1,801.4,162
15 oct 2024,MX,Morelia,Margarita Maza de Juárez,null,829,451,9
15 oct 2024,MX,Morelia,General Francisco J. Múgica,HAZARD,552,622,8
15 oct 2024,MX,Morelia,Av. Héroes de Nocupétaro,null,659.5,1848.25,26
15 oct 2024,MX,Morelia,Antiguo Camino a la Huerta,null,1427.1,1393,51
15 oct 2024,MX,Morelia,Av. Universidad,null,800,509,34
16 oct 2024,MX,Morelia,Periférico Paseo de la República (Sector Nueva España),null,879.8,351.8,80
16 oct 2024,MX,Morelia,Margarita Maza de Juárez,HAZARD,801.5,663,45
16 oct 2024,MX,Morelia,Av. Héroes de Nocupétaro,null,674,1087.7777777777778,88
16 oct 2024,MX,Morelia,La Huerta,null,1227,836.5,115
16 oct 2024,MX,Morelia,Antiguo Camino a la Huerta,null,1153.2888888888888,616.6,211
16 oct 2024,MX,Morelia,Av. Morelos (N),HAZARD,1278.4444444444443,1056.7777777777778,226
16 oct 2024,MX,Morelia,Isidro Huarte,null,841.4,575,30
16 oct 2024,MX,Morelia,Calz. la Huerta,null,1190.0545454545454,757.1454545454545,777
16 oct 2024,MX,Morelia,Av. Francisco I. Madero Poniente,ACCIDENT,2935.153846153846,1681.923076923077,283
16 oct 2024,MX,Morelia,Av. Solidaridad,null,500,384,12
16 oct 2024,MX,Morelia,Periférico Paseo de la República (Sector Revolución),null,2004.5,870.5,262
16 oct 2024,MX,Morelia,MEX-14 / Morelia - Pátzcuaro,null,611,760.3333333333334,19
16 oct 2024,MX,Morelia,Allende,null,1076,888,6
16 oct 2024,MX,Morelia,Av. Guadalupe Victoria,null,790.2698412698413,762.3809523809524,608
16 oct 2024,MX,Morelia,Av. Francisco I. Madero Oriente,null,596,643.25,74
16 oct 2024,MX,Morelia,Av. Periodismo,null,715.3076923076923,496.3076923076923,90
16 oct 2024,MX,Morelia,Av. Miguel Hidalgo,null,545.5,612.25,15
16 oct 2024,MX,Morelia,Av. San José del Cerrito,null,1011.7272727272727,532.1818181818181,94
16 oct 2024,MX,Morelia,Av. Morelos (N),null,1248.75,749,80
16 oct 2024,MX,Morelia,Av. Acueducto,HAZARD,738,717.1666666666666,58
16 oct 2024,MX,Morelia,Abasolo,null,528,541,4
16 oct 2024,MX,Morelia,Calz. la Huerta,HAZARD,1092.0416666666667,843.7916666666666,337
16 oct 2024,MX,Morelia,Av. Francisco I. Madero Poniente,null,1326.2179487179487,711.7692307692307,806
16 oct 2024,MX,Morelia,José Santos Villa,null,856,569,5
16 oct 2024,MX,Morelia,Ventura Puente,null,666.8571428571429,504.14285714285717,67
16 oct 2024,MX,Morelia,Av. Michoacán,null,756.5,429.44444444444446,103
16 oct 2024,MX,Morelia,Virrey Antonio de Mendoza,null,941.2857142857143,435.7142857142857,64
16 oct 2024,MX,Morelia,Aquiles Serdán,null,512,433,12
16 oct 2024,MX,Morelia,Av. Gral. Lázaro Cárdenas,null,1831,682,31
17 oct 2024,MX,Morelia,Calz. Juárez,null,962,579.6666666666666,17
17 oct 2024,MX,Morelia,Calz. la Huerta,HAZARD,701,475.8333333333333,68
17 oct 2024,MX,Morelia,Vasco de Quiroga,null,772,543,8
17 oct 2024,MX,Morelia,Panamá,null,532,775,5
17 oct 2024,MX,Morelia,Av. Héroes de Nocupétaro,HAZARD,780,414.5,21
17 oct 2024,MX,Morelia,Av. Gral. Lázaro Cárdenas,null,642.6666666666666,582.3333333333334,10
17 oct 2024,MX,Morelia,Periférico Paseo de la República (Sector Independencia),null,1164.55,407.4,224
17 oct 2024,MX,Morelia,Bartolomé de las Casas,null,514,474.5,14
17 oct 2024,MX,Morelia,Ventura Puente,null,674.6666666666666,995,16
17 oct 2024,MX,Morelia,Santiago Tapia,null,846,534,12
17 oct 2024,MX,Morelia,Av. Michoacán,null,836.6666666666666,493,19
17 oct 2024,MX,Morelia,Av. Morelos (N),HAZARD,1435.304347826087,1192.8695652173913,490
17 oct 2024,MX,Morelia,Allende,null,809.5,481.0625,86
17 oct 2024,MX,Morelia,Antiguo Camino a la Huerta,null,848.5882352941177,449.1764705882353,63
17 oct 2024,MX,Morelia,Abasolo,null,681.9411764705883,499.05882352941177,135
17 oct 2024,MX,Morelia,Aquiles Serdán,null,750,553,7
17 oct 2024,MX,Morelia,Av. San Juanito Itzícuaro,null,680.25,355,12
17 oct 2024,MX,Morelia,Av. Francisco I. Madero Poniente,null,1256.2173913043478,797.9130434782609,460
17 oct 2024,MX,Morelia,Puente Río Colorado,HAZARD,618.3333333333334,313,10
17 oct 2024,MX,Morelia,Virrey Antonio de Mendoza,null,663.2,523.8,41
17 oct 2024,MX,Morelia,Av. Guadalupe Victoria,null,827.65,687.7,247
17 oct 2024,MX,Morelia,Rey Tariácuri,null,509,604.6666666666666,24
17 oct 2024,MX,Morelia,Maestro Rubén Valencia Cortés,null,857,465,19
17 oct 2024,MX,Morelia,Av. Francisco I. Madero Oriente,null,576,488.5,13
17 oct 2024,MX,Morelia,Paseo de la República (Sector Nueva España),null,676.5,438.25,18
17 oct 2024,MX,Morelia,Ana María Gallaga,null,596,909,4
17 oct 2024,MX,Morelia,Periférico Paseo de la República (Sector Revolución),null,1069.2941176470588,446.70588235294116,396
17 oct 2024,MX,Morelia,Calz. la Huerta,null,1121.6216216216217,614.9459459459459,415
17 oct 2024,MX,Morelia,Av. Francisco I. Madero Poniente,HAZARD,1157.8666666666666,483.6666666666667,98
17 oct 2024,MX,Morelia,Cuautla,null,705.75,819.25,25
18 oct 2024,MX,Morelia,Antonio Alzate,null,608.8,408.8,40
18 oct 2024,MX,Morelia,Guillermo Prieto,HAZARD,609.5,725.75,21
18 oct 2024,MX,Morelia,Juán José de Lejarza,null,516,588,5
18 oct 2024,MX,Morelia,Puente Río Colorado,HAZARD,787,544,7
18 oct 2024,MX,Morelia,Periférico Paseo de la República (Sector Independencia),null,1679.1764705882354,675.2058823529412,603
18 oct 2024,MX,Morelia,Av. Francisco I. Madero Poniente,null,1351.8387096774193,812.2096774193549,639
18 oct 2024,MX,Morelia,Artilleros de 1847,null,761.2,518.2,103
18 oct 2024,MX,Morelia,Aldama,null,576,436.75,32
18 oct 2024,MX,Morelia,Av. Michoacán,null,815.9615384615385,595.5384615384615,206
18 oct 2024,MX,Morelia,Abasolo,null,534,554.5,16
18 oct 2024,MX,Morelia,Av. Morelos (N),HAZARD,830.4375,697.5,273
18 oct 2024,MX,Morelia,Periférico Paseo de la República (Sector Nueva España),null,1847.5192307692307,726.6538461538462,1599
18 oct 2024,MX,Morelia,Ramal Camelinas,ACCIDENT,1160.7857142857142,518.5714285714286,126
18 oct 2024,MX,Morelia,Av. Periodismo,null,2302.75,603.25,47
18 oct 2024,MX,Morelia,Antiguo Camino a la Huerta,null,1080.5714285714287,737.1428571428571,67
18 oct 2024,MX,Morelia,Av. Francisco I. Madero Poniente,ACCIDENT,1219.5,686,24
18 oct 2024,MX,Morelia,Av. Héroes de Nocupétaro,null,753.9333333333333,577.1666666666666,244
18 oct 2024,MX,Morelia,Av. Acueducto,null,919.4,532.4,45
18 oct 2024,MX,Morelia,W. A. Mozart,null,530,393.27272727272725,280
18 oct 2024,MX,Morelia,Rey Tangaxoan II,null,706.8275862068965,583.8275862068965,210
18 oct 2024,MX,Morelia,Allende,null,907.8125,736.0625,103
18 oct 2024,MX,Morelia,Av. Morelos (N),null,840,106,12
18 oct 2024,MX,Morelia,Aquiles Serdán,null,894.1428571428571,882.5714285714286,49
18 oct 2024,MX,Morelia,Av. Gral. Lázaro Cárdenas,null,1604.9333333333334,676.2666666666667,220
18 oct 2024,MX,Morelia,Isidro Huarte,null,602.6666666666666,537,15
18 oct 2024,MX,Morelia,Av. Guadalupe Victoria,null,753.0344827586207,699.5172413793103,267
18 oct 2024,MX,Morelia,General Francisco J. Múgica,null,637.6190476190476,627.6666666666666,124
18 oct 2024,MX,Morelia,Corregidora,null,817.25,564.75,109
18 oct 2024,MX,Morelia,Dr. Miguel Silva G.,null,600,967.5,15
18 oct 2024,MX,Morelia,Paseo de la República (Sector Nueva España),null,903.8333333333334,369.1666666666667,49
18 oct 2024,MX,Morelia,Periférico Paseo de la República (Sector Independencia),HAZARD,1407.8076923076924,691.3846153846154,551
18 oct 2024,MX,Morelia,Blvd. García de León,null,709,118,18
18 oct 2024,MX,Morelia,Cuautla,null,855.8055555555555,536.0555555555555,302
18 oct 2024,MX,Morelia,Ramal Camelinas,null,1666.1666666666667,452.6666666666667,60
18 oct 2024,MX,Morelia,Periférico Paseo de la República (Sector Nueva España),HAZARD,815,137,51
18 oct 2024,MX,Morelia,Héroe de Nacozari,null,702.2307692307693,728.9230769230769,167
18 oct 2024,MX,Morelia,Av. San José del Cerrito,null,700.8571428571429,344.85714285714283,61
18 oct 2024,MX,Morelia,Virrey Antonio de Mendoza,null,504,702,5
18 oct 2024,MX,Morelia,,null,832.9142857142857,860.7714285714286,165
18 oct 2024,MX,Morelia,Lateral Francisco I. Madero Ote.,null,1018,639,4
19 oct 2024,MX,Morelia,Calz. la Huerta,HAZARD,1355.2156862745098,734.9803921568628,1098
19 oct 2024,MX,Morelia,,null,741,490,4
19 oct 2024,MX,Morelia,Av. Francisco I. Madero Poniente,null,1089.6349206349207,627.3809523809524,1028
19 oct 2024,MX,Morelia,Corregidora,null,965.5714285714286,463.42857142857144,67
19 oct 2024,MX,Morelia,Héroe de Nacozari,null,660,771.25,98
19 oct 2024,MX,Morelia,Periférico Paseo de la República (Sector Independencia),null,1320.078947368421,513.4342105263158,1333
19 oct 2024,MX,Morelia,Av. Morelos (N),null,906.4285714285714,471.57142857142856,388
19 oct 2024,MX,Morelia,Av. Morelos (N),HAZARD,883.3636363636364,536.2727272727273,214
19 oct 2024,MX,Morelia,Luis de León Romano,null,632,447,37
19 oct 2024,MX,Morelia,Virrey Antonio de Mendoza,null,963.28125,485.53125,285
19 oct 2024,MX,Morelia,Abasolo,null,555.5,639.1666666666666,175
19 oct 2024,MX,Morelia,Allende,null,771.8636363636364,456.54545454545456,141
19 oct 2024,MX,Morelia,Av. Michoacán,null,941.4,753.9,162
19 oct 2024,MX,Morelia,Guillermo Prieto,HAZARD,943.5,795.5,18
19 oct 2024,MX,Morelia,Periférico Paseo de la República (Sector Independencia),HAZARD,1127,658.8421052631579,506
19 oct 2024,MX,Morelia,Av. Gral. Lázaro Cárdenas,null,1390.2,704.6,56
19 oct 2024,MX,Morelia,Av. Héroes de Nocupétaro,null,656.0434782608696,820.1739130434783,152
19 oct 2024,MX,Morelia,Av. Francisco I. Madero Oriente,null,643.5,399,79
20 oct 2024,MX,Morelia,Ignacio Rayón,null,653,532.3076923076923,147
20 oct 2024,MX,Morelia,Calz. Juárez,null,1120.4,145.6,17
20 oct 2024,MX,Morelia,Aldama,null,576,497,10
20 oct 2024,MX,Morelia,Av. San Juanito Itzícuaro,null,1060.5,464.1666666666667,16
20 oct 2024,MX,Morelia,Mayas,null,676,495,8
20 oct 2024,MX,Morelia,Av. Francisco I. Madero Poniente,null,651,420.8333333333333,39
20 oct 2024,MX,Morelia,Allende,null,919,828,29
20 oct 2024,MX,Morelia,Abasolo,null,541.7142857142857,545.7857142857143,136
20 oct 2024,MX,Morelia,Av. Francisco I. Madero Oriente,null,762.0833333333334,462.5833333333333,120
20 oct 2024,MX,Morelia,Aquiles Serdán,null,847.3125,543.3125,214
20 oct 2024,MX,Morelia,Andrés Quintana Roo,null,597,562.5,24
20 oct 2024,MX,Morelia,Galeana,null,623.4444444444445,587.6666666666666,38
21 oct 2024,MX,Morelia,Antiguo Camino a la Huerta,null,839.1666666666666,555.8333333333334,17
21 oct 2024,MX,Morelia,Lateral Francisco I. Madero Ote.,HAZARD,1074.8,731,51
21 oct 2024,MX,Morelia,Av. Francisco I. Madero Oriente,HAZARD,2338.3,675.3333333333334,309
21 oct 2024,MX,Morelia,Francisco Márquez,null,684.5,476.25,13
21 oct 2024,MX,Morelia,Carpinteros de Paracho,null,556.3333333333334,700.1666666666666,26
21 oct 2024,MX,Morelia,Av. Guadalupe Victoria,null,787.3333333333334,745,58
21 oct 2024,MX,Morelia,Eduardo Ruiz,null,585.5,507.3333333333333,67
21 oct 2024,MX,Morelia,MEX-14 / Morelia - Pátzcuaro,HAZARD,611,484.1875,47
21 oct 2024,MX,Morelia,Maestro Rubén Valencia Cortés,null,996.8888888888889,522.6666666666666,25
21 oct 2024,MX,Morelia,Periférico Paseo de la República (Sector República),null,1264.75,338.25,223
21 oct 2024,MX,Morelia,Ignacio Rayón,null,653,602.5,10
21 oct 2024,MX,Morelia,Av. Gral. Lázaro Cárdenas,null,1951,757,45
21 oct 2024,MX,Morelia,Av. Francisco I. Madero Poniente,HAZARD,1847.25,695.25,40
21 oct 2024,MX,Morelia,Abasolo,null,603.2,542.4,42
21 oct 2024,MX,Morelia,Periférico Paseo de la República (Sector Independencia),null,1388.359375,562.96875,1294
21 oct 2024,MX,Morelia,Periférico Paseo de la República (Sector Revolución),null,1476.8837209302326,448.6511627906977,983
21 oct 2024,MX,Morelia,MEX-14 / Morelia - Pátzcuaro,null,611,420,3
21 oct 2024,MX,Morelia,Calz. Juárez,null,585,432.85714285714283,28
21 oct 2024,MX,Morelia,Allende,null,822.75,709.875,43
21 oct 2024,MX,Morelia,Av. Morelos (N),null,903.925,855.15,534
21 oct 2024,MX,Morelia,Allende,HAZARD,698.2,509.4,22
21 oct 2024,MX,Morelia,Calz. la Huerta,null,1281.32,730.82,739
21 oct 2024,MX,Morelia,Plan de Ayala,null,1215.3333333333333,593,17
21 oct 2024,MX,Morelia,Av. Miguel Hidalgo,null,656.875,648,44
21 oct 2024,MX,Morelia,Av. Universidad,null,1090.2,441.2,101
21 oct 2024,MX,Morelia,Periférico Paseo de la República (Sector Independencia),HAZARD,1332.5555555555557,859,362
21 oct 2024,MX,Morelia,Calz. la Huerta,HAZARD,790,462.6666666666667,21
21 oct 2024,MX,Morelia,Av. Francisco I. Madero Oriente,null,1823.5238095238096,535.047619047619,164
21 oct 2024,MX,Morelia,Av. Francisco I. Madero Poniente,null,1124.5185185185185,594.2777777777778,772
22 oct 2024,MX,Morelia,Av. Francisco I. Madero Poniente,HAZARD,946,769,14
22 oct 2024,MX,Morelia,Abasolo,HAZARD,534,656,7
22 oct 2024,MX,Morelia,Valle de Santo Domingo,null,528,417,2
22 oct 2024,MX,Morelia,Av. Morelos (N),null,753.8333333333334,812.5,152
22 oct 2024,MX,Morelia,Calz. la Huerta,null,1620.6666666666667,495.3333333333333,21
22 oct 2024,MX,Morelia,Av. Francisco I. Madero Oriente,null,516,442.3333333333333,25
22 oct 2024,MX,Morelia,MEX-14 / Morelia - Pátzcuaro,null,611,419,6
22 oct 2024,MX,Morelia,Av. Francisco I. Madero Poniente,null,961.515625,553.75,662
22 oct 2024,MX,Morelia,Periférico Paseo de la República (Sector Nueva España),null,1133,556,13
22 oct 2024,MX,Morelia,Guillermo Prieto,null,533,799,9
22 oct 2024,MX,Morelia,Abasolo,null,696.8888888888889,510.1111111111111,59
22 oct 2024,MX,Morelia,Av. Michoacán,null,747.25,427.75,16
22 oct 2024,MX,Morelia,Mariano Michelena,null,517,543,4
22 oct 2024,MX,Morelia,Antiguo Camino a la Huerta,null,1044.7368421052631,763.3684210526316,48
22 oct 2024,MX,Morelia,Periférico Paseo de la República (Sector Revolución),null,1972,920.6,90
22 oct 2024,MX,Morelia,Guillermo Prieto,HAZARD,586,904,8
22 oct 2024,MX,Morelia,Rey Tangaxoan II,null,716,573.8333333333334,20
22 oct 2024,MX,Morelia,Av. Gral. Lázaro Cárdenas,null,1711,802,18
22 oct 2024,MX,Morelia,Allende,HAZARD,829.4,462.6,28
22 oct 2024,MX,Morelia,MEX-43 / Morelia - Salamanca,ACCIDENT,2034,4021,68
22 oct 2024,MX,Morelia,MEX-43 / Morelia - Salamanca,null,2665.3333333333335,2138.5,790
22 oct 2024,MX,Morelia,Av. Torreón Nuevo,null,685.6666666666666,651.3333333333334,11
22 oct 2024,MX,Morelia,Av. Guadalupe Victoria,null,654.8888888888889,606.4444444444445,48
22 oct 2024,MX,Morelia,Ramal Camelinas,null,1549,444,6
22 oct 2024,MX,Morelia,Av. Universidad,null,1009.6,678.2,25
22 oct 2024,MX,Morelia,Corregidora,null,568,555,7
22 oct 2024,MX,Morelia,Isidro Huarte,null,721,468,17
22 oct 2024,MX,Morelia,Periférico Paseo de la República (Sector Independencia),null,794.8,579.8,63
23 oct 2024,MX,Morelia,Antiguo Camino a la Huerta,null,915.7692307692307,615.3846153846154,36
23 oct 2024,MX,Morelia,Corregidora,null,640.4285714285714,462.42857142857144,51
23 oct 2024,MX,Morelia,Av. Francisco I. Madero Poniente,null,1051.5,740.75,147
23 oct 2024,MX,Morelia,Andrés Quintana Roo,null,597,516,3
23 oct 2024,MX,Morelia,Maestro Rubén Valencia Cortés,null,954.2941176470588,371.11764705882354,86
23 oct 2024,MX,Morelia,Jesús Sansón Flores,null,511.54545454545456,645.3636363636364,83
23 oct 2024,MX,Morelia,MEX-43 / Morelia - Salamanca,null,504,141,4
23 oct 2024,MX,Morelia,MEX-14 / Morelia - Pátzcuaro,HAZARD,985,317,5
23 oct 2024,MX,Morelia,Plan de Ayala,null,568,1301,4
23 oct 2024,MX,Morelia,Ramal Camelinas,null,1628.7142857142858,328.2857142857143,42
23 oct 2024,MX,Morelia,Rubén C. Navarro,null,551,511,16
23 oct 2024,MX,Morelia,MEX-126 / Maravatío - Morelia,null,707.0833333333334,493.4166666666667,31
23 oct 2024,MX,Morelia,Av. Universidad,null,1199,627,6
23 oct 2024,MX,Morelia,Iretiticateme,null,897.3684210526316,667.8421052631579,173
23 oct 2024,MX,Morelia,MEX-14 / Morelia - Pátzcuaro,null,716.9666666666667,759.4666666666667,111
23 oct 2024,MX,Morelia,Aquiles Serdán,null,644.2,642.6666666666666,88
23 oct 2024,MX,Morelia,Allende,null,969.2173913043479,699.3478260869565,130
23 oct 2024,MX,Morelia,Paseo de la República (Sector Nueva España),null,1172.3846153846155,448.7692307692308,138
23 oct 2024,MX,Morelia,Margarita Maza de Juárez,null,953.6666666666666,530.3333333333334,33
23 oct 2024,MX,Morelia,Calz. la Huerta,HAZARD,744.2,262.8,39
23 oct 2024,MX,Morelia,Periférico Paseo de la República (Sector Nueva España),null,1386.6666666666667,894.4615384615385,913
23 oct 2024,MX,Morelia,Artilleros de 1847,null,568,668,27
23 oct 2024,MX,Morelia,Av. Morelos (N),null,586.25,623,39
23 oct 2024,MX,Morelia,Av. Gral. Lázaro Cárdenas,null,609,841,4
23 oct 2024,MX,Morelia,Periférico Paseo de la República (Sector Independencia),null,1264.3170731707316,929.8536585365854,1074
23 oct 2024,MX,Morelia,Abasolo,null,572,609,41
23 oct 2024,MX,Morelia,Av. Solidaridad,null,983.6323529411765,665.2941176470588,1374
23 oct 2024,MX,Morelia,Ventura Puente,null,506,426.5,28
23 oct 2024,MX,Morelia,Rey Tangaxoan II,null,601.8181818181819,562.5454545454545,37
23 oct 2024,MX,Morelia,Calz. la Huerta,null,986.6964285714286,409.10714285714283,507
24 oct 2024,MX,Morelia,Periférico Paseo de la República (Sector Independencia),null,1351.0350877192982,808.719298245614,907
24 oct 2024,MX,Morelia,La Huerta,HAZARD,1369,553.3333333333334,12
24 oct 2024,MX,Morelia,Av. Pedregal,null,712,575,5
24 oct 2024,MX,Morelia,Paso superior Siervo de la Nación,null,622,356.6666666666667,12
24 oct 2024,MX,Morelia,Av. Bosques de los Olivos,null,820.5,613,14
24 oct 2024,MX,Morelia,Antonio Alzate,null,724,551,9
24 oct 2024,MX,Morelia,Héroe de Nacozari,null,535,652.3333333333334,18
24 oct 2024,MX,Morelia,Av. Pedregal,HAZARD,610,451,5
24 oct 2024,MX,Morelia,Paseo de la República (Sector República),null,1012.5,314,12
24 oct 2024,MX,Morelia,Calz. la Huerta,null,1064.2641509433963,416.5943396226415,1560
24 oct 2024,MX,Morelia,Abasolo,null,547.7272727272727,444.3636363636364,84
24 oct 2024,MX,Morelia,División del Norte,null,787,533,8
24 oct 2024,MX,Morelia,MICH-171 / Antigua Carretera a Pátzcuaro,null,1104,277,5
24 oct 2024,MX,Morelia,Av. Periodismo,null,1106.90625,642.578125,723
24 oct 2024,MX,Morelia,MEX-14 / Morelia - Pátzcuaro,null,668.5384615384615,1016.3846153846154,62
24 oct 2024,MX,Morelia,Av. Siervo de la Nación,null,935.4761904761905,500.6190476190476,183
24 oct 2024,MX,Morelia,Ignacio Rayón,null,633.3333333333334,438.8333333333333,76
24 oct 2024,MX,Morelia,Av. Guadalupe Victoria,null,685.5833333333334,743.125,193
24 oct 2024,MX,Morelia,Isidro Huarte,null,633,1614,7
24 oct 2024,MX,Morelia,,null,550,334,4
24 oct 2024,MX,Morelia,Av. Manuel Ávila Camacho,null,524,613,18
24 oct 2024,MX,Morelia,Av. San José del Cerrito,null,866.5172413793103,584.1034482758621,181
24 oct 2024,MX,Morelia,Loma del Rey,null,762,669.5,16
24 oct 2024,MX,Morelia,Av. Francisco I. Madero Poniente,null,1023.1428571428571,613.9285714285714,109
24 oct 2024,MX,Morelia,Av. Morelos (N),HAZARD,928.4166666666666,449.96666666666664,634
24 oct 2024,MX,Morelia,Antiguo Camino a la Huerta,null,1046,862.5,4
24 oct 2024,MX,Morelia,Guillermo Prieto,HAZARD,557,524,5
24 oct 2024,MX,Morelia,Santiago Tapia,null,783.5,483.5,11
24 oct 2024,MX,Morelia,Av. Gral. Lázaro Cárdenas,null,1273.8,621,56
24 oct 2024,MX,Morelia,MEX-14 / Morelia - Pátzcuaro,HAZARD,611,673,10
24 oct 2024,MX,Morelia,División del Norte,HAZARD,563,530,4
24 oct 2024,MX,Morelia,Av. Universidad,null,1031.7142857142858,488.57142857142856,54
24 oct 2024,MX,Morelia,Héroes Anónimos de la Independencia,null,952.3333333333334,447,17
24 oct 2024,MX,Morelia,Allende,null,791,500,6
24 oct 2024,MX,Morelia,Periférico Paseo de la República (Sector Independencia),ACCIDENT,1400.1666666666667,1300,76
24 oct 2024,MX,Morelia,Av. Francisco I. Madero Oriente,null,633.7777777777778,548.6666666666666,65
24 oct 2024,MX,Morelia,Virrey Antonio de Mendoza,null,759.3333333333334,521,19
24 oct 2024,MX,Morelia,Av. Francisco I. Madero Poniente,HAZARD,828.3333333333334,417.3333333333333,34
24 oct 2024,MX,Morelia,Av. Morelos (N),null,1139.6153846153845,545.8076923076923,320
25 oct 2024,MX,Morelia,Av. Francisco I. Madero Oriente,null,1945.5882352941176,549.0588235294117,190
25 oct 2024,MX,Morelia,Av. Héroes de Nocupétaro,null,634,675,4
25 oct 2024,MX,Morelia,Ventura Puente,null,658.4,477.4,69
25 oct 2024,MX,Morelia,Av. Francisco I. Madero Poniente,null,1390.3055555555557,624.1388888888889,514
25 oct 2024,MX,Morelia,Antiguo Camino a la Huerta,null,867,504.6,10
25 oct 2024,MX,Morelia,Abasolo,null,610.6,565.4,69
25 oct 2024,MX,Morelia,Av. Gral. Lázaro Cárdenas,null,677,603.1,53
25 oct 2024,MX,Morelia,Allende,null,659,637,26
25 oct 2024,MX,Morelia,Calz. la Huerta,null,1450,451.5,21
25 oct 2024,MX,Morelia,Rey Tangaxoan II,null,746.3333333333334,642,5
25 oct 2024,MX,Morelia,Virrey Antonio de Mendoza,null,1653.4,539.2,119
25 oct 2024,MX,Morelia,Av. Guadalupe Victoria,null,628,621.5,24
25 oct 2024,MX,Morelia,Lateral Francisco I. Madero Ote.,null,839.2,557.2,34
25 oct 2024,MX,Morelia,Av. Francisco I. Madero Oriente,HAZARD,1889.551724137931,511.2758620689655,343
25 oct 2024,MX,Morelia,Av. Acueducto,null,813,626.6666666666666,27
25 oct 2024,MX,Morelia,Av. Morelos (N),null,777.4166666666666,485.9166666666667,494
26 oct 2024,MX,Morelia,Periférico Paseo de la República (Sector Independencia),null,1379.7727272727273,489.47727272727275,1181
26 oct 2024,MX,Morelia,Abasolo,null,624.5833333333334,735.2916666666666,259
26 oct 2024,MX,Morelia,Av. Acueducto,null,760.0833333333334,486.25,118
26 oct 2024,MX,Morelia,Av. Acueducto,HAZARD,600,422,7
26 oct 2024,MX,Morelia,Vasco de Quiroga,null,839,371,4
26 oct 2024,MX,Morelia,Av. Gral. Lázaro Cárdenas,null,1059.4666666666667,553.8666666666667,110
26 oct 2024,MX,Morelia,Av. Francisco I. Madero Poniente,null,964.7777777777778,407.1111111111111,237
26 oct 2024,MX,Morelia,Av. Guadalupe Victoria,null,590,874.3333333333334,48
26 oct 2024,MX,Morelia,Allende,null,686.5,695.5,15
26 oct 2024,MX,Morelia,Av. Francisco I. Madero Oriente,null,941.3,982.2,145
26 oct 2024,MX,Morelia,Av. Juan Pablo II,null,1037.047619047619,637.8809523809524,767
26 oct 2024,MX,Morelia,20 de Noviembre,null,939.1818181818181,414.6363636363636,127
26 oct 2024,MX,Morelia,Av. Tata Vasco,null,566.3076923076923,388.61538461538464,141
26 oct 2024,MX,Morelia,Av. Morelos (N),null,593,546.4,88
26 oct 2024,MX,Morelia,Ventura Puente,null,709,528,67
26 oct 2024,MX,Morelia,Antiguo Camino a la Huerta,null,881.5,660,7
26 oct 2024,MX,Morelia,Virrey Antonio de Mendoza,null,1043.8,614.7,141
26 oct 2024,MX,Morelia,Aquiles Serdán,null,837,762.0212765957447,628
27 oct 2024,MX,Morelia,Av. Gral. Lázaro Cárdenas,null,812.2857142857143,556.5714285714286,39
27 oct 2024,MX,Morelia,Av. Michoacán,null,549.6,742.6,35
27 oct 2024,MX,Morelia,Aldama,null,576,532,4
27 oct 2024,MX,Morelia,Av. Francisco I. Madero Oriente,null,1025,541.5,40
27 oct 2024,MX,Morelia,Ignacio Rayón,null,599.3636363636364,536.6363636363636,67
27 oct 2024,MX,Morelia,Manuel Muñiz,null,571,522.2,17
27 oct 2024,MX,Morelia,Santiago Tapia,null,889.0555555555555,766.6666666666666,250
27 oct 2024,MX,Morelia,Av. Héroes de Nocupétaro,null,655.3333333333334,1088.1333333333334,79
27 oct 2024,MX,Morelia,Virrey Antonio de Mendoza,null,769.7058823529412,474.1764705882353,89
27 oct 2024,MX,Morelia,Aquiles Serdán,null,805,801.5384615384615,331
27 oct 2024,MX,Morelia,Allende,null,840.15,1022.9,199
27 oct 2024,MX,Morelia,Bartolomé de las Casas,null,546.4285714285714,342.57142857142856,69
27 oct 2024,MX,Morelia,Av. Morelos (N),null,791.75,576.8125,286
27 oct 2024,MX,Morelia,Av. Guadalupe Victoria,null,623,556.0833333333334,72
27 oct 2024,MX,Morelia,Abasolo,null,700.6153846153846,1027.5384615384614,319
27 oct 2024,MX,Morelia,Av. Acueducto,null,600.6,531.8,15
27 oct 2024,MX,Morelia,Héroe de Nacozari,HAZARD,731.2857142857143,399.85714285714283,74
27 oct 2024,MX,Morelia,Guillermo Prieto,null,1037,501,18
27 oct 2024,MX,Morelia,Av. Tata Vasco,null,621.8,479.1,183
27 oct 2024,MX,Morelia,Av. Francisco I. Madero Poniente,null,1096.0537634408602,666.4193548387096,1808
27 oct 2024,MX,Morelia,20 de Noviembre,null,872,713.6153846153846,266
27 oct 2024,MX,Morelia,Plan de Ayala,null,962.5714285714286,466.42857142857144,167
27 oct 2024,MX,Morelia,Antonio Alzate,null,760.047619047619,782.5238095238095,179
28 oct 2024,MX,Morelia,Virrey Antonio de Mendoza,null,774.1176470588235,611.1764705882352,136
28 oct 2024,MX,Morelia,Av. Francisco I. Madero Oriente,null,1645.2222222222222,604.8888888888889,56
28 oct 2024,MX,Morelia,Margarita Maza de Juárez,null,725.3846153846154,911.8461538461538,40
28 oct 2024,MX,Morelia,Vicente Santa María,null,775,478.3333333333333,23
28 oct 2024,MX,Morelia,Periférico Paseo de la República (Sector Nueva España),null,813.3,367.75,339
28 oct 2024,MX,Morelia,Virrey Antonio de Bucareli,null,1106.5714285714287,525.1428571428571,44
28 oct 2024,MX,Morelia,Santiago Tapia,null,668.2,504.6,104
28 oct 2024,MX,Morelia,Aquiles Serdán,HAZARD,929,499,7
28 oct 2024,MX,Morelia,Av. Héroes de Nocupétaro,null,699.8333333333334,407.3333333333333,38
28 oct 2024,MX,Morelia,Aquiles Serdán,null,860.7096774193549,551,306
28 oct 2024,MX,Morelia,Av. Morelos (N),HAZARD,882.0625,660.09375,419
28 oct 2024,MX,Morelia,Periférico Paseo de la República (Sector Revolución),null,1845.8,812,311
28 oct 2024,MX,Morelia,Av. Francisco I. Madero Poniente,null,1330.1884057971015,724.2898550724638,875
28 oct 2024,MX,Morelia,Av. Torreón Nuevo,HAZARD,897,630,3
28 oct 2024,MX,Morelia,20 de Noviembre,null,1102.75,515,33
28 oct 2024,MX,Morelia,Allende,null,774.5,827.6666666666666,27
28 oct 2024,MX,Morelia,Av. Guadalupe Victoria,null,677,649.5833333333334,72
28 oct 2024,MX,Morelia,Av. Gral. Lázaro Cárdenas,null,2778,762,20
28 oct 2024,MX,Morelia,Periférico Paseo de la República (Sector Nueva España),HAZARD,1273,393,37
28 oct 2024,MX,Morelia,Periférico Paseo de la República (Sector Independencia),HAZARD,1813.235294117647,700.9411764705883,396
28 oct 2024,MX,Morelia,Lateral Francisco I. Madero Ote.,null,654,553,2
28 oct 2024,MX,Morelia,Dr. Miguel Silva G.,null,600,422.5,12
28 oct 2024,MX,Morelia,Av. Gral. Lázaro Cárdenas,HAZARD,713.8333333333334,485.1666666666667,38
28 oct 2024,MX,Morelia,Av. Francisco I. Madero Poniente,ACCIDENT,650,524.5416666666666,135
28 oct 2024,MX,Morelia,Av. Francisco I. Madero Oriente,HAZARD,1965,682.6666666666666,64
28 oct 2024,MX,Morelia,Av. Morelos (N),null,810.5,679.5,577
28 oct 2024,MX,Morelia,Periférico Paseo de la República (Sector Independencia),null,1221.225,567.3,517
28 oct 2024,MX,Morelia,Guillermo Prieto,null,594,510,3
29 oct 2024,MX,Morelia,Luis de León Romano,null,580,588.6666666666666,22
29 oct 2024,MX,Morelia,Av. Gral. Lázaro Cárdenas,null,879.1333333333333,688.2666666666667,102
29 oct 2024,MX,Morelia,Periférico Paseo de la República (Sector Revolución),HAZARD,1075.0625,567.0625,285
29 oct 2024,MX,Morelia,Rey Tariácuri,null,581.6875,522.875,128
29 oct 2024,MX,Morelia,Galeana,null,675,466.5,12
29 oct 2024,MX,Morelia,Av. Fuentes de Morelia,null,690.3333333333334,484.6666666666667,26
29 oct 2024,MX,Morelia,Periférico Paseo de la República (Sector Revolución),null,1928.6,834.6,180
29 oct 2024,MX,Morelia,Av. Morelos (N),null,867.3,658.25,503
29 oct 2024,MX,Morelia,Av. Juárez,null,1053.4285714285713,596.5714285714286,54
29 oct 2024,MX,Morelia,Cuautla,null,520,485,4
29 oct 2024,MX,Morelia,Av. Universidad,null,798.0526315789474,465.05263157894734,122
29 oct 2024,MX,Morelia,Periférico Paseo de la República (Sector Independencia),null,1167.8863636363637,495.14772727272725,1552
29 oct 2024,MX,Morelia,Av. Héroes de Nocupétaro,null,674,1063.857142857143,55
29 oct 2024,MX,Morelia,Vasco de Quiroga,null,676.8,564.8,32
29 oct 2024,MX,Morelia,Margarita Maza de Juárez,null,855.421052631579,564.3157894736842,244
29 oct 2024,MX,Morelia,Av. Francisco I. Madero Poniente,HAZARD,1593,626,16
29 oct 2024,MX,Morelia,Santiago Tapia,null,574,494.5,16
29 oct 2024,MX,Morelia,Virrey Antonio de Mendoza,null,754.4,783,36
29 oct 2024,MX,Morelia,Paseo de la República (Sector Revolución),null,653,587.6666666666666,20
29 oct 2024,MX,Morelia,Av. Morelos Sur,null,720.4285714285714,582.1428571428571,64
29 oct 2024,MX,Morelia,Av. Juan Pablo II,HAZARD,777.5,373.5,8
29 oct 2024,MX,Morelia,Av. Francisco I. Madero Oriente,null,710,583.3571428571429,124
29 oct 2024,MX,Morelia,Rey Tangaxoan II,null,774.6363636363636,648.2727272727273,82
29 oct 2024,MX,Morelia,Av. Francisco I. Madero Poniente,null,1036.1136363636363,613.0454545454545,447
29 oct 2024,MX,Morelia,Calz. Juárez,null,611.5384615384615,725.0769230769231,44
29 oct 2024,MX,Morelia,Aquiles Serdán,null,719.9166666666666,579.9166666666666,108
29 oct 2024,MX,Morelia,Av. Guadalupe Victoria,null,886.5,697.25,18
29 oct 2024,MX,Morelia,Allende,null,843.6363636363636,860.8181818181819,58
29 oct 2024,MX,Morelia,Av. Gral. Lázaro Cárdenas,HAZARD,881,601.5,12
29 oct 2024,MX,Morelia,Mariano Michelena,HAZARD,517,416.5,10
29 oct 2024,MX,Morelia,Guillermo Prieto,null,832,745.6,60
29 oct 2024,MX,Morelia,Antiguo Camino a la Huerta,null,628,371.75,6
29 oct 2024,MX,Morelia,Periférico Paseo de la República (Sector Independencia),HAZARD,1891.28125,1189.3125,986
29 oct 2024,MX,Morelia,Abasolo,null,617,620.7777777777778,68
29 oct 2024,MX,Morelia,Av. La Joya,null,740.4,571.3333333333334,84
29 oct 2024,MX,Morelia,General Francisco J. Múgica,null,724.8695652173913,490,164
30 oct 2024,MX,Morelia,Héroes Anónimos de la Independencia,null,1181.909090909091,408.8181818181818,24
30 oct 2024,MX,Morelia,Av. Morelos (N),HAZARD,947.9,403.65,978
30 oct 2024,MX,Morelia,Virrey Antonio de Mendoza,null,1002,494,8
30 oct 2024,MX,Morelia,Av. San José del Cerrito,null,710,499,11
30 oct 2024,MX,Morelia,Av. Francisco I. Madero Poniente,null,1200.5,591.78125,324
30 oct 2024,MX,Morelia,Allende,null,968.5,734.5,44
30 oct 2024,MX,Morelia,Antiguo Camino a la Huerta,null,919.6153846153846,708.2307692307693,46
30 oct 2024,MX,Morelia,Av. Francisco I. Madero Oriente,null,1579,698.75,50
30 oct 2024,MX,Morelia,Héroe de Nacozari,null,726.3333333333334,772.3333333333334,38
30 oct 2024,MX,Morelia,Av. Morelos (N),null,1443.4285714285713,785.3809523809524,1233
30 oct 2024,MX,Morelia,Calz. la Huerta,HAZARD,841.2142857142857,270.14285714285717,99
30 oct 2024,MX,Morelia,Margarita Maza de Juárez,null,800,582,10
30 oct 2024,MX,Morelia,Calz. Juárez,null,766,1283,3
30 oct 2024,MX,Morelia,Av. Acueducto,null,1474.5,691,12
30 oct 2024,MX,Morelia,Av. Francisco I. Madero Poniente,HAZARD,1010,491.5,23
30 oct 2024,MX,Morelia,Vicente Santa María,null,957.5,673.5,27
30 oct 2024,MX,Morelia,Antonio Alzate,null,673.8888888888889,443.55555555555554,87
30 oct 2024,MX,Morelia,Periférico Paseo de la República (Sector Nueva España),null,727,528,12
30 oct 2024,MX,Morelia,Av. Gral. Lázaro Cárdenas,HAZARD,1099.75,518.5,26
30 oct 2024,MX,Morelia,20 de Noviembre,null,699.3333333333334,351.3333333333333,22
30 oct 2024,MX,Morelia,Abasolo,null,620.8,476.1,89
30 oct 2024,MX,Morelia,Aquiles Serdán,null,654.75,700.125,66
30 oct 2024,MX,Morelia,Av. Guadalupe Victoria,null,676,645,26
30 oct 2024,MX,Morelia,Av. Siervo de la Nación,null,913.5,431.5,4
30 oct 2024,MX,Morelia,Periférico Paseo de la República (Sector Independencia),null,1302.9583333333333,696.4583333333334,497
30 oct 2024,MX,Morelia,Av. Gral. Lázaro Cárdenas,null,1345.4444444444443,572.5555555555555,199
30 oct 2024,MX,Morelia,Calz. la Huerta,null,1053.3333333333333,347,21
31 oct 2024,MX,Morelia,Calz. la Huerta,HAZARD,895.3,400.95,321
31 oct 2024,MX,Morelia,Vicente Santa María,HAZARD,802.5,512,18
31 oct 2024,MX,Morelia,Manuel Muñiz,null,646.5,543.125,69
31 oct 2024,MX,Morelia,Abasolo,null,671.88,625.68,283
31 oct 2024,MX,Morelia,MEX-126 / Maravatío - Morelia,null,1396.5,434.75,12
31 oct 2024,MX,Morelia,Allende,null,886.047619047619,571.0952380952381,126
31 oct 2024,MX,Morelia,Av. Morelos (N),HAZARD,718.4,432.5,212
31 oct 2024,MX,Morelia,Av. Guadalupe Victoria,null,760.5,747,10
31 oct 2024,MX,Morelia,Paseo de la República (Sector República),null,551,489.3333333333333,48
31 oct 2024,MX,Morelia,General Francisco J. Múgica,null,515,559.25,18
31 oct 2024,MX,Morelia,Av. Morelos Sur,null,582,488,7
31 oct 2024,MX,Morelia,Francisco Manuel Sánchez de Tagle,null,558,595.75,28
31 oct 2024,MX,Morelia,Francisco Márquez,null,655,532,21
31 oct 2024,MX,Morelia,Rey Tangaxoan II,null,716.4,688,20
31 oct 2024,MX,Morelia,Santiago Tapia,null,801.8,459.4,77
31 oct 2024,MX,Morelia,Av. Acueducto,null,794.75,552.25,30
31 oct 2024,MX,Morelia,Av. Morelos (N),null,1311.6057692307693,719.2596153846154,3666
31 oct 2024,MX,Morelia,Vicente Santa María,null,790.7058823529412,529.4117647058823,163
31 oct 2024,MX,Morelia,Calz. la Huerta,null,1021.5128205128206,296.20512820512823,407
31 oct 2024,MX,Morelia,Av. Tata Vasco,null,620,467.6666666666667,37
31 oct 2024,MX,Morelia,Lateral Francisco I. Madero Ote.,null,881.3333333333334,591.3333333333334,32
31 oct 2024,MX,Morelia,Av. Juan Pablo II,null,981.2,429.2,55
31 oct 2024,MX,Morelia,Av. Francisco I. Madero Oriente,null,818.6170212765958,628.7446808510638,562
31 oct 2024,MX,Morelia,Plan de Ayala,null,685,472,3
31 oct 2024,MX,Morelia,Av. Héroes de Nocupétaro,null,674,416.1666666666667,28
31 oct 2024,MX,Morelia,Av. Gral. Lázaro Cárdenas,null,1300.0357142857142,609.0714285714286,319
31 oct 2024,MX,Morelia,Virrey Antonio de Mendoza,null,896.875,833.875,67
31 oct 2024,MX,Morelia,Aquiles Serdán,null,614.5,891.625,50
31 oct 2024,MX,Morelia,Juan Ortega y Montañes,null,714.5,515,27
31 oct 2024,MX,Morelia,Antonio Alzate,null,749.2857142857143,564,105
31 oct 2024,MX,Morelia,Av. San José del Cerrito,HAZARD,719,447,6
31 oct 2024,MX,Morelia,Av. Francisco I. Madero Poniente,null,1056.5,577.4375,262
31 oct 2024,MX,Morelia,Antiguo Camino a la Huerta,null,971.2857142857143,538.7142857142857,41
31 oct 2024,MX,Morelia,Ignacio Rayón,null,574.3333333333334,447.3333333333333,19
31 oct 2024,MX,Morelia,Periférico Paseo de la República (Sector Independencia),null,1125,456.7303370786517,1355
31 oct 2024,MX,Morelia,MICH-171 / Antigua Carretera a Pátzcuaro,null,743,498,7
1 nov 2024,MX,Morelia,Bartolomé de las Casas,null,689,417,5
1 nov 2024,MX,Morelia,Calz. Juárez,null,1100,435.4,39
1 nov 2024,MX,Morelia,Av. Tata Vasco,null,615.1904761904761,430.23809523809524,190
1 nov 2024,MX,Morelia,Plan de Ayala,null,624,483,2
1 nov 2024,MX,Morelia,MEX-14 / Morelia - Pátzcuaro,null,611,402.7,73
1 nov 2024,MX,Morelia,Blvd. García de León,null,589,575,22
1 nov 2024,MX,Morelia,Antonio Alzate,null,714.6428571428571,653.5,111
1 nov 2024,MX,Morelia,Ventura Puente,null,956.6666666666666,599.3333333333334,1046
1 nov 2024,MX,Morelia,La Huerta,null,997.6296296296297,434.7037037037037,297
1 nov 2024,MX,Morelia,,null,501,664,2
1 nov 2024,MX,Morelia,Antonio Alzate,HAZARD,675,637.5,20
1 nov 2024,MX,Morelia,Av. San José del Cerrito,HAZARD,730,450,13
1 nov 2024,MX,Morelia,Av. Acueducto,null,739.4857142857143,716.5142857142857,321
1 nov 2024,MX,Morelia,Andrés Quintana Roo,null,597,669,9
1 nov 2024,MX,Morelia,20 de Noviembre,null,1076,536,9
1 nov 2024,MX,Morelia,Av. San José del Cerrito,null,1189,325,5
1 nov 2024,MX,Morelia,Av. Francisco I. Madero Poniente,null,975.3913043478261,630.2826086956521,1434
1 nov 2024,MX,Morelia,Av. Universidad,null,948.0461538461539,562.4307692307692,880
1 nov 2024,MX,Morelia,Calz. la Huerta,null,1451.86,613.4,1286
1 nov 2024,MX,Morelia,Abasolo,null,637.6923076923077,726.5769230769231,368
1 nov 2024,MX,Morelia,Av. Francisco I. Madero Oriente,null,932.2325581395348,578.4186046511628,519
1 nov 2024,MX,Morelia,Cuautla,null,628.625,430.25,37
1 nov 2024,MX,Morelia,Av. Michoacán,null,855,435.5,19
1 nov 2024,MX,Morelia,Av. Gral. Lázaro Cárdenas,null,806.6,684.5,144
1 nov 2024,MX,Morelia,Periférico Paseo de la República (Sector Revolución),null,1163.157894736842,356.57894736842104,360
1 nov 2024,MX,Morelia,Av. Solidaridad,null,690.8947368421053,755.7894736842105,272
1 nov 2024,MX,Morelia,Allende,null,915.4,565.3,284
1 nov 2024,MX,Morelia,Av. Guadalupe Victoria,null,842.2380952380952,568.5714285714286,208
1 nov 2024,MX,Morelia,Vasco de Quiroga,null,580.1,557.1,89
1 nov 2024,MX,Morelia,Periférico Paseo de la República (Sector Independencia),ACCIDENT,2144.576923076923,1207.576923076923,880
1 nov 2024,MX,Morelia,Av. Periodismo,null,816.6666666666666,629.9166666666666,77
1 nov 2024,MX,Morelia,Av. Pedregal,null,710.6666666666666,538.6666666666666,19
1 nov 2024,MX,Morelia,Av. Morelos (N),HAZARD,1034.103448275862,560.1034482758621,1112
1 nov 2024,MX,Morelia,Juan Ortega y Montañes,null,745,509.5,17
1 nov 2024,MX,Morelia,MICH-171 / Antigua Carretera a Pátzcuaro,null,1333,722.5,6
1 nov 2024,MX,Morelia,Rey Tangaxoan II,null,675.1,603.2,69
1 nov 2024,MX,Morelia,Av. Héroes de Nocupétaro,null,809.75,752.25,26
1 nov 2024,MX,Morelia,Periférico Paseo de la República (Sector Nueva España),null,1287.323076923077,471.03076923076924,1597
1 nov 2024,MX,Morelia,Av. Morelos (N),null,1197.3416149068323,622.4782608695652,6944
1 nov 2024,MX,Morelia,Periférico Paseo de la República (Sector Independencia),null,1263.7716535433071,540.9842519685039,2269
1 nov 2024,MX,Morelia,Héroe de Nacozari,null,702.4,977.8,52
1 nov 2024,MX,Morelia,Guillermo Prieto,null,859.8,779.6,80
1 nov 2024,MX,Morelia,Santiago Tapia,null,757.1621621621622,551.7837837837837,574
1 nov 2024,MX,Morelia,Av. Francisco I. Madero Oriente,HAZARD,847.9,556.1,64
1 nov 2024,MX,Morelia,Margarita Maza de Juárez,null,1272,644,32
1 nov 2024,MX,Morelia,Virrey Antonio de Mendoza,null,837.6296296296297,710.4074074074074,236
1 nov 2024,MX,Morelia,Av. Fuentes de Morelia,null,1026.888888888889,541.4444444444445,110
1 nov 2024,MX,Morelia,Antiguo Camino a la Huerta,null,640.25,566.4166666666666,50
1 nov 2024,MX,Morelia,Ignacio Rayón,null,633.3333333333334,612.6666666666666,254
1 nov 2024,MX,Morelia,Aquiles Serdán,null,903.8518518518518,708.6666666666666,321
1 nov 2024,MX,Morelia,Calz. la Huerta,ACCIDENT,788.9,257.7,125
1 nov 2024,MX,Morelia,Av. Michoacán,HAZARD,806.5555555555555,627.5,120
2 nov 2024,MX,Morelia,Av. Francisco I. Madero Oriente,null,1054.1951219512196,651.219512195122,741
2 nov 2024,MX,Morelia,Galeana,null,617,662.375,134
2 nov 2024,MX,Morelia,Av. Morelos Sur,null,555,605.5,10
2 nov 2024,MX,Morelia,Ignacio Rayón,null,638.25,861.25,86
2 nov 2024,MX,Morelia,20 de Noviembre,null,862.9491525423729,674.2542372881356,705
2 nov 2024,MX,Morelia,Antonio Alzate,HAZARD,649,552.4,47
2 nov 2024,MX,Morelia,Manuel Muñiz,null,671,515.2,30
2 nov 2024,MX,Morelia,Av. Acueducto,null,740.4285714285714,409,88
2 nov 2024,MX,Morelia,Abasolo,null,609.8095238095239,784.6190476190476,427
2 nov 2024,MX,Morelia,Calz. la Huerta,null,1084.668918918919,525.1351351351351,2937
2 nov 2024,MX,Morelia,Av. Fuentes de Morelia,null,641.44,456.44,270
2 nov 2024,MX,Morelia,Calz. la Huerta,HAZARD,1076.1304347826087,282.5217391304348,319
2 nov 2024,MX,Morelia,Av. Jardines,null,672,401.5,4
2 nov 2024,MX,Morelia,Av. Siervo de la Nación,null,569.6666666666666,567,8
2 nov 2024,MX,Morelia,Aquiles Serdán,null,795.28,692.5,677
2 nov 2024,MX,Morelia,Av. Michoacán,HAZARD,1057,575,9
2 nov 2024,MX,Morelia,Periférico Paseo de la República (Sector Independencia),null,689,309.5882352941176,336
2 nov 2024,MX,Morelia,General Francisco J. Múgica,null,616.96,350.12,359
2 nov 2024,MX,Morelia,MEX-15 / Morelia - Jiquilpan,null,831,816,5
2 nov 2024,MX,Morelia,Av. Morelos (N),null,657.8666666666667,532.2666666666667,305
2 nov 2024,MX,Morelia,Av. Río Grande de Morelia,null,733.8333333333334,795.9583333333334,165
2 nov 2024,MX,Morelia,Av. Michoacán,null,816.5,598.8333333333334,65
2 nov 2024,MX,Morelia,Antonio Alzate,null,797.9,629.7,110
2 nov 2024,MX,Morelia,Av. Guadalupe Victoria,null,628,752.6666666666666,12
2 nov 2024,MX,Morelia,Cuautla,null,906.3684210526316,600.6842105263158,169
2 nov 2024,MX,Morelia,Plan de Ayala,HAZARD,1077.225806451613,487.2903225806452,289
2 nov 2024,MX,Morelia,Av. Tata Vasco,null,609.8045977011494,455.0344827586207,965
2 nov 2024,MX,Morelia,Virrey Antonio de Mendoza,null,759.5263157894736,615.8421052631579,150
2 nov 2024,MX,Morelia,Av. Héroes de Nocupétaro,null,781.4285714285714,593.7142857142857,64
2 nov 2024,MX,Morelia,Blvd. García de León,null,994,515,3
2 nov 2024,MX,Morelia,Av. Francisco I. Madero Poniente,null,1096.96875,748.84375,541
2 nov 2024,MX,Morelia,Corregidora,null,717.875,492.5,58
2 nov 2024,MX,Morelia,Av. Gral. Lázaro Cárdenas,null,874.952380952381,491,234
2 nov 2024,MX,Morelia,Santiago Tapia,null,753.8780487804878,840.609756097561,421
2 nov 2024,MX,Morelia,Plan de Ayala,null,927,389.5,16
2 nov 2024,MX,Morelia,Allende,null,757.695652173913,637,230
2 nov 2024,MX,Morelia,Vicente Guerrero,null,886.4545454545455,485.1818181818182,109
3 nov 2024,MX,Morelia,Allende,null,794.7564102564103,893.8205128205128,823
3 nov 2024,MX,Morelia,Av. Fuentes de Morelia,null,751.0869565217391,452.95652173913044,213
3 nov 2024,MX,Morelia,Aldama,null,576,507,13
3 nov 2024,MX,Morelia,Calz. la Huerta,null,1777.7702702702702,620.2162162162163,1798
3 nov 2024,MX,Morelia,Av. Francisco I. Madero Poniente,null,764.1935483870968,638.516129032258,616
3 nov 2024,MX,Morelia,Av. Francisco I. Madero Oriente,null,762.1186440677966,610.1016949152543,694
3 nov 2024,MX,Morelia,Av. Acueducto,null,679.0833333333334,394.0833333333333,125
3 nov 2024,MX,Morelia,Virrey Antonio de Mendoza,null,800.6111111111111,556.9444444444445,183
3 nov 2024,MX,Morelia,Antonio Alzate,null,607.1666666666666,759.1666666666666,93
3 nov 2024,MX,Morelia,Ignacio Rayón,null,653,631.5454545454545,293
3 nov 2024,MX,Morelia,Santiago Tapia,null,800.290909090909,790.4727272727273,847
3 nov 2024,MX,Morelia,Aquiles Serdán,null,840.3333333333334,691.2916666666666,321
3 nov 2024,MX,Morelia,Abasolo,null,634.0120481927711,925.0602409638554,1227
4 nov 2024,MX,Morelia,Calz. la Huerta,null,1172.9473684210527,567.3421052631579,674
4 nov 2024,MX,Morelia,Guillermo Prieto,null,827.25,642.25,46
4 nov 2024,MX,Morelia,Vicente Santa María,null,544,1154.5,7
4 nov 2024,MX,Morelia,Antiguo Camino a la Huerta,null,861.5454545454545,566.9090909090909,39
4 nov 2024,MX,Morelia,Abasolo,null,590.4666666666667,641.8,158
4 nov 2024,MX,Morelia,Av. Periodismo,null,1025.6923076923076,644.0384615384615,247
4 nov 2024,MX,Morelia,José Juan Tablada,null,929.2631578947369,437.42105263157896,239
4 nov 2024,MX,Morelia,Av. Michoacán,null,779.8181818181819,557.6363636363636,86
4 nov 2024,MX,Morelia,Margarita Maza de Juárez,null,1073.25,775.25,55
4 nov 2024,MX,Morelia,Av. Francisco I. Madero Poniente,null,1146,502.82142857142856,398
4 nov 2024,MX,Morelia,Isidro Huarte,null,1166,1031,8
4 nov 2024,MX,Morelia,Periférico Paseo de la República (Sector Independencia),null,1123.396551724138,787.0172413793103,903
4 nov 2024,MX,Morelia,Av. Siervo de la Nación,null,671.6666666666666,508.6666666666667,20
4 nov 2024,MX,Morelia,Av. Juan Pablo II,null,881.7692307692307,390.53846153846155,366
4 nov 2024,MX,Morelia,Periférico Paseo de la República (Sector Nueva España),null,1050.8333333333333,469.5,97
4 nov 2024,MX,Morelia,Av. Morelos (N),null,741.1153846153846,733.1538461538462,347
4 nov 2024,MX,Morelia,Loma del Rey,null,882.8,479.4,40
4 nov 2024,MX,Morelia,W. A. Mozart,null,530,343,21
4 nov 2024,MX,Morelia,Av. Juan Pablo II,HAZARD,734,277.93333333333334,243
4 nov 2024,MX,Morelia,Av. Universidad,null,811.5555555555555,459.44444444444446,39
4 nov 2024,MX,Morelia,Periférico Paseo de la República (Sector Nueva España),ACCIDENT,857,284.5,55
4 nov 2024,MX,Morelia,Av. Guadalupe Victoria,null,648.7777777777778,788.4444444444445,86
4 nov 2024,MX,Morelia,La Huerta,null,567,565,3
4 nov 2024,MX,Morelia,Virrey Antonio de Mendoza,null,1346,517,11
4 nov 2024,MX,Morelia,Av. Solidaridad,null,593.2,606.6,46
4 nov 2024,MX,Morelia,Allende,null,787.7,765.1,60
4 nov 2024,MX,Morelia,Av. Gral. Lázaro Cárdenas,null,774.75,338.25,31
4 nov 2024,MX,Morelia,Av. Héroes de Nocupétaro,null,548,481,40
4 nov 2024,MX,Morelia,Héroes Anónimos de la Independencia,null,897,567,16
5 nov 2024,MX,Morelia,Av. Juan Pablo II,null,996.8333333333334,566.9444444444445,226
5 nov 2024,MX,Morelia,MEX-14 / Morelia - Pátzcuaro,null,611,505,7
5 nov 2024,MX,Morelia,Periférico Paseo de la República (Sector Nueva España),null,908.875,441,134
5 nov 2024,MX,Morelia,Av. Miguel Hidalgo,null,570.5,623.0833333333334,60
5 nov 2024,MX,Morelia,Antiguo Camino a la Huerta,null,628,3177,2
5 nov 2024,MX,Morelia,Periférico Paseo de la República (Sector Independencia),null,1120.578947368421,341.7368421052632,179
5 nov 2024,MX,Morelia,Av. Francisco I. Madero Poniente,null,964.6,469.73333333333335,213
5 nov 2024,MX,Morelia,General Francisco J. Múgica,null,515,522.6666666666666,9
5 nov 2024,MX,Morelia,Guillermo Prieto,null,867,500,8
5 nov 2024,MX,Morelia,Av. Universidad,null,817.4285714285714,430.2857142857143,35
5 nov 2024,MX,Morelia,Av. Acueducto,null,827.8888888888889,404.8888888888889,79
5 nov 2024,MX,Morelia,Av. Morelos (N),null,876.5882352941177,815.4117647058823,167
5 nov 2024,MX,Morelia,Av. Juan Pablo II,HAZARD,634.2857142857143,295.1904761904762,226
5 nov 2024,MX,Morelia,Calz. la Huerta,null,1144.3684210526317,376.05263157894734,288
5 nov 2024,MX,Morelia,Av. Acueducto,HAZARD,605,370.5,10
5 nov 2024,MX,Morelia,José Juan Tablada,null,850.7,673,73
5 nov 2024,MX,Morelia,Av. Guadalupe Victoria,null,692.7142857142857,623,30
6 nov 2024,MX,Morelia,Carpinteros de Paracho,null,513,567,3
6 nov 2024,MX,Morelia,Virrey Antonio de Mendoza,null,963.6666666666666,514.1666666666666,29
6 nov 2024,MX,Morelia,Oriente 6,HAZARD,1541.3333333333333,377.5,18
6 nov 2024,MX,Morelia,Periférico Paseo de la República (Sector República),null,771.8,389.6,56
6 nov 2024,MX,Morelia,Av. Juan Pablo II,null,857,482.7142857142857,69
6 nov 2024,MX,Morelia,Av. Universidad,null,725.3333333333334,607.1111111111111,69
6 nov 2024,MX,Morelia,Av. Guadalupe Victoria,null,797.3333333333334,722,18
6 nov 2024,MX,Morelia,Av. Morelos (N),null,801,819.75,50
6 nov 2024,MX,Morelia,Paseo de la República (Sector República),null,759,490.6,18
6 nov 2024,MX,Morelia,Rey Tangaxoan II,null,610,588,7
6 nov 2024,MX,Morelia,Periférico Paseo de la República (Sector República),HAZARD,966.4705882352941,488.05882352941177,99
6 nov 2024,MX,Morelia,Av. Francisco I. Madero Oriente,ACCIDENT,645,324.7647058823529,170
6 nov 2024,MX,Morelia,Vicente Guerrero,null,575,431.6666666666667,9
6 nov 2024,MX,Morelia,Av. Francisco I. Madero Oriente,null,584,91,11
6 nov 2024,MX,Morelia,Av. Pedregal,null,639,469.5,6
6 nov 2024,MX,Morelia,Av. Michoacán,null,823.875,580.125,119
6 nov 2024,MX,Morelia,Av. Francisco I. Madero Poniente,null,1221.7692307692307,649.4615384615385,126
7 nov 2024,MX,Morelia,Periférico Paseo de la República (Sector Independencia),HAZARD,1774.3333333333333,498.3333333333333,62
7 nov 2024,MX,Morelia,Periférico Paseo de la República (Sector Independencia),null,1552.9574468085107,531.7872340425532,1785
7 nov 2024,MX,Morelia,Av. Acueducto,null,738,618,14
7 nov 2024,MX,Morelia,Av. Guadalupe Victoria,null,855.5,508.75,42
7 nov 2024,MX,Morelia,Paseo de la República (Sector República),null,778.4285714285714,586.8571428571429,63
7 nov 2024,MX,Morelia,Av. Gral. Lázaro Cárdenas,null,773.8,703.2,24
7 nov 2024,MX,Morelia,Guillermo Prieto,null,762,532.75,24
7 nov 2024,MX,Morelia,Blvd. García de León,null,871.6,836.4,52
7 nov 2024,MX,Morelia,Av. Morelos (N),null,697.3333333333334,626.6666666666666,90
7 nov 2024,MX,Morelia,Margarita Maza de Juárez,null,717,656.6,76
7 nov 2024,MX,Morelia,García Obeso,null,639,498,2
7 nov 2024,MX,Morelia,Av. Francisco Medina García Norte,null,629,315,37
7 nov 2024,MX,Morelia,Av. San José del Cerrito,null,701.1666666666666,438.0833333333333,95
7 nov 2024,MX,Morelia,Av. Francisco I. Madero Poniente,null,1608.4285714285713,743,124
7 nov 2024,MX,Morelia,Paseo de la República (Sector República),ACCIDENT,698,529,6
7 nov 2024,MX,Morelia,Av. Francisco I. Madero Oriente,null,747,496.3333333333333,77
7 nov 2024,MX,Morelia,Av. Universidad,null,728.4117647058823,477.88235294117646,116
8 nov 2024,MX,Morelia,Amado Nervo,null,687,861,3
8 nov 2024,MX,Morelia,MEX-15 / Morelia - Jiquilpan,null,1162.75,452.5,38
8 nov 2024,MX,Morelia,Av. Juan Pablo II,HAZARD,1060.1875,608.5625,449
8 nov 2024,MX,Morelia,Paseo de la República (Sector Nueva España),null,1005.3333333333334,349,128
8 nov 2024,MX,Morelia,Periférico Paseo de la República (Sector Nueva España),HAZARD,1188.4,331,117
8 nov 2024,MX,Morelia,Periférico Paseo de la República (Sector Nueva España),ACCIDENT,727,515,20
8 nov 2024,MX,Morelia,División del Norte,null,641.8333333333334,1047.0833333333333,51
8 nov 2024,MX,Morelia,Av. Morelos (N),null,771.0769230769231,495.38461538461536,180
8 nov 2024,MX,Morelia,Antiguo Camino a la Huerta,null,861.5,516.5,9
8 nov 2024,MX,Morelia,Periférico Paseo de la República (Sector Nueva España),null,1104.446153846154,471.4769230769231,1431
8 nov 2024,MX,Morelia,Héroe de Nacozari,null,710.5555555555555,790.7777777777778,103
8 nov 2024,MX,Morelia,Av. Universidad,null,766,321.375,82
8 nov 2024,CO,Morelia,Vda. Frascate,null,573,664,8
8 nov 2024,MX,Morelia,Paseo de la República (Sector República),null,2364.5,323,47
8 nov 2024,MX,Morelia,Periférico Paseo de la República (Sector República),null,2704,210,15
8 nov 2024,MX,Morelia,Av. Héroes de Nocupétaro,null,625.8461538461538,492.53846153846155,105
8 nov 2024,MX,Morelia,Periférico Paseo de la República (Sector Independencia),null,1345,446.07142857142856,265
8 nov 2024,MX,Morelia,Av. Morelos (N),HAZARD,910.5925925925926,571.7777777777778,506
8 nov 2024,MX,Morelia,Av. Guadalupe Victoria,null,599,876,14
8 nov 2024,MX,Morelia,Abasolo,null,534,873,13
8 nov 2024,MX,Morelia,Av. Francisco I. Madero Poniente,null,1096.142857142857,533.5714285714286,171
8 nov 2024,MX,Morelia,Rey Tangaxoan II,null,751.8571428571429,611.9285714285714,45
8 nov 2024,MX,Morelia,Av. San José del Cerrito,HAZARD,590.4285714285714,360.85714285714283,41
8 nov 2024,MX,Morelia,Ramal Camelinas,null,1829.5,361.7,87
8 nov 2024,MX,Morelia,Margarita Maza de Juárez,null,728.75,582.5,52
9 nov 2024,MX,Morelia,Av. Juan Pablo II,HAZARD,718.3142857142857,441.2,465
9 nov 2024,CO,Morelia,Vda. Frascate,null,573,177.9,36
9 nov 2024,MX,Morelia,Guillermo Prieto,null,777.2857142857143,899.7142857142857,73
9 nov 2024,MX,Morelia,General Francisco J. Múgica,null,589.75,519.125,39
9 nov 2024,MX,Morelia,Guillermo Prieto,HAZARD,683.5,166.5,18
9 nov 2024,MX,Morelia,Av. Gral. Lázaro Cárdenas,null,1349,663,13
9 nov 2024,MX,Morelia,Av. Morelos (N),HAZARD,841.2,420.2,69
9 nov 2024,MX,Morelia,Av. Héroes de Nocupétaro,null,557.3333333333334,486.3333333333333,28
9 nov 2024,MX,Morelia,Calz. Juárez,null,1017,507,10
9 nov 2024,MX,Morelia,Av. Universidad,null,723.4,610,86
9 nov 2024,MX,Morelia,Sitio de Cuautla,null,603,945.25,8
9 nov 2024,MX,Morelia,Av. Michoacán,null,795,349.6666666666667,15
9 nov 2024,MX,Morelia,Av. Juan Pablo II,null,903.6,403.6666666666667,228
9 nov 2024,MX,Morelia,Av. Guadalupe Victoria,null,628,604,24
9 nov 2024,MX,Morelia,Periférico Paseo de la República (Sector Independencia),null,1333.7857142857142,338,351
9 nov 2024,MX,Morelia,Periférico Paseo de la República (Sector Nueva España),null,964.8518518518518,351.037037037037,363
9 nov 2024,MX,Morelia,Av. Francisco I. Madero Poniente,null,1349.7692307692307,640.0769230769231,487
9 nov 2024,MX,Morelia,Guadalajara - Salamanca - Aeropuerto,null,545,542,34
10 nov 2024,MX,Morelia,Av. Francisco I. Madero Poniente,null,1076.8636363636363,540.7272727272727,370
10 nov 2024,CO,Morelia,Pereira-Alcalá / RD29-03,null,1600.642857142857,445.92857142857144,208
10 nov 2024,MX,Morelia,Allende,null,741,655.25,24
10 nov 2024,MX,Morelia,Av. Héroes de Nocupétaro,null,756.3333333333334,593,16
10 nov 2024,MX,Morelia,Av. Gral. Lázaro Cárdenas,null,780.6666666666666,697.6666666666666,33
10 nov 2024,MX,Morelia,Aquiles Serdán,null,750,669.6666666666666,34
11 nov 2024,MX,Morelia,Isidro Huarte,null,1141,564.5,16
11 nov 2024,MX,Morelia,Periférico Paseo de la República (Sector Nueva España),null,1171.258064516129,399.35483870967744,546
11 nov 2024,MX,Morelia,Av. Miguel Hidalgo,null,530.4,624,20
11 nov 2024,MX,Morelia,Av. Francisco I. Madero Poniente,null,1207.9375,559.03125,396
11 nov 2024,MX,Morelia,Av. Gral. Lázaro Cárdenas,ACCIDENT,1085.2857142857142,475.57142857142856,76
11 nov 2024,MX,Morelia,Av. Morelos (N),HAZARD,1007.875,708.1875,252
11 nov 2024,MX,Morelia,Av. Morelos (N),null,776.7096774193549,595.3548387096774,412
11 nov 2024,MX,Morelia,Av. Fuentes de Morelia,null,782.8,478.4,47
11 nov 2024,MX,Morelia,Paseo de la República (Sector Nueva España),null,781.4285714285714,289.42857142857144,59
11 nov 2024,MX,Morelia,Av. Gral. Lázaro Cárdenas,null,814,523,9
11 nov 2024,MX,Morelia,Av. Gral. Lázaro Cárdenas,HAZARD,966,298,7
11 nov 2024,MX,Morelia,Av. Juan Pablo II,null,1082.8076923076924,658.2692307692307,302
11 nov 2024,MX,Morelia,Av. Juan Pablo II,HAZARD,645.3076923076923,416.61538461538464,115
11 nov 2024,MX,Morelia,Antiguo Camino a la Huerta,null,1062.3333333333333,918,13
11 nov 2024,MX,Morelia,Guillermo Prieto,null,786,827.5,8
11 nov 2024,MX,Morelia,,null,741,729.5,10
11 nov 2024,MX,Morelia,MEX-15 / Morelia - Jiquilpan,null,926.2777777777778,292.8888888888889,185
12 nov 2024,MX,Morelia,Andador Villa del Monte,null,699.8,654,73
12 nov 2024,MX,Morelia,Av. Francisco I. Madero Poniente,null,1333.375,664.25,149
12 nov 2024,MX,Morelia,Av. Gral. Lázaro Cárdenas,null,1354.0588235294117,541.1176470588235,149
12 nov 2024,MX,Morelia,Guillermo Prieto,null,762.6666666666666,612.6666666666666,24
12 nov 2024,MX,Morelia,Aquiles Serdán,null,512,575.6666666666666,18
12 nov 2024,MX,Morelia,Héroe de Nacozari,null,709,645,9
12 nov 2024,MX,Morelia,Rey Tangaxoan II,null,608.8571428571429,590.1428571428571,21
12 nov 2024,MX,Morelia,Plan de Ayala,null,813,478.5,6
12 nov 2024,MX,Morelia,Paseo de la República (Sector República),null,523,564.4,25
12 nov 2024,MX,Morelia,Periférico Paseo de la República (Sector Independencia),null,1280.746835443038,439.9493670886076,1095
12 nov 2024,MX,Morelia,Av. Guadalupe Victoria,null,868.6666666666666,511.6666666666667,12
12 nov 2024,MX,Morelia,Periférico Paseo de la República (Sector Nueva España),null,1197.90625,380.71875,597
12 nov 2024,MX,Morelia,Paseo de la República (Sector Nueva España),null,1102.3333333333333,255.66666666666666,92
12 nov 2024,MX,Morelia,Antiguo Camino a la Huerta,null,886,624.75,10
12 nov 2024,MX,Morelia,Av. Morelos (N),null,1292.35,537.95,356
12 nov 2024,MX,Morelia,Av. Universidad,null,754,677.1333333333333,255
12 nov 2024,MX,Morelia,Margarita Maza de Juárez,null,874.2,497.8,88
12 nov 2024,MX,Morelia,Av. Juan Pablo II,null,752.7222222222222,457.1111111111111,144
12 nov 2024,MX,Morelia,Av. Acueducto,null,965,519.6666666666666,77
13 nov 2024,MX,Morelia,Av. Francisco I. Madero Oriente,null,576,460.6666666666667,27
13 nov 2024,MX,Morelia,Av. Morelos (N),null,725.5,663.3333333333334,43
13 nov 2024,MX,Morelia,General Francisco J. Múgica,null,578.6470588235294,551.6470588235294,82
13 nov 2024,MX,Morelia,Av. Héroes de Nocupétaro,null,751.6666666666666,712.6666666666666,61
13 nov 2024,MX,Morelia,Periférico Paseo de la República (Sector Independencia),null,1082.5,315.241935483871,802
13 nov 2024,MX,Morelia,Periférico Paseo de la República (Sector República),ACCIDENT,1457.909090909091,377.54545454545456,133
13 nov 2024,MX,Morelia,Periférico Paseo de la República (Sector Nueva España),null,1097.9473684210527,532.7368421052631,370
13 nov 2024,MX,Morelia,Av. Universidad,null,957.1739130434783,587.5652173913044,171
13 nov 2024,CO,Morelia,Pereira-Alcalá / RD29-03,null,1437.2222222222222,580.1111111111111,17
13 nov 2024,MX,Morelia,Av. Juan Pablo II,HAZARD,871.7,544.3333333333334,350
13 nov 2024,MX,Morelia,Av. Juan Pablo II,null,787.54,520,460
13 nov 2024,MX,Morelia,Av. Francisco I. Madero Poniente,null,1268,901.1428571428571,908
13 nov 2024,MX,Morelia,Ing. Pascual Ortiz Rubio,null,752,378,6
13 nov 2024,MX,Morelia,Av. San José del Cerrito,null,507,473.8333333333333,30
13 nov 2024,MX,Morelia,Antiguo Camino a la Huerta,null,640.25,1083.375,15
13 nov 2024,MX,Morelia,Cuautla,null,998.6666666666666,293.6666666666667,18
13 nov 2024,MX,Morelia,Av. Periodismo,null,817.5333333333333,566.2666666666667,92
13 nov 2024,MX,Morelia,Paseo de la República (Sector Nueva España),null,1385.9411764705883,460,181
13 nov 2024,MX,Morelia,Mariano Michelena,null,504,695,2
13 nov 2024,MX,Morelia,Periférico Paseo de la República (Sector República),null,1530.5,348,52
13 nov 2024,MX,Morelia,Av. Morelos Sur,null,509,493.5,6
13 nov 2024,MX,Morelia,Margarita Maza de Juárez,null,786.6666666666666,405.3333333333333,15
14 nov 2024,MX,Morelia,Francisco Manuel Sánchez de Tagle,null,606,677.2,52
14 nov 2024,MX,Morelia,Av. Siervo de la Nación,null,999,203.5,16
14 nov 2024,MX,Morelia,Av. Morelos (N),HAZARD,782.75,582.8125,152
14 nov 2024,MX,Morelia,Mariano Michelena,null,517,521.5,10
14 nov 2024,MX,Morelia,Santiago Tapia,null,731.8333333333334,612.3333333333334,33
14 nov 2024,MX,Morelia,Periférico Paseo de la República (Sector Independencia),HAZARD,1628.1,430.6,232
14 nov 2024,MX,Morelia,MEX-43 / Morelia - Salamanca,ACCIDENT,1328.25,679,124
14 nov 2024,MX,Morelia,Av. Acueducto,null,540,520,13
14 nov 2024,MX,Morelia,MEX-43 / Morelia - Salamanca,null,1293,305.8333333333333,190
14 nov 2024,MX,Morelia,Vicente Santa María,null,925.8,525.6,38
14 nov 2024,MX,Morelia,Av. Juan Pablo II,null,858.6086956521739,502.0652173913044,534
14 nov 2024,MX,Morelia,Bartolomé de las Casas,null,514,476.6666666666667,27
14 nov 2024,MX,Morelia,Periférico Paseo de la República (Sector Independencia),null,1498.4769230769232,443.38461538461536,1286
14 nov 2024,MX,Morelia,Av. Morelos (N),null,881.5,770,21
14 nov 2024,MX,Morelia,Av. Michoacán,null,829.6666666666666,567.4444444444445,77
14 nov 2024,MX,Morelia,Av. Héroes de Nocupétaro,null,740.75,595.375,123
14 nov 2024,MX,Morelia,Isidro Huarte,null,797.3,555.7,105
14 nov 2024,MX,Morelia,Aquiles Serdán,null,649.5,608.0833333333334,71
14 nov 2024,MX,Morelia,Calz. la Huerta,HAZARD,896,418,64
14 nov 2024,MX,Morelia,Juan Ortega y Montañes,null,848.4444444444445,732.1111111111111,68
14 nov 2024,MX,Morelia,Av. Guadalupe Victoria,null,829,702,4
14 nov 2024,MX,Morelia,Paseo de la República (Sector República),null,1370.5,412.75,31
14 nov 2024,MX,Morelia,Acatita de Baján,null,556,560,8
14 nov 2024,MX,Morelia,Vasco de Quiroga,null,808.6666666666666,645.6666666666666,21
14 nov 2024,MX,Morelia,Av. Universidad,null,1082.5555555555557,830.2222222222222,53
14 nov 2024,MX,Morelia,Av. Francisco I. Madero Poniente,null,1287.2117647058824,775.2823529411764,1087
14 nov 2024,MX,Morelia,Carpinteros de Paracho,null,581,550.5,14
14 nov 2024,MX,Morelia,Av. Nicolás Ballesteros,null,591,1798.75,10
14 nov 2024,MX,Morelia,Lateral Francisco I. Madero Ote.,null,579.5,500.5,7
14 nov 2024,MX,Morelia,General Francisco J. Múgica,null,558.9230769230769,530.1538461538462,79
15 nov 2024,MX,Morelia,20 de Noviembre,null,823.0769230769231,487.9230769230769,86
15 nov 2024,MX,Morelia,Periférico Paseo de la República (Sector Independencia),null,1167.774193548387,360.11290322580646,1307
15 nov 2024,MX,Morelia,Vasco de Quiroga,null,791.25,534.875,34
15 nov 2024,MX,Morelia,Venezuela,null,622.6,420.2,45
15 nov 2024,MX,Morelia,Av. Periodismo,null,1308,634.5,11
15 nov 2024,MX,Morelia,Av. Morelos (N),null,637.1666666666666,522.5833333333334,135
15 nov 2024,MX,Morelia,Av. Gral. Lázaro Cárdenas,null,1446.7777777777778,729.3055555555555,489
15 nov 2024,MX,Morelia,Lateral Francisco I. Madero Ote.,null,757,509,20
15 nov 2024,MX,Morelia,Héroe de Nacozari,null,713.3333333333334,552.5,72
15 nov 2024,MX,Morelia,Rey Tangaxoan II,null,625.5833333333334,574.25,28
15 nov 2024,MX,Morelia,Av. Juan Pablo II,null,634.9310344827586,426.48275862068965,218
15 nov 2024,MX,Morelia,General Francisco J. Múgica,null,584.1428571428571,585.5714285714286,45
15 nov 2024,MX,Morelia,Francisco Márquez,null,670.5714285714286,651,71
15 nov 2024,MX,Morelia,Av. Héroes de Nocupétaro,null,747.6923076923077,611.0769230769231,117
15 nov 2024,MX,Morelia,Paseo de la República (Sector Nueva España),null,950.5384615384615,608.7692307692307,296
15 nov 2024,MX,Morelia,Av. Francisco I. Madero Oriente,HAZARD,1813.8108108108108,867.8108108108108,498
15 nov 2024,MX,Morelia,División del Norte,null,563,432.6666666666667,15
15 nov 2024,MX,Morelia,MEX-43 / Morelia - Salamanca,ACCIDENT,1328.25,174.5,149
15 nov 2024,MX,Morelia,Av. Morelos (N),HAZARD,752.75,668.7272727272727,700
15 nov 2024,MX,Morelia,Av. Francisco I. Madero Poniente,null,1208.392857142857,465.67857142857144,344
15 nov 2024,MX,Morelia,Av. Universidad,null,854.6585365853658,729.8780487804878,330
15 nov 2024,MX,Morelia,Santiago Tapia,null,647.5,653,18
15 nov 2024,MX,Morelia,Paseo de la República (Sector República),null,735.6666666666666,559,22
15 nov 2024,MX,Morelia,Batalla de Casa Mata,null,746,496.5,47
15 nov 2024,MX,Morelia,Av. Acueducto,null,650.9230769230769,361.0769230769231,143
15 nov 2024,MX,Morelia,Guillermo Prieto,HAZARD,822.5,784.5,20
15 nov 2024,MX,Morelia,Aquiles Serdán,null,776.3125,734.1875,190
15 nov 2024,MX,Morelia,Calz. la Huerta,null,1361.35,493.525,567
15 nov 2024,MX,Morelia,Periférico Paseo de la República (Sector Nueva España),null,1518.8275862068965,609.0344827586207,1857
15 nov 2024,MX,Morelia,Francisco Manuel Sánchez de Tagle,null,558,515.5,8
15 nov 2024,MX,Morelia,Juan Ortega y Montañes,null,563.2,405.8,27
15 nov 2024,MX,Morelia,Artilleros de 1847,null,1155.888888888889,540.2222222222222,183
15 nov 2024,MX,Morelia,Periférico Paseo de la República (Sector Revolución),null,1760.5714285714287,566.8095238095239,473
15 nov 2024,MX,Morelia,Periférico Paseo de la República (Sector República),null,779.7692307692307,483.61538461538464,101
15 nov 2024,MX,Morelia,Lateral Francisco I. Madero Ote.,HAZARD,892.8,625.2,75
15 nov 2024,MX,Morelia,Av. Solidaridad,null,864.9285714285714,483.07142857142856,149
15 nov 2024,MX,Morelia,Av. Francisco I. Madero Oriente,null,1379.8225806451612,512.3709677419355,517
15 nov 2024,MX,Morelia,Antiguo Camino a la Huerta,null,1082.6315789473683,743.3157894736842,63
16 nov 2024,MX,Morelia,Amado Nervo,null,597,518.5,25
16 nov 2024,MX,Morelia,Allende,null,874.5,833.75,21
16 nov 2024,MX,Morelia,Av. Torreón Nuevo,null,596,477,6
16 nov 2024,MX,Morelia,Av. Morelos (N),HAZARD,754.7777777777778,391.1111111111111,369
16 nov 2024,MX,Morelia,Av. Periodismo,null,940.25,571.5625,131
16 nov 2024,MX,Morelia,Calz. Juárez,null,962,504.6666666666667,20
16 nov 2024,MX,Morelia,5 de Febrero,null,553.4,643.4,20
16 nov 2024,MX,Morelia,Virrey Antonio de Mendoza,null,952.7142857142857,621.2857142857143,89
16 nov 2024,MX,Morelia,Guillermo Prieto,HAZARD,811.2857142857143,583.1428571428571,58
16 nov 2024,MX,Morelia,20 de Noviembre,null,968,497.5,11
16 nov 2024,MX,Morelia,Rey Tangaxoan II,null,585.7142857142857,338.2857142857143,29
16 nov 2024,MX,Morelia,Av. Guadalupe Victoria,null,699.8333333333334,943.1666666666666,249
16 nov 2024,MX,Morelia,Mariano Michelena,null,517,578,10
16 nov 2024,MX,Morelia,Plan de Ayala,null,717,315.6,32
16 nov 2024,MX,Morelia,Paseo de la República (Sector Revolución),HAZARD,653,373.5882352941176,161
16 nov 2024,MX,Morelia,Av. Periodismo,ACCIDENT,804.4,163.8,28
16 nov 2024,MX,Morelia,Periférico Paseo de la República (Sector Independencia),null,1452.9270072992701,524.5109489051094,2477
16 nov 2024,MX,Morelia,Av. Morelos (N),null,1282.4285714285713,590.8571428571429,212
16 nov 2024,MX,Morelia,Santiago Tapia,null,676.7692307692307,425.61538461538464,131
16 nov 2024,MX,Morelia,Av. Solidaridad,null,603.4666666666667,422.93333333333334,164
16 nov 2024,MX,Morelia,Periférico Paseo de la República (Sector Revolución),null,1205.9193548387098,860.9032258064516,1563
16 nov 2024,MX,Morelia,Periférico Paseo de la República (Sector Independencia),HAZARD,1137,512.6315789473684,220
16 nov 2024,MX,Morelia,Av. Héroes de Nocupétaro,null,737.0480769230769,692.5192307692307,1041
16 nov 2024,MX,Morelia,Serapio Rendón,null,599,979,4
16 nov 2024,MX,Morelia,Av. Gral. Lázaro Cárdenas,null,892.5,601.5,7
16 nov 2024,MX,Morelia,Av. Francisco I. Madero Oriente,HAZARD,2096.074074074074,600.3703703703703,452
16 nov 2024,MX,Morelia,Av. Francisco I. Madero Poniente,null,1166.0743801652893,673.0743801652893,2549
16 nov 2024,MX,Morelia,Av. Universidad,null,727,586,9
16 nov 2024,MX,Morelia,Lateral Francisco I. Madero Ote.,null,890.8888888888889,796.8333333333334,150
16 nov 2024,MX,Morelia,Aquiles Serdán,null,789.3508771929825,662.6315789473684,687
16 nov 2024,MX,Morelia,Calz. la Huerta,null,921,1001,14
16 nov 2024,MX,Morelia,Héroe de Nacozari,null,661.7894736842105,855.3157894736842,531
16 nov 2024,MX,Morelia,Av. Michoacán,null,831.7,639,66
16 nov 2024,MX,Morelia,Manuela Medina,null,578,617,6
16 nov 2024,MX,Morelia,General Francisco J. Múgica,null,518.1666666666666,563.1666666666666,30
16 nov 2024,MX,Morelia,Periférico Paseo de la República (Sector Nueva España),null,1418.8,507.8285714285714,1263
16 nov 2024,MX,Morelia,Av. Francisco I. Madero Oriente,null,810.0833333333334,667.9166666666666,670
17 nov 2024,MX,Morelia,Periférico Paseo de la República (Sector Nueva España),null,1311.864406779661,445.3220338983051,1955
17 nov 2024,MX,Morelia,Av. Héroes de Nocupétaro,null,762.2,607.6,85
17 nov 2024,MX,Morelia,Antonio Alzate,null,521,682.5,12
17 nov 2024,MX,Morelia,Ventura Puente,null,686,598,26
17 nov 2024,MX,Morelia,Virrey Antonio de Mendoza,null,844,565.4285714285714,113
17 nov 2024,MX,Morelia,Av. Francisco I. Madero Oriente,null,773.8888888888889,634.7777777777778,100
17 nov 2024,MX,Morelia,Calz. Juárez,null,1432,560,6
17 nov 2024,MX,Morelia,Av. Gral. Lázaro Cárdenas,null,778.8333333333334,540.3333333333334,42
17 nov 2024,MX,Morelia,Vasco de Quiroga,null,945.9090909090909,677.6363636363636,89
17 nov 2024,MX,Morelia,Allende,null,745.4545454545455,698.7727272727273,161
17 nov 2024,MX,Morelia,Aquiles Serdán,null,837.4791666666666,607.7916666666666,462
17 nov 2024,MX,Morelia,Abasolo,null,652.2758620689655,717.1724137931035,322
18 nov 2024,MX,Morelia,Av. Gral. Lázaro Cárdenas,null,818.6923076923077,595,44
18 nov 2024,MX,Morelia,Paseo de la República (Sector Nueva España),null,631,710,3
18 nov 2024,MX,Morelia,Allende,null,860,637.5,15
18 nov 2024,MX,Morelia,Abasolo,null,632.125,506.875,43
18 nov 2024,MX,Morelia,Av. Francisco I. Madero Poniente,null,1087.7857142857142,451.92857142857144,221
18 nov 2024,MX,Morelia,Periférico Paseo de la República (Sector Nueva España),null,1149.7272727272727,419.8181818181818,352
19 nov 2024,MX,Morelia,Bartolomé de las Casas,null,540,599,12
19 nov 2024,MX,Morelia,Vasco de Quiroga,null,725.3333333333334,476.3333333333333,20
19 nov 2024,MX,Morelia,Periférico Paseo de la República (Sector Revolución),ACCIDENT,1815,813.6,122
19 nov 2024,MX,Morelia,Paseo de la República (Sector Nueva España),null,623,417.3333333333333,71
19 nov 2024,MX,Morelia,Paseo de la República (Sector República),HAZARD,2299,383,17
19 nov 2024,MX,Morelia,Calz. la Huerta,null,1122.142857142857,300.42857142857144,152
19 nov 2024,MX,Morelia,Calz. la Huerta,ACCIDENT,1800.75,670.75,40
19 nov 2024,MX,Morelia,Av. Francisco I. Madero Oriente,HAZARD,778,530.5,23
19 nov 2024,MX,Morelia,Héroe de Nacozari,null,698,727,32
19 nov 2024,MX,Morelia,Paseo de la República (Sector República),null,1743.7857142857142,377.42857142857144,200
19 nov 2024,MX,Morelia,Av. Acueducto,null,721.4736842105264,712.6578947368421,386
19 nov 2024,MX,Morelia,Rey Tariácuri,null,561.2,435,40
19 nov 2024,MX,Morelia,Lateral Francisco I. Madero Ote.,null,845.1851851851852,448.962962962963,153
19 nov 2024,MX,Morelia,Santiago Tapia,null,590,540.4,22
19 nov 2024,MX,Morelia,Isidro Huarte,null,1056.25,477.25,38
19 nov 2024,MX,Morelia,Lateral Francisco I. Madero Ote.,HAZARD,960,299,15
19 nov 2024,MX,Morelia,Periférico Paseo de la República (Sector Independencia),null,1683.1,390.6,549
19 nov 2024,MX,Morelia,Av. Francisco I. Madero Poniente,null,1119.9473684210527,544.5263157894736,183
19 nov 2024,MX,Morelia,Av. Universidad,null,984,686.3333333333334,34
19 nov 2024,MX,Morelia,Av. Morelos (N),null,867.2222222222222,567,206
19 nov 2024,MX,Morelia,Periférico Paseo de la República (Sector Revolución),HAZARD,1189,452.57142857142856,79
19 nov 2024,MX,Morelia,Margarita Maza de Juárez,HAZARD,1027.3333333333333,565,24
19 nov 2024,MX,Morelia,Av. Gral. Lázaro Cárdenas,null,1036.8823529411766,398.29411764705884,152
19 nov 2024,MX,Morelia,Periférico Paseo de la República (Sector República),ACCIDENT,1833.7222222222222,457.44444444444446,228
19 nov 2024,MX,Morelia,Periférico Paseo de la República (Sector Nueva España),null,867.375,441.5,647
19 nov 2024,MX,Morelia,Av. Francisco I. Madero Oriente,null,1098.1690140845071,682,540
19 nov 2024,MX,Morelia,Av. Francisco I. Madero Poniente,HAZARD,775,657.5,18
19 nov 2024,MX,Morelia,Periférico Paseo de la República (Sector Revolución),null,1988.0625,755.5625,405
19 nov 2024,MX,Morelia,Periférico Paseo de la República (Sector República),null,2449.3333333333335,204,292
19 nov 2024,MX,Morelia,Aquiles Serdán,null,773.5833333333334,563.0833333333334,105
20 nov 2024,MX,Morelia,20 de Noviembre,null,768.074074074074,669.1111111111111,305
20 nov 2024,MX,Morelia,Puente Río Colorado,HAZARD,755,251,6
20 nov 2024,MX,Morelia,Av. Francisco I. Madero Poniente,HAZARD,1319,901,8
20 nov 2024,MX,Morelia,Periférico Paseo de la República (Sector Independencia),null,1156.3589743589744,395.8974358974359,456
20 nov 2024,MX,Morelia,Carpinteros de Paracho,null,667.9772727272727,524.7272727272727,405
20 nov 2024,MX,Morelia,Av. Gral. Lázaro Cárdenas,null,1479.4905660377358,738.0188679245283,804
20 nov 2024,MX,Morelia,Periférico Paseo de la República (Sector Independencia),HAZARD,1017.5,337.6875,339
20 nov 2024,MX,Morelia,Av. Francisco I. Madero Oriente,null,558,739.4,33
20 nov 2024,MX,Morelia,Av. Michoacán,null,916.5,612.5,152
20 nov 2024,MX,Morelia,Héroe de Nacozari,null,637,647.375,74
20 nov 2024,MX,Morelia,Río Grande,null,537.6153846153846,1020.3076923076923,116
20 nov 2024,MX,Morelia,Corregidora,null,683,711,7
20 nov 2024,MX,Morelia,MEX-43 / Morelia - Salamanca,null,2247,252.33333333333334,6
20 nov 2024,MX,Morelia,Virrey Antonio de Bucareli,null,1077,397.5,23
20 nov 2024,MX,Morelia,Av. Francisco I. Madero Poniente,null,653.4,615.2,19
20 nov 2024,MX,Morelia,Av. Guadalupe Victoria,null,702,635.5,8
20 nov 2024,MX,Morelia,Periférico Paseo de la República (Sector Nueva España),null,1774.4285714285713,768.4285714285714,119
20 nov 2024,MX,Morelia,Av. Héroes de Nocupétaro,null,898.3076923076923,554.7179487179487,421
20 nov 2024,MX,Morelia,Gral. Francisco J. Múgica,null,515,633.5,11
20 nov 2024,MX,Morelia,Av. Torreón Nuevo,null,523,453,8
20 nov 2024,MX,Morelia,Av. del Estudiante,null,611,487.5,11
21 nov 2024,MX,Morelia,Periférico Paseo de la República (Sector Nueva España),HAZARD,1484.235294117647,902.8235294117648,490
21 nov 2024,MX,Morelia,Ventura Puente,HAZARD,924.1666666666666,441.6666666666667,157
21 nov 2024,MX,Morelia,Margarita Maza de Juárez,null,754.25,473.25,50
21 nov 2024,MX,Morelia,Av. Juárez,null,1110.125,349.125,72
21 nov 2024,MX,Morelia,MEX-15 / Morelia - Jiquilpan,null,2012.4,181,22
21 nov 2024,MX,Morelia,Av. Gral. Lázaro Cárdenas,null,1254.125,515,109
21 nov 2024,MX,Morelia,Periférico Paseo de la República (Sector República),null,1902.5,537.25,33
21 nov 2024,MX,Morelia,Paseo de la República (Sector República),null,1433,412.5,19
21 nov 2024,MX,Morelia,Calz. la Huerta,HAZARD,1874,1623,25
21 nov 2024,MX,Morelia,Av. Francisco I. Madero Poniente,null,1328.6153846153845,510,104
21 nov 2024,MX,Morelia,MEX-14 / Morelia - Pátzcuaro,null,735.6666666666666,482.3333333333333,73
21 nov 2024,MX,Morelia,Av. Solidaridad,HAZARD,1032.5,680.2,99
21 nov 2024,MX,Morelia,Paseo de la República (Sector Nueva España),null,713,491,6
21 nov 2024,MX,Morelia,Manuel Pérez Coronado,null,551,442,13
21 nov 2024,MX,Morelia,Vasco de Quiroga,null,892,637.5,22
21 nov 2024,MX,Morelia,Dr. Ignacio Chávez,null,665.1111111111111,510.22222222222223,118
21 nov 2024,MX,Morelia,Jesús Sansón Flores,null,566,412.5,34
21 nov 2024,MX,Morelia,Calz. la Huerta,null,2091.0333333333333,917.3666666666667,708
21 nov 2024,MX,Morelia,Av. Solidaridad,null,983.7462686567164,882.776119402985,1112
21 nov 2024,MX,Morelia,Periférico Paseo de la República (Sector Nueva España),null,1390.9130434782608,1088.5652173913043,425
21 nov 2024,MX,Morelia,Av. Michoacán,null,756.7142857142857,543.2857142857143,51
21 nov 2024,MX,Morelia,Iretiticateme,null,955.375,373.5,76
21 nov 2024,MX,Morelia,Héroes Anónimos de la Independencia,null,1231,498.8,26
21 nov 2024,MX,Morelia,Gral. Francisco J. Múgica,null,631.0625,545.25,69
21 nov 2024,MX,Morelia,Laguna de Términos,null,693.25,498.75,18
21 nov 2024,MX,Morelia,Av. Acueducto,null,985,469.2,87
21 nov 2024,MX,Morelia,Vicente Santa María,null,1758.7272727272727,615.5454545454545,187
21 nov 2024,MX,Morelia,Blvd. García de León,null,689.6363636363636,406.3636363636364,175
21 nov 2024,MX,Morelia,Periférico Paseo de la República (Sector República),HAZARD,1343.875,344.375,250
21 nov 2024,MX,Morelia,Ventura Puente,null,1030.2222222222222,643.7777777777778,457
21 nov 2024,MX,Morelia,Aquiles Serdán,null,690.5,636,50
21 nov 2024,MX,Morelia,Av. Francisco I. Madero Oriente,null,797.5,538.5,121
22 nov 2024,MX,Morelia,Av. Morelos Sur,null,565.7142857142857,829.1428571428571,82
22 nov 2024,MX,Morelia,Antiguo Camino a la Huerta,null,894.8571428571429,683.4285714285714,15
22 nov 2024,MX,Morelia,MEX-43 / Morelia - Salamanca,ACCIDENT,1337,895,17
22 nov 2024,MX,Morelia,Av. Solidaridad,null,654,320,15
22 nov 2024,MX,Morelia,Rey Tangaxoan II,null,597.1818181818181,583.8181818181819,44
22 nov 2024,MX,Morelia,Periférico Paseo de la República (Sector República),ACCIDENT,2171,429.5,27
22 nov 2024,MX,Morelia,Antonio Alzate,null,755,541.6666666666666,14
22 nov 2024,MX,Morelia,Vicente Santa María,null,622.2,431.2,41
22 nov 2024,MX,Morelia,Av. Acueducto,null,966.4285714285714,572.4285714285714,45
22 nov 2024,MX,Morelia,Periférico Paseo de la República (Sector República),HAZARD,2088.090909090909,387.3636363636364,324
22 nov 2024,MX,Morelia,Bartolomé de las Casas,null,558.5,576.25,39
22 nov 2024,MX,Morelia,Periférico Paseo de la República (Sector Nueva España),null,1488.1,418.8,224
22 nov 2024,MX,Morelia,Periférico Paseo de la República (Sector República),null,2432.6,369.4,78
22 nov 2024,MX,Morelia,Av. Tata Vasco,null,640,562,10
22 nov 2024,MX,Morelia,Av. Guadalupe Victoria,null,849.8,445.8,29
22 nov 2024,MX,Morelia,5 de Febrero,null,599,628.5,9
22 nov 2024,MX,Morelia,Juan Ortega y Montañes,null,557,475,9
22 nov 2024,MX,Morelia,Margarita Maza de Juárez,null,927.6666666666666,626.3333333333334,29
22 nov 2024,MX,Morelia,Plan de Ayala,null,853,517.5,12
22 nov 2024,MX,Morelia,Av. Francisco I. Madero Oriente,null,1671.125,669.125,300
22 nov 2024,MX,Morelia,Periférico Paseo de la República (Sector Independencia),null,1448.4615384615386,584.2307692307693,360
22 nov 2024,MX,Morelia,Isidro Huarte,null,1090,752.5,22
22 nov 2024,MX,Morelia,Av. Gral. Lázaro Cárdenas,null,1390.375,584.1666666666666,319
22 nov 2024,MX,Morelia,Periférico Paseo de la República (Sector Nueva España),ACCIDENT,1493.5,693,112
22 nov 2024,MX,Morelia,Gertrudis Bocanegra,null,760.3333333333334,360,49
22 nov 2024,MX,Morelia,Francisco Manuel Sánchez de Tagle,null,558,639,5
22 nov 2024,MX,Morelia,Aquiles Serdán,null,681.6666666666666,409.3333333333333,47
22 nov 2024,MX,Morelia,20 de Noviembre,null,905.4,550.2,27
22 nov 2024,MX,Morelia,Av. Morelos (N),null,1056.090909090909,470.09090909090907,156
22 nov 2024,MX,Morelia,Av. Solidaridad,ACCIDENT,873.6,957.6,52
22 nov 2024,MX,Morelia,MEX-43 / Morelia - Salamanca,null,2910.0666666666666,1435.911111111111,1390
22 nov 2024,MX,Morelia,Av. Francisco I. Madero Poniente,null,1263.9,368.1,97
23 nov 2024,MX,Morelia,MEX-15 / Morelia - Jiquilpan,null,1141.1666666666667,308.5,63
23 nov 2024,MX,Morelia,Periférico Paseo de la República (Sector Nueva España),null,986.0588235294117,351.11764705882354,377
23 nov 2024,MX,Morelia,MEX-15 / Toluca - Morelia,HAZARD,783.45,328.8,182
23 nov 2024,MX,Morelia,Av. Acueducto,null,797.75,466.6388888888889,394
23 nov 2024,MX,Morelia,Gral. Francisco J. Múgica,null,521,641.4545454545455,85
23 nov 2024,MX,Morelia,Av. Gral. Lázaro Cárdenas,null,935.8235294117648,657.9411764705883,158
23 nov 2024,MX,Morelia,Av. Francisco I. Madero Poniente,null,1258.7375,801.4625,2024
23 nov 2024,MX,Morelia,Av. Guadalupe Victoria,null,685,922.3333333333334,102
23 nov 2024,MX,Morelia,Guillermo Prieto,null,801,963,34
23 nov 2024,MX,Morelia,Paseo de la República (Sector Nueva España),ACCIDENT,911.047619047619,606.8095238095239,511
23 nov 2024,MX,Morelia,Av. Francisco I. Madero Oriente,HAZARD,1542.027397260274,599.5342465753424,541
23 nov 2024,MX,Morelia,Vasco de Quiroga,null,685.25,585.625,76
23 nov 2024,MX,Morelia,Isidro Huarte,null,931,590.6666666666666,23
23 nov 2024,MX,Morelia,Av. Universidad,null,969.9166666666666,519.75,138
23 nov 2024,MX,Morelia,Periférico Paseo de la República (Sector Independencia),ACCIDENT,1920.304347826087,1461.695652173913,521
23 nov 2024,MX,Morelia,Lateral Francisco I. Madero Ote.,null,659.125,543.0625,153
23 nov 2024,MX,Morelia,Francisco Márquez,null,690,577.75,26
23 nov 2024,MX,Morelia,Av. Pedregal,null,583,518,53
23 nov 2024,MX,Morelia,Ramal Camelinas,null,1745.625,387.75,86
23 nov 2024,MX,Morelia,Av. Siervo de la Nación,null,528,738,8
23 nov 2024,MX,Morelia,Héroes Anónimos de la Independencia,null,1087.2857142857142,483.35714285714283,51
23 nov 2024,MX,Morelia,Av. Periodismo,null,818.8,652.6,62
23 nov 2024,MX,Morelia,Av. Francisco I. Madero Oriente,null,767.75,542,34
23 nov 2024,MX,Morelia,Av. Morelos Sur,null,767.5625,865,136
23 nov 2024,MX,Morelia,Paseo de la República (Sector Nueva España),null,643,511.85714285714283,398
23 nov 2024,MX,Morelia,Virrey Antonio de Bucareli,null,813.5,690.75,20
23 nov 2024,MX,Morelia,Periférico Paseo de la República (Sector Independencia),null,1647.3469387755101,643.6326530612245,920
23 nov 2024,MX,Morelia,Virrey Antonio de Mendoza,null,1258,554.5,34
23 nov 2024,MX,Morelia,Calz. la Huerta,null,680.2857142857143,302.7142857142857,77
23 nov 2024,MX,Morelia,Av. Héroes de Nocupétaro,null,734.2916666666666,771.1666666666666,245
24 nov 2024,MX,Morelia,Allende,ACCIDENT,537,880,8
24 nov 2024,MX,Morelia,Aquiles Serdán,null,880.2222222222222,674.7777777777778,68
24 nov 2024,MX,Morelia,Av. Pedregal,null,787.25,465,5
24 nov 2024,MX,Morelia,Allende,null,725.2666666666667,761.3333333333334,54
24 nov 2024,MX,Morelia,Paseo de la República (Sector República),null,2016.892857142857,821.5,731
24 nov 2024,MX,Morelia,Av. Acueducto,null,908.7714285714286,560.9,794
24 nov 2024,MX,Morelia,Antiguo Camino a la Huerta,null,1536.142857142857,368.42857142857144,21
24 nov 2024,MX,Morelia,Abasolo,null,576.6,625.6,34
24 nov 2024,MX,Morelia,Av. Francisco I. Madero Oriente,null,869,468.55555555555554,100
24 nov 2024,MX,Morelia,Periférico Paseo de la República (Sector República),ACCIDENT,1716.5,718.0625,334
24 nov 2024,MX,Morelia,Santiago Tapia,null,721,499.5,16
24 nov 2024,MX,Morelia,Av. Tata Vasco,null,587.2666666666667,584.9333333333333,66
24 nov 2024,MX,Morelia,Vasco de Quiroga,null,557,516.25,26
24 nov 2024,MX,Morelia,Periférico Paseo de la República (Sector República),null,2310.222222222222,1042.888888888889,198
25 nov 2024,MX,Morelia,Av. Morelos (N),null,1273,700,18
25 nov 2024,MX,Morelia,Av. Acueducto,null,885.725,554.3,328
25 nov 2024,MX,Morelia,Aquiles Serdán,null,852.1875,462.125,175
25 nov 2024,MX,Morelia,Periférico Paseo de la República (Sector Revolución),HAZARD,1518.375,419.03125,744
25 nov 2024,MX,Morelia,Av. Francisco I. Madero Poniente,HAZARD,1412,674,10
25 nov 2024,MX,Morelia,Antiguo Camino a la Huerta,null,980.125,509.5,18
25 nov 2024,MX,Morelia,Ventura Puente,null,686,535,8
25 nov 2024,MX,Morelia,Periférico Paseo de la República (Sector Nueva España),HAZARD,1205.7575757575758,466.6969696969697,902
25 nov 2024,MX,Morelia,Av. Gral. Lázaro Cárdenas,null,1343.8333333333333,547,69
25 nov 2024,MX,Morelia,Av. Francisco I. Madero Oriente,null,929.578947368421,395.36842105263156,352
25 nov 2024,MX,Morelia,Periférico Paseo de la República (Sector Revolución),null,1591.5185185185185,426.5925925925926,582
25 nov 2024,MX,Morelia,Av. Francisco I. Madero Poniente,null,1909.625,702.375,116
25 nov 2024,MX,Morelia,Av. Michoacán,null,500,622,3
25 nov 2024,MX,Morelia,Lateral Francisco I. Madero Ote.,null,634.75,501.25,27
25 nov 2024,MX,Morelia,Carpinteros de Paracho,null,581,542,33
25 nov 2024,MX,Morelia,Av. Morelos (N),HAZARD,776.0666666666667,741.1333333333333,210
25 nov 2024,MX,Morelia,Av. Tata Vasco,null,558.3333333333334,467.6666666666667,14
25 nov 2024,MX,Morelia,Paseo de la República (Sector Nueva España),null,770.25,552.125,117
25 nov 2024,MX,Morelia,Gral. Francisco J. Múgica,null,522,563,4
25 nov 2024,MX,Morelia,Av. Francisco I. Madero Oriente,ROAD_CLOSED,790,427,8
26 nov 2024,MX,Morelia,Maestro Rubén Valencia Cortés,null,833.6,516.8,20
26 nov 2024,MX,Morelia,Periférico Paseo de la República (Sector Nueva España),HAZARD,942.96,420.64,228
26 nov 2024,MX,Morelia,Av. Francisco I. Madero Poniente,null,969.5,253.57142857142858,116
26 nov 2024,MX,Morelia,José Juan Tablada,null,750.0526315789474,319.6842105263158,225
26 nov 2024,MX,Morelia,Av. Francisco I. Madero Oriente,null,1148.4,765,43
26 nov 2024,MX,Morelia,Carpinteros de Paracho,null,644.3333333333334,539.1666666666666,29
26 nov 2024,MX,Morelia,Periférico Paseo de la República (Sector Independencia),null,1346.4117647058824,265.1764705882353,311
26 nov 2024,MX,Morelia,Aquiles Serdán,null,792.6666666666666,456.55555555555554,73
26 nov 2024,MX,Morelia,20 de Noviembre,null,642.1111111111111,582.5555555555555,31
26 nov 2024,MX,Morelia,Av. Michoacán,null,526,527,4
26 nov 2024,MX,Morelia,Plan de Ayala,null,1012.4,585.6,32
26 nov 2024,MX,Morelia,Av. Morelos (N),null,1023.4285714285714,329,137
26 nov 2024,MX,Morelia,Av. Gral. Lázaro Cárdenas,null,1298.3,730.6,62
26 nov 2024,MX,Morelia,Av. Guadalupe Victoria,null,783.6666666666666,352,15
26 nov 2024,MX,Morelia,Héroe de Nacozari,null,727.5714285714286,909.4285714285714,81
26 nov 2024,MX,Morelia,Av. Morelos (N),HAZARD,702,693.8,49
26 nov 2024,MX,Morelia,Vasco de Quiroga,null,786.2,504.6,29
26 nov 2024,MX,Morelia,Av. Acueducto,null,884.7272727272727,681.1818181818181,86
26 nov 2024,MX,Morelia,Rey Tangaxoan II,null,663.1,518.8,26
27 nov 2024,MX,Morelia,Av. Morelos Sur,null,712.25,244,35
27 nov 2024,MX,Morelia,Antonio Alzate,null,796,473,7
27 nov 2024,MX,Morelia,Lateral Francisco I. Madero Ote.,null,957,660.5,61
27 nov 2024,MX,Morelia,Av. Gral. Lázaro Cárdenas,null,1331.857142857143,580.2857142857143,141
27 nov 2024,MX,Morelia,Av. Guadalupe Victoria,null,702,895.75,13
27 nov 2024,MX,Morelia,Av. Francisco I. Madero Oriente,null,1169,420.3636363636364,225
27 nov 2024,MX,Morelia,Periférico Paseo de la República (Sector Independencia),null,1094.1818181818182,273,170
27 nov 2024,MX,Morelia,Av. Universidad,null,1052.4,841.4,28
27 nov 2024,MX,Morelia,Av. Francisco I. Madero Oriente,HAZARD,1021.7272727272727,598.8636363636364,210
27 nov 2024,MX,Morelia,Av. Morelos (N),null,681.5,755.75,22
27 nov 2024,MX,Morelia,Av. Acueducto,null,843.9,554.6,97
27 nov 2024,MX,Morelia,Paseo de la República (Sector Nueva España),null,715.8,211.2,31
28 nov 2024,MX,Morelia,Francisco Márquez,null,556,597,8
28 nov 2024,MX,Morelia,Av. Universidad,null,820,578.5,15
28 nov 2024,MX,Morelia,Av. Guadalupe Victoria,null,655.6,681.4,19
28 nov 2024,MX,Morelia,Antiguo Camino a la Huerta,null,628,508.3333333333333,11
28 nov 2024,MX,Morelia,Ramal Camelinas,null,2302.9375,768.5625,130
28 nov 2024,MX,Morelia,Allende,null,812.6666666666666,546.6666666666666,16
28 nov 2024,MX,Morelia,Av. Francisco I. Madero Oriente,null,1464,339,13
28 nov 2024,MX,Morelia,Av. Morelos (N),null,872.75,750.125,84
28 nov 2024,MX,Morelia,Corregidora,null,896,568.75,127
28 nov 2024,MX,Morelia,Av. Francisco I. Madero Poniente,null,1420.6451612903227,832.7741935483871,540
28 nov 2024,MX,Morelia,Maestro Rubén Valencia Cortés,null,833.5714285714286,426.85714285714283,15
28 nov 2024,MX,Morelia,MEX-15 / Morelia - Jiquilpan,null,626,370,6
28 nov 2024,MX,Morelia,Av. Michoacán,null,778,482.5,56
28 nov 2024,MX,Morelia,Av. Héroes de Nocupétaro,null,665.7142857142857,470.42857142857144,74
28 nov 2024,MX,Morelia,Av. Acueducto,null,846,460.5,18
28 nov 2024,MX,Morelia,Héroe de Nacozari,null,702,652.3,114
28 nov 2024,MX,Morelia,Juan Ortega y Montañes,null,574.6666666666666,310.6666666666667,16
28 nov 2024,MX,Morelia,Abasolo,null,581.5,574.25,84
28 nov 2024,MX,Morelia,Periférico Paseo de la República (Sector Nueva España),null,1001.75,460.625,99
28 nov 2024,MX,Morelia,Av. Gral. Lázaro Cárdenas,null,1936.5,623.875,118
28 nov 2024,MX,Morelia,Carpinteros de Paracho,null,592.8571428571429,505.7142857142857,26
28 nov 2024,MX,Morelia,Gral. Francisco J. Múgica,null,519.6666666666666,612,6
28 nov 2024,MX,Morelia,Antonio Alzate,null,793.2727272727273,589,92
28 nov 2024,MX,Morelia,Mariano Michelena,null,517,507,6
28 nov 2024,MX,Morelia,Galeana,null,675,540,8
28 nov 2024,MX,Morelia,Vicente Santa María,null,1037.8,476.6,191
29 nov 2024,MX,Morelia,Av. Francisco I. Madero Poniente,null,1412,750,13
29 nov 2024,MX,Morelia,Av. Morelos (N),null,1188,757,31
29 nov 2024,MX,Morelia,José Juan Tablada,null,898.3076923076923,540.6153846153846,130
29 nov 2024,MX,Morelia,Artilleros de 1847,null,829,2027,3
29 nov 2024,MX,Morelia,Virrey Antonio de Mendoza,null,960.75,654.4166666666666,105
29 nov 2024,MX,Morelia,Av. Universidad,null,1041.909090909091,702.7272727272727,100
29 nov 2024,MX,Morelia,Periférico Paseo de la República (Sector Revolución),null,2451.5538461538463,885.5076923076923,2114
29 nov 2024,MX,Morelia,Paseo de la República (Sector Revolución),null,623.3333333333334,469.6666666666667,21
29 nov 2024,MX,Morelia,Santiago Tapia,null,846,454.5,46
29 nov 2024,MX,Morelia,Periférico Paseo de la República (Sector Nueva España),null,1227.86301369863,396.3424657534247,1475
29 nov 2024,MX,Morelia,Corregidora,null,901.5555555555555,529.2962962962963,236
29 nov 2024,MX,Morelia,Lateral Francisco I. Madero Ote.,null,1049,761,7
29 nov 2024,MX,Morelia,Allende,null,980.3888888888889,788.9444444444445,199
29 nov 2024,MX,Morelia,Periférico Paseo de la República (Sector Revolución),HAZARD,2392.3333333333335,1013.3333333333334,130
29 nov 2024,MX,Morelia,Av. Francisco I. Madero Oriente,null,1249,466,12
29 nov 2024,MX,Morelia,Av. Michoacán,null,638.6666666666666,354.22222222222223,63
29 nov 2024,MX,Morelia,Juan Ortega y Montañes,null,657,460,35
29 nov 2024,MX,Morelia,Av. Periodismo,null,850.1428571428571,463.57142857142856,30
29 nov 2024,MX,Morelia,Rey Tangaxoan II,null,593.6363636363636,514.5454545454545,52
29 nov 2024,MX,Morelia,Av. Acueducto,null,813.1666666666666,600.5,40
29 nov 2024,MX,Morelia,Paseo de la República (Sector Nueva España),null,999.6,493.53333333333336,608
29 nov 2024,MX,Morelia,Abasolo,null,574.1333333333333,611.6666666666666,119
29 nov 2024,MX,Morelia,Av. Fuentes de Morelia,null,766,536.5,26
29 nov 2024,MX,Morelia,Av. Juárez,null,922.3636363636364,230.45454545454547,128
29 nov 2024,MX,Morelia,Av. Guadalupe Victoria,null,558,536,4
29 nov 2024,MX,Morelia,Aquiles Serdán,null,677.421052631579,649.1052631578947,145
29 nov 2024,MX,Morelia,Ignacio Rayón,null,653,564,32
29 nov 2024,MX,Morelia,Av. Gral. Lázaro Cárdenas,null,1325.103448275862,591.7586206896551,293
29 nov 2024,MX,Morelia,Paseo de la República (Sector República),null,702,221,5
29 nov 2024,MX,Morelia,Antonio Alzate,null,704,521.5,23
29 nov 2024,MX,Morelia,Periférico Paseo de la República (Sector Independencia),ACCIDENT,1319.15625,808.65625,893
29 nov 2024,MX,Morelia,Periférico Paseo de la República (Sector Independencia),null,798,470,256
29 nov 2024,MX,Morelia,Fray Sebastián de Aparicio,null,571,446,6
29 nov 2024,MX,Morelia,Ventura Puente,null,611,645,30
29 nov 2024,MX,Morelia,Guillermo Prieto,null,643.25,753.75,22
29 nov 2024,MX,Morelia,Antiguo Camino a la Huerta,null,747.7333333333333,555.4666666666667,43
30 nov 2024,MX,Morelia,Guadalajara - Salamanca - Aeropuerto,null,545,489.3529411764706,54
30 nov 2024,MX,Morelia,Av. Acueducto,null,924.1136363636364,640.5454545454545,602
30 nov 2024,MX,Morelia,Francisco Márquez,null,556,568.5,26
30 nov 2024,MX,Morelia,Carpinteros de Paracho,null,751.9375,517.8125,140
30 nov 2024,MX,Morelia,Gob. Aristeo Mercado,null,657,654,9
30 nov 2024,MX,Morelia,Vicente Santa María,null,785.2,368,51
30 nov 2024,MX,Morelia,Periférico Paseo de la República (Sector Independencia),null,1413.986111111111,386.375,1602
30 nov 2024,MX,Morelia,Periférico Paseo de la República (Sector Revolución),null,1083,366.625,170
30 nov 2024,MX,Morelia,Periférico Paseo de la República (Sector Revolución),HAZARD,2367,731,86
30 nov 2024,MX,Morelia,Av. Héroes de Nocupétaro,null,649.3333333333334,557,28
30 nov 2024,MX,Morelia,Guillermo Prieto,null,639.5,711,35
30 nov 2024,MX,Morelia,Av. Gral. Lázaro Cárdenas,null,911.78125,505.09375,219
30 nov 2024,MX,Morelia,Av. Universidad,null,730.0909090909091,684.7272727272727,153
30 nov 2024,MX,Morelia,Periférico Paseo de la República (Sector Nueva España),ACCIDENT,1108.388888888889,453.44444444444446,369
30 nov 2024,MX,Morelia,Av. Periodismo,null,771,463.42857142857144,60
30 nov 2024,MX,Morelia,Iretiticateme,null,616,1009,8
30 nov 2024,MX,Morelia,Av. Francisco I. Madero Oriente,HAZARD,782.3333333333334,531.6666666666666,59
30 nov 2024,MX,Morelia,Francisco Manuel Sánchez de Tagle,null,723,490,5
30 nov 2024,MX,Morelia,Av. Fuentes de Morelia,null,755,315.2857142857143,88
30 nov 2024,MX,Morelia,Av. Guadalupe Victoria,null,661.5714285714286,668.2142857142857,192
30 nov 2024,MX,Morelia,Periférico Paseo de la República (Sector Revolución),ACCIDENT,1191.4285714285713,536.8571428571429,159
30 nov 2024,MX,Morelia,Periférico Paseo de la República (Sector Nueva España),null,1237.9027777777778,523.3194444444445,2253
30 nov 2024,MX,Morelia,Av. Francisco I. Madero Poniente,null,680,472,20
30 nov 2024,MX,Morelia,Aquiles Serdán,null,573.9444444444445,528.6666666666666,189
30 nov 2024,MX,Morelia,Av. Francisco I. Madero Oriente,null,924.0909090909091,514.7272727272727,141
30 nov 2024,MX,Morelia,Héroe de Nacozari,null,680.2,679.72,310
30 nov 2024,MX,Morelia,Virrey Antonio de Mendoza,null,989.972972972973,641.7027027027027,338
30 nov 2024,MX,Morelia,Vasco de Quiroga,null,847.5,942.5,19
30 nov 2024,MX,Morelia,Av. Morelos (N),null,761,431.6666666666667,122
30 nov 2024,MX,Morelia,Av. Tata Vasco,null,597.0833333333334,487.4166666666667,85
30 nov 2024,MX,Morelia,Allende,null,898.5714285714286,739.8571428571429,87
30 nov 2024,MX,Morelia,Av. Manuel Buendía,null,544,526,6
1 dic 2024,MX,Morelia,Virrey Antonio de Mendoza,null,676.25,432.25,32
1 dic 2024,MX,Morelia,Av. Gral. Lázaro Cárdenas,null,764.5294117647059,496.7647058823529,91
1 dic 2024,MX,Morelia,Vicente Santa María,null,759.8571428571429,718,59
1 dic 2024,MX,Morelia,Allende,null,643.1875,655.125,80
1 dic 2024,MX,Morelia,Aquiles Serdán,null,929,667,33
1 dic 2024,MX,Morelia,Av. Morelos Sur,null,1187,496.5,10
1 dic 2024,MX,Morelia,Av. Tata Vasco,null,616.2,544.8,32
1 dic 2024,MX,Morelia,Circ. Bosque Monarca,null,513,3441.6666666666665,4
1 dic 2024,MX,Morelia,Periférico Paseo de la República (Sector República),null,1079.375,781.5,33
1 dic 2024,MX,Morelia,Av. Pedregal,null,591.1666666666666,416.5,61
1 dic 2024,MX,Morelia,Paseo de la República (Sector República),null,1191,739.156862745098,1330
1 dic 2024,MX,Morelia,Av. Francisco I. Madero Poniente,null,948.2857142857143,1638.6571428571428,377
1 dic 2024,MX,Morelia,Paseo de la República (Sector República),ACCIDENT,1426.6666666666667,528.7777777777778,281
1 dic 2024,MX,Morelia,Corregidora,null,568,574.8,45
1 dic 2024,MX,Morelia,Periférico Paseo de la República (Sector República),ACCIDENT,825.2941176470588,641,341
1 dic 2024,MX,Morelia,División del Norte,null,787,426.4,35
1 dic 2024,MX,Morelia,Av. Francisco I. Madero Poniente,ACCIDENT,810.8181818181819,1112.1363636363637,131
1 dic 2024,MX,Morelia,Av. Acueducto,null,1038.304347826087,645.9565217391304,616
2 dic 2024,MX,Morelia,Vicente Santa María,null,742,590,18
2 dic 2024,MX,Morelia,Virrey Antonio de Mendoza,null,825.5,680,15
2 dic 2024,MX,Morelia,Antonio Alzate,null,870.75,611.5,29
2 dic 2024,MX,Morelia,Ventura Puente,null,902,673,13
2 dic 2024,MX,Morelia,Av. Gral. Lázaro Cárdenas,null,1267.7777777777778,549.4444444444445,118
2 dic 2024,MX,Morelia,División del Norte,null,787,402,5
2 dic 2024,MX,Morelia,Av. Universidad,null,793.6666666666666,453,14
2 dic 2024,MX,Morelia,Héroe de Nacozari,null,724.6,764.6,37
2 dic 2024,MX,Morelia,Periférico Paseo de la República (Sector Nueva España),null,1269.5897435897436,501.53846153846155,766
2 dic 2024,MX,Morelia,MEX-15 / Morelia - Jiquilpan,null,1134.5,740.625,135
2 dic 2024,MX,Morelia,Av. Francisco I. Madero Oriente,null,714.6,386.7,72
2 dic 2024,MX,Morelia,Paseo de la República (Sector Nueva España),null,1316.5,653.5,129
2 dic 2024,MX,Morelia,Av. del Estudiante,null,680,493,4
2 dic 2024,MX,Morelia,Carpinteros de Paracho,null,558.1666666666666,416.6666666666667,18
2 dic 2024,MX,Morelia,Periférico Paseo de la República (Sector Nueva España),HAZARD,1119.7692307692307,432.3076923076923,207
2 dic 2024,MX,Morelia,Francisco Márquez,null,636.4,477.8,32
2 dic 2024,MX,Morelia,Virrey Antonio de Bucareli,null,1136.6666666666667,374.3333333333333,42
2 dic 2024,MX,Morelia,Circ. Bosque Monarca,null,513,3290.5,2
2 dic 2024,MX,Morelia,Av. Acueducto,null,760.0731707317074,486.4146341463415,258
2 dic 2024,MX,Morelia,Av. Francisco I. Madero Poniente,null,998.8,581.6,122
2 dic 2024,MX,Morelia,Av. Morelos (N),null,622.5,649.1666666666666,72
2 dic 2024,MX,Morelia,Av. Guadalupe Victoria,null,728.6666666666666,618,15
2 dic 2024,MX,Morelia,Periférico Paseo de la República (Sector Nueva España),ACCIDENT,1427,658,66
2 dic 2024,MX,Morelia,Av. Tata Vasco,null,565.625,511.75,37
2 dic 2024,MX,Morelia,Av. Héroes de Nocupétaro,null,576,557,10
3 dic 2024,MX,Morelia,Vasco de Quiroga,null,796.125,388.25,33
3 dic 2024,MX,Morelia,MEX-15 / Morelia - Jiquilpan,HAZARD,840.9090909090909,631.9090909090909,53
3 dic 2024,MX,Morelia,W. A. Mozart,null,530,384.25,36
3 dic 2024,MX,Morelia,Abasolo,null,646.3333333333334,546,29
3 dic 2024,MX,Morelia,Héroes Anónimos de la Independencia,null,1132,567.1,22
3 dic 2024,MX,Morelia,Virrey Antonio de Mendoza,null,803,521.6363636363636,79
3 dic 2024,MX,Morelia,Av. Francisco I. Madero Oriente,null,755.3636363636364,511.72727272727275,117
3 dic 2024,MX,Morelia,Aquiles Serdán,null,810.5,562.8333333333334,60
3 dic 2024,MX,Morelia,MEX-43 / Morelia - Salamanca,ACCIDENT,1399.5,691.25,127
3 dic 2024,MX,Morelia,Av. Morelos Sur,null,1162,534,10
3 dic 2024,MX,Morelia,Rey Tangaxoan II,null,723.3076923076923,550.9230769230769,97
3 dic 2024,MX,Morelia,Av. Michoacán,null,850.25,673.5,27
3 dic 2024,MX,Morelia,Av. Héroes de Nocupétaro,null,727.8974358974359,694.3333333333334,288
3 dic 2024,MX,Morelia,Santiago Tapia,null,717.7058823529412,659.4705882352941,131
3 dic 2024,MX,Morelia,Av. Gral. Lázaro Cárdenas,null,1250.3,710.9,87
3 dic 2024,MX,Morelia,Av. Francisco I. Madero Poniente,null,1318.3859649122808,639.2280701754386,1484
3 dic 2024,MX,Morelia,MEX-15 / Morelia - Jiquilpan,ACCIDENT,943.3333333333334,852,23
3 dic 2024,MX,Morelia,Carpinteros de Paracho,null,701.375,525.875,44
3 dic 2024,MX,Morelia,Av. Francisco I. Madero Poniente,ACCIDENT,829.875,598.625,38
3 dic 2024,MX,Morelia,Av. Periodismo,null,543,751,3
3 dic 2024,MX,Morelia,Av. Juan Pablo II,null,1056.75,331.6,484
3 dic 2024,MX,Morelia,Periférico Paseo de la República (Sector Nueva España),null,1102.642857142857,367,1262
3 dic 2024,MX,Morelia,Francisco Manuel Sánchez de Tagle,null,558,516,2
3 dic 2024,MX,Morelia,Av. Morelos (N),null,772.1944444444445,486.1111111111111,406
3 dic 2024,MX,Morelia,MEX-43 / Morelia - Salamanca,null,1929.8,600,69
3 dic 2024,MX,Morelia,Av. Francisco I. Madero Oriente,ACCIDENT,624.6666666666666,521.4166666666666,173
3 dic 2024,MX,Morelia,Galeana,null,655.6666666666666,570.6666666666666,18
3 dic 2024,MX,Morelia,Av. San José del Cerrito,null,506,654,3
3 dic 2024,MX,Morelia,Av. Guadalupe Victoria,null,615.625,558.5625,102
3 dic 2024,MX,Morelia,Héroe de Nacozari,null,711.8888888888889,785.8888888888889,96
3 dic 2024,MX,Morelia,Guillermo Prieto,null,742.75,595,37
4 dic 2024,MX,Morelia,Virrey Antonio de Mendoza,null,878.3,460.2,61
4 dic 2024,MX,Morelia,Héroe de Nacozari,null,735,634.4444444444445,98
4 dic 2024,MX,Morelia,Periférico Paseo de la República (Sector Nueva España),null,1249.7826086956522,591.0869565217391,701
4 dic 2024,MX,Morelia,Av. Morelos (N),null,670.1428571428571,577.5714285714286,76
4 dic 2024,MX,Morelia,Av. Acueducto,null,915.4782608695652,515.7391304347826,210
4 dic 2024,MX,Morelia,Allende,null,789.6,442,62
4 dic 2024,MX,Morelia,Paseo de la República (Sector Nueva España),null,618,408,6
4 dic 2024,MX,Morelia,Av. Francisco I. Madero Poniente,null,784.75,438.875,51
4 dic 2024,MX,Morelia,Av. Periodismo,null,543,200.83333333333334,36
4 dic 2024,MX,Morelia,Av. Gral. Lázaro Cárdenas,null,1245.6153846153845,564.1538461538462,116
4 dic 2024,MX,Morelia,Av. Solidaridad,null,630,504,26
4 dic 2024,MX,Morelia,Juan Ortega y Montañes,null,663,543,4
4 dic 2024,MX,Morelia,Av. Francisco I. Madero Oriente,null,811.8,370,83
4 dic 2024,MX,Morelia,Aquiles Serdán,null,623,563,7
4 dic 2024,MX,Morelia,Av. Guadalupe Victoria,null,666.6,592.6,30
4 dic 2024,MX,Morelia,Periférico Paseo de la República (Sector Independencia),null,1309.4545454545455,753.9090909090909,276
4 dic 2024,MX,Morelia,Abasolo,null,618.6666666666666,423,15
4 dic 2024,MX,Morelia,Cuautla,null,762.5714285714286,338.2857142857143,52
4 dic 2024,MX,Morelia,Av. Universidad,null,986.125,613.9375,136
4 dic 2024,MX,Morelia,Guillermo Prieto,null,1037,629.5,21
4 dic 2024,MX,Morelia,Carpinteros de Paracho,null,513,598,2
5 dic 2024,MX,Morelia,Av. Morelos (N),null,687.5555555555555,579.3333333333334,102
5 dic 2024,MX,Morelia,Periférico Paseo de la República (Sector Revolución),HAZARD,1088,179,43
5 dic 2024,MX,Morelia,Av. Francisco I. Madero Poniente,HAZARD,1075.6666666666667,551.3333333333334,69
5 dic 2024,MX,Morelia,Periférico Paseo de la República (Sector Nueva España),null,1085.6923076923076,506.46153846153845,377
5 dic 2024,MX,Morelia,Carpinteros de Paracho,null,648,625,7
5 dic 2024,MX,Morelia,Santiago Tapia,null,820.8333333333334,906.5,39
5 dic 2024,MX,Morelia,Rey Tangaxoan II,null,652.6,543.3333333333334,50
5 dic 2024,MX,Morelia,Margarita Maza de Juárez,null,836.75,571.5,35
5 dic 2024,MX,Morelia,Héroe de Nacozari,null,720.1428571428571,569.7142857142857,106
5 dic 2024,MX,Morelia,Periférico Paseo de la República (Sector Revolución),null,1359.8,171.4,109
5 dic 2024,MX,Morelia,Av. Francisco I. Madero Oriente,HAZARD,2252.4166666666665,583.25,107
5 dic 2024,MX,Morelia,Periférico Paseo de la República (Sector Independencia),null,1264.4727272727273,670.2363636363636,1267
5 dic 2024,MX,Morelia,Aquiles Serdán,null,727.8,669.7,75
5 dic 2024,MX,Morelia,Av. Periodismo,null,572,655,5
5 dic 2024,MX,Morelia,Antonio Alzate,null,870.5714285714286,522.1428571428571,49
5 dic 2024,MX,Morelia,Av. Francisco I. Madero Poniente,ACCIDENT,589,352.25,46
5 dic 2024,MX,Morelia,Av. Acueducto,null,919.6,485.4,234
5 dic 2024,MX,Morelia,Abasolo,null,653,662,6
5 dic 2024,MX,Morelia,Vicente Santa María,null,891.35,427.7,165
5 dic 2024,MX,Morelia,Amado Nervo,null,597,471.5,6
5 dic 2024,MX,Morelia,Rey Tariácuri,null,509,396.3333333333333,22
5 dic 2024,MX,Morelia,Av. Francisco I. Madero Poniente,null,1084.128205128205,615.0897435897435,899
5 dic 2024,MX,Morelia,Av. Guadalupe Victoria,null,600.6666666666666,672.3333333333334,15
5 dic 2024,MX,Morelia,Guillermo Prieto,null,503,557,14
5 dic 2024,MX,Morelia,Allende,null,812.2,620.7,67
5 dic 2024,MX,Morelia,20 de Noviembre,null,754.6153846153846,744.0769230769231,87
5 dic 2024,MX,Morelia,Av. Gral. Lázaro Cárdenas,null,1104.9615384615386,679.9615384615385,220
5 dic 2024,MX,Morelia,Av. Héroes de Nocupétaro,null,815,499.4375,150
5 dic 2024,MX,Morelia,Av. Solidaridad,null,685.0769230769231,505.9230769230769,155
5 dic 2024,MX,Morelia,Av. Francisco I. Madero Oriente,null,984.3333333333334,526.6666666666666,103
6 dic 2024,MX,Morelia,Av. Universidad,null,806.75,715.6666666666666,105
6 dic 2024,MX,Morelia,Periférico Paseo de la República (Sector Independencia),null,1354,468.3863636363636,932
6 dic 2024,MX,Morelia,Av. Siervo de la Nación,null,1053.125,620,173
6 dic 2024,MX,Morelia,Av. Pedregal,null,528,621,2
6 dic 2024,MX,Morelia,Eduardo Ruiz,null,680.5,621.25,19
6 dic 2024,MX,Morelia,Guillermo Prieto,null,930.6875,828.03125,396
6 dic 2024,MX,Morelia,Santiago Tapia,null,561,533,5
6 dic 2024,MX,Morelia,Periférico Paseo de la República (Sector Revolución),ACCIDENT,1603.5833333333333,891.6666666666666,344
6 dic 2024,MX,Morelia,Vicente Guerrero,null,585,449,9
6 dic 2024,MX,Morelia,Periférico Paseo de la República (Sector Independencia),HAZARD,1283,482.3333333333333,51
6 dic 2024,MX,Morelia,Juan Ortega y Montañes,null,557,495.25,8
6 dic 2024,MX,Morelia,Carpinteros de Paracho,null,604.1428571428571,604.8571428571429,43
6 dic 2024,MX,Morelia,Av. Periodismo,null,872.2,426.35,377
6 dic 2024,MX,Morelia,Paseo de la República (Sector Nueva España),null,1170.9354838709678,709.2903225806451,900
6 dic 2024,MX,Morelia,Av. Francisco I. Madero Poniente,HAZARD,1500.9761904761904,719.7380952380952,587
6 dic 2024,MX,Morelia,Av. Tata Vasco,null,521,543,9
6 dic 2024,MX,Morelia,Héroe de Nacozari,null,680.8421052631579,869.2105263157895,277
6 dic 2024,MX,Morelia,Loma del Rey,null,609,375.5,18
6 dic 2024,MX,Morelia,Francisco Manuel Sánchez de Tagle,null,703,800.8,25
6 dic 2024,MX,Morelia,Abasolo,null,678.3636363636364,667.8181818181819,80
6 dic 2024,MX,Morelia,Lateral Francisco I. Madero Ote.,null,919,657.65,206
6 dic 2024,MX,Morelia,Av. Héroes de Nocupétaro,null,894.8333333333334,864.1923076923077,861
6 dic 2024,MX,Morelia,Isidro Huarte,null,938.8,835.4,45
6 dic 2024,MX,Morelia,Av. Gral. Lázaro Cárdenas,null,759.75,533.8333333333334,100
6 dic 2024,MX,Morelia,Av. Manuel Buendía,HAZARD,544,573,6
6 dic 2024,MX,Morelia,,null,1310.3333333333333,478,46
6 dic 2024,MX,Morelia,Periférico Paseo de la República (Sector Revolución),null,1130.5,419,49
6 dic 2024,MX,Morelia,Av. Guadalupe Victoria,null,820.2727272727273,603.5,205
6 dic 2024,MX,Morelia,Artilleros de 1847,null,819.6428571428571,359.7857142857143,195
6 dic 2024,MX,Morelia,Cuautla,null,813.5882352941177,628.7058823529412,121
6 dic 2024,MX,Morelia,Virrey Antonio de Mendoza,null,853.3333333333334,471,18
6 dic 2024,MX,Morelia,5 de Febrero,null,523,509,18
6 dic 2024,MX,Morelia,Calz. la Huerta,null,824.3846153846154,444.53846153846155,102
6 dic 2024,MX,Morelia,Av. Michoacán,null,924,665.75,36
6 dic 2024,MX,Morelia,Ramal Camelinas,ACCIDENT,2179,821,17
6 dic 2024,MX,Morelia,Aquiles Serdán,null,825.75,662,45
6 dic 2024,MX,Morelia,Periférico Paseo de la República (Sector Nueva España),null,1271.304347826087,546.9782608695652,1744
6 dic 2024,MX,Morelia,Av. Francisco I. Madero Oriente,null,1764,454,46
6 dic 2024,MX,Morelia,Manuel Muñiz,null,1260,536,14
6 dic 2024,MX,Morelia,Ramal Camelinas,null,2815.0967741935483,411.48387096774195,497
6 dic 2024,MX,Morelia,Av. Francisco I. Madero Poniente,null,1213.3636363636363,904.2323232323232,1710
6 dic 2024,MX,Morelia,Ocolusen,null,602.8,421.2,59
6 dic 2024,MX,Morelia,Blvd. García de León,null,739,389.0769230769231,189
6 dic 2024,MX,Morelia,Av. Acueducto,null,1014.7352941176471,594.7058823529412,444
6 dic 2024,MX,Morelia,Antiguo Camino a la Huerta,null,806.1538461538462,578.7307692307693,84
6 dic 2024,MX,Morelia,Gral. Francisco J. Múgica,null,715,617.2142857142857,234
6 dic 2024,MX,Morelia,Av. Morelos (N),null,514,594,7
7 dic 2024,MX,Morelia,Abasolo,null,667.88,574.76,420
7 dic 2024,MX,Morelia,Av. Morelos (N),null,834.8,554.2,78
7 dic 2024,MX,Morelia,Periférico Paseo de la República (Sector Revolución),null,1637.72,384.24,1025
7 dic 2024,MX,Morelia,Periférico Paseo de la República (Sector Nueva España),null,1239.9310344827586,573.3793103448276,1235
7 dic 2024,MX,Morelia,Av. Periodismo,null,814.3333333333334,460.6666666666667,24
7 dic 2024,MX,Morelia,Av. Héroes de Nocupétaro,null,883.2941176470588,669.5294117647059,217
7 dic 2024,MX,Morelia,Av. Acueducto,null,922.6206896551724,587.4310344827586,769
7 dic 2024,MX,Morelia,Héroe de Nacozari,null,709,870.6666666666666,35
7 dic 2024,MX,Morelia,Lateral Francisco I. Madero Ote.,null,732,596.5,18
7 dic 2024,MX,Morelia,Av. Juan Pablo II,null,571,1377,9
7 dic 2024,MX,Morelia,Periférico Paseo de la República (Sector Independencia),null,1636.1044776119404,703.4626865671642,1476
7 dic 2024,MX,Morelia,Virrey Antonio de Bucareli,null,1253,539,18
7 dic 2024,MX,Morelia,Av. Gral. Lázaro Cárdenas,null,1018.0344827586207,508.0344827586207,258
7 dic 2024,MX,Morelia,Av. Francisco I. Madero Oriente,null,1062.9538461538461,605.8615384615384,831
7 dic 2024,MX,Morelia,Antiguo Camino a la Huerta,null,1345,463,5
7 dic 2024,MX,Morelia,Carpinteros de Paracho,null,653.125,482.4375,240
7 dic 2024,MX,Morelia,Av. Morelos Sur,null,691,494,9
7 dic 2024,MX,Morelia,Guillermo Prieto,null,646.3333333333334,763.0666666666667,134
7 dic 2024,MX,Morelia,Allende,null,1021,622.9090909090909,130
7 dic 2024,MX,Morelia,20 de Noviembre,null,565,718,6
7 dic 2024,MX,Morelia,Rey Tangaxoan II,null,615.1,501.65,96
7 dic 2024,MX,Morelia,Vasco de Quiroga,null,837,586.6666666666666,30
7 dic 2024,MX,Morelia,Av. Tata Vasco,null,596,417.5,47
7 dic 2024,MX,Morelia,Leona Vicario,null,574,489,5
7 dic 2024,MX,Morelia,Av. Morelos (N),HAZARD,914.7058823529412,648.3529411764706,440
7 dic 2024,MX,Morelia,Santiago Tapia,null,754.2142857142857,505.4642857142857,265
7 dic 2024,MX,Morelia,Ignacio Rayón,null,626.7777777777778,425,63
7 dic 2024,MX,Morelia,Aquiles Serdán,null,823.1612903225806,835.9032258064516,336
7 dic 2024,MX,Morelia,Virrey Antonio de Mendoza,null,751.625,422.125,75
7 dic 2024,MX,Morelia,Av. Michoacán,null,800.6,623.2,25
7 dic 2024,MX,Morelia,Av. Guadalupe Victoria,null,628,534.875,65
7 dic 2024,MX,Morelia,Av. Francisco I. Madero Oriente,HAZARD,1549,319,12
7 dic 2024,MX,Morelia,José Juan Tablada,null,828,509.1666666666667,310
7 dic 2024,MX,Morelia,Av. Francisco I. Madero Poniente,null,987.6111111111111,534.1944444444445,464
8 dic 2024,MX,Morelia,Av. Francisco I. Madero Oriente,HAZARD,971.3333333333334,495.4166666666667,164
8 dic 2024,MX,Morelia,Av. Gral. Lázaro Cárdenas,null,869.375,646.625,53
8 dic 2024,MX,Morelia,Ignacio Rayón,null,653,564,18
8 dic 2024,CO,Morelia,Antigua Carrilera,null,1028,436,12
8 dic 2024,MX,Morelia,Av. Morelos Sur,null,668,1112,5
8 dic 2024,MX,Morelia,Allende,null,845.3142857142857,852.1142857142858,238
8 dic 2024,MX,Morelia,Av. Francisco I. Madero Oriente,null,802.0645161290323,639.5483870967741,555
8 dic 2024,MX,Morelia,Av. Francisco I. Madero Poniente,null,594.3333333333334,477.6666666666667,88
8 dic 2024,MX,Morelia,Av. Tata Vasco,null,605.5833333333334,569.25,69
8 dic 2024,MX,Morelia,Isidro Huarte,null,872.75,1467.75,41
8 dic 2024,MX,Morelia,Av. Morelos (N),null,722.7868852459017,433.0327868852459,1073
8 dic 2024,MX,Morelia,Virrey Antonio de Mendoza,null,857.7027027027027,593.6216216216217,334
8 dic 2024,MX,Morelia,Aquiles Serdán,null,666,865.5,30
8 dic 2024,MX,Morelia,Vasco de Quiroga,null,623,818.6,34
8 dic 2024,MX,Morelia,Juan Ortega y Montañes,null,669,530,2
8 dic 2024,MX,Morelia,Antonio Alzate,null,629.6,584.2,34
8 dic 2024,MX,Morelia,Av. Acueducto,null,910.2857142857143,687.6071428571429,369
8 dic 2024,MX,Morelia,Abasolo,null,645.3703703703703,781.2962962962963,333
8 dic 2024,MX,Morelia,Vicente Santa María,null,1083.8461538461538,646.3076923076923,121
8 dic 2024,MX,Morelia,Galeana,null,675,574.3333333333334,21
9 dic 2024,MX,Morelia,Av. Siervo de la Nación,null,815.2,364.7,63
9 dic 2024,MX,Morelia,MEX-15 / Morelia - Jiquilpan,ACCIDENT,1073.6666666666667,495.0833333333333,63
9 dic 2024,MX,Morelia,Periférico Paseo de la República (Sector Independencia),HAZARD,1738.025641025641,881.3846153846154,566
9 dic 2024,MX,Morelia,Av. Guadalupe Victoria,null,812,594,8
9 dic 2024,MX,Morelia,Calz. la Huerta,null,698.6666666666666,508,13
9 dic 2024,MX,Morelia,Luis de León Romano,null,580,527,8
9 dic 2024,MX,Morelia,Periférico Paseo de la República (Sector Independencia),ACCIDENT,902.4545454545455,1053.8636363636363,217
9 dic 2024,MX,Morelia,Antiguo Camino a la Huerta,null,676.5714285714286,489,30
9 dic 2024,MX,Morelia,Av. Francisco I. Madero Oriente,null,928.5416666666666,610.625,464
9 dic 2024,MX,Morelia,Cuautla,null,978.5,683,8
9 dic 2024,MX,Morelia,Av. Acueducto,null,885.9761904761905,527.1785714285714,708
9 dic 2024,MX,Morelia,Héroe de Nacozari,null,623.8888888888889,848.4444444444445,88
9 dic 2024,MX,Morelia,Periférico Paseo de la República (Sector Revolución),null,1385,575.5,174
9 dic 2024,MX,Morelia,Abasolo,null,757,554,13
9 dic 2024,MX,Morelia,Av. Universidad,null,1072.6666666666667,583.3333333333334,48
9 dic 2024,MX,Morelia,Av. Michoacán,HAZARD,888.5,705,24
9 dic 2024,MX,Morelia,Periférico Paseo de la República (Sector Independencia),null,1089,567.5151515151515,847
9 dic 2024,MX,Morelia,Av. Francisco I. Madero Oriente,ACCIDENT,701,586.8,13
9 dic 2024,MX,Morelia,Av. Alfredo Zalce,null,1341.0357142857142,832.3928571428571,402
9 dic 2024,MX,Morelia,Virrey Antonio de Mendoza,null,1378.5,445.5,20
9 dic 2024,MX,Morelia,Av. Michoacán,null,727,787.8,24
9 dic 2024,MX,Morelia,Periférico Paseo de la República (Sector Revolución),ACCIDENT,1864.875,830,390
9 dic 2024,MX,Morelia,Av. Morelos (N),null,829.8333333333334,527.0416666666666,310
9 dic 2024,MX,Morelia,Av. Francisco I. Madero Poniente,null,1009.8222222222222,695.7555555555556,396
9 dic 2024,MX,Morelia,MEX-15 / Morelia - Jiquilpan,null,880,472.6,21
9 dic 2024,MX,Morelia,Av. Tata Vasco,null,602.0666666666667,328.1333333333333,104
9 dic 2024,MX,Morelia,MEX-14 / Morelia - Pátzcuaro,null,611,475.61538461538464,78
9 dic 2024,MX,Morelia,Paseo de la República (Sector Nueva España),null,725,500,6
9 dic 2024,MX,Morelia,Juán José de Lejarza,null,518,495,16
9 dic 2024,MX,Morelia,Av. Héroes de Nocupétaro,null,890.75,1511.75,41
10 dic 2024,MX,Morelia,Héroe de Nacozari,null,735,636,42
10 dic 2024,MX,Morelia,Av. Morelos (N),null,816.2307692307693,551.5384615384615,192
10 dic 2024,MX,Morelia,Isidro Huarte,null,908.1428571428571,557.4285714285714,56
10 dic 2024,MX,Morelia,Francisco Márquez,null,648.1,515.7,41
10 dic 2024,MX,Morelia,Puente Río Colorado,null,727.1666666666666,398.94444444444446,144
10 dic 2024,MX,Morelia,Carpinteros de Paracho,null,708.2444444444444,503.31111111111113,451
10 dic 2024,MX,Morelia,Av. Francisco I. Madero Poniente,null,1215.157894736842,476.4736842105263,528
10 dic 2024,MX,Morelia,MEX-15 / Morelia - Jiquilpan,ACCIDENT,942.5,513.3333333333334,29
10 dic 2024,MX,Morelia,Av. Acueducto,null,1031.138888888889,516.5277777777778,395
10 dic 2024,MX,Morelia,MICH-106 / Morelia - La Concepción,null,556,1246,4
10 dic 2024,MX,Morelia,Periférico Paseo de la República (Sector Independencia),null,1546.7857142857142,440.7142857142857,568
10 dic 2024,MX,Morelia,Virrey Antonio de Mendoza,null,751,346.5,14
10 dic 2024,MX,Morelia,Periférico Paseo de la República (Sector Revolución),ACCIDENT,1084.7096774193549,658.741935483871,479
10 dic 2024,MX,Morelia,Av. Michoacán,null,952.6666666666666,942.3333333333334,46
10 dic 2024,MX,Morelia,Cuautla,null,830.1578947368421,740.2105263157895,121
10 dic 2024,MX,Morelia,Juan Ortega y Montañes,null,674,464.6666666666667,13
10 dic 2024,MX,Morelia,Aquiles Serdán,null,640.6666666666666,659.6666666666666,18
10 dic 2024,MX,Morelia,Av. Universidad,null,829.8571428571429,630,61
10 dic 2024,MX,Morelia,La Paz,null,558,403,5
10 dic 2024,MX,Morelia,Carpinteros de Paracho,HAZARD,865,711,36
10 dic 2024,MX,Morelia,Calz. Juárez,null,1013,5078.75,8
10 dic 2024,MX,Morelia,Av. Héroes de Nocupétaro,null,552,583,45
10 dic 2024,MX,Morelia,Vicente Santa María,null,1029.6666666666667,468.8333333333333,41
10 dic 2024,MX,Morelia,Rey Tariácuri,null,561.8,469.8,53
10 dic 2024,MX,Morelia,Periférico Paseo de la República (Sector Independencia),HAZARD,1315.1818181818182,580,210
10 dic 2024,MX,Morelia,Periférico Paseo de la República (Sector República),null,1007.1428571428571,827.7142857142857,36
10 dic 2024,MX,Morelia,Periférico Paseo de la República (Sector Nueva España),null,1174.2142857142858,517.5,345
10 dic 2024,MX,Morelia,Av. Francisco I. Madero Oriente,null,1318.8095238095239,600.547619047619,592
10 dic 2024,MX,Morelia,Antiguo Camino a la Huerta,null,985.5714285714286,652.2857142857143,17
10 dic 2024,MX,Morelia,Periférico Paseo de la República (Sector Revolución),null,1742.7,527.9,1007
10 dic 2024,MX,Morelia,Periférico Paseo de la República (Sector República),ACCIDENT,974,323.2,53
10 dic 2024,MX,Morelia,Av. Solidaridad,null,768.25,555,27
10 dic 2024,MX,Morelia,Paseo de la República (Sector Nueva España),null,945.3214285714286,577.5357142857143,575
10 dic 2024,MX,Morelia,Gral. Francisco J. Múgica,null,883.1612903225806,822.1612903225806,209
10 dic 2024,MX,Morelia,Lateral Francisco I. Madero Ote.,null,1002,762.75,81
10 dic 2024,MX,Morelia,Rey Tangaxoan II,null,792.3333333333334,576,10
10 dic 2024,MX,Morelia,Av. Gral. Lázaro Cárdenas,null,1188.25,582.825,262
10 dic 2024,MX,Morelia,Lateral Francisco I. Madero Ote.,HAZARD,861,827,15
11 dic 2024,MX,Morelia,Periférico Paseo de la República (Sector Independencia),HAZARD,836.3333333333334,437.6666666666667,17
11 dic 2024,MX,Morelia,Paseo de la República (Sector Nueva España),null,859.96875,430.28125,565
11 dic 2024,MX,Morelia,MEX-15 / Morelia - Jiquilpan,null,4271,425,10
11 dic 2024,MX,Morelia,MEX-43 / Morelia - Salamanca,null,1131.6363636363637,380.6363636363636,240
11 dic 2024,MX,Morelia,Plan de Ayala,null,1090.3333333333333,690.6666666666666,20
11 dic 2024,MX,Morelia,Isidro Huarte,null,719,596.3333333333334,20
11 dic 2024,MX,Morelia,Av. Francisco I. Madero Oriente,null,965.2708333333334,583.3541666666666,527
11 dic 2024,MX,Morelia,Periférico Paseo de la República (Sector Independencia),null,1558.173076923077,587.1730769230769,922
11 dic 2024,MX,Morelia,Francisco Manuel Sánchez de Tagle,null,558,512,6
11 dic 2024,MX,Morelia,Antiguo Camino a la Huerta,HAZARD,984.3846153846154,579.8461538461538,42
11 dic 2024,MX,Morelia,Calz. la Huerta,null,1051.5555555555557,386.77777777777777,188
11 dic 2024,MX,Morelia,Av. Gral. Lázaro Cárdenas,null,1274.9142857142858,520.8285714285714,442
11 dic 2024,MX,Morelia,Héroes Anónimos de la Independencia,null,1214.6666666666667,417.6666666666667,19
11 dic 2024,MX,Morelia,Abasolo,null,528,209.5,10
11 dic 2024,MX,Morelia,Av. Guadalupe Victoria,null,726.2,535.8,28
11 dic 2024,MX,Morelia,Francisco Márquez,null,595.578947368421,622.421052631579,111
11 dic 2024,MX,Morelia,Av. Michoacán,null,938.5833333333334,766.3333333333334,82
11 dic 2024,MX,Morelia,Juan Ortega y Montañes,null,557,467.25,27
11 dic 2024,MX,Morelia,Av. Acueducto,null,838.9130434782609,650.8260869565217,239
11 dic 2024,MX,Morelia,Carpinteros de Paracho,null,644.7083333333334,394.1666666666667,164
11 dic 2024,MX,Morelia,Av. Morelos (N),null,1057.9285714285713,399.92857142857144,252
11 dic 2024,MX,Morelia,del Vivero,null,545,360,2
11 dic 2024,MX,Morelia,Periférico Paseo de la República (Sector Nueva España),null,1073.0416666666667,425.4583333333333,725
11 dic 2024,MX,Morelia,Vicente Santa María,null,840,445.2,85
11 dic 2024,MX,Morelia,Guillermo Prieto,null,604.25,944.75,30
11 dic 2024,MX,Morelia,Juán José de Lejarza,null,670.75,393,30
11 dic 2024,MX,Morelia,Av. Héroes de Nocupétaro,null,620.25,477.625,49
11 dic 2024,MX,Morelia,Av. Francisco I. Madero Poniente,null,1551.4888888888888,649.0444444444445,913
11 dic 2024,MX,Morelia,Av. Morelos (N),HAZARD,792.68,373.8,344
11 dic 2024,MX,Morelia,Av. Universidad,null,1641.7142857142858,533.1428571428571,107
12 dic 2024,MX,Morelia,Av. Francisco I. Madero Oriente,HAZARD,1041,509.6666666666667,32
12 dic 2024,MX,Morelia,MEX-14 / Morelia - Pátzcuaro,null,811.5909090909091,1033,80
12 dic 2024,MX,Morelia,Av. Guadalupe Victoria,null,739.5714285714286,533.8571428571429,34
12 dic 2024,MX,Morelia,MICH-171 / Antigua Carretera a Pátzcuaro,null,785,487.8,58
12 dic 2024,MX,Morelia,Francisco Márquez,null,645.3333333333334,675.8333333333334,31
12 dic 2024,MX,Morelia,Virrey Antonio de Mendoza,null,773,697.5,9
12 dic 2024,MX,Morelia,Av. Francisco I. Madero Poniente,ACCIDENT,572.5,547.5,10
12 dic 2024,MX,Morelia,Av. Francisco I. Madero Oriente,null,750.1666666666666,540.6666666666666,52
12 dic 2024,MX,Morelia,Av. Gral. Lázaro Cárdenas,null,1721.8823529411766,666.3529411764706,247
12 dic 2024,MX,Morelia,Periférico Paseo de la República (Sector Nueva España),null,1183.5588235294117,532.6176470588235,883
12 dic 2024,MX,Morelia,Periférico Paseo de la República (Sector Revolución),HAZARD,787,469.6666666666667,59
12 dic 2024,MX,Morelia,Av. Solidaridad,null,552,721.5,16
12 dic 2024,MX,Morelia,Antiguo Camino a la Huerta,null,1103.6,710.82,236
12 dic 2024,MX,Morelia,Av. Morelos Sur,null,546,305,8
12 dic 2024,MX,Morelia,MEX-15 / Morelia - Jiquilpan,null,1470.5,505.75,49
12 dic 2024,MX,Morelia,Periférico Paseo de la República (Sector Revolución),null,648.4,327.8,499
12 dic 2024,MX,Morelia,Av. Francisco I. Madero Poniente,null,845.8461538461538,428.46153846153845,227
12 dic 2024,MX,Morelia,MEX-15 / Morelia - Jiquilpan,HAZARD,1104.6341463414635,543.2439024390244,376
12 dic 2024,MX,Morelia,Antonio Alzate,null,872,595,36
12 dic 2024,MX,Morelia,Periférico Paseo de la República (Sector Independencia),null,1416.5882352941176,364.88235294117646,400
13 dic 2024,MX,Morelia,Vicente Santa María,null,765.7142857142857,584.4285714285714,54
13 dic 2024,MX,Morelia,Av. Francisco I. Madero Oriente,null,851,383.875,91
13 dic 2024,MX,Morelia,Av. Guadalupe Victoria,HAZARD,517,1073,8
13 dic 2024,MX,Morelia,Periférico Paseo de la República (Sector Nueva España),null,1318.3088235294117,642.9411764705883,2287
13 dic 2024,MX,Morelia,Av. Francisco I. Madero Poniente,ACCIDENT,1320,1578,80
13 dic 2024,MX,Morelia,Guillermo Prieto,HAZARD,681.3333333333334,453.4166666666667,125
13 dic 2024,MX,Morelia,Av. Guadalupe Victoria,null,667.6875,781.5625,106
13 dic 2024,MX,Morelia,Av. Solidaridad,null,575.1,609.5,134
13 dic 2024,MX,Morelia,Av. Gral. Lázaro Cárdenas,null,1324.95,537.825,633
13 dic 2024,MX,Morelia,Carpinteros de Paracho,null,573.4444444444445,530.6666666666666,45
13 dic 2024,MX,Morelia,Ocampo,null,1094,459.5,22
13 dic 2024,MX,Morelia,Paseo de la República (Sector Nueva España),null,898.4,436.15,185
13 dic 2024,MX,Morelia,Ventura Puente,null,789.6428571428571,446.42857142857144,269
13 dic 2024,MX,Morelia,Periférico Paseo de la República (Sector Independencia),ACCIDENT,880.4,464.5,156
13 dic 2024,MX,Morelia,Av. Acueducto,null,900.421052631579,569.4736842105264,222
13 dic 2024,MX,Morelia,MEX-15 / Morelia - Jiquilpan,null,866,494,29
13 dic 2024,MX,Morelia,Gral. Francisco J. Múgica,null,916.5,541.6666666666666,49
13 dic 2024,MX,Morelia,Av. Héroes de Nocupétaro,null,692.9090909090909,646.5454545454545,50
13 dic 2024,MX,Morelia,Av. Juárez,null,1332.142857142857,441.57142857142856,59
13 dic 2024,MX,Morelia,Juan Ortega y Montañes,null,557,501,4
13 dic 2024,MX,Morelia,Periférico Paseo de la República (Sector Independencia),null,1509.4489795918366,581.5510204081633,869
13 dic 2024,MX,Morelia,Héroe de Nacozari,null,644.6,763.4,47
13 dic 2024,MX,Morelia,Rey Tangaxoan II,null,757,710,5
13 dic 2024,MX,Morelia,Isidro Huarte,null,693.4,458,25
13 dic 2024,MX,Morelia,Av. Universidad,null,1021.90625,683.125,264
13 dic 2024,CO,Morelia,Vda. Frascate,null,1021,455,6
13 dic 2024,MX,Morelia,Abasolo,null,670.0625,490.125,107
13 dic 2024,MX,Morelia,Juán José de Lejarza,null,705,514,7
13 dic 2024,MX,Morelia,Av. Francisco I. Madero Poniente,null,1205.7592592592594,668.0555555555555,529
13 dic 2024,MX,Morelia,Antiguo Camino a la Huerta,null,1079.8936170212767,661.1489361702128,203
13 dic 2024,MX,Morelia,Héroes Anónimos de la Independencia,null,744.8,426.8,25
14 dic 2024,MX,Morelia,Vasco de Quiroga,null,772,758,7
14 dic 2024,MX,Morelia,Periférico Paseo de la República (Sector Independencia),HAZARD,1216.638888888889,499.1111111111111,434
14 dic 2024,MX,Morelia,,null,1281,696.4,10
14 dic 2024,MX,Morelia,Héroes Anónimos de la Independencia,null,905.6,730.9,32
14 dic 2024,MX,Morelia,José Juan Tablada,null,585.8333333333334,241.83333333333334,155
14 dic 2024,MX,Morelia,Av. Manuel Buendía,HAZARD,525,626.5,6
14 dic 2024,MX,Morelia,Lateral Francisco I. Madero Ote.,null,743.1666666666666,443.3333333333333,43
14 dic 2024,MX,Morelia,Luis de León Romano,HAZARD,508,400.75,20
14 dic 2024,MX,Morelia,Héroe de Nacozari,null,706.8148148148148,776.2592592592592,294
14 dic 2024,MX,Morelia,Periférico Paseo de la República (Sector Independencia),null,2066.4285714285716,753.4285714285714,235
14 dic 2024,MX,Morelia,MEX-15 / Morelia - Jiquilpan,null,1041.3157894736842,273.8421052631579,174
14 dic 2024,MX,Morelia,Periférico Paseo de la República (Sector República),ACCIDENT,843.5,302.77777777777777,101
14 dic 2024,MX,Morelia,Paseo de la República (Sector Nueva España),null,737.25,919.5,58
14 dic 2024,MX,Morelia,Av. Universidad,null,1009.2608695652174,524.0869565217391,279
14 dic 2024,MX,Morelia,Av. Guadalupe Victoria,HAZARD,550,603,4
14 dic 2024,MX,Morelia,Av. Guadalupe Victoria,null,647.8148148148148,711.8148148148148,165
14 dic 2024,MX,Morelia,Periférico Paseo de la República (Sector República),null,1917,106,6
14 dic 2024,MX,Morelia,Guillermo Prieto,HAZARD,1075,624.25,61
14 dic 2024,MX,Morelia,Av. Francisco I. Madero Poniente,null,1312.8783783783783,693.5540540540541,1313
14 dic 2024,MX,Morelia,Av. Gral. Lázaro Cárdenas,null,914.4,622.8,76
14 dic 2024,MX,Morelia,Av. Periodismo,null,598.25,600,23
14 dic 2024,MX,Morelia,Rey Tangaxoan II,null,812.8235294117648,451.4117647058824,178
14 dic 2024,MX,Morelia,Av. Francisco I. Madero Oriente,null,854.5416666666666,656.75,268
14 dic 2024,MX,Morelia,Periférico Paseo de la República (Sector Nueva España),null,1169.734375,439.609375,1902
14 dic 2024,MX,Morelia,Vicente Santa María,null,1057.8823529411766,405.8235294117647,177
14 dic 2024,MX,Morelia,Juan Ortega y Montañes,null,716.6,467.4,39
14 dic 2024,MX,Morelia,Paseo de la República (Sector Nueva España),ACCIDENT,1026.2857142857142,640.9285714285714,523
14 dic 2024,MX,Morelia,Virrey Antonio de Mendoza,null,787.8333333333334,482.3333333333333,36
14 dic 2024,MX,Morelia,Av. Héroes de Nocupétaro,null,850.4545454545455,748.3636363636364,56
15 dic 2024,MX,Morelia,Rey Tangaxoan II,null,602.5,497.72222222222223,111
15 dic 2024,MX,Morelia,Av. Morelos Sur,null,997.6111111111111,466.8888888888889,120
15 dic 2024,MX,Morelia,Abasolo,null,606.6279069767442,790.6511627906976,387
15 dic 2024,MX,Morelia,Vasco de Quiroga,null,730.5555555555555,510.6666666666667,45
15 dic 2024,MX,Morelia,Vicente Santa María,null,962,561.8,25
15 dic 2024,MX,Morelia,Virrey Antonio de Mendoza,null,857.84,708.74,329
15 dic 2024,MX,Morelia,Aquiles Serdán,null,861.2,610.2857142857143,317
15 dic 2024,MX,Morelia,Periférico Paseo de la República (Sector Revolución),HAZARD,989.9268292682926,215.609756097561,935
15 dic 2024,MX,Morelia,Av. Gral. Lázaro Cárdenas,null,786.2,660.2,62
15 dic 2024,MX,Morelia,Paseo de la República (Sector Revolución),null,640.1052631578947,335.36842105263156,258
15 dic 2024,MX,Morelia,Periférico Paseo de la República (Sector Revolución),ACCIDENT,755.1428571428571,490.85714285714283,130
15 dic 2024,MX,Morelia,Santiago Tapia,null,604,553.3333333333334,66
15 dic 2024,MX,Morelia,Av. Universidad,null,639.375,463.125,62
15 dic 2024,MX,Morelia,Antonio Alzate,null,554,712.8,20
15 dic 2024,MX,Morelia,Periférico Paseo de la República (Sector Revolución),null,1048.5438596491229,626.0877192982456,1218
15 dic 2024,MX,Morelia,Allende,null,851.125,709.875,51
15 dic 2024,MX,Morelia,Av. Francisco I. Madero Oriente,null,723.2,493.4,127
16 dic 2024,MX,Morelia,Corregidora,null,787,695.5,16
16 dic 2024,MX,Morelia,Santiago Tapia,null,574,503,6
16 dic 2024,MX,Morelia,Periférico Paseo de la República (Sector República),null,722.2432432432432,465.4054054054054,509
16 dic 2024,MX,Morelia,División del Norte,null,722.8888888888889,535.6666666666666,55
16 dic 2024,MX,Morelia,Rey Tangaxoan II,null,833.5581395348837,624.4883720930233,277
16 dic 2024,MX,Morelia,Av. Michoacán,HAZARD,655,475,20
16 dic 2024,MX,Morelia,Av. Héroes de Nocupétaro,null,709.452380952381,720.5952380952381,310
16 dic 2024,MX,Morelia,Francisco R. Romero,null,580.3157894736842,684.4736842105264,87
16 dic 2024,MX,Morelia,Periférico Paseo de la República (Sector Revolución),ACCIDENT,2006.9375,1362.9375,416
16 dic 2024,MX,Morelia,Periférico Paseo de la República (Sector Independencia),ACCIDENT,974.516129032258,454.96774193548384,844
16 dic 2024,MX,Morelia,Av. Michoacán,null,879,504,5
16 dic 2024,MX,Morelia,Ventura Puente,null,611,605.5,25
16 dic 2024,MX,Morelia,Av. Universidad,null,856.25,975.1666666666666,78
16 dic 2024,MX,Morelia,Héroe de Nacozari,null,722,690.0833333333334,139
16 dic 2024,MX,Morelia,Av. Francisco I. Madero Oriente,null,666.0555555555555,521.6111111111111,150
16 dic 2024,MX,Morelia,Av. Solidaridad,null,680,468,49
16 dic 2024,MX,Morelia,Paseo de la República (Sector República),null,1171.5714285714287,387.2857142857143,93
16 dic 2024,MX,Morelia,Abasolo,null,763.25,543.25,22
16 dic 2024,MX,Morelia,Margarita Maza de Juárez,null,792.1111111111111,661,130
16 dic 2024,MX,Morelia,Periférico Paseo de la República (Sector Revolución),null,1969.9223300970873,1326.3106796116506,2961
16 dic 2024,MX,Morelia,Av. Guadalupe Victoria,null,761.8823529411765,508.8235294117647,122
16 dic 2024,MX,Morelia,Av. Periodismo,null,1334.3333333333333,427.8888888888889,141
16 dic 2024,MX,Morelia,Periférico Paseo de la República (Sector Independencia),HAZARD,1592.8942307692307,831.125,1280
16 dic 2024,MX,Morelia,Rey Tariácuri,null,602.4615384615385,588.0769230769231,166
16 dic 2024,MX,Morelia,Guillermo Prieto,HAZARD,546.25,628.5,28
16 dic 2024,MX,Morelia,Guillermo Prieto,null,671,605.5,11
16 dic 2024,MX,Morelia,Av. Morelos (N),null,1144.5,768.3333333333334,429
16 dic 2024,MX,Morelia,Antiguo Camino a la Huerta,HAZARD,628,376.4,31
16 dic 2024,MX,Morelia,Av. Morelos (N),HAZARD,970.6774193548387,829.3010752688172,1991
16 dic 2024,MX,Morelia,Av. Acueducto,null,854.875,699.75,109
16 dic 2024,MX,Morelia,Francisco Manuel Sánchez de Tagle,null,558,505,2
16 dic 2024,MX,Morelia,Blvd. García de León,null,956,505.1818181818182,153
16 dic 2024,MX,Morelia,Av. Miguel Hidalgo,null,723.6944444444445,561.5,300
16 dic 2024,MX,Morelia,Periférico Paseo de la República (Sector República),ACCIDENT,877.1428571428571,230.35714285714286,295
16 dic 2024,MX,Morelia,Av. Gral. Lázaro Cárdenas,null,1101.5,572.0555555555555,424
16 dic 2024,MX,Morelia,Periférico Paseo de la República (Sector Independencia),null,1330.7826086956522,536.3913043478261,2217
16 dic 2024,MX,Morelia,Av. Francisco I. Madero Poniente,null,939.2142857142857,586.9642857142857,379
16 dic 2024,MX,Morelia,Isidro Huarte,null,1061.8,711.6,53
16 dic 2024,MX,Morelia,Paseo de la República (Sector República),ACCIDENT,586,170.5,22
16 dic 2024,MX,Morelia,Periférico Paseo de la República (Sector Revolución),HAZARD,2022.148148148148,1252.0740740740741,849
16 dic 2024,MX,Morelia,Allende,null,908.2,738.9,60
16 dic 2024,MX,Morelia,Periférico Paseo de la República (Sector República),HAZARD,1014,426.2,59
17 dic 2024,MX,Morelia,Gral. Mariano Arista,null,563.2,651,29
17 dic 2024,MX,Morelia,Periférico Paseo de la República (Sector Independencia),null,1630.2142857142858,568.5,1716
17 dic 2024,MX,Morelia,Vasco de Quiroga,null,1004,690.2,30
17 dic 2024,MX,Morelia,Av. Manuel Buendía,HAZARD,537.6666666666666,580,52
17 dic 2024,MX,Morelia,Av. Acueducto,null,760.7565217391304,663.3739130434783,1372
17 dic 2024,MX,Morelia,Antonio Alzate,null,713.25,474.25,29
17 dic 2024,MX,Morelia,Juán José de Lejarza,null,747.8,353.8,51
17 dic 2024,MX,Morelia,Periférico Paseo de la República (Sector República),HAZARD,1045.3939393939395,386.90909090909093,419
17 dic 2024,MX,Morelia,Antiguo Camino a la Huerta,HAZARD,796.0833333333334,374,31
17 dic 2024,MX,Morelia,Av. Francisco I. Madero Poniente,null,1280.6041666666667,676,621
17 dic 2024,MX,Morelia,Periférico Paseo de la República (Sector Independencia),HAZARD,1438.4375,559.8125,202
17 dic 2024,MX,Morelia,20 de Noviembre,null,618,491.5,13
17 dic 2024,MX,Morelia,Vicente Santa María,null,1038.888888888889,529.8888888888889,93
17 dic 2024,MX,Morelia,Periférico Paseo de la República (Sector Revolución),null,1414.3300970873786,500.75728155339806,2605
17 dic 2024,MX,Morelia,Av. Francisco I. Madero Oriente,null,700,411,35
17 dic 2024,MX,Morelia,Periférico Paseo de la República (Sector República),ACCIDENT,934.9354838709677,279.4516129032258,441
17 dic 2024,MX,Morelia,Gertrudis Bocanegra,null,831.6428571428571,514.2142857142857,156
17 dic 2024,MX,Morelia,Av. Francisco I. Madero Poniente,ACCIDENT,847,685.8,41
17 dic 2024,MX,Morelia,Carpinteros de Paracho,null,574.1875,868.375,82
17 dic 2024,MX,Morelia,Av. Héroes de Nocupétaro,null,728.875,638.3125,211
17 dic 2024,MX,Morelia,Periférico Paseo de la República (Sector Revolución),HAZARD,1678.7218543046358,911.9205298013245,4178
17 dic 2024,MX,Morelia,Av. Michoacán,HAZARD,884.6666666666666,666.6666666666666,26
17 dic 2024,MX,Morelia,Av. Periodismo,null,889,503,36
17 dic 2024,MX,Morelia,Av. Gral. Lázaro Cárdenas,null,1293.7037037037037,558.1481481481482,278
17 dic 2024,MX,Morelia,Isidro Huarte,null,1141,717.5,18
17 dic 2024,MX,Morelia,Lateral Francisco I. Madero Ote.,null,719.125,705.625,81
17 dic 2024,MX,Morelia,Av. Universidad,null,770.9090909090909,473.3636363636364,70
17 dic 2024,MX,Morelia,Francisco R. Romero,null,518,535,21
17 dic 2024,MX,Morelia,Juan Ortega y Montañes,null,688,570.5,18
17 dic 2024,MX,Morelia,Guillermo Prieto,HAZARD,857.7142857142857,981.2857142857143,104
17 dic 2024,MX,Morelia,Av. Guadalupe Victoria,null,753.5,588.35,177
17 dic 2024,MX,Morelia,Av. Miguel Hidalgo,null,756.0714285714286,537.5,175
17 dic 2024,MX,Morelia,Guillermo Prieto,null,749,907,17
17 dic 2024,MX,Morelia,Av. Morelos (N),null,1012.9906542056075,824.6168224299065,2008
17 dic 2024,MX,Morelia,Rey Tangaxoan II,null,583,579.75,25
17 dic 2024,MX,Morelia,Periférico Paseo de la República (Sector República),null,998,340.0416666666667,380
17 dic 2024,MX,Morelia,Héroe de Nacozari,null,675.6521739130435,751.3913043478261,234
17 dic 2024,MX,Morelia,Av. Francisco I. Madero Poniente,HAZARD,1480.5714285714287,594.8571428571429,92
17 dic 2024,MX,Morelia,Av. Morelos (N),HAZARD,1155,841,21
17 dic 2024,MX,Morelia,Paseo de la República (Sector República),null,730.75,503.35,135
18 dic 2024,MX,Morelia,Av. Periodismo,null,822.3333333333334,682.6666666666666,44
18 dic 2024,MX,Morelia,Paseo de la República (Sector República),HAZARD,722,339.8333333333333,47
18 dic 2024,MX,Morelia,Av. Francisco I. Madero Poniente,HAZARD,1609.433962264151,1123.566037735849,810
18 dic 2024,MX,Morelia,Periférico Paseo de la República (Sector Revolución),null,1333.2826086956522,426.6521739130435,911
18 dic 2024,MX,Morelia,Av. Michoacán,null,1084.6666666666667,518,19
18 dic 2024,MX,Morelia,División del Norte,null,1027.25,429.25,23
18 dic 2024,MX,Morelia,Antiguo Camino a la Huerta,HAZARD,892.55,498,48
18 dic 2024,MX,Morelia,Periférico Paseo de la República (Sector República),null,828.0454545454545,448.20454545454544,546
18 dic 2024,MX,Morelia,Av. Héroes de Nocupétaro,null,648.0689655172414,778.8103448275862,315
18 dic 2024,MX,Morelia,Cuautla,null,613,599,7
18 dic 2024,MX,Morelia,Periférico Paseo de la República (Sector Revolución),HAZARD,1430.1666666666667,513.7916666666666,551
18 dic 2024,MX,Morelia,Av. Bosques de los Olivos,HAZARD,741.5,603.5,28
18 dic 2024,MX,Morelia,Aquiles Serdán,null,750,551,13
18 dic 2024,MX,Morelia,Guillermo Prieto,null,706,713,8
18 dic 2024,MX,Morelia,Av. San José del Cerrito,null,727.4117647058823,488.52941176470586,102
18 dic 2024,MX,Morelia,Av. Morelos (N),null,852.3913043478261,426.80434782608694,1614
18 dic 2024,MX,Morelia,Bartolomé de las Casas,null,594,473.3333333333333,18
18 dic 2024,MX,Morelia,Guillermo Prieto,HAZARD,680.875,597.25,55
18 dic 2024,MX,Morelia,Héroe de Nacozari,null,721,811.6153846153846,253
18 dic 2024,MX,Morelia,Av. Acueducto,null,842.5,520.25,26
18 dic 2024,MX,Morelia,Av. Gral. Lázaro Cárdenas,null,1401.551724137931,716.7931034482758,309
18 dic 2024,MX,Morelia,Juán José de Lejarza,null,649.8888888888889,510.1111111111111,96
18 dic 2024,MX,Morelia,Av. Guadalupe Victoria,null,692.6296296296297,663.2222222222222,167
18 dic 2024,MX,Morelia,Gral. Francisco J. Múgica,null,601.6666666666666,582.6666666666666,61
18 dic 2024,MX,Morelia,Vicente Santa María,null,1081,331,11
18 dic 2024,MX,Morelia,Guadalajara - Salamanca - Aeropuerto,null,545,407.82142857142856,132
18 dic 2024,MX,Morelia,Av. Miguel Hidalgo,null,550,533.8,34
18 dic 2024,MX,Morelia,Av. Francisco I. Madero Oriente,null,658.6,522.2,159
18 dic 2024,MX,Morelia,Av. Michoacán,HAZARD,841.53125,572.59375,193
18 dic 2024,MX,Morelia,Periférico Paseo de la República (Sector Independencia),HAZARD,1409,622,235
18 dic 2024,MX,Morelia,Periférico Paseo de la República (Sector Independencia),null,1352.6949152542372,440.3220338983051,3389
18 dic 2024,MX,Morelia,Av. Francisco I. Madero Poniente,null,1277.8527131782946,700.7131782945736,1650
18 dic 2024,MX,Morelia,Periférico Paseo de la República (Sector Nueva España),null,732,451.75,258
18 dic 2024,MX,Morelia,Abasolo,null,665,735.5,58
18 dic 2024,MX,Morelia,Rey Tangaxoan II,null,714.9090909090909,559.9090909090909,84
19 dic 2024,MX,Morelia,Andrés Quintana Roo,null,597,606,7
19 dic 2024,MX,Morelia,Periférico Paseo de la República (Sector Independencia),null,955.6666666666666,402.55555555555554,71
19 dic 2024,MX,Morelia,Av. Pedregal,null,881,526.5,13
19 dic 2024,MX,Morelia,Virrey Antonio de Mendoza,HAZARD,587.5,594.3333333333334,55
19 dic 2024,MX,Morelia,Vasco de Quiroga,null,805,518,29
19 dic 2024,MX,Morelia,División del Norte,null,787,387.3333333333333,21
19 dic 2024,MX,Morelia,Av. Morelos (N),ACCIDENT,1356.8333333333333,480.5,170
19 dic 2024,MX,Morelia,Av. Morelos (N),null,1223.4268292682927,577.5,2264
19 dic 2024,MX,Morelia,Allende,null,786,530.6666666666666,45
19 dic 2024,MX,Morelia,Vicente Santa María,null,793.875,493.125,55
19 dic 2024,MX,Morelia,Av. Francisco I. Madero Poniente,null,808.2142857142857,558.2857142857143,306
19 dic 2024,MX,Morelia,Blvd. García de León,null,608.6538461538462,420.96153846153845,344
19 dic 2024,MX,Morelia,Av. Gral. Lázaro Cárdenas,null,1287,827.1333333333333,160
19 dic 2024,MX,Morelia,Periférico Paseo de la República (Sector Nueva España),null,1121.2666666666667,434.6666666666667,445
19 dic 2024,MX,Morelia,Juan Ortega y Montañes,null,630,767,3
19 dic 2024,MX,Morelia,Antiguo Camino a la Huerta,HAZARD,938,586.3,39
19 dic 2024,MX,Morelia,Francisco Márquez,null,739.6666666666666,541.3333333333334,13
19 dic 2024,MX,Morelia,Abasolo,HAZARD,627.5,755.5,58
19 dic 2024,MX,Morelia,Paseo de la República (Sector República),null,787.6,205.4,35
20 dic 2024,MX,Morelia,Periférico Paseo de la República (Sector República),null,722.8571428571429,395.85714285714283,261
20 dic 2024,MX,Morelia,Av. Francisco I. Madero Poniente,null,1144.2692307692307,538.1923076923077,268
20 dic 2024,MX,Morelia,Vicente Santa María,null,567,283,5
20 dic 2024,MX,Morelia,Periférico Paseo de la República (Sector Independencia),HAZARD,1164.1724137931035,623.051724137931,684
20 dic 2024,MX,Morelia,Jacarandas,null,539,436,6
20 dic 2024,MX,Morelia,Corregidora,null,603,1711,4
20 dic 2024,MX,Morelia,Periférico Paseo de la República (Sector Independencia),null,1053.5,437,18
20 dic 2024,MX,Morelia,Periférico Paseo de la República (Sector Nueva España),null,1139.5,489.3484848484849,1758
20 dic 2024,MX,Morelia,Av. Morelos (N),HAZARD,836.5454545454545,541.4545454545455,193
20 dic 2024,MX,Morelia,Virrey Antonio de Mendoza,null,786.375,550.5625,143
20 dic 2024,MX,Morelia,Av. Gral. Lázaro Cárdenas,null,1293,581,44
20 dic 2024,MX,Morelia,Av. Universidad,null,620,534,6
20 dic 2024,MX,Morelia,Periférico Paseo de la República (Sector Revolución),HAZARD,1243.8181818181818,296.1818181818182,1246
20 dic 2024,MX,Morelia,Rey Tangaxoan II,null,646.0833333333334,474.5,57
20 dic 2024,MX,Morelia,Av. Periodismo,null,767.5,565.25,41
20 dic 2024,MX,Morelia,Abasolo,null,589.2,514.8,45
20 dic 2024,MX,Morelia,Blvd. García de León,null,656.6,245.2,21
20 dic 2024,MX,Morelia,Cuautla,null,519,499,6
21 dic 2024,MX,Morelia,Av. Gral. Lázaro Cárdenas,null,773.8461538461538,584.8076923076923,126
21 dic 2024,MX,Morelia,Guadalajara - Salamanca - Aeropuerto,null,545,390.1515151515151,289
21 dic 2024,MX,Morelia,Francisco R. Romero,null,532.0952380952381,861.047619047619,110
21 dic 2024,MX,Morelia,Av. Héroes de Nocupétaro,null,735.0410958904109,640.8630136986301,807
21 dic 2024,MX,Morelia,Av. Torreón Nuevo,null,894.6363636363636,598.5454545454545,48
21 dic 2024,MX,Morelia,Av. Periodismo,null,703.4,716.2666666666667,122
21 dic 2024,MX,Morelia,Mariano Michelena,null,504,583,6
21 dic 2024,MX,Morelia,Antonio Alzate,null,684.3636363636364,469.1818181818182,67
21 dic 2024,MX,Morelia,Vicente Santa María,null,1253.764705882353,410.3529411764706,328
21 dic 2024,MX,Morelia,Santiago Tapia,null,776.0909090909091,426.40909090909093,282
21 dic 2024,MX,Morelia,Abasolo,null,722.1086956521739,662.2173913043479,822
21 dic 2024,MX,Morelia,Gral. Mariano Arista,null,795,729,16
21 dic 2024,MX,Morelia,Héroe de Nacozari,null,592.1904761904761,671.7142857142857,281
21 dic 2024,MX,Morelia,Av. Miguel Hidalgo,null,623.9473684210526,433.5263157894737,144
21 dic 2024,MX,Morelia,Lateral Francisco I. Madero Ote.,null,527,537,18
21 dic 2024,MX,Morelia,Av. Francisco I. Madero Oriente,null,714.6,595.1714285714286,380
21 dic 2024,MX,Morelia,Av. Francisco I. Madero Poniente,null,1194.5890410958905,638.6643835616438,2859
21 dic 2024,MX,Morelia,Periférico Paseo de la República (Sector Revolución),null,1738.881118881119,975.4405594405595,5518
21 dic 2024,MX,Morelia,Periférico Paseo de la República (Sector República),null,786.0909090909091,386.90909090909093,373
21 dic 2024,MX,Morelia,Av. Morelos (N),null,1311.8869047619048,1069.922619047619,7691
21 dic 2024,MX,Morelia,Av. Guadalupe Victoria,null,745.6326530612245,649.4081632653061,488
21 dic 2024,MX,Morelia,Av. Francisco I. Madero Poniente,HAZARD,964.25,782.75,292
21 dic 2024,MX,Morelia,Paseo de la República (Sector República),null,718,437.25,80
21 dic 2024,MX,Morelia,Allende,null,570,605,6
21 dic 2024,MX,Morelia,Periférico Paseo de la República (Sector Independencia),null,1169.2881355932204,569.4067796610169,842
21 dic 2024,MX,Morelia,Av. Michoacán,null,768.1666666666666,435.6666666666667,33
21 dic 2024,MX,Morelia,Periférico Paseo de la República (Sector Revolución),HAZARD,1296.4666666666667,772.2476190476191,4003
21 dic 2024,MX,Morelia,División del Norte,null,782.7037037037037,452.5925925925926,199
21 dic 2024,MX,Morelia,Guillermo Prieto,null,729,631.3333333333334,33
21 dic 2024,MX,Morelia,Virrey Antonio de Mendoza,null,914.2173913043479,565.8260869565217,162
21 dic 2024,MX,Morelia,Av. Acueducto,null,584,620.125,51
22 dic 2024,MX,Morelia,Periférico Paseo de la República (Sector Independencia),null,1506.642857142857,470,570
22 dic 2024,MX,Morelia,Calz. la Huerta,null,1682.5058823529412,825.7882352941176,2216
22 dic 2024,MX,Morelia,Antonio Alzate,null,641,701.6666666666666,18
22 dic 2024,MX,Morelia,Bartolomé de las Casas,null,591,611,11
22 dic 2024,MX,Morelia,Virrey Antonio de Bucareli,null,847.5714285714286,407.57142857142856,81
22 dic 2024,MX,Morelia,Av. Enrique Ramírez,HAZARD,591,720,55
22 dic 2024,MX,Morelia,Santiago Tapia,null,574,576.5,40
22 dic 2024,MX,Morelia,Aquiles Serdán,null,713.6666666666666,1088.6666666666667,72
22 dic 2024,MX,Morelia,Av. Gral. Lázaro Cárdenas,null,833.6129032258065,584.9677419354839,236
22 dic 2024,CO,Morelia,Pereira-Alcalá / RD29-03,null,738,934,16
22 dic 2024,MX,Morelia,Av. Morelos (N),HAZARD,725,331,22
22 dic 2024,MX,Morelia,Av. Francisco I. Madero Poniente,null,1028.38,601.98,657
22 dic 2024,MX,Morelia,Av. Acueducto,null,846,443.3333333333333,33
22 dic 2024,MX,Morelia,Gaspar de Villadiego,null,721.875,451,26
22 dic 2024,MX,Morelia,Av. Morelos (N),null,622,539.8888888888889,180
22 dic 2024,MX,Morelia,Aldama,null,576,557,29
22 dic 2024,MX,Morelia,Ignacio Rayón,null,535,466,20
22 dic 2024,MX,Morelia,Av. Morelos Sur,null,952.1351351351351,570.4054054054054,329
22 dic 2024,MX,Morelia,Antiguo Camino a la Huerta,null,1077.1052631578948,698.8157894736842,215
22 dic 2024,MX,Morelia,MEX-14 / Morelia - Pátzcuaro,null,611,335.92,171
22 dic 2024,MX,Morelia,Periférico Paseo de la República (Sector Revolución),null,1593.65625,298.5625,1221
22 dic 2024,MX,Morelia,Periférico Paseo de la República (Sector Revolución),HAZARD,739,89,31
22 dic 2024,MX,Morelia,Guadalajara - Salamanca - Aeropuerto,null,545,478.5,64
22 dic 2024,MX,Morelia,Allende,null,688.8235294117648,732.9117647058823,223
22 dic 2024,MX,Morelia,Av. Francisco I. Madero Oriente,HAZARD,820,422,18
22 dic 2024,MX,Morelia,Periférico Paseo de la República (Sector Nueva España),null,1228.6964285714287,450.67857142857144,1722
22 dic 2024,MX,Morelia,Virrey Antonio de Mendoza,null,1072.40625,679.90625,332
22 dic 2024,MX,Morelia,Av. Francisco I. Madero Oriente,null,726.2631578947369,532.1578947368421,224
22 dic 2024,MX,Morelia,Av. Pedregal,null,1353.6666666666667,550,11
22 dic 2024,MX,Morelia,Abasolo,null,665.4565217391304,941.4565217391304,590
22 dic 2024,MX,Morelia,Vicente Santa María,null,1001.829268292683,533,382
23 dic 2024,MX,Morelia,Periférico Paseo de la República (Sector Independencia),null,1550.4074074074074,629.7407407407408,1895
23 dic 2024,MX,Morelia,Lateral Francisco I. Madero Ote.,null,836.375,611.6875,159
23 dic 2024,MX,Morelia,Av. Morelos (N),null,1220.1333333333334,702.0666666666667,391
23 dic 2024,MX,Morelia,Virrey Antonio de Mendoza,null,1016.25,800.875,36
23 dic 2024,MX,Morelia,Av. Guadalupe Victoria,null,737.3333333333334,634.2,480
23 dic 2024,MX,Morelia,Teniente Coronel Felipe Páramo,null,932.3333333333334,497,14
23 dic 2024,MX,Morelia,Av. Periodismo,null,822.4545454545455,490.1818181818182,100
23 dic 2024,MX,Morelia,Artilleros de 1847,null,862,574.5,27
23 dic 2024,MX,Morelia,Antonio Alzate,null,683,580,6
23 dic 2024,MX,Morelia,Aquiles Serdán,null,608.5,480,12
23 dic 2024,MX,Morelia,Periférico Paseo de la República (Sector Independencia),HAZARD,1025.4736842105262,393.3157894736842,552
23 dic 2024,MX,Morelia,Francisco R. Romero,null,612.6,641.9,64
23 dic 2024,MX,Morelia,Vicente Santa María,null,897,604,254
23 dic 2024,MX,Morelia,Plan de Ayala,null,653.6666666666666,756.6666666666666,10
23 dic 2024,MX,Morelia,Héroe de Nacozari,null,707.7142857142857,555.7857142857143,210
23 dic 2024,MX,Morelia,Insurgentes,null,512,456,8
23 dic 2024,MX,Morelia,Av. Francisco I. Madero Poniente,HAZARD,1609.4666666666667,510.6666666666667,210
23 dic 2024,MX,Morelia,Av. Francisco I. Madero Oriente,null,969,602.2,81
23 dic 2024,MX,Morelia,Rey Tangaxoan II,null,604.1333333333333,519.3333333333334,62
23 dic 2024,MX,Morelia,Av. Gral. Lázaro Cárdenas,null,1089.0625,664.3125,160
23 dic 2024,MX,Morelia,Periférico Paseo de la República (Sector Revolución),HAZARD,1450.6164383561643,392,2927
23 dic 2024,MX,Morelia,Juan Ortega y Montañes,null,551.4,579.8666666666667,92
23 dic 2024,MX,Morelia,Allende,null,632,581.4,26
23 dic 2024,MX,Morelia,Av. Morelos (N),HAZARD,1090.9875,748.075,2338
23 dic 2024,MX,Morelia,Abasolo,null,574.6,646.4,56
23 dic 2024,MX,Morelia,Av. Michoacán,null,957.125,674.125,122
23 dic 2024,MX,Morelia,Calz. Juárez,null,667,562.5,24
23 dic 2024,MX,Morelia,Av. Héroes de Nocupétaro,null,658,557.0322580645161,221
23 dic 2024,MX,Morelia,20 de Noviembre,null,739.375,541.125,31
23 dic 2024,MX,Morelia,Av. Francisco I. Madero Poniente,null,1060.6065573770493,555.360655737705,730
23 dic 2024,MX,Morelia,Guillermo Prieto,HAZARD,740.4,614.4,76
24 dic 2024,MX,Morelia,Av. Francisco I. Madero Poniente,HAZARD,720,211,28
24 dic 2024,MX,Morelia,Antonio Alzate,null,797.6666666666666,738.8888888888889,46
24 dic 2024,MX,Morelia,Av. Gral. Lázaro Cárdenas,null,761.6923076923077,652.4615384615385,79
24 dic 2024,MX,Morelia,Av. Acueducto,HAZARD,747,586.6363636363636,114
24 dic 2024,MX,Morelia,Av. Morelos Sur,null,1175,617.3333333333334,69
24 dic 2024,MX,Morelia,Virrey Antonio de Mendoza,null,1079.7272727272727,526.7272727272727,118
24 dic 2024,MX,Morelia,Av. Michoacán,null,843.074074074074,574.1851851851852,197
24 dic 2024,MX,Morelia,Av. Torreón Nuevo,null,1006.1176470588235,427.11764705882354,129
24 dic 2024,MX,Morelia,Juan Ortega y Montañes,null,637,494.5,10
24 dic 2024,MX,Morelia,Av. Periodismo,null,1353.75,283.375,63
24 dic 2024,MX,Morelia,Periférico Paseo de la República (Sector Independencia),null,1187,397.46153846153845,260
24 dic 2024,MX,Morelia,Av. Guadalupe Victoria,null,635.6666666666666,779.6666666666666,120
24 dic 2024,MX,Morelia,Av. Morelos (N),HAZARD,925.6666666666666,529.2222222222222,168
24 dic 2024,MX,Morelia,Av. Morelos (N),null,1125.9117647058824,466.29411764705884,898
24 dic 2024,MX,Morelia,Av. Héroes de Nocupétaro,null,614.0540540540541,503.0810810810811,324
24 dic 2024,MX,Morelia,Allende,null,644,1557.3333333333333,27
24 dic 2024,MX,Morelia,Av. Francisco I. Madero Poniente,null,1429.6666666666667,414.72222222222223,1633
24 dic 2024,MX,Morelia,Av. Pedregal,null,599,409.2,14
24 dic 2024,MX,Morelia,Héroe de Nacozari,null,697.7142857142857,606.2857142857143,251
24 dic 2024,MX,Morelia,Abasolo,null,762.5454545454545,543.6363636363636,215
24 dic 2024,MX,Morelia,Guillermo Prieto,HAZARD,663.5,847.3333333333334,56
26 dic 2024,CO,Morelia,Pereira-Alcalá / RD29-03,HAZARD,845.4583333333334,1219.125,252
26 dic 2024,MX,Morelia,Periférico Paseo de la República (Sector República),ACCIDENT,801.3636363636364,632.2727272727273,162
26 dic 2024,MX,Morelia,Av. Francisco I. Madero Poniente,null,753,500,14
26 dic 2024,MX,Morelia,Paseo de la República (Sector República),null,722,583.4,147
26 dic 2024,MX,Morelia,Periférico Paseo de la República (Sector República),null,821.9069767441861,485.8837209302326,425
26 dic 2024,CO,Morelia,Pereira-Alcalá / RD29-03,null,782,310.4,104
26 dic 2024,MX,Morelia,Av. Gral. Lázaro Cárdenas,null,804.1428571428571,518.7142857142857,40
26 dic 2024,MX,Morelia,Allende,null,736.8,513.1333333333333,89
26 dic 2024,MX,Morelia,Abasolo,null,596.5,439.05,160
26 dic 2024,MX,Morelia,Vicente Santa María,null,719.6666666666666,568.3333333333334,19
27 dic 2024,MX,Morelia,Aquiles Serdán,null,623,532.2,36
27 dic 2024,MX,Morelia,Av. Guadalupe Victoria,null,677,613,3
27 dic 2024,MX,Morelia,Av. Gral. Lázaro Cárdenas,null,1164.3636363636363,674.7272727272727,70
27 dic 2024,MX,Morelia,Periférico Paseo de la República (Sector Revolución),HAZARD,1607,396.54545454545456,1356
27 dic 2024,MX,Morelia,MEX-15 / Toluca - Morelia,null,1764,487.2857142857143,60
27 dic 2024,MX,Morelia,Periférico Paseo de la República (Sector Revolución),null,1682.2463768115942,597.1884057971015,4385
27 dic 2024,MX,Morelia,Periférico Paseo de la República (Sector República),null,739.8666666666667,516.6,620
27 dic 2024,MX,Morelia,Av. Francisco I. Madero Oriente,null,750.0967741935484,367.51612903225805,377
27 dic 2024,MX,Morelia,Abasolo,null,635.6486486486486,562.4864864864865,336
27 dic 2024,MX,Morelia,Periférico Paseo de la República (Sector República),HAZARD,876.5121951219512,588.0487804878048,519
27 dic 2024,MX,Morelia,Av. Morelos (N),HAZARD,957.2307692307693,484.46153846153845,290
27 dic 2024,MX,Morelia,Paseo de la República (Sector República),null,735.3030303030303,412.3181818181818,767
27 dic 2024,MX,Morelia,La Huerta,null,638,906,7
27 dic 2024,MX,Morelia,Allende,null,1071.4,697,41
27 dic 2024,MX,Morelia,Periférico Paseo de la República (Sector Independencia),null,842.9411764705883,568.8235294117648,131
27 dic 2024,MX,Morelia,Av. Morelos (N),null,748,780.5,133
28 dic 2024,MX,Morelia,Av. Francisco I. Madero Oriente,null,741.425,473.75,461
28 dic 2024,MX,Morelia,Av. Morelos Sur,null,699,780.5,21
28 dic 2024,MX,Morelia,Paseo de la República (Sector República),HAZARD,734.9230769230769,336.4923076923077,992
28 dic 2024,MX,Morelia,Av. Morelos (N),HAZARD,933.375,607.2734375,3861
28 dic 2024,MX,Morelia,Periférico Paseo de la República (Sector Revolución),null,1244.5555555555557,392.0833333333333,1244
28 dic 2024,MX,Morelia,Periférico Paseo de la República (Sector República),HAZARD,862.5666666666667,472.53333333333336,440
28 dic 2024,MX,Morelia,Guadalajara - Salamanca - Aeropuerto,null,545,492.94736842105266,83
28 dic 2024,MX,Morelia,Av. Morelos (N),null,1184.357142857143,714.2142857142857,425
28 dic 2024,MX,Morelia,Periférico Paseo de la República (Sector República),null,775.3675213675214,372.12820512820514,2025
28 dic 2024,MX,Morelia,Virrey Antonio de Mendoza,null,936.5714285714286,770.2857142857143,55
28 dic 2024,MX,Morelia,Av. Juan Pablo II,null,748.1578947368421,610.3157894736842,94
28 dic 2024,MX,Morelia,Guillermo Prieto,HAZARD,685,503.75,38
28 dic 2024,MX,Morelia,Paseo de la República (Sector República),null,726.2241379310345,345.36206896551727,789
28 dic 2024,MX,Morelia,Av. Acueducto,null,804.3,626.3,115
28 dic 2024,MX,Morelia,Calz. Juárez,null,956,886.6666666666666,21
28 dic 2024,MX,Morelia,20 de Noviembre,null,611.2,401.4,32
28 dic 2024,MX,Morelia,Periférico Paseo de la República (Sector Revolución),HAZARD,1648.9318181818182,600.0284090909091,6255
28 dic 2024,MX,Morelia,Abasolo,null,694.5,617.5,36
28 dic 2024,MX,Morelia,Av. Gral. Lázaro Cárdenas,null,924.95,582.9,156
28 dic 2024,MX,Morelia,Av. Guadalupe Victoria,null,769.1,546.3,53
29 dic 2024,MX,Morelia,Vasco de Quiroga,null,630.2,507.8,43
29 dic 2024,MX,Morelia,Ignacio Rayón,null,624.68,501.24,325
29 dic 2024,MX,Morelia,Allende,null,845.9375,750.46875,266
29 dic 2024,MX,Morelia,Antonio Alzate,null,742.8571428571429,695.2857142857143,121
29 dic 2024,MX,Morelia,Av. Francisco I. Madero Oriente,null,731.1666666666666,584.2916666666666,283
29 dic 2024,MX,Morelia,Circ. Aconcagua,null,570,606.6666666666666,6
29 dic 2024,MX,Morelia,Abasolo,null,675.9142857142857,690.7142857142857,456
29 dic 2024,CO,Morelia,Pereira-Alcalá / RD29-03,null,982.1111111111111,533.2222222222222,96
29 dic 2024,CO,Morelia,,null,965,468.6666666666667,24
29 dic 2024,MX,Morelia,Av. Gral. Lázaro Cárdenas,null,868.375,501.125,48
29 dic 2024,MX,Morelia,Av. Morelos Sur,null,1015,595.5555555555555,93
29 dic 2024,MX,Morelia,Av. Francisco I. Madero Poniente,null,815.2777777777778,565.0833333333334,611
29 dic 2024,MX,Morelia,Aquiles Serdán,null,900.4705882352941,700.7647058823529,375
29 dic 2024,MX,Morelia,Av. Morelos (N),null,937.75,905.25,61
29 dic 2024,MX,Morelia,Periférico Paseo de la República (Sector Revolución),null,906.2727272727273,135.0909090909091,309
29 dic 2024,CO,Morelia,Vía Rural,null,1591,517.1666666666666,24
29 dic 2024,MX,Morelia,Calz. Juárez,null,760,1005,3
29 dic 2024,MX,Morelia,Santiago Tapia,null,734.5,625.5,474
29 dic 2024,MX,Morelia,Virrey Antonio de Mendoza,null,934.7307692307693,694.5384615384615,221
30 dic 2024,MX,Morelia,Av. Acueducto,null,938,537,9
30 dic 2024,MX,Morelia,Av. Héroes de Nocupétaro,null,634,464,10
30 dic 2024,MX,Morelia,Lateral Francisco I. Madero Ote.,null,1022.25,818.75,38
30 dic 2024,MX,Morelia,Héroe de Nacozari,null,709,652.5,28
30 dic 2024,MX,Morelia,Aquiles Serdán,null,723,563.7142857142857,64
30 dic 2024,MX,Morelia,Plan de Ayala,null,950,855.6666666666666,21
30 dic 2024,MX,Morelia,20 de Noviembre,null,714,475.8333333333333,31
30 dic 2024,MX,Morelia,Periférico Paseo de la República (Sector República),null,792.1666666666666,351.1111111111111,235
30 dic 2024,MX,Morelia,Av. Morelos (N),null,1012,768.25,83
30 dic 2024,MX,Morelia,Allende,null,853.3076923076923,789.4615384615385,107
30 dic 2024,MX,Morelia,Av. Francisco I. Madero Oriente,null,723.4,515.55,215
30 dic 2024,MX,Morelia,Vicente Santa María,null,982.2857142857143,580.5714285714286,67
30 dic 2024,MX,Morelia,Periférico Paseo de la República (Sector Revolución),null,1373.4035087719299,386.50877192982455,1994
30 dic 2024,MX,Morelia,Juan Ortega y Montañes,null,557,478,13
30 dic 2024,MX,Morelia,Av. Francisco I. Madero Poniente,null,1167.3142857142857,554.8285714285714,478
30 dic 2024,MX,Morelia,Av. Gral. Lázaro Cárdenas,null,968.375,697.5,56
30 dic 2024,MX,Morelia,Abasolo,null,626.4285714285714,571.5714285714286,136
30 dic 2024,MX,Morelia,Paseo de la República (Sector República),HAZARD,722,450,17
30 dic 2024,MX,Morelia,Santiago Tapia,null,721,399.375,64
31 dic 2024,MX,Morelia,Av. Morelos (N),null,824.4375,333,319
31 dic 2024,MX,Morelia,Paseo de la República (Sector República),HAZARD,727,344.7857142857143,245
31 dic 2024,MX,Morelia,Guillermo Prieto,HAZARD,745.5714285714286,464.42857142857144,81
31 dic 2024,MX,Morelia,Periférico Paseo de la República (Sector República),null,854.4444444444445,366.77777777777777,410
31 dic 2024,MX,Morelia,Av. Gral. Lázaro Cárdenas,null,967,525.0769230769231,85
31 dic 2024,MX,Morelia,Av. Francisco I. Madero Poniente,null,1230.820512820513,478.2307692307692,483
31 dic 2024,MX,Morelia,Av. Torreón Nuevo,null,714.5,388.5,17
31 dic 2024,MX,Morelia,Héroe de Nacozari,null,709,587.4,63
31 dic 2024,MX,Morelia,Av. Guadalupe Victoria,null,628,642,32
31 dic 2024,MX,Morelia,Vicente Santa María,null,781.6666666666666,548.1666666666666,85
31 dic 2024,MX,Morelia,Aquiles Serdán,null,750,765.875,65
31 dic 2024,MX,Morelia,Antonio Alzate,null,582.6363636363636,644.5454545454545,51
31 dic 2024,MX,Morelia,Av. Héroes de Nocupétaro,null,617.4285714285714,408.7142857142857,33
31 dic 2024,MX,Morelia,Abasolo,null,564.875,570.625,52